tick,timestamp,actorId,actorType,impulseMagnitude,egoX,egoY,egoYawDeg
507,715.184355966747,225,static.prop.trashcan01,2948.27260361148,-7.31175899505615,108.405807495117,-51.1887092590332
507,715.198726266623,225,static.prop.trashcan01,323.087016436398,-7.30115842819214,108.408210754395,-51.3937950134277
510,715.469706367701,225,static.prop.trashcan01,15.2481274705113,-7.29765319824219,108.409736633301,-51.4882698059082
510,715.483242165297,225,static.prop.trashcan01,5.26877991049586,-7.29769659042358,108.409774780273,-51.4889068603516
510,715.495944466442,225,static.prop.trashcan01,2.19607282476611,-7.29772853851318,108.409805297852,-51.4894828796387
510,715.508742865175,225,static.prop.trashcan01,24.8508371729332,-7.2977557182312,108.409812927246,-51.4897613525391
510,715.521785065532,225,static.prop.trashcan01,3.41789706158543,-7.29777860641479,108.409851074219,-51.4902229309082
511,715.536780767143,225,static.prop.trashcan01,2.76106123524715,-7.29780244827271,108.409873962402,-51.4905204772949
511,715.550644166768,225,static.prop.trashcan01,1.52752761560039,-7.29782867431641,108.409889221191,-51.4909248352051
511,715.564326766878,225,static.prop.trashcan01,11.7009458977159,-7.29785060882568,108.409896850586,-51.4912338256836
511,715.577674668282,225,static.prop.trashcan01,5.33007603826042,-7.29787158966064,108.40991973877,-51.4914016723633
511,715.591367866844,225,static.prop.trashcan01,6.93305715751131,-7.29789161682129,108.409942626953,-51.4917793273926
511,715.605109468102,225,static.prop.trashcan01,6.79780188972164,-7.29791116714478,108.409942626953,-51.4919242858887
511,715.632823567837,225,static.prop.trashcan01,3.09722486324351,-7.29794979095459,108.409957885742,-51.4922790527344
511,715.646388567984,225,static.prop.trashcan01,1.97913156819272,-7.2979679107666,108.409965515137,-51.492603302002
512,715.659634266049,225,static.prop.trashcan01,1.21607604921697,-7.29798364639282,108.409980773926,-51.4928512573242
512,715.700427465141,225,static.prop.trashcan01,1.17852367359078,-7.29802656173706,108.409996032715,-51.4932098388672
512,715.713551167399,225,static.prop.trashcan01,12.6190151816631,-7.29804134368896,108.409996032715,-51.4933929443359
512,715.726616166532,225,static.prop.trashcan01,2.47560236350877,-7.29805469512939,108.410003662109,-51.4936141967773
512,715.740098867565,225,static.prop.trashcan01,0.347378457317632,-7.29806661605835,108.410018920898,-51.4938545227051
512,715.753842066973,225,static.prop.trashcan01,11.0942645034405,-7.29807710647583,108.410018920898,-51.4939460754395
513,715.766888365149,225,static.prop.trashcan01,3.34209918195543,-7.29808807373047,108.410034179688,-51.4941329956055
513,715.793352868408,225,static.prop.trashcan01,6.76914096379504,-7.29810762405396,108.410026550293,-51.4942436218262
513,715.819186165929,225,static.prop.trashcan01,1.68843209641824,-7.29812622070312,108.410034179688,-51.4944343566895
513,715.832916565239,225,static.prop.trashcan01,1.84559211990182,-7.29813575744629,108.410049438477,-51.4945907592773
513,715.848778866231,225,static.prop.trashcan01,1.28624539803617,-7.29814481735229,108.410049438477,-51.4947090148926
513,715.862180367112,225,static.prop.trashcan01,12.115534660072,-7.29815483093262,108.410034179688,-51.4947738647461
513,715.876241665334,225,static.prop.trashcan01,3.45368253737958,-7.29816198348999,108.410057067871,-51.4948921203613
514,715.903020065278,225,static.prop.trashcan01,2.45937772481032,-7.29816961288452,108.410057067871,-51.4949607849121
514,715.917026866227,225,static.prop.trashcan01,1.79448443648053,-7.29817533493042,108.410049438477,-51.4950485229492
514,715.929917667061,225,static.prop.trashcan01,2.33522471610681,-7.29817962646484,108.410049438477,-51.4951133728027
514,715.944081768394,225,static.prop.trashcan01,1.99306860979462,-7.29818391799927,108.410049438477,-51.495174407959
514,715.958645764738,225,static.prop.trashcan01,2.05609266578445,-7.29818868637085,108.410049438477,-51.495231628418
514,715.972837567329,225,static.prop.trashcan01,2.20267326375612,-7.29819393157959,108.410049438477,-51.4953193664551
514,715.9864644669,225,static.prop.trashcan01,3.96303634651949,-7.29819869995117,108.410049438477,-51.4953193664551
515,715.999732565135,225,static.prop.trashcan01,4.33523204405136,-7.29820251464844,108.410049438477,-51.4953804016113
515,716.013620566577,225,static.prop.trashcan01,4.55637113206173,-7.29820537567139,108.410049438477,-51.4954452514648
515,716.026949167252,225,static.prop.trashcan01,3.89865131889101,-7.29820823669434,108.410049438477,-51.495532989502
515,716.040145866573,225,static.prop.trashcan01,13.0649269553239,-7.29821014404297,108.410049438477,-51.4955940246582
515,716.053998164833,225,static.prop.trashcan01,1.8018709668205,-7.29820919036865,108.410057067871,-51.4957466125488
515,716.069022867829,225,static.prop.trashcan01,1.25582000650169,-7.29821109771729,108.410057067871,-51.4957695007324
515,716.082384467125,225,static.prop.trashcan01,1.66611089474756,-7.29821348190308,108.410057067871,-51.4958381652832
515,716.096282865852,225,static.prop.trashcan01,1.91246245961372,-7.29821586608887,108.410057067871,-51.4958992004395
516,716.109992668033,225,static.prop.trashcan01,1.872047138876,-7.29821825027466,108.410057067871,-51.4959259033203
516,716.12309666723,225,static.prop.trashcan01,2.34318755446396,-7.29822015762329,108.410057067871,-51.4959945678711
516,716.136467065662,225,static.prop.trashcan01,4.15245417537893,-7.29822063446045,108.410057067871,-51.4959945678711
516,716.149749666452,225,static.prop.trashcan01,3.95834649854401,-7.29822111129761,108.410057067871,-51.4960556030273
516,716.162996165454,225,static.prop.trashcan01,2.30241003753341,-7.2982177734375,108.410064697266,-51.4962348937988
516,716.176780868322,225,static.prop.trashcan01,1.82922239927719,-7.29821586608887,108.410064697266,-51.4962348937988
516,716.193121366203,225,static.prop.trashcan01,0.861212588249393,-7.29821586608887,108.410064697266,-51.4963569641113
516,716.207373864949,225,static.prop.trashcan01,2.40809598253462,-7.2982177734375,108.410064697266,-51.4964218139648
517,716.220439165831,225,static.prop.trashcan01,3.54027172977974,-7.29822063446045,108.410064697266,-51.4964485168457
517,716.234521266073,225,static.prop.trashcan01,2.8006952331896,-7.29822492599487,108.410064697266,-51.4964485168457
517,716.248499467969,225,static.prop.trashcan01,2.58600257285867,-7.29822969436646,108.410064697266,-51.4964485168457
517,716.291092567146,225,static.prop.trashcan01,5.48294290078882,-7.29824209213257,108.410057067871,-51.4964485168457
517,716.304075565189,225,static.prop.trashcan01,4.22297267459089,-7.29824733734131,108.410057067871,-51.4964485168457
517,716.318790566176,225,static.prop.trashcan01,3.04997721622777,-7.29824733734131,108.410057067871,-51.4964485168457
518,716.332028366625,225,static.prop.trashcan01,2.60890795538145,-7.29825115203857,108.410057067871,-51.4964828491211
518,716.385446466506,225,static.prop.trashcan01,5.8958510118435,-7.29826164245605,108.410049438477,-51.4964485168457
518,716.400427665561,225,static.prop.trashcan01,4.49826253569613,-7.29826498031616,108.410049438477,-51.4964828491211
521,716.733951266855,225,static.prop.trashcan01,45.304227077849,-7.29866170883179,108.410385131836,-51.4987678527832
521,716.747943766415,225,static.prop.trashcan01,5.85544684136247,-7.29844236373901,108.409996032715,-51.5027122497559
522,716.761274967343,225,static.prop.trashcan01,18.1738009130862,-7.2983455657959,108.409942626953,-51.5051460266113
522,716.775248166174,225,static.prop.trashcan01,105.818197766414,-7.29833602905273,108.409957885742,-51.5053291320801
522,716.816405367106,225,static.prop.trashcan01,63.4479232492821,-7.29805326461792,108.41007232666,-51.5109786987305
522,716.829784866422,225,static.prop.trashcan01,46.8573165381637,-7.29796409606934,108.41007232666,-51.5071830749512
522,716.843279067427,225,static.prop.trashcan01,44.6714851072749,-7.29789161682129,108.410087585449,-51.5102729797363
522,716.856826964766,225,static.prop.trashcan01,34.7933174176827,-7.29787874221802,108.410064697266,-51.5136604309082
523,716.87111056596,225,static.prop.trashcan01,13.4467362537022,-7.29782962799072,108.410125732422,-51.5075263977051
523,716.884493865073,225,static.prop.trashcan01,38.8046010801037,-7.29776668548584,108.41015625,-51.4989585876465
523,716.89816936478,225,static.prop.trashcan01,34.5873962990185,-7.29762601852417,108.410171508789,-51.4944953918457
523,716.91157316789,225,static.prop.trashcan01,1.17302748278471,-7.29754877090454,108.410232543945,-51.4857063293457
523,716.924715466797,225,static.prop.trashcan01,53.3544649463913,-7.29746198654175,108.410247802734,-51.4821929931641
523,716.951470866799,225,static.prop.trashcan01,84.2089487638847,-7.29739665985107,108.410308837891,-51.4828758239746
523,716.965012867004,225,static.prop.trashcan01,6.59797423102041,-7.29735279083252,108.410377502441,-51.4834175109863
524,716.97913646698,225,static.prop.trashcan01,9.1406708218959,-7.29736566543579,108.410247802734,-51.4846076965332
524,716.992742866278,225,static.prop.trashcan01,21.0908011353779,-7.29735040664673,108.410263061523,-51.4892501831055
524,717.006834264845,225,static.prop.trashcan01,75.0558769191408,-7.2973108291626,108.410270690918,-51.4919929504395
524,717.019721765071,225,static.prop.trashcan01,60.8179420160612,-7.29724597930908,108.410301208496,-51.4995040893555
524,717.033285565674,225,static.prop.trashcan01,32.0272257295324,-7.29726409912109,108.410278320312,-51.4977912902832
524,717.046963967383,225,static.prop.trashcan01,7.60249399643189,-7.29721403121948,108.410270690918,-51.5025825500488
524,717.060140065849,225,static.prop.trashcan01,37.6796953350029,-7.29721117019653,108.410270690918,-51.5031929016113
525,717.086934167892,225,static.prop.trashcan01,65.9095406542998,-7.29723787307739,108.410377502441,-51.5066986083984
525,717.100576967001,225,static.prop.trashcan01,47.4078558022447,-7.29710149765015,108.410346984863,-51.508716583252
525,717.114059068263,225,static.prop.trashcan01,36.8122871587445,-7.29705381393433,108.410316467285,-51.5098533630371
525,717.127684365958,225,static.prop.trashcan01,46.872551958733,-7.29712247848511,108.410377502441,-51.507740020752
525,717.140577666461,225,static.prop.trashcan01,16.1224807541572,-7.29707098007202,108.410469055176,-51.4995040893555
525,717.155209667981,225,static.prop.trashcan01,37.5804862421815,-7.2968864440918,108.410438537598,-51.4981536865234
525,717.168523065746,225,static.prop.trashcan01,28.9458806797877,-7.29680013656616,108.410453796387,-51.4922065734863
525,717.182036366314,225,static.prop.trashcan01,41.7616306986087,-7.29677057266235,108.410469055176,-51.4970817565918
525,717.195981767029,225,static.prop.trashcan01,10.7709141175725,-7.29674863815308,108.410469055176,-51.5026741027832
526,717.209930066019,225,static.prop.trashcan01,2.5197329273153,-7.29676914215088,108.410446166992,-51.5035591125488
526,717.223554167897,225,static.prop.trashcan01,35.7097911205296,-7.29675960540771,108.410469055176,-51.5000152587891
526,717.237165667117,225,static.prop.trashcan01,51.5346772477665,-7.29681730270386,108.410415649414,-51.5036201477051
526,717.250596966594,225,static.prop.trashcan01,37.4846705145239,-7.29675340652466,108.410446166992,-51.5096626281738
526,717.264363065362,225,static.prop.trashcan01,27.4498819599558,-7.29671430587769,108.410507202148,-51.5014839172363
526,717.277761068195,225,static.prop.trashcan01,13.7614619343415,-7.29661178588867,108.410537719727,-51.4960823059082
526,717.291371766478,225,static.prop.trashcan01,1.5835681441579,-7.29650735855103,108.410583496094,-51.4953536987305
526,717.305038765073,225,static.prop.trashcan01,54.5439891739975,-7.29647159576416,108.410606384277,-51.4942169189453
527,717.319038067013,225,static.prop.trashcan01,21.0166612393864,-7.29642391204834,108.410621643066,-51.4958686828613
527,717.346255168319,225,static.prop.trashcan01,20.0064061182581,-7.29639101028442,108.410697937012,-51.5001068115234
527,717.359469868243,225,static.prop.trashcan01,18.3766098265566,-7.29647016525269,108.410583496094,-51.5018463134766
527,717.373431865126,225,static.prop.trashcan01,15.1738896123805,-7.296462059021,108.410583496094,-51.5005416870117
527,717.386690367013,225,static.prop.trashcan01,11.4922374107427,-7.29638671875,108.410629272461,-51.5023727416992
527,717.400645766407,225,static.prop.trashcan01,20.8239033241157,-7.29642486572266,108.410591125488,-51.5078964233398
527,717.414498966187,225,static.prop.trashcan01,26.2617065868174,-7.2964301109314,108.410583496094,-51.5082855224609
528,717.427966166288,225,static.prop.trashcan01,87.7384356764427,-7.2963399887085,108.410629272461,-51.5022468566895
528,717.441819366068,225,static.prop.trashcan01,4.12783951319007,-7.29631900787354,108.410629272461,-51.5074653625488
528,717.455026067793,225,static.prop.trashcan01,53.9401136053366,-7.29618167877197,108.410720825195,-51.5000495910645
528,717.48148816824,225,static.prop.trashcan01,84.0916211448078,-7.29599523544312,108.410850524902,-51.4949569702148
528,717.508784066886,225,static.prop.trashcan01,74.0280354427572,-7.29588079452515,108.410942077637,-51.4897346496582
529,717.523296166211,225,static.prop.trashcan01,16.0114345509939,-7.2958025932312,108.411102294922,-51.478199005127
529,717.537144966424,225,static.prop.trashcan01,34.9601227845118,-7.29558229446411,108.411071777344,-51.476432800293
529,717.551266565919,225,static.prop.trashcan01,62.1821954335792,-7.29560852050781,108.411064147949,-51.4843978881836
529,717.564481567591,225,static.prop.trashcan01,36.2872020611959,-7.29558515548706,108.41104888916,-51.4851913452148
529,717.578158266842,225,static.prop.trashcan01,3.30667625627691,-7.29561614990234,108.411033630371,-51.4919586181641
529,717.591602865607,225,static.prop.trashcan01,7.75720975130829,-7.29560232162476,108.411033630371,-51.4918975830078
529,717.604930665344,225,static.prop.trashcan01,42.2140139566845,-7.29558563232422,108.411033630371,-51.4979438781738
529,717.618046265095,225,static.prop.trashcan01,3.32114846662361,-7.29563665390015,108.411117553711,-51.5005073547363
530,717.631613865495,225,static.prop.trashcan01,28.6440773091486,-7.29553365707397,108.411079406738,-51.5017318725586
530,717.644754465669,225,static.prop.trashcan01,43.0493313348593,-7.29559898376465,108.4111328125,-51.5006942749023
530,717.65883006528,225,static.prop.trashcan01,32.799139976016,-7.29556703567505,108.411079406738,-51.4994468688965
530,717.672673664987,225,static.prop.trashcan01,36.3700346658108,-7.29559326171875,108.411201477051,-51.4968109130859
530,717.68676006794,225,static.prop.trashcan01,59.5884972307207,-7.29543495178223,108.411140441895,-51.4920845031738
530,717.70045856759,225,static.prop.trashcan01,88.459074724165,-7.29545640945435,108.4111328125,-51.4977912902832
530,717.72702036798,225,static.prop.trashcan01,23.5687519482294,-7.29539346694946,108.411430358887,-51.4889717102051
530,717.74140496552,225,static.prop.trashcan01,5.60514403338916,-7.29523134231567,108.411254882812,-51.4903221130371
531,717.756557665765,225,static.prop.trashcan01,7.04118572968433,-7.29520177841187,108.411270141602,-51.4919013977051
531,717.771158866584,225,static.prop.trashcan01,33.035825883395,-7.29511260986328,108.411323547363,-51.494255065918
531,717.785160668194,225,static.prop.trashcan01,42.0103869946898,-7.29515314102173,108.411285400391,-51.4925765991211
531,717.798631764948,225,static.prop.trashcan01,9.368733730101,-7.29516935348511,108.411445617676,-51.4879722595215
531,717.812199965119,225,static.prop.trashcan01,61.582827812469,-7.29502201080322,108.411361694336,-51.4908065795898
531,717.8260977678,225,static.prop.trashcan01,3.20613264110966,-7.29503870010376,108.411338806152,-51.4928169250488
531,717.839186865836,225,static.prop.trashcan01,45.2857057655384,-7.2950005531311,108.411361694336,-51.4881439208984
531,717.852656766772,225,static.prop.trashcan01,14.2886107239952,-7.29491186141968,108.411430358887,-51.4902229309082
532,717.866412665695,225,static.prop.trashcan01,18.6824740570886,-7.2948203086853,108.411483764648,-51.4881172180176
532,717.893498566002,225,static.prop.trashcan01,42.8748983676181,-7.29467868804932,108.411590576172,-51.486442565918
532,717.906873367727,225,static.prop.trashcan01,2.35375280203897,-7.29461336135864,108.411567687988,-51.4880523681641
532,717.9205660671,225,static.prop.trashcan01,26.1196175599575,-7.29458475112915,108.411605834961,-51.4887924194336
532,717.946779567748,225,static.prop.trashcan01,67.7549094854809,-7.29455900192261,108.411727905273,-51.4860458374023
532,717.960826866329,225,static.prop.trashcan01,8.1170088620983,-7.29441976547241,108.411697387695,-51.4842071533203
533,717.974989265203,225,static.prop.trashcan01,61.7994917780444,-7.29437494277954,108.411727905273,-51.4796943664551
533,717.988404467702,225,static.prop.trashcan01,9.95334780111106,-7.29429864883423,108.411758422852,-51.4759712219238
533,718.001487065107,225,static.prop.trashcan01,14.3066152391985,-7.29427242279053,108.411758422852,-51.4791145324707
533,718.014543566853,225,static.prop.trashcan01,58.9257146003509,-7.29426383972168,108.411766052246,-51.4831771850586
533,718.041441466659,225,static.prop.trashcan01,20.9305017939251,-7.29425096511841,108.411865234375,-51.4868049621582
533,718.054868165404,225,static.prop.trashcan01,44.5765784502681,-7.29420614242554,108.411796569824,-51.4893417358398
534,718.069093566388,225,static.prop.trashcan01,43.8235746045065,-7.29414415359497,108.411804199219,-51.4892768859863
534,718.08293896541,225,static.prop.trashcan01,28.9397364913615,-7.29415988922119,108.411804199219,-51.4966011047363
534,718.096771366894,225,static.prop.trashcan01,62.5607570972219,-7.2941632270813,108.41187286377,-51.4982490539551
534,718.110477168113,225,static.prop.trashcan01,15.2698000258543,-7.29415559768677,108.412002563477,-51.4897689819336
534,718.124098666012,225,static.prop.trashcan01,22.348351818335,-7.29405212402344,108.41187286377,-51.4917488098145
534,718.137923266739,225,static.prop.trashcan01,91.3856752168475,-7.29405450820923,108.411880493164,-51.4890937805176
534,718.151372667402,225,static.prop.trashcan01,23.8733901716088,-7.29401302337646,108.41187286377,-51.4903755187988
534,718.164914667606,225,static.prop.trashcan01,93.8376739362763,-7.29410982131958,108.411827087402,-51.5004196166992
535,718.180264566094,225,static.prop.trashcan01,11.9008519830857,-7.29414176940918,108.411781311035,-51.5022239685059
535,718.193609267473,225,static.prop.trashcan01,74.9958534549694,-7.29407453536987,108.411880493164,-51.5024909973145
535,718.206992868334,225,static.prop.trashcan01,85.3610001855266,-7.29412221908569,108.411781311035,-51.5032234191895
535,718.220797467977,225,static.prop.trashcan01,94.8882606150726,-7.29407215118408,108.411766052246,-51.5068893432617
535,718.234210368246,225,static.prop.trashcan01,29.9946301796999,-7.29401302337646,108.411758422852,-51.5118980407715
535,718.248268865049,225,static.prop.trashcan01,91.1912410216341,-7.29396390914917,108.411758422852,-51.5147094726562
535,718.261169165373,225,static.prop.trashcan01,77.6906921603308,-7.29395437240601,108.41170501709,-51.5184516906738
535,718.27468136698,225,static.prop.trashcan01,77.2588018071411,-7.29391765594482,108.411674499512,-51.5228729248047
536,718.288782667369,225,static.prop.trashcan01,73.0992194825199,-7.29376459121704,108.411727905273,-51.5212593078613
536,718.30254836753,225,static.prop.trashcan01,96.1358997422678,-7.29369163513184,108.411712646484,-51.5247650146484
536,718.31625546515,225,static.prop.trashcan01,91.8759571996952,-7.29374742507935,108.411636352539,-51.5262641906738
536,718.329561967403,225,static.prop.trashcan01,78.7501004776765,-7.2938232421875,108.411552429199,-51.528247833252
536,718.342689167708,225,static.prop.trashcan01,39.2365051309373,-7.29385137557983,108.411483764648,-51.5312118530273
536,718.355830367655,225,static.prop.trashcan01,91.4581645519354,-7.29371452331543,108.411529541016,-51.529956817627
536,718.369042064995,225,static.prop.trashcan01,118.891833963932,-7.29369974136353,108.411483764648,-51.5325126647949
536,718.383151967078,225,static.prop.trashcan01,88.121799067847,-7.29372787475586,108.411415100098,-51.5360565185547
536,718.397074766457,225,static.prop.trashcan01,88.8436108410296,-7.29373407363892,108.411346435547,-51.5403327941895
537,718.411978565156,225,static.prop.trashcan01,93.1917722586331,-7.29373455047607,108.411293029785,-51.5446701049805
537,718.425586465746,225,static.prop.trashcan01,86.9562028256067,-7.2937273979187,108.411247253418,-51.5493354797363
537,718.43905126676,225,static.prop.trashcan01,85.5138256654946,-7.29371452331543,108.411209106445,-51.5533027648926
537,718.452341966331,225,static.prop.trashcan01,83.7115043722887,-7.29370594024658,108.411170959473,-51.5571556091309
537,718.466292668134,225,static.prop.trashcan01,89.1253846783709,-7.29369592666626,108.4111328125,-51.5608100891113
537,718.479748368263,225,static.prop.trashcan01,86.2906320630205,-7.29368925094604,108.411094665527,-51.5644073486328
537,718.492791965604,225,static.prop.trashcan01,84.4494877443259,-7.29367637634277,108.411064147949,-51.5678558349609
537,718.506891768426,225,static.prop.trashcan01,90.8027550146233,-7.29366254806519,108.411026000977,-51.5709648132324
538,718.521163567901,225,static.prop.trashcan01,92.4967255986511,-7.29364967346191,108.411003112793,-51.5743980407715
538,718.535551365465,225,static.prop.trashcan01,92.5161815568249,-7.29363250732422,108.410980224609,-51.5778923034668
538,718.54839406535,225,static.prop.trashcan01,84.0136712561268,-7.29361009597778,108.41096496582,-51.5810432434082
538,718.561665866524,225,static.prop.trashcan01,86.9861207819139,-7.29358911514282,108.410942077637,-51.5837860107422
538,718.574886266142,225,static.prop.trashcan01,85.4479696094603,-7.29357528686523,108.410942077637,-51.5864715576172
538,718.588324166834,225,static.prop.trashcan01,89.3451670991164,-7.29355096817017,108.410926818848,-51.5892143249512
538,718.60129166767,225,static.prop.trashcan01,85.8043084953897,-7.29353189468384,108.410903930664,-51.5918464660645
538,718.615071367472,225,static.prop.trashcan01,90.5757675597757,-7.29351234436035,108.41089630127,-51.5942573547363
539,718.628670565784,225,static.prop.trashcan01,91.1868849929351,-7.29349327087402,108.410888671875,-51.596794128418
539,718.642327766865,225,static.prop.trashcan01,95.0733269919005,-7.29346656799316,108.410888671875,-51.5992965698242
539,718.655491568148,225,static.prop.trashcan01,97.7005377654308,-7.29341554641724,108.410888671875,-51.6018524169922
539,718.668828967959,225,static.prop.trashcan01,96.5326319926285,-7.29335594177246,108.410903930664,-51.6043968200684
539,718.681938767433,225,static.prop.trashcan01,96.0730857034201,-7.29328584671021,108.410919189453,-51.6068649291992
539,718.695498365909,225,static.prop.trashcan01,100.170915313427,-7.29321384429932,108.410934448242,-51.6092224121094
539,718.710443466902,225,static.prop.trashcan01,108.666305830731,-7.29313898086548,108.410957336426,-51.6115608215332
540,718.724804468453,225,static.prop.trashcan01,104.337537055654,-7.29305458068848,108.410972595215,-51.6141548156738
540,718.73869586736,225,static.prop.trashcan01,103.077435122387,-7.29297018051147,108.410995483398,-51.6165313720703
540,718.752667665482,225,static.prop.trashcan01,107.113995457276,-7.29288148880005,108.411026000977,-51.6188201904297
540,718.76620696485,225,static.prop.trashcan01,106.29349792601,-7.29277896881104,108.411064147949,-51.6211776733398
540,718.779621765018,225,static.prop.trashcan01,105.128579379818,-7.29265928268433,108.411109924316,-51.6236419677734
540,718.792818065733,225,static.prop.trashcan01,103.846541456399,-7.29253101348877,108.411163330078,-51.626049041748
540,718.805928267539,225,static.prop.trashcan01,103.516230312126,-7.29240560531616,108.411209106445,-51.6282920837402
540,718.818942867219,225,static.prop.trashcan01,104.049076968759,-7.29228019714355,108.411247253418,-51.6304473876953
540,718.832249168307,225,static.prop.trashcan01,106.034979550559,-7.29215908050537,108.411285400391,-51.6325569152832
541,718.84652396664,225,static.prop.trashcan01,113.969326180294,-7.29203701019287,108.411338806152,-51.6348457336426
541,718.860496267676,225,static.prop.trashcan01,113.816258358193,-7.29189205169678,108.411392211914,-51.6374092102051
541,718.874027468264,225,static.prop.trashcan01,113.818748735317,-7.29172277450562,108.411460876465,-51.6400947570801
541,718.888380967081,225,static.prop.trashcan01,120.683621418287,-7.29153871536255,108.411529541016,-51.6429710388184
541,718.90178296715,225,static.prop.trashcan01,113.025787789078,-7.291335105896,108.411628723145,-51.64599609375
541,718.915353268385,225,static.prop.trashcan01,115.409204438211,-7.29114198684692,108.41170501709,-51.6488304138184
541,718.928862467408,225,static.prop.trashcan01,113.844629730695,-7.29095125198364,108.411796569824,-51.6516609191895
541,718.943214464933,225,static.prop.trashcan01,121.19481523218,-7.29075956344604,108.41187286377,-51.6544075012207
542,718.957013465464,225,static.prop.trashcan01,116.256503003037,-7.29056072235107,108.411956787109,-51.6574325561523
542,718.971106167883,225,static.prop.trashcan01,121.149959898049,-7.29035711288452,108.412055969238,-51.6606369018555
542,718.985247667879,225,static.prop.trashcan01,123.309202177379,-7.29011869430542,108.412162780762,-51.6641998291016
542,718.999294865876,225,static.prop.trashcan01,122.544400721641,-7.28985261917114,108.412292480469,-51.6680793762207
542,719.012538164854,225,static.prop.trashcan01,116.125094728672,-7.28957557678223,108.41242980957,-51.6721115112305
542,719.025715667754,225,static.prop.trashcan01,115.702239140801,-7.28931522369385,108.412559509277,-51.6758918762207
542,719.039075165987,225,static.prop.trashcan01,117.136563069347,-7.2890567779541,108.41268157959,-51.679615020752
542,719.053746964782,225,static.prop.trashcan01,128.480535990086,-7.28879308700562,108.412811279297,-51.6834602355957
543,719.067767366767,225,static.prop.trashcan01,120.41716916226,-7.28850746154785,108.412948608398,-51.6879463195801
543,719.082215167582,225,static.prop.trashcan01,123.954747046819,-7.28824424743652,108.413070678711,-51.6920928955078
543,719.096422765404,225,static.prop.trashcan01,122.28662153781,-7.28798818588257,108.413192749023,-51.6963386535645
543,719.110468067229,225,static.prop.trashcan01,120.614059634314,-7.28775787353516,108.413299560547,-51.7004508972168
543,719.124946065247,225,static.prop.trashcan01,123.150914323743,-7.28754949569702,108.413398742676,-51.7045478820801
543,719.138689868152,225,static.prop.trashcan01,116.291771931787,-7.28735160827637,108.41349029541,-51.7088508605957
543,719.152659066021,225,static.prop.trashcan01,117.18644542323,-7.28717994689941,108.413589477539,-51.7129135131836
544,719.167778667063,225,static.prop.trashcan01,125.866946762791,-7.28700542449951,108.413681030273,-51.7171745300293
544,719.182479668409,225,static.prop.trashcan01,121.781161079775,-7.28681755065918,108.413764953613,-51.7220878601074
544,719.198178466409,225,static.prop.trashcan01,127.493376485771,-7.28664207458496,108.413864135742,-51.7267303466797
544,719.211659267545,225,static.prop.trashcan01,110.119677758822,-7.28646755218506,108.413940429688,-51.7317047119141
544,719.225221265107,225,static.prop.trashcan01,112.657798949489,-7.28633165359497,108.414024353027,-51.7357978820801
544,719.238583467901,225,static.prop.trashcan01,108.96019055086,-7.28621482849121,108.414077758789,-51.7398948669434
544,719.252529565245,225,static.prop.trashcan01,112.132205412538,-7.28611326217651,108.414138793945,-51.7438201904297
544,719.266974568367,225,static.prop.trashcan01,113.799379847927,-7.28601741790771,108.414199829102,-51.747875213623
545,719.281897965819,225,static.prop.trashcan01,118.380698005459,-7.28591346740723,108.414245605469,-51.7522773742676
545,719.296122465283,225,static.prop.trashcan01,111.812420826814,-7.28580570220947,108.41431427002,-51.7569732666016
545,719.310255866498,225,static.prop.trashcan01,111.152131016028,-7.28570222854614,108.414360046387,-51.761287689209
545,719.324643466622,225,static.prop.trashcan01,109.975933309678,-7.2856183052063,108.414421081543,-51.7653999328613
545,719.338595166802,225,static.prop.trashcan01,105.354274758214,-7.28554058074951,108.41446685791,-51.7695121765137
545,719.352480467409,225,static.prop.trashcan01,104.691551180956,-7.28547668457031,108.414512634277,-51.7733993530273
545,719.366442367435,225,static.prop.trashcan01,103.645713259421,-7.28542423248291,108.41455078125,-51.7771186828613
545,719.381032865494,225,static.prop.trashcan01,106.826395733067,-7.2853798866272,108.414581298828,-51.7807807922363
545,719.395035266876,225,static.prop.trashcan01,103.485646824992,-7.28533601760864,108.414604187012,-51.7846603393555
546,719.409853965044,225,static.prop.trashcan01,108.661372586757,-7.28529119491577,108.414642333984,-51.7883834838867
546,719.424136366695,225,static.prop.trashcan01,102.059144131026,-7.28525066375732,108.414688110352,-51.7921905517578
546,719.437873467803,225,static.prop.trashcan01,100.079645896139,-7.28521060943604,108.414703369141,-51.7957420349121
546,719.451545666903,225,static.prop.trashcan01,96.7798657476941,-7.28518724441528,108.414733886719,-51.7989120483398
546,719.465825766325,225,static.prop.trashcan01,98.1273943938726,-7.28517436981201,108.414741516113,-51.8017768859863
546,719.480122067034,225,static.prop.trashcan01,96.8919940255274,-7.28517055511475,108.414764404297,-51.8047981262207
547,719.496151868254,225,static.prop.trashcan01,107.362586424515,-7.28516530990601,108.414772033691,-51.8078575134277
547,719.510215066373,225,static.prop.trashcan01,95.4328150807855,-7.28516101837158,108.414794921875,-51.8112182617188
547,719.523732066154,225,static.prop.trashcan01,93.9625000820125,-7.28514862060547,108.414825439453,-51.8139915466309
547,719.537173967808,225,static.prop.trashcan01,92.811257872632,-7.28514242172241,108.414840698242,-51.8165473937988
547,719.551293965429,225,static.prop.trashcan01,95.2673106031317,-7.2851357460022,108.414863586426,-51.818962097168
547,719.566482767463,225,static.prop.trashcan01,101.762707538202,-7.28512716293335,108.41487121582,-51.8214340209961
547,719.580533064902,225,static.prop.trashcan01,94.9358011581861,-7.28511953353882,108.414886474609,-51.8241729736328
547,719.594136167318,225,static.prop.trashcan01,93.9393146407638,-7.28510093688965,108.414909362793,-51.8266105651855
548,719.60962446779,225,static.prop.trashcan01,100.964239772865,-7.28509092330933,108.414939880371,-51.8286933898926
548,719.623227667063,225,static.prop.trashcan01,90.5888088258918,-7.28503656387329,108.414970397949,-51.8318710327148
548,719.637211266905,225,static.prop.trashcan01,93.5721417184312,-7.28494787216187,108.4150390625,-51.834789276123
548,719.651016965508,225,static.prop.trashcan01,89.2292563677081,-7.28486680984497,108.415084838867,-51.8374214172363
548,719.665535066277,225,static.prop.trashcan01,93.5421744317749,-7.28475570678711,108.415145874023,-51.8405952453613
548,719.679897066206,225,static.prop.trashcan01,83.3471293049346,-7.28466129302979,108.415214538574,-51.8435897827148
548,719.693469166756,225,static.prop.trashcan01,91.5881151333537,-7.28454637527466,108.415267944336,-51.8464508056641
548,719.707260966301,225,static.prop.trashcan01,93.0732737341715,-7.28450489044189,108.415298461914,-51.8479804992676
549,719.721662566066,225,static.prop.trashcan01,96.5116964064465,-7.28448247909546,108.415321350098,-51.8494148254395
549,719.73564176634,225,static.prop.trashcan01,94.1462250520401,-7.28446388244629,108.415328979492,-51.850959777832
549,719.749212965369,225,static.prop.trashcan01,92.7762940263553,-7.28444385528564,108.415336608887,-51.8525276184082
549,719.762458767742,225,static.prop.trashcan01,92.5526542464734,-7.28442621231079,108.41535949707,-51.8540802001953
549,719.776242766529,225,static.prop.trashcan01,92.2536347455152,-7.28441572189331,108.415367126465,-51.8554916381836
549,719.789981666952,225,static.prop.trashcan01,90.9306554577536,-7.28440189361572,108.415390014648,-51.8570709228516
549,719.804232567549,225,static.prop.trashcan01,94.4576008427632,-7.28438138961792,108.415397644043,-51.8587226867676
549,719.817671768367,225,static.prop.trashcan01,90.4643017479252,-7.28436183929443,108.415405273438,-51.8604011535645
550,719.831573165953,225,static.prop.trashcan01,93.0835682957337,-7.28434181213379,108.415428161621,-51.8618621826172
550,719.845325365663,225,static.prop.trashcan01,95.2712245729193,-7.28432369232178,108.415435791016,-51.8633270263672
550,719.858862165362,225,static.prop.trashcan01,97.6249521978875,-7.28429555892944,108.415466308594,-51.8648300170898
550,719.872770365328,225,static.prop.trashcan01,102.114946147555,-7.28425264358521,108.415489196777,-51.8665084838867
550,719.886600166559,225,static.prop.trashcan01,102.481963798539,-7.28418731689453,108.41552734375,-51.8682403564453
550,719.900418568403,225,static.prop.trashcan01,101.680191558897,-7.28411340713501,108.415565490723,-51.8699836730957
550,719.913310267031,225,static.prop.trashcan01,98.5704244412446,-7.28403806686401,108.415596008301,-51.8717575073242
551,719.931169368327,225,static.prop.trashcan01,134.105597485436,-7.28397035598755,108.415618896484,-51.8731269836426
551,719.945737365633,225,static.prop.trashcan01,74.5467740488143,-7.2838659286499,108.415672302246,-51.8752288818359
551,719.959510367364,225,static.prop.trashcan01,158.446884909373,-7.28360986709595,108.415809631348,-51.8801193237305
551,719.973543167114,225,static.prop.trashcan01,104.127573037277,-7.28343677520752,108.415885925293,-51.8825607299805
551,719.986957166344,225,static.prop.trashcan01,147.65148818521,-7.28323268890381,108.415985107422,-51.8860664367676
551,720.001063466072,225,static.prop.trashcan01,98.8104428170619,-7.28299856185913,108.41609954834,-51.8896026611328
551,720.01406686753,225,static.prop.trashcan01,146.250235056079,-7.28275728225708,108.416221618652,-51.8937911987305
551,720.027903065085,225,static.prop.trashcan01,111.163313335564,-7.28255701065063,108.416313171387,-51.8964729309082
551,720.042073667049,225,static.prop.trashcan01,106.881523693699,-7.28235626220703,108.416412353516,-51.899787902832
552,720.056433465332,225,static.prop.trashcan01,145.818324012596,-7.28213119506836,108.416534423828,-51.9041900634766
552,720.070990167558,225,static.prop.trashcan01,117.322944032994,-7.2819242477417,108.416618347168,-51.9073944091797
552,720.084588866681,225,static.prop.trashcan01,113.325976375346,-7.28173589706421,108.416694641113,-51.9101753234863
552,720.097685266286,225,static.prop.trashcan01,111.675267031369,-7.2815465927124,108.416786193848,-51.912769317627
552,720.111632864922,225,static.prop.trashcan01,117.621002115186,-7.28136539459229,108.416870117188,-51.9153327941895
552,720.124984167516,225,static.prop.trashcan01,113.074977216846,-7.28116703033447,108.416954040527,-51.9180221557617
552,720.137993264943,225,static.prop.trashcan01,111.440292725446,-7.28098106384277,108.417045593262,-51.9207382202148
552,720.152126565576,225,static.prop.trashcan01,119.991597905274,-7.2807993888855,108.417129516602,-51.9233016967773
553,720.167259566486,225,static.prop.trashcan01,124.665402075678,-7.28060579299927,108.417213439941,-51.9262657165527
553,720.181150067598,225,static.prop.trashcan01,113.548148692441,-7.28040504455566,108.41731262207,-51.9294395446777
553,720.194309066981,225,static.prop.trashcan01,108.441400794379,-7.28023481369019,108.417388916016,-51.9322357177734
553,720.207600865513,225,static.prop.trashcan01,111.469561625761,-7.28008270263672,108.417457580566,-51.9348983764648
553,720.220876567066,225,static.prop.trashcan01,107.961111355465,-7.27994966506958,108.417518615723,-51.9375495910645
553,720.234872166067,225,static.prop.trashcan01,110.451072737697,-7.27983236312866,108.417587280273,-51.9402389526367
553,720.248181767762,225,static.prop.trashcan01,104.926028637392,-7.27971601486206,108.417640686035,-51.9431610107422
553,720.262131664902,225,static.prop.trashcan01,110.108109415719,-7.27960777282715,108.417694091797,-51.9460334777832
554,720.276473067701,225,static.prop.trashcan01,113.215568822884,-7.27949333190918,108.417739868164,-51.9491806030273
554,720.289929665625,225,static.prop.trashcan01,103.62522461707,-7.27938461303711,108.417808532715,-51.9524154663086
554,720.30360006541,225,static.prop.trashcan01,106.404122245391,-7.27928590774536,108.417846679688,-51.9554100036621
554,720.317278467119,225,static.prop.trashcan01,104.739736564604,-7.27920150756836,108.417900085449,-51.9584579467773
554,720.331202767789,225,static.prop.trashcan01,104.109674008055,-7.2791314125061,108.417938232422,-51.9613800048828
554,720.345601767302,225,static.prop.trashcan01,104.420418368234,-7.27906799316406,108.417976379395,-51.9642219543457
554,720.359188567847,225,static.prop.trashcan01,100.755614096443,-7.27900743484497,108.418006896973,-51.9673042297363
555,720.373427867889,225,static.prop.trashcan01,103.713991492013,-7.27895736694336,108.418045043945,-51.9701461791992
555,720.387616865337,225,static.prop.trashcan01,103.045689254939,-7.27890300750732,108.418075561523,-51.9731826782227
555,720.401036467403,225,static.prop.trashcan01,96.8861151681596,-7.27885341644287,108.418106079102,-51.9761238098145
555,720.413948766887,225,static.prop.trashcan01,91.811741503245,-7.27881526947021,108.418144226074,-51.9787521362305
555,720.427060667425,225,static.prop.trashcan01,92.5479121942071,-7.27878904342651,108.418159484863,-51.9811630249023
555,720.440437365323,225,static.prop.trashcan01,91.9891985274937,-7.27876949310303,108.418182373047,-51.983512878418
555,720.454064767808,225,static.prop.trashcan01,90.8586032966574,-7.27875709533691,108.418197631836,-51.985897064209
555,720.467445768416,225,static.prop.trashcan01,90.3067616109789,-7.2787504196167,108.418212890625,-51.9883041381836
556,720.489446565509,225,static.prop.trashcan01,99.4140495583401,-7.27874374389648,108.418228149414,-51.9906806945801
556,720.503482166678,225,static.prop.trashcan01,102.506004717554,-7.2787070274353,108.418251037598,-51.9948272705078
556,720.516666967422,225,static.prop.trashcan01,99.5073447834729,-7.27866125106812,108.418296813965,-51.9975166320801
556,720.529707767069,225,static.prop.trashcan01,98.5006422502009,-7.27860403060913,108.418334960938,-51.9999237060547
556,720.543068666011,225,static.prop.trashcan01,100.45664086099,-7.27854347229004,108.41837310791,-52.0021209716797
556,720.556858565658,225,static.prop.trashcan01,103.235618855099,-7.27848196029663,108.418403625488,-52.0043830871582
556,720.569927368313,225,static.prop.trashcan01,99.4383583946999,-7.2784218788147,108.418441772461,-52.006664276123
556,720.582969166338,225,static.prop.trashcan01,98.6743351157848,-7.27836084365845,108.418487548828,-52.0086517333984
556,720.596488866955,225,static.prop.trashcan01,102.289154732843,-7.27830076217651,108.418510437012,-52.0106391906738
557,720.610480666161,225,static.prop.trashcan01,102.505856151199,-7.27824878692627,108.41854095459,-52.0125274658203
557,720.624319765717,225,static.prop.trashcan01,88.1901625511467,-7.27815246582031,108.418594360352,-52.0150604248047
557,720.637401267886,225,static.prop.trashcan01,112.376820339112,-7.2780294418335,108.418663024902,-52.0185966491699
557,720.650555666536,225,static.prop.trashcan01,109.869801420127,-7.2778582572937,108.418754577637,-52.0218315124512
557,720.663890868425,225,static.prop.trashcan01,89.4633617858745,-7.27769708633423,108.418846130371,-52.0257415771484
557,720.677566666156,225,static.prop.trashcan01,129.44257256086,-7.27759218215942,108.418891906738,-52.0288772583008
557,720.691498965025,225,static.prop.trashcan01,93.5600204904966,-7.27753829956055,108.418930053711,-52.0304679870605
557,720.705214668065,225,static.prop.trashcan01,91.0815470855803,-7.27745532989502,108.418975830078,-52.0329093933105
558,720.718719866127,225,static.prop.trashcan01,117.202125632824,-7.27736759185791,108.41902923584,-52.0357475280762
558,720.731630265713,225,static.prop.trashcan01,81.2482277374698,-7.27732229232788,108.419059753418,-52.037670135498
558,720.744874365628,225,static.prop.trashcan01,88.8450003334103,-7.27727174758911,108.419097900391,-52.0393600463867
558,720.757924165577,225,static.prop.trashcan01,86.9744434329662,-7.27724266052246,108.419105529785,-52.0405502319336
558,720.771662265062,225,static.prop.trashcan01,90.9634546996714,-7.27721977233887,108.419128417969,-52.0419235229492
558,720.785805165768,225,static.prop.trashcan01,93.1824488856769,-7.2772011756897,108.419136047363,-52.0436325073242
558,720.799247466028,225,static.prop.trashcan01,89.1892283365514,-7.27718162536621,108.419158935547,-52.0452423095703
558,720.812810465693,225,static.prop.trashcan01,90.0877543022118,-7.27716541290283,108.419174194336,-52.0468635559082
559,720.826322667301,225,static.prop.trashcan01,89.9562589570635,-7.27714681625366,108.41919708252,-52.0485649108887
559,720.839489866048,225,static.prop.trashcan01,88.3685292684303,-7.27712678909302,108.419219970703,-52.050121307373
559,720.852250967175,225,static.prop.trashcan01,85.4918434098384,-7.2771110534668,108.419235229492,-52.0516815185547
559,720.866570968181,225,static.prop.trashcan01,94.6695449787872,-7.27708864212036,108.419258117676,-52.0532035827637
559,720.880397967994,225,static.prop.trashcan01,91.4446574717712,-7.27706527709961,108.419273376465,-52.055046081543
559,720.893494468182,225,static.prop.trashcan01,88.5385675565006,-7.27703952789307,108.419281005859,-52.0566940307617
559,720.906571365893,225,static.prop.trashcan01,88.1637116207959,-7.27701759338379,108.419303894043,-52.0581550598145
559,720.920201268047,225,static.prop.trashcan01,90.8172984191155,-7.2769980430603,108.419326782227,-52.0594902038574
560,720.935523368418,225,static.prop.trashcan01,99.9518873143672,-7.27697849273682,108.419342041016,-52.0609664916992
560,720.948653966188,225,static.prop.trashcan01,88.652436674692,-7.27695178985596,108.41934967041,-52.062671661377
560,720.961383067071,225,static.prop.trashcan01,86.7573188259159,-7.27692651748657,108.419380187988,-52.0639495849609
560,720.97463426739,225,static.prop.trashcan01,87.4042087423066,-7.27690458297729,108.419403076172,-52.0651359558105
560,720.987364266068,225,static.prop.trashcan01,86.2347685509204,-7.27688407897949,108.419410705566,-52.0664215087891
560,721.000782165676,225,static.prop.trashcan01,77.055483771568,-7.27686500549316,108.41943359375,-52.0675621032715
560,721.014146666974,225,static.prop.trashcan01,98.0277237972691,-7.27684259414673,108.419380187988,-52.0677680969238
560,721.027608267963,225,static.prop.trashcan01,91.4774632203981,-7.27682542800903,108.419372558594,-52.0683441162109
561,721.027608267963,225,static.prop.trashcan01,91.4774632203981,-7.27682542800903,108.419372558594,-52.0683441162109
561,721.041315466166,225,static.prop.trashcan01,94.2282445875317,-7.27680778503418,108.419372558594,-52.0693244934082
561,721.054490365088,225,static.prop.trashcan01,94.2783409258981,-7.27678346633911,108.419403076172,-52.0705451965332
561,721.067623667419,225,static.prop.trashcan01,96.854928489871,-7.27673768997192,108.41943359375,-52.0717620849609
561,721.080913364887,225,static.prop.trashcan01,98.878995088663,-7.27667570114136,108.419448852539,-52.0731964111328
561,721.094463165849,225,static.prop.trashcan01,99.7989529325913,-7.27660942077637,108.419486999512,-52.0746040344238
561,721.107384867966,225,static.prop.trashcan01,96.9928680214217,-7.276535987854,108.41951751709,-52.0760040283203
561,721.12052006647,225,static.prop.trashcan01,100.05876009389,-7.27646350860596,108.419548034668,-52.0772514343262
561,721.137322068214,225,static.prop.trashcan01,122.492370155176,-7.27639245986938,108.419578552246,-52.078540802002
561,721.150253165513,225,static.prop.trashcan01,93.2617086152019,-7.27630615234375,108.419624328613,-52.080394744873
562,721.164305064827,225,static.prop.trashcan01,75.5819027162969,-7.27622604370117,108.419654846191,-52.0816230773926
562,721.177848666906,225,static.prop.trashcan01,103.21595386618,-7.27602386474609,108.419761657715,-52.0852546691895
562,721.191247366369,225,static.prop.trashcan01,108.4419019378,-7.27583885192871,108.419860839844,-52.0886726379395
562,721.204525467008,225,static.prop.trashcan01,103.244306774737,-7.27565765380859,108.419937133789,-52.0915069580078
562,721.217875167727,225,static.prop.trashcan01,106.586466981496,-7.27551031112671,108.420013427734,-52.0933380126953
562,721.23143966496,225,static.prop.trashcan01,107.573533259864,-7.27537822723389,108.420074462891,-52.0950088500977
562,721.24578916654,225,static.prop.trashcan01,114.567728076521,-7.27524662017822,108.420112609863,-52.0965728759766
563,721.259308464825,225,static.prop.trashcan01,106.791276134173,-7.27511596679688,108.42017364502,-52.0983467102051
563,721.274666965008,225,static.prop.trashcan01,118.950903253083,-7.27499485015869,108.420219421387,-52.0999641418457
563,721.289726767689,225,static.prop.trashcan01,113.072992340096,-7.2748761177063,108.420272827148,-52.1018829345703
563,721.304252866656,225,static.prop.trashcan01,107.280530978662,-7.27476787567139,108.42032623291,-52.1038131713867
563,721.318219467998,225,static.prop.trashcan01,104.227977759182,-7.27466917037964,108.420356750488,-52.1055450439453
563,721.332129865885,225,static.prop.trashcan01,103.206672307803,-7.27459192276001,108.420394897461,-52.107250213623
563,721.345549367368,225,static.prop.trashcan01,99.8554319748253,-7.27452945709229,108.420440673828,-52.109016418457
563,721.360055267811,225,static.prop.trashcan01,109.242646929096,-7.27446413040161,108.420463562012,-52.1108245849609
564,721.373857267201,225,static.prop.trashcan01,101.452905797765,-7.27439975738525,108.42049407959,-52.1129341125488
564,721.388254966587,225,static.prop.trashcan01,102.73694611706,-7.27434301376343,108.420532226562,-52.1148300170898
564,721.402097664773,225,static.prop.trashcan01,97.3668446362669,-7.27429056167603,108.420562744141,-52.1168327331543
564,721.415525767952,225,static.prop.trashcan01,93.4572617966427,-7.27424907684326,108.420593261719,-52.1187934875488
564,721.428748566657,225,static.prop.trashcan01,92.9157728435644,-7.27421617507935,108.420616149902,-52.1204948425293
564,721.441545065492,225,static.prop.trashcan01,88.2163267668702,-7.27420473098755,108.420623779297,-52.1219863891602
564,721.454865265638,225,static.prop.trashcan01,90.6177976359241,-7.27419471740723,108.420631408691,-52.1235542297363
564,721.469635266811,225,static.prop.trashcan01,76.4261634193201,-7.27418661117554,108.420639038086,-52.1252288818359
565,721.483840364963,225,static.prop.trashcan01,96.6664609035301,-7.27404117584229,108.42073059082,-52.1291961669922
565,721.498906567693,225,static.prop.trashcan01,105.204069974082,-7.27395105361938,108.420799255371,-52.1324691772461
565,721.512188065797,225,static.prop.trashcan01,77.262575688265,-7.27388954162598,108.42081451416,-52.1343574523926
565,721.525608167052,225,static.prop.trashcan01,82.7708966488817,-7.27381277084351,108.420875549316,-52.1359405517578
565,721.538598366082,225,static.prop.trashcan01,111.567369585364,-7.2737135887146,108.420936584473,-52.1378936767578
565,721.551657665521,225,static.prop.trashcan01,90.8019212050256,-7.27361249923706,108.420989990234,-52.1400260925293
565,721.565726067871,225,static.prop.trashcan01,95.5007649843575,-7.27349710464478,108.421051025391,-52.1430778503418
566,721.580266166478,225,static.prop.trashcan01,99.1031349723134,-7.2734432220459,108.421073913574,-52.1454696655273
566,721.594921868294,225,static.prop.trashcan01,141.175373937579,-7.27333831787109,108.421142578125,-52.1489372253418
566,721.609456967562,225,static.prop.trashcan01,96.1424310663495,-7.27326154708862,108.421173095703,-52.1508979797363
566,721.623057965189,225,static.prop.trashcan01,87.7382062830468,-7.27321767807007,108.42121887207,-52.1526336669922
566,721.636631667614,225,static.prop.trashcan01,91.5267131840098,-7.27318096160889,108.421226501465,-52.1540946960449
566,721.650096666068,225,static.prop.trashcan01,90.813796082497,-7.2731614112854,108.421234130859,-52.1555595397949
566,721.663263168186,225,static.prop.trashcan01,89.5014010999517,-7.27314567565918,108.421257019043,-52.1569900512695
566,721.67698186636,225,static.prop.trashcan01,92.0295986237755,-7.27312803268433,108.421279907227,-52.1584587097168
566,721.690380167216,225,static.prop.trashcan01,90.6535228622079,-7.27311086654663,108.421287536621,-52.1600875854492
567,721.703465767205,225,static.prop.trashcan01,89.3334723486952,-7.27308988571167,108.42130279541,-52.1614532470703
567,721.716775868088,225,static.prop.trashcan01,90.6101744664512,-7.27306938171387,108.421318054199,-52.1629486083984
567,721.730683665723,225,static.prop.trashcan01,92.3191612111279,-7.27305459976196,108.421333312988,-52.164421081543
567,721.743737164885,225,static.prop.trashcan01,89.5900924225837,-7.27303218841553,108.421348571777,-52.1659164428711
567,721.757030166686,225,static.prop.trashcan01,88.9226632417436,-7.27301502227783,108.421363830566,-52.1672782897949
567,721.770109064877,225,static.prop.trashcan01,89.4085330760504,-7.27299499511719,108.421371459961,-52.1686935424805
567,721.783195465803,225,static.prop.trashcan01,90.1422601874557,-7.27297735214233,108.42138671875,-52.169849395752
567,721.796747367829,225,static.prop.trashcan01,91.2798984497447,-7.27296113967896,108.421401977539,-52.1710968017578
568,721.810488864779,225,static.prop.trashcan01,93.0424909692874,-7.27293729782104,108.421424865723,-52.1725006103516
568,721.824324168265,225,static.prop.trashcan01,91.6895571411551,-7.27291107177734,108.421440124512,-52.173900604248
568,721.837122965604,225,static.prop.trashcan01,91.2006793294578,-7.27290439605713,108.421440124512,-52.1742668151855
568,721.850042365491,225,static.prop.trashcan01,91.2024127250577,-7.27288866043091,108.421455383301,-52.1748809814453
568,721.863300867379,225,static.prop.trashcan01,89.8063986710364,-7.2728328704834,108.421493530273,-52.1762886047363
568,721.876632966101,225,static.prop.trashcan01,89.2933649750737,-7.27275228500366,108.421531677246,-52.1780204772949
568,721.889769468457,225,static.prop.trashcan01,84.9745797541469,-7.27268028259277,108.421569824219,-52.179615020752
568,721.902819667011,225,static.prop.trashcan01,68.0801737117327,-7.2726354598999,108.421600341797,-52.1805839538574
568,721.916408967227,225,static.prop.trashcan01,88.2890869231466,-7.27250480651855,108.421661376953,-52.1830024719238
569,721.931166466326,225,static.prop.trashcan01,99.4641758274921,-7.27240896224976,108.421714782715,-52.1851387023926
569,721.944883964956,225,static.prop.trashcan01,120.286793038258,-7.27231502532959,108.421768188477,-52.187671661377
569,721.958426166326,225,static.prop.trashcan01,90.5424052815108,-7.2722430229187,108.421806335449,-52.1881256103516
569,721.971665665507,225,static.prop.trashcan01,77.7456387606176,-7.27227449417114,108.421783447266,-52.1868743896484
569,721.985683668405,225,static.prop.trashcan01,98.5110484507834,-7.27229166030884,108.421783447266,-52.1834564208984
569,721.999631166458,225,static.prop.trashcan01,111.805916393173,-7.27234745025635,108.421752929688,-52.1808891296387
569,722.012835968286,225,static.prop.trashcan01,111.950678874036,-7.27236843109131,108.421745300293,-52.1781768798828
569,722.026962865144,225,static.prop.trashcan01,100.538749401288,-7.27217864990234,108.421844482422,-52.1803131103516
570,722.040382165462,225,static.prop.trashcan01,109.879880379547,-7.27217578887939,108.421844482422,-52.1791915893555
570,722.053638868034,225,static.prop.trashcan01,96.2029520842997,-7.27223253250122,108.421813964844,-52.1772384643555
570,722.067620266229,225,static.prop.trashcan01,103.624455339918,-7.27222871780396,108.421813964844,-52.1773948669434
570,722.081193868071,225,static.prop.trashcan01,104.190480719406,-7.27218055725098,108.421821594238,-52.1788787841797
570,722.094170067459,225,static.prop.trashcan01,100.482778836902,-7.27211141586304,108.421852111816,-52.1808280944824
570,722.107321567833,225,static.prop.trashcan01,104.481691411893,-7.2720685005188,108.421859741211,-52.1824836730957
570,722.120369467884,225,static.prop.trashcan01,131.294123772275,-7.27200412750244,108.421882629395,-52.1847953796387
570,722.13438026607,225,static.prop.trashcan01,99.408000566003,-7.27192735671997,108.421913146973,-52.1864776611328
571,722.13438026607,225,static.prop.trashcan01,99.408000566003,-7.27192735671997,108.421913146973,-52.1864776611328
571,722.148024767637,225,static.prop.trashcan01,101.813295180521,-7.2718448638916,108.421943664551,-52.1884269714355
571,722.16151996702,225,static.prop.trashcan01,105.307124842231,-7.27175378799438,108.421966552734,-52.1903266906738
571,722.174819465727,225,static.prop.trashcan01,104.188272962122,-7.27165794372559,108.422019958496,-52.1922454833984
571,722.188074365258,225,static.prop.trashcan01,105.875103617796,-7.27154350280762,108.422065734863,-52.1942367553711
571,722.201281767339,225,static.prop.trashcan01,104.596952827909,-7.2714262008667,108.422119140625,-52.1962394714355
571,722.214698765427,225,static.prop.trashcan01,106.160997981731,-7.27130460739136,108.422172546387,-52.1981658935547
571,722.228477764875,225,static.prop.trashcan01,107.456249667575,-7.27118349075317,108.422233581543,-52.2000541687012
571,722.241756867617,225,static.prop.trashcan01,104.455295476085,-7.27118349075317,108.422233581543,-52.2000541687012
572,722.255084566772,225,static.prop.trashcan01,107.177005208911,-7.27104902267456,108.42227935791,-52.2023391723633
572,722.268871568143,225,static.prop.trashcan01,112.810369785185,-7.27093839645386,108.422340393066,-52.2042617797852
572,722.281924266368,225,static.prop.trashcan01,109.163078344986,-7.27078676223755,108.422416687012,-52.2067070007324
572,722.294665567577,225,static.prop.trashcan01,109.348819412358,-7.2706151008606,108.422500610352,-52.2093124389648
572,722.307612966746,225,static.prop.trashcan01,107.97711427599,-7.27044010162354,108.422592163086,-52.2117233276367
572,722.321333765984,225,static.prop.trashcan01,116.993695875139,-7.27025508880615,108.422660827637,-52.2142486572266
572,722.334257166833,225,static.prop.trashcan01,108.671646105245,-7.27006673812866,108.422760009766,-52.2168846130371
572,722.348807066679,225,static.prop.trashcan01,123.276525792729,-7.26988458633423,108.422836303711,-52.2192878723145
573,722.361744668335,225,static.prop.trashcan01,109.048159845376,-7.26968479156494,108.42293548584,-52.2222137451172
573,722.375073265284,225,static.prop.trashcan01,116.586919985825,-7.26949405670166,108.423011779785,-52.2248382568359
573,722.388312667608,225,static.prop.trashcan01,113.851694044698,-7.26928043365479,108.423133850098,-52.2279281616211
573,722.401708565652,225,static.prop.trashcan01,117.525770559255,-7.26903533935547,108.423240661621,-52.2313499450684
573,722.415111567825,225,static.prop.trashcan01,118.936487093023,-7.26877307891846,108.423355102539,-52.2349128723145
573,722.428148765117,225,static.prop.trashcan01,116.039895969224,-7.26851224899292,108.423492431641,-52.2385520935059
573,722.440994367003,225,static.prop.trashcan01,111.843980072015,-7.26825857162476,108.423622131348,-52.2419586181641
573,722.454262968153,225,static.prop.trashcan01,115.563972714168,-7.26800870895386,108.423736572266,-52.2454376220703
574,722.469412766397,225,static.prop.trashcan01,130.221682033462,-7.26775503158569,108.423866271973,-52.249080657959
574,722.482771366835,225,static.prop.trashcan01,115.402941918974,-7.26746034622192,108.423988342285,-52.2535552978516
574,722.495932966471,225,static.prop.trashcan01,113.393601918752,-7.26721334457397,108.424118041992,-52.2573356628418
574,722.509051967412,225,static.prop.trashcan01,114.159263606287,-7.26698398590088,108.424224853516,-52.2609825134277
574,722.522275466472,225,static.prop.trashcan01,112.582358491097,-7.26677465438843,108.424331665039,-52.2646980285645
574,722.53593646735,225,static.prop.trashcan01,118.1037887129,-7.26657342910767,108.424423217773,-52.2684478759766
574,722.549143467098,225,static.prop.trashcan01,109.953446795092,-7.26638698577881,108.424522399902,-52.2724723815918
574,722.562049966305,225,static.prop.trashcan01,109.893661258827,-7.26621675491333,108.424598693848,-52.2761993408203
575,722.576071668416,225,static.prop.trashcan01,118.566992470253,-7.26606369018555,108.424674987793,-52.2799758911133
575,722.589153267443,225,static.prop.trashcan01,110.020186725981,-7.26589393615723,108.424751281738,-52.2842597961426
575,722.603012565523,225,static.prop.trashcan01,115.81614491208,-7.26574087142944,108.424819946289,-52.2881660461426
575,722.615884166211,225,static.prop.trashcan01,106.615881499484,-7.26559495925903,108.424896240234,-52.2924003601074
575,722.629599966109,225,static.prop.trashcan01,112.779684448489,-7.26546812057495,108.424964904785,-52.2962112426758
575,722.642799764872,225,static.prop.trashcan01,107.041450789927,-7.26534700393677,108.425025939941,-52.3002700805664
575,722.655655767769,225,static.prop.trashcan01,104.109226504645,-7.26524353027344,108.425086975098,-52.3040885925293
575,722.67001356557,225,static.prop.trashcan01,113.241849172436,-7.26515054702759,108.425140380859,-52.3078117370605
576,722.683360565454,225,static.prop.trashcan01,106.364533354102,-7.26504993438721,108.425193786621,-52.3121223449707
576,722.697197064757,225,static.prop.trashcan01,110.052794851913,-7.26495599746704,108.425239562988,-52.3161163330078
576,722.711262866855,225,static.prop.trashcan01,108.22851359563,-7.26486492156982,108.425300598145,-52.3201675415039
576,722.724203266203,225,static.prop.trashcan01,100.9553018871,-7.26477909088135,108.425338745117,-52.3242645263672
576,722.737689167261,225,static.prop.trashcan01,103.990081884262,-7.26471090316772,108.425384521484,-52.3278312683105
576,722.75203826651,225,static.prop.trashcan01,106.026176107303,-7.26465606689453,108.425430297852,-52.3314056396484
576,722.767498165369,225,static.prop.trashcan01,112.70094345928,-7.26460123062134,108.425453186035,-52.3352813720703
576,722.781617566943,225,static.prop.trashcan01,101.54297010288,-7.26455163955688,108.425506591797,-52.3395233154297
576,722.795788567513,225,static.prop.trashcan01,104.895756150516,-7.26449871063232,108.425521850586,-52.3432159423828
577,722.810583565384,225,static.prop.trashcan01,107.902778517455,-7.26445293426514,108.425552368164,-52.3467903137207
577,722.825284067541,225,static.prop.trashcan01,105.135823186789,-7.26441335678101,108.425590515137,-52.3505439758301
577,722.83901046589,225,static.prop.trashcan01,96.2613151750869,-7.26437902450562,108.425628662109,-52.3539962768555
577,722.85342566669,225,static.prop.trashcan01,100.568298729022,-7.26435422897339,108.425651550293,-52.3570976257324
577,722.867241267115,225,static.prop.trashcan01,96.5182493136459,-7.26433706283569,108.425674438477,-52.3603096008301
577,722.880937967449,225,static.prop.trashcan01,91.9642154770512,-7.26433277130127,108.42569732666,-52.363208770752
577,722.895416665822,225,static.prop.trashcan01,97.7783050635656,-7.26432943344116,108.425712585449,-52.3660774230957
577,722.914719067514,225,static.prop.trashcan01,125.221782393964,-7.26432800292969,108.425727844238,-52.3690338134766
578,722.93179596588,225,static.prop.trashcan01,109.904944122739,-7.26431846618652,108.425727844238,-52.3732490539551
578,722.946787666529,225,static.prop.trashcan01,99.2948205902738,-7.26428365707397,108.42578125,-52.3768844604492
578,722.962258867919,225,static.prop.trashcan01,103.295277125634,-7.26425695419312,108.425811767578,-52.3794975280762
578,722.983005166054,225,static.prop.trashcan01,99.6919396432134,-7.26424407958984,108.425849914551,-52.3822174072266
578,723.003479067236,225,static.prop.trashcan01,97.8034044070842,-7.2642297744751,108.425872802734,-52.385326385498
578,723.028228465468,225,static.prop.trashcan01,101.602955316738,-7.264235496521,108.425888061523,-52.3880157470703
579,723.056068066508,225,static.prop.trashcan01,103.370099039616,-7.26411914825439,108.425964355469,-52.3937797546387
579,723.084252566099,225,static.prop.trashcan01,117.639129508867,-7.26388216018677,108.426109313965,-52.4020843505859
579,723.112954568118,225,static.prop.trashcan01,129.384245545018,-7.2636570930481,108.426246643066,-52.4095916748047
579,723.144374966621,225,static.prop.trashcan01,155.302219287289,-7.26336669921875,108.426422119141,-52.4172477722168
579,723.167995866388,225,static.prop.trashcan01,118.89531233838,-7.26317167282104,108.426528930664,-52.4199371337891
579,723.197929166257,225,static.prop.trashcan01,138.289075409204,-7.26292753219604,108.426666259766,-52.4250640869141
580,723.227684266865,225,static.prop.trashcan01,136.591585775207,-7.26261949539185,108.426811218262,-52.4333267211914
580,723.264173265547,225,static.prop.trashcan01,163.994120389925,-7.26228332519531,108.426979064941,-52.4418525695801
580,723.290014564991,225,static.prop.trashcan01,181.496872557422,-7.26181030273438,108.427215576172,-52.4507598876953
580,723.316551566124,225,static.prop.trashcan01,138.302376636628,-7.26146602630615,108.427383422852,-52.4554901123047
580,723.343112267554,225,static.prop.trashcan01,128.470804870259,-7.26106262207031,108.427581787109,-52.463508605957
581,723.361212767661,225,static.prop.trashcan01,134.181646137613,-7.26065826416016,108.427772521973,-52.4717903137207
581,723.379925765097,225,static.prop.trashcan01,143.936655820272,-7.26039552688599,108.427886962891,-52.4773101806641
581,723.395534165204,225,static.prop.trashcan01,178.376520092634,-7.26007604598999,108.428031921387,-52.4836845397949
581,723.414232265204,225,static.prop.trashcan01,161.870500058482,-7.25980997085571,108.428153991699,-52.4871711730957
581,723.432956565171,225,static.prop.trashcan01,160.413606261419,-7.25946044921875,108.42830657959,-52.4922676086426
582,723.453818965703,225,static.prop.trashcan01,130.007553696521,-7.25909852981567,108.428466796875,-52.4974555969238
582,723.473173364997,225,static.prop.trashcan01,163.42833357876,-7.25867891311646,108.428672790527,-52.5031623840332
582,723.489165168256,225,static.prop.trashcan01,139.194672914071,-7.258131980896,108.428916931152,-52.5117721557617
582,723.504933867604,225,static.prop.trashcan01,133.974207794966,-7.25763082504272,108.429168701172,-52.5205192565918
582,723.522149067372,225,static.prop.trashcan01,152.342515565567,-7.25709629058838,108.429420471191,-52.5305633544922
582,723.541093666106,225,static.prop.trashcan01,166.605139498716,-7.25653171539307,108.429702758789,-52.5411834716797
583,723.558969266713,225,static.prop.trashcan01,151.673362783444,-7.25592088699341,108.430000305176,-52.5526237487793
583,723.57417376712,225,static.prop.trashcan01,163.652120506878,-7.25541591644287,108.430244445801,-52.5620231628418
583,723.59039516747,225,static.prop.trashcan01,136.979914689517,-7.25494956970215,108.430473327637,-52.5716361999512
583,723.61398036778,225,static.prop.trashcan01,151.957435196726,-7.2545371055603,108.430679321289,-52.5804023742676
583,723.637347266078,225,static.prop.trashcan01,129.713889414574,-7.25403165817261,108.430923461914,-52.5908279418945
583,723.656820267439,225,static.prop.trashcan01,158.473886233907,-7.25357151031494,108.43115234375,-52.6012725830078
584,723.684500467032,225,static.prop.trashcan01,149.51639054453,-7.2531852722168,108.431335449219,-52.6109809875488
584,723.699534066021,225,static.prop.trashcan01,166.156231602177,-7.25266170501709,108.431610107422,-52.6246452331543
584,723.715050265193,225,static.prop.trashcan01,124.912709721045,-7.25229167938232,108.431793212891,-52.6350593566895
584,723.730297967792,225,static.prop.trashcan01,123.934709530725,-7.25202178955078,108.431930541992,-52.6425857543945
584,723.745427764952,225,static.prop.trashcan01,120.511150334781,-7.25176191329956,108.432067871094,-52.6497611999512
584,723.761020667851,225,static.prop.trashcan01,143.635224884847,-7.25146389007568,108.43221282959,-52.6586761474609
585,723.776533067226,225,static.prop.trashcan01,128.674730267106,-7.25119972229004,108.432342529297,-52.666820526123
585,723.791706066579,225,static.prop.trashcan01,124.124390241017,-7.25097131729126,108.432456970215,-52.6741142272949
585,723.806755967438,225,static.prop.trashcan01,170.256971124446,-7.25071716308594,108.432594299316,-52.682689666748
585,723.821098566055,225,static.prop.trashcan01,107.97649492049,-7.25051307678223,108.432685852051,-52.6891212463379
585,723.83540956676,225,static.prop.trashcan01,152.908107718575,-7.25032472610474,108.432777404785,-52.6960868835449
585,723.850113566965,225,static.prop.trashcan01,103.980689448219,-7.25015926361084,108.432861328125,-52.7018165588379
585,723.866220165044,225,static.prop.trashcan01,119.154643627946,-7.24998378753662,108.432952880859,-52.7086982727051
586,723.881547965109,225,static.prop.trashcan01,120.405091960947,-7.24977827072144,108.433052062988,-52.7161636352539
586,723.896498568356,225,static.prop.trashcan01,153.751718704158,-7.24965763092041,108.433135986328,-52.722110748291
586,723.911077566445,225,static.prop.trashcan01,122.372869889988,-7.24950790405273,108.433212280273,-52.7273979187012
586,723.926554568112,225,static.prop.trashcan01,109.99616053204,-7.2493748664856,108.433288574219,-52.7328033447266
586,723.941079467535,225,static.prop.trashcan01,180.638240497404,-7.24923753738403,108.43335723877,-52.7392730712891
586,723.956546865404,225,static.prop.trashcan01,106.833718950213,-7.24910545349121,108.43342590332,-52.7445411682129
586,723.971815865487,225,static.prop.trashcan01,110.598215163472,-7.24904298782349,108.433456420898,-52.7481803894043
587,723.987308967859,225,static.prop.trashcan01,110.541770237346,-7.24901294708252,108.433471679688,-52.751407623291
587,724.002219166607,225,static.prop.trashcan01,103.681026269429,-7.24898719787598,108.433502197266,-52.7551307678223
587,724.017988964915,225,static.prop.trashcan01,107.084224230176,-7.24896907806396,108.433532714844,-52.7586784362793
587,724.032949864864,225,static.prop.trashcan01,100.018817858113,-7.24895858764648,108.433555603027,-52.7625579833984
587,724.04732356593,225,static.prop.trashcan01,97.373079950234,-7.2489538192749,108.433570861816,-52.7660980224609
587,724.062619067729,225,static.prop.trashcan01,102.358072902462,-7.24895668029785,108.433601379395,-52.7694206237793
587,724.077193766832,225,static.prop.trashcan01,98.4940683353691,-7.24895811080933,108.433624267578,-52.7728996276855
588,724.093555465341,225,static.prop.trashcan01,107.048376087816,-7.24895477294922,108.433647155762,-52.7761764526367
588,724.109250668436,225,static.prop.trashcan01,103.739917766016,-7.24894905090332,108.433662414551,-52.7798042297363
588,724.125353764743,225,static.prop.trashcan01,106.371980678413,-7.24893856048584,108.433685302734,-52.7831916809082
588,724.141781467944,225,static.prop.trashcan01,107.987745423034,-7.24892425537109,108.433715820312,-52.786548614502
588,724.156841665506,225,static.prop.trashcan01,100.87029935552,-7.24890565872192,108.433746337891,-52.7898101806641
588,724.17136246711,225,static.prop.trashcan01,99.2667473854622,-7.2488865852356,108.433776855469,-52.7925148010254
588,724.186086967587,225,static.prop.trashcan01,84.0517840125138,-7.24887323379517,108.433799743652,-52.7949295043945
588,724.201590266079,225,static.prop.trashcan01,115.605589469213,-7.24873828887939,108.433883666992,-52.7992324829102
589,724.216651365161,225,static.prop.trashcan01,141.426835815589,-7.24872398376465,108.433906555176,-52.8022003173828
589,724.231242567301,225,static.prop.trashcan01,84.2653509424526,-7.24869871139526,108.433929443359,-52.8036651611328
589,724.24687256664,225,static.prop.trashcan01,103.891542576688,-7.24869775772095,108.433944702148,-52.8046607971191
589,724.261807866395,225,static.prop.trashcan01,97.5161040160241,-7.24865102767944,108.433975219727,-52.8069877624512
589,724.276799667627,225,static.prop.trashcan01,116.317397794814,-7.24853754043579,108.434043884277,-52.8100090026855
589,724.291670266539,225,static.prop.trashcan01,111.694390682941,-7.24844121932983,108.434089660645,-52.8128852844238
590,724.309099465609,225,static.prop.trashcan01,115.432378260823,-7.2483549118042,108.434127807617,-52.8151969909668
590,724.326142266393,225,static.prop.trashcan01,108.39178124482,-7.2482647895813,108.434188842773,-52.8180923461914
590,724.341152966022,225,static.prop.trashcan01,95.6347158329,-7.24816131591797,108.434234619141,-52.8210601806641
590,724.355627264827,225,static.prop.trashcan01,92.4142050522123,-7.2480640411377,108.434295654297,-52.824146270752
590,724.370789565146,225,static.prop.trashcan01,104.442640946093,-7.24794435501099,108.434364318848,-52.827220916748
590,724.386066365987,225,static.prop.trashcan01,74.127540390164,-7.24790811538696,108.434379577637,-52.8287391662598
590,724.40105516836,225,static.prop.trashcan01,99.009774111295,-7.24774169921875,108.434478759766,-52.8329963684082
590,724.41736426577,225,static.prop.trashcan01,113.479397896297,-7.24764919281006,108.434539794922,-52.8361320495605
591,724.432087868452,225,static.prop.trashcan01,102.860057773057,-7.24756336212158,108.4345703125,-52.8385696411133
591,724.447321467102,225,static.prop.trashcan01,101.937478778738,-7.247474193573,108.434616088867,-52.8409843444824
591,724.462497267872,225,static.prop.trashcan01,100.015767235434,-7.24743413925171,108.434646606445,-52.8428497314453
591,724.4779089652,225,static.prop.trashcan01,101.669857299442,-7.24740171432495,108.434661865234,-52.8446159362793
591,724.492404665798,225,static.prop.trashcan01,96.9259960040226,-7.24737548828125,108.434684753418,-52.8464508056641
591,724.508941467851,225,static.prop.trashcan01,108.576140362265,-7.24734783172607,108.434707641602,-52.8481903076172
592,724.525281265378,225,static.prop.trashcan01,106.240672947893,-7.24732160568237,108.434715270996,-52.8502578735352
592,724.540610168129,225,static.prop.trashcan01,103.190506882254,-7.24728393554688,108.434722900391,-52.8522758483887
592,724.555550668389,225,static.prop.trashcan01,104.305692538532,-7.24724340438843,108.434776306152,-52.8542022705078
592,724.569520264864,225,static.prop.trashcan01,105.324384592682,-7.24718379974365,108.434799194336,-52.8562088012695
592,724.583628065884,225,static.prop.trashcan01,103.719728866481,-7.24711894989014,108.434844970703,-52.8579483032227
592,724.597997367382,225,static.prop.trashcan01,89.690294336366,-7.24705266952515,108.434860229492,-52.8597259521484
592,724.612531967461,225,static.prop.trashcan01,76.5404418504012,-7.24695491790771,108.434906005859,-52.8617706298828
593,724.62757306546,225,static.prop.trashcan01,104.086850170568,-7.24674463272095,108.435020446777,-52.8654594421387
593,724.641966365278,225,static.prop.trashcan01,109.820661540371,-7.2465763092041,108.435096740723,-52.868968963623
593,724.658429965377,225,static.prop.trashcan01,120.419080776215,-7.24642372131348,108.435165405273,-52.8716621398926
593,724.674105267972,225,static.prop.trashcan01,120.662961029594,-7.24627065658569,108.435218811035,-52.8740921020508
593,724.687981165946,225,static.prop.trashcan01,109.375338331581,-7.24611377716064,108.435279846191,-52.8764114379883
593,724.702461767942,225,static.prop.trashcan01,116.818065438219,-7.24597835540771,108.435348510742,-52.878360748291
593,724.716455865651,225,static.prop.trashcan01,112.850856951984,-7.24584436416626,108.435394287109,-52.8803482055664
593,724.731308665127,225,static.prop.trashcan01,115.9552413736,-7.24572372436523,108.435455322266,-52.882152557373
593,724.747305367142,225,static.prop.trashcan01,124.665580922196,-7.24558687210083,108.435508728027,-52.8843727111816
594,724.761912666261,225,static.prop.trashcan01,115.833926621735,-7.24543857574463,108.435562133789,-52.886905670166
594,724.776094768196,225,static.prop.trashcan01,116.925353994011,-7.24528741836548,108.435623168945,-52.8892593383789
594,724.790967166424,225,static.prop.trashcan01,123.29300733328,-7.24512434005737,108.435707092285,-52.8918914794922
594,724.805773165077,225,static.prop.trashcan01,122.505477789611,-7.24492311477661,108.43579864502,-52.8949089050293
594,724.819715067744,225,static.prop.trashcan01,117.924669162505,-7.24470996856689,108.435874938965,-52.8979339599609
594,724.834080167115,225,static.prop.trashcan01,124.023085278786,-7.24451446533203,108.435974121094,-52.9007453918457
594,724.848716866225,225,static.prop.trashcan01,127.566819599477,-7.24431037902832,108.436050415039,-52.9036445617676
595,724.863092467189,225,static.prop.trashcan01,116.810154035984,-7.24411869049072,108.436141967773,-52.9062881469727
595,724.87729986757,225,static.prop.trashcan01,114.595168791904,-7.24387454986572,108.436264038086,-52.9104080200195
595,724.891536965966,225,static.prop.trashcan01,114.887787266204,-7.24362468719482,108.436370849609,-52.9152374267578
595,724.906243767589,225,static.prop.trashcan01,110.215192293752,-7.24342632293701,108.436485290527,-52.919506072998
595,724.921247765422,225,static.prop.trashcan01,116.323432562632,-7.24323034286499,108.436561584473,-52.9236259460449
595,724.935704566538,225,static.prop.trashcan01,114.974818445144,-7.24306678771973,108.436637878418,-52.9271354675293
595,724.94982406497,225,static.prop.trashcan01,113.449395128009,-7.24293422698975,108.436698913574,-52.9301261901855
595,724.965107366443,225,static.prop.trashcan01,123.030137510785,-7.24281740188599,108.436744689941,-52.9332160949707
596,724.97993196547,225,static.prop.trashcan01,114.286828106846,-7.24270009994507,108.436813354492,-52.9364166259766
596,724.995065465569,225,static.prop.trashcan01,115.571449135214,-7.24258184432983,108.436874389648,-52.9397125244141
596,725.009248867631,225,static.prop.trashcan01,109.040796056691,-7.24247312545776,108.436912536621,-52.9430351257324
596,725.023674465716,225,static.prop.trashcan01,109.766142913089,-7.24238777160645,108.436958312988,-52.9459686279297
596,725.043085366488,225,static.prop.trashcan01,137.403750584471,-7.24231624603271,108.43701171875,-52.9489593505859
596,725.057476367801,225,static.prop.trashcan01,101.829378209066,-7.24222898483276,108.437049865723,-52.9532852172852
597,725.071941167116,225,static.prop.trashcan01,81.5668415962337,-7.24215459823608,108.437088012695,-52.9562721252441
597,725.086455564946,225,static.prop.trashcan01,95.2773025394439,-7.24197721481323,108.437194824219,-52.9613571166992
597,725.101093165576,225,static.prop.trashcan01,120.710709636562,-7.24181127548218,108.437294006348,-52.9660148620605
597,725.115136966109,225,static.prop.trashcan01,111.753870928464,-7.2417106628418,108.437347412109,-52.9695320129395
597,725.129740968347,225,static.prop.trashcan01,108.817212315773,-7.24162340164185,108.437393188477,-52.9726066589355
597,725.14461626485,225,static.prop.trashcan01,111.867934524005,-7.24154424667358,108.437438964844,-52.9760246276855
597,725.158502366394,225,static.prop.trashcan01,81.0473634936132,-7.2414722442627,108.437484741211,-52.9792861938477
597,725.172973465174,225,static.prop.trashcan01,94.3308646674107,-7.24139308929443,108.437538146973,-52.9826469421387
598,725.189159065485,225,static.prop.trashcan01,102.233499321281,-7.2413182258606,108.43758392334,-52.9860382080078
598,725.208166565746,225,static.prop.trashcan01,119.480458732141,-7.24119186401367,108.437660217285,-52.991138458252
598,725.222469568253,225,static.prop.trashcan01,138.404990297006,-7.24106311798096,108.437744140625,-52.9970207214355
598,725.236783064902,225,static.prop.trashcan01,96.8390586445553,-7.24101114273071,108.437774658203,-52.9988822937012
598,725.250956565142,225,static.prop.trashcan01,95.7933768190188,-7.24099969863892,108.437797546387,-53.000617980957
598,725.265269767493,225,static.prop.trashcan01,96.7865157355713,-7.24098873138428,108.437812805176,-53.0026664733887
598,725.280521567911,225,static.prop.trashcan01,101.340298720315,-7.24098491668701,108.437828063965,-53.0047416687012
598,725.294965665787,225,static.prop.trashcan01,97.1841056406749,-7.24097633361816,108.437835693359,-53.007152557373
599,725.294965665787,225,static.prop.trashcan01,97.1841056406749,-7.24097633361816,108.437835693359,-53.007152557373
599,725.309232667089,225,static.prop.trashcan01,96.4850235870163,-7.24096298217773,108.437858581543,-53.009349822998
599,725.324514966458,225,static.prop.trashcan01,102.675103132437,-7.24095010757446,108.437881469727,-53.0114517211914
599,725.339743167162,225,static.prop.trashcan01,100.911955246172,-7.24093627929688,108.437889099121,-53.0137786865234
599,725.354297466576,225,static.prop.trashcan01,97.8390460976106,-7.24091863632202,108.43790435791,-53.0160903930664
599,725.369312368333,225,static.prop.trashcan01,100.154440509441,-7.24089956283569,108.437927246094,-53.0181083679199
599,725.384317465127,225,static.prop.trashcan01,79.4723608449412,-7.24088430404663,108.437957763672,-53.0201110839844
600,725.399979367852,225,static.prop.trashcan01,99.4010751320954,-7.24073123931885,108.438034057617,-53.0241470336914
600,725.413890466094,225,static.prop.trashcan01,140.638763677805,-7.24063873291016,108.438102722168,-53.0274772644043
600,725.42823426798,225,static.prop.trashcan01,99.4697293231785,-7.24057865142822,108.438133239746,-53.0291595458984
600,725.442307267338,225,static.prop.trashcan01,111.430575646511,-7.24055242538452,108.438140869141,-53.0304985046387
600,725.456901565194,225,static.prop.trashcan01,93.75206510645,-7.24047899246216,108.438179016113,-53.0323295593262
600,725.471348766237,225,static.prop.trashcan01,85.2962181453875,-7.24038124084473,108.438232421875,-53.0348320007324
600,725.485937766731,225,static.prop.trashcan01,84.0283277546193,-7.24029302597046,108.438270568848,-53.0369338989258
600,725.500225167722,225,static.prop.trashcan01,129.403098649448,-7.24019193649292,108.438339233398,-53.039436340332
601,725.51639476791,225,static.prop.trashcan01,104.042486573756,-7.24013090133667,108.438354492188,-53.0406913757324
601,725.531171467155,225,static.prop.trashcan01,95.9860125777145,-7.24009370803833,108.438377380371,-53.0421600341797
601,725.546511765569,225,static.prop.trashcan01,99.8941998769146,-7.24005794525146,108.43839263916,-53.043586730957
601,725.560631167144,225,static.prop.trashcan01,93.3752049401927,-7.24002647399902,108.438415527344,-53.0451736450195
601,725.574886567891,225,static.prop.trashcan01,94.6745109007146,-7.23999738693237,108.438438415527,-53.0466728210449
601,725.589966066182,225,static.prop.trashcan01,99.0879827902369,-7.23997259140015,108.438453674316,-53.0481605529785
601,725.603846665472,225,static.prop.trashcan01,92.9027981405435,-7.2399468421936,108.438461303711,-53.0498733520508
601,725.618687868118,225,static.prop.trashcan01,98.1279348904306,-7.23992252349854,108.438491821289,-53.0513076782227
602,725.633408665657,225,static.prop.trashcan01,95.5011047708455,-7.23989725112915,108.438514709473,-53.0529251098633
602,725.649493467063,225,static.prop.trashcan01,104.597930470534,-7.23986673355103,108.438522338867,-53.054515838623
602,725.663960665464,225,static.prop.trashcan01,95.2790376897369,-7.23983955383301,108.438545227051,-53.0563087463379
602,725.678733866662,225,static.prop.trashcan01,97.8168438539989,-7.23980522155762,108.43856048584,-53.0578651428223
602,725.693055965006,225,static.prop.trashcan01,96.4382952005649,-7.23977851867676,108.438583374023,-53.0593338012695
602,725.708418365568,225,static.prop.trashcan01,102.186892096234,-7.23975706100464,108.438598632812,-53.0605850219727
602,725.723587468266,225,static.prop.trashcan01,99.7694770195036,-7.23972845077515,108.438598632812,-53.0620765686035
602,725.740841068327,225,static.prop.trashcan01,113.108874654494,-7.23972463607788,108.438613891602,-53.0625076293945
603,725.755927268416,225,static.prop.trashcan01,97.9620553557823,-7.23971605300903,108.438621520996,-53.0634307861328
603,725.770359165967,225,static.prop.trashcan01,96.4382864276154,-7.23968362808228,108.438636779785,-53.0645217895508
603,725.78521726653,225,static.prop.trashcan01,98.6116709553028,-7.23965215682983,108.438659667969,-53.0656814575195
603,725.7998290658,225,static.prop.trashcan01,98.1480405007363,-7.2396240234375,108.438667297363,-53.0669326782227
603,725.814265266061,225,static.prop.trashcan01,98.5297958079349,-7.23959875106812,108.438690185547,-53.0681304931641
603,725.829079765826,225,static.prop.trashcan01,98.0976218134944,-7.239577293396,108.438697814941,-53.069164276123
603,725.84391046688,225,static.prop.trashcan01,100.326808079558,-7.23955106735229,108.438720703125,-53.0703887939453
604,725.858511567116,225,static.prop.trashcan01,95.7821122789427,-7.2394962310791,108.438735961914,-53.0722198486328
604,725.873678166419,225,static.prop.trashcan01,106.077003867329,-7.239417552948,108.438774108887,-53.0739860534668
604,725.888185765594,225,static.prop.trashcan01,76.1275270005528,-7.23939085006714,108.438789367676,-53.0746841430664
604,725.902278866619,225,static.prop.trashcan01,137.10689364285,-7.23926258087158,108.438858032227,-53.0773773193359
604,725.916141767055,225,static.prop.trashcan01,85.8851843637003,-7.23914957046509,108.438911437988,-53.0788650512695
604,725.929603066295,225,static.prop.trashcan01,135.145362972147,-7.23904323577881,108.438972473145,-53.0809631347656
605,725.945946265012,225,static.prop.trashcan01,103.587969304673,-7.23898601531982,108.439002990723,-53.081672668457
605,725.960680965334,225,static.prop.trashcan01,95.7087046761919,-7.23894500732422,108.439002990723,-53.0827102661133
605,725.975009866059,225,static.prop.trashcan01,94.5505250891095,-7.2389030456543,108.439033508301,-53.0836944580078
605,725.989261366427,225,static.prop.trashcan01,94.1194071861259,-7.23886823654175,108.43904876709,-53.0848770141602
605,726.003407865763,225,static.prop.trashcan01,93.7531473152699,-7.23883724212646,108.439056396484,-53.0860710144043
605,726.017567764968,225,static.prop.trashcan01,94.0410517586537,-7.2388072013855,108.439079284668,-53.0871353149414
605,726.031912267208,225,static.prop.trashcan01,95.4842063278716,-7.23878049850464,108.439086914062,-53.0884475708008
605,726.046078365296,225,static.prop.trashcan01,94.992915572121,-7.23875617980957,108.439109802246,-53.0895729064941
605,726.061171267182,225,static.prop.trashcan01,99.6472032601741,-7.23872661590576,108.439125061035,-53.0909156799316
606,726.075573366135,225,static.prop.trashcan01,97.8425337027415,-7.23869132995605,108.439125061035,-53.092357635498
606,726.090668167919,225,static.prop.trashcan01,100.351296596608,-7.23865938186646,108.439155578613,-53.0935707092285
606,726.105189267546,225,static.prop.trashcan01,97.3319069516244,-7.23862886428833,108.439170837402,-53.0949516296387
606,726.119288764894,225,static.prop.trashcan01,96.2824763865248,-7.23859834671021,108.439193725586,-53.0961074829102
606,726.133957665414,225,static.prop.trashcan01,96.6370786251974,-7.23857450485229,108.439208984375,-53.0971794128418
606,726.148757666349,225,static.prop.trashcan01,98.2632790852164,-7.2385687828064,108.439208984375,-53.0975189208984
606,726.163077767938,225,static.prop.trashcan01,96.1996206637712,-7.23854494094849,108.43921661377,-53.0983428955078
606,726.177943564951,225,static.prop.trashcan01,98.2801650005043,-7.23851776123047,108.439239501953,-53.0993156433105
607,726.194809667766,225,static.prop.trashcan01,109.724597241393,-7.23848485946655,108.439247131348,-53.100414276123
607,726.209586568177,225,static.prop.trashcan01,96.8129548947731,-7.23844718933105,108.439262390137,-53.1018142700195
607,726.223803766072,225,static.prop.trashcan01,95.4283486600381,-7.23840522766113,108.43928527832,-53.1029434204102
607,726.23854816705,225,static.prop.trashcan01,85.1216820875958,-7.23837518692017,108.439300537109,-53.1039543151855
607,726.253237366676,225,static.prop.trashcan01,144.646395006628,-7.23830127716064,108.439353942871,-53.1059417724609
607,726.268757466227,225,static.prop.trashcan01,104.108995637198,-7.23831510543823,108.439331054688,-53.1049346923828
608,726.283365767449,225,static.prop.trashcan01,106.156803912485,-7.23831510543823,108.439323425293,-53.1042556762695
608,726.298201266676,225,static.prop.trashcan01,133.88630067442,-7.23828792572021,108.439346313477,-53.1043739318848
608,726.312445066869,225,static.prop.trashcan01,126.829506425576,-7.23828554153442,108.439346313477,-53.1032600402832
608,726.328099165112,225,static.prop.trashcan01,82.3454214038541,-7.23809432983398,108.439430236816,-53.107120513916
608,726.342455968261,225,static.prop.trashcan01,96.3102651328084,-7.23787641525269,108.43953704834,-53.1113090515137
608,726.356413967907,225,static.prop.trashcan01,91.6658465250015,-7.23778772354126,108.439575195312,-53.112621307373
608,726.370365567505,225,static.prop.trashcan01,92.7523556599818,-7.23774194717407,108.439598083496,-53.1133460998535
609,726.384901665151,225,static.prop.trashcan01,94.0521043570854,-7.23770999908447,108.439628601074,-53.1141777038574
609,726.399904266,225,static.prop.trashcan01,96.8708211516944,-7.23767757415771,108.439636230469,-53.1151809692383
609,726.414329666644,225,static.prop.trashcan01,94.626058687033,-7.2376446723938,108.439643859863,-53.1164016723633
609,726.428459666669,225,static.prop.trashcan01,93.4405699987639,-7.23761224746704,108.439666748047,-53.1176261901855
609,726.44258286804,225,static.prop.trashcan01,93.633002815369,-7.23758411407471,108.439682006836,-53.118782043457
609,726.457122065127,225,static.prop.trashcan01,95.9340275864978,-7.23755741119385,108.43970489502,-53.120059967041
609,726.472006767988,225,static.prop.trashcan01,98.6684924051779,-7.23752593994141,108.439712524414,-53.1213417053223
609,726.485787767917,225,static.prop.trashcan01,92.4324912976338,-7.23749494552612,108.439735412598,-53.1226615905762
609,726.500075865537,225,static.prop.trashcan01,94.8978092030958,-7.23746633529663,108.439750671387,-53.1238059997559
610,726.514566265047,225,static.prop.trashcan01,95.7306139321269,-7.23743963241577,108.43977355957,-53.1250114440918
610,726.529157266021,225,static.prop.trashcan01,94.947405592716,-7.2374119758606,108.439788818359,-53.1263465881348
610,726.543371867388,225,static.prop.trashcan01,95.5336385603209,-7.23737859725952,108.439804077148,-53.1275787353516
610,726.558294165879,225,static.prop.trashcan01,98.1975168523935,-7.237380027771,108.439811706543,-53.1278495788574
610,726.57225516811,225,static.prop.trashcan01,91.5087224319971,-7.23736190795898,108.439834594727,-53.1287269592285
610,726.586153566837,225,static.prop.trashcan01,93.7942030849032,-7.23733425140381,108.439842224121,-53.129711151123
610,726.599874366075,225,static.prop.trashcan01,95.159936138701,-7.23731136322021,108.439849853516,-53.1306266784668
610,726.614473767579,225,static.prop.trashcan01,99.3838283298403,-7.23728799819946,108.439872741699,-53.1316986083984
611,726.62885446474,225,static.prop.trashcan01,93.674401482881,-7.23725032806396,108.439880371094,-53.1332817077637
611,726.643923867494,225,static.prop.trashcan01,99.0711639494749,-7.23716354370117,108.439926147461,-53.1350517272949
611,726.659683067352,225,static.prop.trashcan01,102.49053935149,-7.2370810508728,108.439971923828,-53.136302947998
611,726.674860365689,225,static.prop.trashcan01,140.24106897395,-7.2369818687439,108.439994812012,-53.1380653381348
611,726.689912267029,225,static.prop.trashcan01,93.4943417378669,-7.2369236946106,108.44002532959,-53.1387405395508
611,726.704860765487,225,static.prop.trashcan01,98.7658871898771,-7.23689603805542,108.440048217773,-53.1389541625977
611,726.720025666058,225,static.prop.trashcan01,98.4455399365076,-7.23686790466309,108.440055847168,-53.1396865844727
612,726.73487116769,225,static.prop.trashcan01,94.9804342910093,-7.2368335723877,108.440086364746,-53.1407852172852
612,726.750651665032,225,static.prop.trashcan01,102.106309886019,-7.23679447174072,108.440093994141,-53.1419067382812
612,726.76561626792,225,static.prop.trashcan01,97.4186949303037,-7.23675537109375,108.440116882324,-53.143196105957
612,726.780939765275,225,static.prop.trashcan01,98.0956163669414,-7.23671865463257,108.440155029297,-53.1444435119629
612,726.798477064818,225,static.prop.trashcan01,111.885516407177,-7.23667764663696,108.440162658691,-53.1457290649414
612,726.814070366323,225,static.prop.trashcan01,100.594000439673,-7.23663234710693,108.440185546875,-53.147346496582
612,726.829516164958,225,static.prop.trashcan01,101.946476666254,-7.23658084869385,108.440216064453,-53.1486663818359
613,726.844611465931,225,static.prop.trashcan01,99.0919910172237,-7.23654365539551,108.440254211426,-53.1499443054199
613,726.859112367034,225,static.prop.trashcan01,96.5518640086188,-7.23650693893433,108.440269470215,-53.1511344909668
613,726.873227067292,225,static.prop.trashcan01,70.4144976534448,-7.23647737503052,108.440292358398,-53.1522331237793
613,726.888025265187,225,static.prop.trashcan01,93.7170316844553,-7.23638677597046,108.440338134766,-53.1544876098633
613,726.902433667332,225,static.prop.trashcan01,66.3900541320896,-7.23634338378906,108.440361022949,-53.155403137207
613,726.915904868394,225,static.prop.trashcan01,130.168095577146,-7.2363657951355,108.44034576416,-53.1530227661133
613,726.930169966072,225,static.prop.trashcan01,84.0041113004073,-7.23643159866333,108.440330505371,-53.1491470336914
614,726.946298968047,225,static.prop.trashcan01,104.795110166908,-7.23649501800537,108.440292358398,-53.1460647583008
614,726.960986368358,225,static.prop.trashcan01,90.6222377593499,-7.23649501800537,108.440292358398,-53.1460647583008
614,726.976345065981,225,static.prop.trashcan01,87.1390584456047,-7.23650550842285,108.440277099609,-53.1452674865723
614,726.990430764854,225,static.prop.trashcan01,113.753124290543,-7.23650884628296,108.440277099609,-53.1414909362793
614,727.004599966109,225,static.prop.trashcan01,95.8856136293878,-7.23656988143921,108.44026184082,-53.1379165649414
614,727.018375664949,225,static.prop.trashcan01,129.716775666079,-7.23663187026978,108.440238952637,-53.1350517272949
614,727.032502967864,225,static.prop.trashcan01,90.6888582838574,-7.23669481277466,108.44019317627,-53.1321487426758
614,727.047575566918,225,static.prop.trashcan01,105.107282301646,-7.23675203323364,108.440162658691,-53.1298294067383
615,727.062600366771,225,static.prop.trashcan01,101.637260976887,-7.23678493499756,108.440147399902,-53.1270484924316
615,727.077180467546,225,static.prop.trashcan01,121.98249719176,-7.23686933517456,108.440101623535,-53.1235427856445
615,727.091282367706,225,static.prop.trashcan01,104.109837272992,-7.23683404922485,108.440101623535,-53.1245498657227
615,727.105575468391,225,static.prop.trashcan01,116.973924710028,-7.23682594299316,108.440116882324,-53.1228141784668
615,727.119564466178,225,static.prop.trashcan01,88.4809333611224,-7.23688697814941,108.440086364746,-53.1217193603516
615,727.133916866034,225,static.prop.trashcan01,96.5182861031824,-7.23690700531006,108.440063476562,-53.1216735839844
615,727.148813165724,225,static.prop.trashcan01,129.99623488831,-7.2369384765625,108.440048217773,-53.1193656921387
616,727.163576167077,225,static.prop.trashcan01,95.549518332203,-7.23702907562256,108.439994812012,-53.1162796020508
616,727.178108267486,225,static.prop.trashcan01,96.177411806986,-7.23707675933838,108.439971923828,-53.1152114868164
616,727.192013565451,225,static.prop.trashcan01,91.509981531684,-7.23708915710449,108.439956665039,-53.1150894165039
616,727.206453565508,225,static.prop.trashcan01,99.13322295548,-7.23710632324219,108.43994140625,-53.1127395629883
616,727.220432765782,225,static.prop.trashcan01,126.792844165387,-7.23710203170776,108.439949035645,-53.1129531860352
616,727.235012367368,225,static.prop.trashcan01,94.4990730908246,-7.23705291748047,108.439971923828,-53.1142044067383
616,727.249034065753,225,static.prop.trashcan01,92.308963994517,-7.23699760437012,108.439987182617,-53.1163024902344
616,727.263605866581,225,static.prop.trashcan01,96.3876913021629,-7.23696899414062,108.439994812012,-53.118049621582
617,727.279284168035,225,static.prop.trashcan01,102.316989450804,-7.23694944381714,108.440010070801,-53.1198806762695
617,727.293550465256,225,static.prop.trashcan01,94.2204020496946,-7.23692655563354,108.440017700195,-53.1219863891602
617,727.307766664773,225,static.prop.trashcan01,96.0051508314565,-7.2368950843811,108.440032958984,-53.1239433288574
617,727.323656667024,225,static.prop.trashcan01,103.737426245361,-7.23687314987183,108.440048217773,-53.1258659362793
617,727.33879506588,225,static.prop.trashcan01,98.8895095271053,-7.23685026168823,108.440055847168,-53.1279373168945
617,727.352566167712,225,static.prop.trashcan01,92.9127630429333,-7.23681879043579,108.440086364746,-53.130069732666
617,727.367707367986,225,static.prop.trashcan01,99.7195253476805,-7.23678827285767,108.440101623535,-53.1317596435547
618,727.383931867778,225,static.prop.trashcan01,105.280955671807,-7.23678684234619,108.440093994141,-53.1321220397949
618,727.399072565138,225,static.prop.trashcan01,97.947601922706,-7.2367696762085,108.440116882324,-53.133430480957
618,727.413521166891,225,static.prop.trashcan01,96.2163688524472,-7.23673582077026,108.440132141113,-53.1349601745605
618,727.426933065057,225,static.prop.trashcan01,95.6093024452689,-7.23670721054077,108.440147399902,-53.1364784240723
618,727.441774867475,225,static.prop.trashcan01,99.0778204121671,-7.2366886138916,108.440162658691,-53.1377639770508
618,727.456593565643,225,static.prop.trashcan01,99.4112438742627,-7.23666906356812,108.440170288086,-53.1392860412598
618,727.470987666398,225,static.prop.trashcan01,97.1041279277224,-7.23664236068726,108.44019317627,-53.1409301757812
619,727.485889367759,225,static.prop.trashcan01,100.458843189658,-7.23661184310913,108.440200805664,-53.1426162719727
619,727.500684466213,225,static.prop.trashcan01,100.222099459381,-7.23658514022827,108.440223693848,-53.144229888916
619,727.515417966992,225,static.prop.trashcan01,81.335792152275,-7.236572265625,108.440231323242,-53.1455955505371
619,727.529321067035,225,static.prop.trashcan01,136.087179790853,-7.23648500442505,108.440277099609,-53.148380279541
619,727.543571267277,225,static.prop.trashcan01,95.2538984946177,-7.23643493652344,108.440292358398,-53.1494789123535
619,727.558457866311,225,static.prop.trashcan01,97.5442429134181,-7.23640537261963,108.440307617188,-53.1506080627441
619,727.572575066239,225,static.prop.trashcan01,94.709028568612,-7.23637294769287,108.440322875977,-53.1518363952637
619,727.586637765169,225,static.prop.trashcan01,95.3666553923999,-7.23634243011475,108.440330505371,-53.1531143188477
619,727.601085465401,225,static.prop.trashcan01,97.3063816334525,-7.23631715774536,108.44034576416,-53.1543884277344
620,727.61541556567,225,static.prop.trashcan01,96.9479850081703,-7.23629093170166,108.440361022949,-53.1555862426758
620,727.629785165191,225,static.prop.trashcan01,96.0353500993102,-7.23626518249512,108.440376281738,-53.1568946838379
620,727.644017565995,225,static.prop.trashcan01,96.1002422475372,-7.23624086380005,108.440391540527,-53.1580924987793
620,727.657958365977,225,static.prop.trashcan01,97.1000468007563,-7.23621129989624,108.440399169922,-53.1593437194824
620,727.672933164984,225,static.prop.trashcan01,123.470205079986,-7.23620223999023,108.440414428711,-53.1602630615234
620,727.687416665256,225,static.prop.trashcan01,89.5132101546328,-7.23620462417603,108.440406799316,-53.1597709655762
621,727.702377766371,225,static.prop.trashcan01,130.18803842579,-7.23619270324707,108.440406799316,-53.1598281860352
621,727.717575665563,225,static.prop.trashcan01,98.816690513336,-7.23617362976074,108.4404296875,-53.159122467041
621,727.731728266925,225,static.prop.trashcan01,137.521003103103,-7.2361626625061,108.4404296875,-53.158447265625
621,727.745851866901,225,static.prop.trashcan01,109.955674482968,-7.23599052429199,108.440505981445,-53.162727355957
621,727.761112768203,225,static.prop.trashcan01,119.781327593892,-7.23584079742432,108.440574645996,-53.165657043457
621,727.775490365922,225,static.prop.trashcan01,93.851626814128,-7.23565053939819,108.440658569336,-53.1684417724609
621,727.789964064956,225,static.prop.trashcan01,95.9582695929232,-7.23563051223755,108.440673828125,-53.1691055297852
621,727.804348766804,225,static.prop.trashcan01,93.349741798673,-7.2355523109436,108.440711975098,-53.1705703735352
622,727.818968966603,225,static.prop.trashcan01,95.2974451508063,-7.23550033569336,108.440742492676,-53.1716918945312
622,727.838987965137,225,static.prop.trashcan01,88.1639056123839,-7.23546171188354,108.440757751465,-53.1728858947754
622,727.853526964784,225,static.prop.trashcan01,97.7424286103276,-7.23541450500488,108.440780639648,-53.1745071411133
622,727.867721665651,225,static.prop.trashcan01,93.708761290077,-7.23539066314697,108.440795898438,-53.1758460998535
622,727.882390066981,225,static.prop.trashcan01,97.9430683275427,-7.23535871505737,108.440811157227,-53.1771926879883
622,727.896941065788,225,static.prop.trashcan01,95.6834561687905,-7.23532867431641,108.440826416016,-53.1785888671875
622,727.911246467382,225,static.prop.trashcan01,94.5128897471035,-7.23529720306396,108.440849304199,-53.1799659729004
622,727.925479967147,225,static.prop.trashcan01,94.3435632514009,-7.23526573181152,108.440864562988,-53.1813430786133
623,727.940223466605,225,static.prop.trashcan01,97.1488713906434,-7.2352352142334,108.440887451172,-53.1826553344727
623,727.95666686818,225,static.prop.trashcan01,106.314468852398,-7.23520565032959,108.440902709961,-53.184024810791
623,727.972539167851,225,static.prop.trashcan01,103.480119970516,-7.23516464233398,108.44091796875,-53.1856460571289
623,727.988319467753,225,static.prop.trashcan01,102.230495231173,-7.23512315750122,108.440948486328,-53.1871948242188
623,728.003070365638,225,static.prop.trashcan01,97.0491616046223,-7.23508214950562,108.440971374512,-53.1886672973633
623,728.018233068287,225,static.prop.trashcan01,100.868466547526,-7.23503971099854,108.440994262695,-53.1898612976074
624,728.033195067197,225,static.prop.trashcan01,97.1165106068661,-7.23500823974609,108.441024780273,-53.1911125183105
624,728.048012066633,225,static.prop.trashcan01,100.049664950739,-7.23497438430786,108.441040039062,-53.1924514770508
624,728.062591265887,225,static.prop.trashcan01,104.04023648328,-7.23493003845215,108.441062927246,-53.1938323974609
624,728.077160865068,225,static.prop.trashcan01,107.880595514067,-7.23487520217896,108.441078186035,-53.1951141357422
624,728.092134766281,225,static.prop.trashcan01,110.546472558215,-7.23480939865112,108.441123962402,-53.1964836120605
624,728.106567464769,225,static.prop.trashcan01,104.281005147651,-7.23473119735718,108.441162109375,-53.1981315612793
624,728.121593166143,225,static.prop.trashcan01,109.805262286375,-7.23464441299438,108.441192626953,-53.1995544433594
625,728.136059366167,225,static.prop.trashcan01,105.955698458019,-7.23455905914307,108.441215515137,-53.201057434082
625,728.150457367301,225,static.prop.trashcan01,108.712705111978,-7.23447561264038,108.441253662109,-53.2023963928223
625,728.165161367506,225,static.prop.trashcan01,134.451440738082,-7.23439025878906,108.441284179688,-53.2038612365723
625,728.178954765201,225,static.prop.trashcan01,110.85867837269,-7.23428678512573,108.441337585449,-53.2045631408691
625,728.193779267371,225,static.prop.trashcan01,132.484816893816,-7.23428678512573,108.441337585449,-53.2045631408691
625,728.207456868142,225,static.prop.trashcan01,102.635995201987,-7.23410320281982,108.44140625,-53.2051467895508
625,728.221299365163,225,static.prop.trashcan01,109.995459659917,-7.23394203186035,108.441482543945,-53.2056999206543
625,728.235633667558,225,static.prop.trashcan01,116.474669820386,-7.23387336730957,108.441497802734,-53.2042350769043
625,728.250003468245,225,static.prop.trashcan01,115.690064750513,-7.23383235931396,108.441513061523,-53.2023429870605
626,728.265230868012,225,static.prop.trashcan01,160.126495342804,-7.233802318573,108.441520690918,-53.2005462646484
626,728.279667265713,225,static.prop.trashcan01,134.904682691028,-7.23362398147583,108.441589355469,-53.2026672363281
626,728.293702967465,225,static.prop.trashcan01,116.919407019309,-7.23332452774048,108.441703796387,-53.2087478637695
626,728.307475566864,225,static.prop.trashcan01,123.023735503366,-7.2330117225647,108.441856384277,-53.2146606445312
626,728.321902967989,225,static.prop.trashcan01,120.550753350384,-7.23268461227417,108.441986083984,-53.220832824707
626,728.336579564959,225,static.prop.trashcan01,111.82594493899,-7.2324013710022,108.442108154297,-53.2261505126953
626,728.35037246719,225,static.prop.trashcan01,101.216412324562,-7.23210906982422,108.442245483398,-53.231330871582
626,728.366251867265,225,static.prop.trashcan01,124.098866170415,-7.23186683654785,108.442352294922,-53.235294342041
627,728.382834166288,225,static.prop.trashcan01,127.429692170504,-7.23159408569336,108.44246673584,-53.2401924133301
627,728.397141367197,225,static.prop.trashcan01,157.464442812976,-7.2313175201416,108.442588806152,-53.245246887207
627,728.411446567625,225,static.prop.trashcan01,113.669408850296,-7.23113679885864,108.442672729492,-53.247386932373
627,728.425840366632,225,static.prop.trashcan01,115.741927092147,-7.23097276687622,108.442741394043,-53.2498359680176
627,728.439453065395,225,static.prop.trashcan01,108.534309445843,-7.23082637786865,108.442810058594,-53.2524566650391
627,728.45364356786,225,static.prop.trashcan01,112.651984144286,-7.23070096969604,108.44287109375,-53.2550811767578
627,728.46831856668,225,static.prop.trashcan01,115.523822993653,-7.23058414459229,108.442924499512,-53.2578239440918
628,728.48375556618,225,static.prop.trashcan01,119.451255328185,-7.23046493530273,108.442985534668,-53.2610168457031
628,728.498531766236,225,static.prop.trashcan01,113.264432095126,-7.23034048080444,108.443031311035,-53.2644081115723
628,728.513717267662,225,static.prop.trashcan01,114.995466722255,-7.23023557662964,108.443084716797,-53.2675552368164
628,728.527482666075,225,static.prop.trashcan01,103.802934537704,-7.23014211654663,108.443145751953,-53.2707939147949
628,728.541463468224,225,static.prop.trashcan01,104.951010484557,-7.23006534576416,108.443183898926,-53.2736930847168
628,728.555834967643,225,static.prop.trashcan01,106.1698598255,-7.23000288009644,108.443222045898,-53.2764625549316
629,728.570874366909,225,static.prop.trashcan01,109.722268753369,-7.22994995117188,108.443252563477,-53.2795753479004
629,728.58554796502,225,static.prop.trashcan01,106.592753000317,-7.22988891601562,108.44327545166,-53.2827911376953
629,728.599929567426,225,static.prop.trashcan01,103.239946511714,-7.22983360290527,108.443328857422,-53.2858734130859
629,728.614442165941,225,static.prop.trashcan01,104.02821127569,-7.22978496551514,108.443344116211,-53.2888298034668
629,728.628215767443,225,static.prop.trashcan01,96.6736963973828,-7.2297534942627,108.443374633789,-53.2917289733887
629,728.64226186648,225,static.prop.trashcan01,96.701941938117,-7.22973108291626,108.443405151367,-53.2942962646484
629,728.656677868217,225,static.prop.trashcan01,97.2763748796408,-7.2297215461731,108.443412780762,-53.2967681884766
629,728.671407464892,225,static.prop.trashcan01,99.106430196874,-7.22971153259277,108.443428039551,-53.2993278503418
630,728.687765765935,225,static.prop.trashcan01,107.939564689011,-7.22970628738403,108.44344329834,-53.3019828796387
630,728.702114965767,225,static.prop.trashcan01,96.0834780320791,-7.22969245910645,108.443473815918,-53.3050346374512
630,728.718810867518,225,static.prop.trashcan01,110.738465032319,-7.2296667098999,108.443496704102,-53.3075294494629
630,728.733065266162,225,static.prop.trashcan01,95.3230800211508,-7.22964954376221,108.443519592285,-53.3105201721191
630,728.747668568045,225,static.prop.trashcan01,97.1633244844997,-7.22962951660156,108.443550109863,-53.3128051757812
630,728.762114766985,225,static.prop.trashcan01,97.2696663180917,-7.2296142578125,108.443565368652,-53.3149490356445
630,728.776649165899,225,static.prop.trashcan01,85.2857061142251,-7.22960615158081,108.443588256836,-53.3169631958008
630,728.790318667889,225,static.prop.trashcan01,129.5266015993,-7.22955131530762,108.443634033203,-53.3199844360352
631,728.804756466299,225,static.prop.trashcan01,116.40336411615,-7.22948026657104,108.443672180176,-53.3220901489258
631,728.819149967283,225,static.prop.trashcan01,122.552469100507,-7.2294135093689,108.443695068359,-53.3240394592285
631,728.832662966102,225,static.prop.trashcan01,81.5766252199279,-7.22935056686401,108.443740844727,-53.325569152832
631,728.846703566611,225,static.prop.trashcan01,115.192088526279,-7.22927045822144,108.443786621094,-53.3281631469727
631,728.860826067626,225,static.prop.trashcan01,86.5716315284891,-7.22911500930786,108.443862915039,-53.3310241699219
631,728.875284567475,225,static.prop.trashcan01,91.6648224352704,-7.22908449172974,108.443885803223,-53.3315124511719
631,728.889207664877,225,static.prop.trashcan01,137.949907086487,-7.22908115386963,108.443893432617,-53.3321304321289
632,728.905835766345,225,static.prop.trashcan01,92.4858541130448,-7.22908115386963,108.443893432617,-53.3321304321289
632,728.920770965517,225,static.prop.trashcan01,94.8720504276505,-7.22901964187622,108.443923950195,-53.3330993652344
632,728.935657165945,225,static.prop.trashcan01,140.263553967026,-7.22900485992432,108.443954467773,-53.3338623046875
632,728.949722666293,225,static.prop.trashcan01,111.754879956661,-7.22900485992432,108.443954467773,-53.3338623046875
632,728.963330667466,225,static.prop.trashcan01,86.0650462078384,-7.22900152206421,108.443939208984,-53.3343238830566
632,728.977263268083,225,static.prop.trashcan01,92.006572877194,-7.22899150848389,108.443962097168,-53.3334999084473
632,728.991051066667,225,static.prop.trashcan01,92.2966582282091,-7.22903871536255,108.443939208984,-53.3312492370605
633,729.005894765258,225,static.prop.trashcan01,92.6360364341464,-7.22909450531006,108.443916320801,-53.3294525146484
633,729.020552165806,225,static.prop.trashcan01,98.8260828731441,-7.22916603088379,108.443878173828,-53.3271560668945
633,729.035211864859,225,static.prop.trashcan01,125.355393766393,-7.22922658920288,108.443855285645,-53.3258056640625
633,729.049221668392,225,static.prop.trashcan01,88.5238024882085,-7.2292423248291,108.443832397461,-53.3246765136719
633,729.063255466521,225,static.prop.trashcan01,92.9913979867332,-7.2292423248291,108.443855285645,-53.322639465332
633,729.078180365264,225,static.prop.trashcan01,94.3285084390571,-7.22931814193726,108.443817138672,-53.3198890686035
633,729.092164564878,225,static.prop.trashcan01,96.1043351166604,-7.22935342788696,108.443794250488,-53.3174819946289
633,729.106670167297,225,static.prop.trashcan01,93.3829097078323,-7.22941064834595,108.443778991699,-53.3151359558105
633,729.121928166598,225,static.prop.trashcan01,69.2458574875069,-7.22937917709351,108.443786621094,-53.3147621154785
634,729.136103667319,225,static.prop.trashcan01,101.241007867169,-7.22919368743896,108.443885803223,-53.3168983459473
634,729.150579366833,225,static.prop.trashcan01,102.119632873389,-7.22917366027832,108.443916320801,-53.3170890808105
634,729.16427276656,225,static.prop.trashcan01,108.65885783986,-7.22914552688599,108.44393157959,-53.3187942504883
634,729.178455267102,225,static.prop.trashcan01,91.4734973098615,-7.22912883758545,108.44393157959,-53.3213539123535
634,729.1923003681,225,static.prop.trashcan01,144.22023211891,-7.22902822494507,108.443984985352,-53.3255767822266
634,729.20678126812,225,static.prop.trashcan01,94.4504701343754,-7.22895288467407,108.444023132324,-53.3284683227539
634,729.22089926526,225,static.prop.trashcan01,94.4598113964029,-7.22891712188721,108.444023132324,-53.3308143615723
634,729.235505666584,225,static.prop.trashcan01,99.4541424041052,-7.22889137268066,108.444030761719,-53.3330116271973
635,729.249857068062,225,static.prop.trashcan01,96.0285353817208,-7.22887372970581,108.444053649902,-53.3351135253906
635,729.263725668192,225,static.prop.trashcan01,94.5547218619446,-7.22885179519653,108.444053649902,-53.3372840881348
635,729.277970466763,225,static.prop.trashcan01,98.6031094668298,-7.22883081436157,108.444061279297,-53.3392677307129
635,729.292173866183,225,static.prop.trashcan01,94.1401650320519,-7.22882318496704,108.444068908691,-53.3409576416016
635,729.306268766522,225,static.prop.trashcan01,93.8557406803279,-7.22881031036377,108.444091796875,-53.3428726196289
635,729.321140967309,225,static.prop.trashcan01,97.992620176079,-7.22878885269165,108.44409942627,-53.3447723388672
636,729.336329065263,225,static.prop.trashcan01,97.2753743926335,-7.22876739501953,108.444122314453,-53.3467445373535
636,729.350445564836,225,static.prop.trashcan01,94.6416612228027,-7.22873401641846,108.444122314453,-53.3487930297852
636,729.365475468338,225,static.prop.trashcan01,99.0544069707101,-7.22870635986328,108.444145202637,-53.350471496582
636,729.380891565233,225,static.prop.trashcan01,100.869193871556,-7.22867965698242,108.444160461426,-53.3523025512695
636,729.394809566438,225,static.prop.trashcan01,93.4170279656398,-7.22865104675293,108.444183349609,-53.3541679382324
636,729.408801466227,225,static.prop.trashcan01,92.2352005090698,-7.22862005233765,108.444206237793,-53.3555946350098
636,729.423255167902,225,static.prop.trashcan01,98.2913148008121,-7.22859525680542,108.444206237793,-53.3570899963379
636,729.438411965966,225,static.prop.trashcan01,103.028794712389,-7.22858381271362,108.444213867188,-53.3583755493164
636,729.454272467643,225,static.prop.trashcan01,100.392571758999,-7.22856187820435,108.444229125977,-53.3600273132324
637,729.47944996506,225,static.prop.trashcan01,108.391145312504,-7.22843360900879,108.444305419922,-53.3628921508789
637,729.493317965418,225,static.prop.trashcan01,89.5556068366863,-7.22828960418701,108.444366455078,-53.3656311035156
637,729.506845165044,225,static.prop.trashcan01,128.787231724903,-7.22819185256958,108.44441986084,-53.3678321838379
637,729.520275067538,225,static.prop.trashcan01,84.3179479622566,-7.2280912399292,108.444458007812,-53.3695373535156
637,729.534186866134,225,static.prop.trashcan01,89.3552844487188,-7.22800159454346,108.444519042969,-53.3715591430664
637,729.547796767205,225,static.prop.trashcan01,85.6848792652854,-7.22800159454346,108.444519042969,-53.3715591430664
637,729.56227786839,225,static.prop.trashcan01,75.293720212103,-7.22790384292603,108.444557189941,-53.3738784790039
638,729.577086865902,225,static.prop.trashcan01,87.2244503703183,-7.22785186767578,108.44458770752,-53.3748245239258
638,729.591350667179,225,static.prop.trashcan01,96.6291459985051,-7.22782754898071,108.444595336914,-53.3751907348633
638,729.606598366052,225,static.prop.trashcan01,78.7384969033613,-7.22781705856323,108.444595336914,-53.3755264282227
638,729.621143765748,225,static.prop.trashcan01,97.7248960208875,-7.22764921188354,108.444686889648,-53.3789100646973
638,729.635271266103,225,static.prop.trashcan01,137.176547911484,-7.22754192352295,108.444755554199,-53.3815155029297
638,729.649303168058,225,static.prop.trashcan01,91.9364942785792,-7.22749328613281,108.444770812988,-53.3822708129883
638,729.663547664881,225,static.prop.trashcan01,93.5947991020306,-7.22746324539185,108.444786071777,-53.3831520080566
639,729.678845666349,225,static.prop.trashcan01,99.5583812437336,-7.22743463516235,108.444801330566,-53.3844108581543
639,729.693156868219,225,static.prop.trashcan01,94.0267573470845,-7.22740411758423,108.444808959961,-53.3858985900879
639,729.707303065807,225,static.prop.trashcan01,93.6092981509551,-7.22737169265747,108.444831848145,-53.3873634338379
639,729.721660565585,225,static.prop.trashcan01,94.8322426613332,-7.22734260559082,108.444854736328,-53.3887939453125
639,729.735196065158,225,static.prop.trashcan01,91.3615067029813,-7.22731447219849,108.444862365723,-53.3902969360352
639,729.749504964799,225,static.prop.trashcan01,94.7011273425224,-7.22728729248047,108.444877624512,-53.3916435241699
639,729.764161366969,225,static.prop.trashcan01,96.5336058929178,-7.22726202011108,108.444900512695,-53.3931007385254
639,729.7795788683,225,static.prop.trashcan01,98.5815884497191,-7.22723293304443,108.444915771484,-53.3947143554688
640,729.794254165143,225,static.prop.trashcan01,96.2902130571512,-7.2271990776062,108.444915771484,-53.3963623046875
640,729.808718666434,225,static.prop.trashcan01,95.2049303755822,-7.22716522216797,108.444946289062,-53.3978652954102
640,729.822412565351,225,static.prop.trashcan01,91.98535717173,-7.22713232040405,108.444969177246,-53.3992614746094
640,729.83661486581,225,static.prop.trashcan01,85.9222920172711,-7.22710514068604,108.444976806641,-53.4003982543945
640,729.85057246685,225,static.prop.trashcan01,89.8456238941001,-7.22701501846313,108.445030212402,-53.4027099609375
640,729.864410065114,225,static.prop.trashcan01,73.3362275883538,-7.22693347930908,108.445053100586,-53.4044532775879
640,729.879874568433,225,static.prop.trashcan01,97.8341076124266,-7.22677373886108,108.44514465332,-53.4071083068848
641,729.894376564771,225,static.prop.trashcan01,138.887892329584,-7.2266788482666,108.445205688477,-53.4092788696289
641,729.908441364765,225,static.prop.trashcan01,92.0884060592952,-7.22659540176392,108.445243835449,-53.4108009338379
641,729.922276865691,225,static.prop.trashcan01,91.461066476942,-7.22656011581421,108.445243835449,-53.4116249084473
641,729.936655867845,225,static.prop.trashcan01,94.9817402330777,-7.22653675079346,108.445251464844,-53.412483215332
641,729.951349668205,225,static.prop.trashcan01,96.8521827792388,-7.22651243209839,108.445251464844,-53.4136123657227
641,729.967723768204,225,static.prop.trashcan01,105.328023308919,-7.22651338577271,108.445259094238,-53.4139404296875
641,729.982076767832,225,static.prop.trashcan01,93.9415636001323,-7.22649145126343,108.445274353027,-53.4150123596191
641,729.996798466891,225,static.prop.trashcan01,96.8252271241885,-7.22645616531372,108.445289611816,-53.4160804748535
642,730.011611364782,225,static.prop.trashcan01,95.5796479093071,-7.22642707824707,108.445320129395,-53.4174270629883
642,730.026936866343,225,static.prop.trashcan01,99.9275305676251,-7.22639513015747,108.445320129395,-53.4187088012695
642,730.040683668107,225,static.prop.trashcan01,92.9999020141703,-7.22636699676514,108.445350646973,-53.420108795166
642,730.054728467017,225,static.prop.trashcan01,93.7316473425471,-7.22633600234985,108.445365905762,-53.4212989807129
642,730.069266565144,225,static.prop.trashcan01,97.682819107024,-7.22630786895752,108.445381164551,-53.4225578308105
642,730.083867967129,225,static.prop.trashcan01,96.4197842879408,-7.22628116607666,108.44539642334,-53.4238319396973
642,730.097818166018,225,static.prop.trashcan01,91.8942164648676,-7.22625303268433,108.445419311523,-53.4251518249512
642,730.11157636717,225,static.prop.trashcan01,95.0656928610642,-7.22622346878052,108.445426940918,-53.4262847900391
643,730.127530366182,225,static.prop.trashcan01,106.11475158952,-7.22619819641113,108.445434570312,-53.4274063110352
643,730.142140965909,225,static.prop.trashcan01,96.5712728802562,-7.22616910934448,108.445449829102,-53.4288101196289
643,730.156443566084,225,static.prop.trashcan01,95.8376456530369,-7.22613143920898,108.445465087891,-53.4301872253418
643,730.170907467604,225,static.prop.trashcan01,96.634030769375,-7.22609806060791,108.445487976074,-53.431339263916
643,730.185079667717,225,static.prop.trashcan01,95.8528766905939,-7.22606468200684,108.445503234863,-53.432502746582
643,730.199772767723,225,static.prop.trashcan01,100.279053564754,-7.22602939605713,108.445526123047,-53.4336585998535
643,730.214336767793,225,static.prop.trashcan01,100.868136062421,-7.22601079940796,108.445526123047,-53.4346961975098
644,730.229031767696,225,static.prop.trashcan01,134.581617299006,-7.22599124908447,108.445533752441,-53.4357109069824
644,730.242884065956,225,static.prop.trashcan01,95.2019659667805,-7.22595739364624,108.445541381836,-53.4363174438477
644,730.256462566555,225,static.prop.trashcan01,89.3663823302204,-7.2259464263916,108.445556640625,-53.4365043640137
644,730.270831268281,225,static.prop.trashcan01,123.028755289501,-7.22588062286377,108.445587158203,-53.4378395080566
644,730.285218868405,225,static.prop.trashcan01,87.9368255557592,-7.22580671310425,108.445610046387,-53.4392738342285
644,730.299088865519,225,static.prop.trashcan01,86.7560687491891,-7.22572803497314,108.445648193359,-53.4406814575195
644,730.313477866352,225,static.prop.trashcan01,90.6839668770898,-7.22561025619507,108.44571685791,-53.4423942565918
645,730.328194465488,225,static.prop.trashcan01,94.5678799482363,-7.22549200057983,108.445777893066,-53.4446411132812
645,730.342984866351,225,static.prop.trashcan01,97.1407140927907,-7.22540521621704,108.445816040039,-53.4458656311035
645,730.357663966715,225,static.prop.trashcan01,100.966540907798,-7.22534275054932,108.445846557617,-53.446720123291
645,730.372110467404,225,static.prop.trashcan01,103.133805055459,-7.22534275054932,108.445846557617,-53.446720123291
645,730.386760666966,225,static.prop.trashcan01,106.864988305983,-7.22525596618652,108.445877075195,-53.4482803344727
645,730.400573264807,225,static.prop.trashcan01,101.789175803789,-7.22518157958984,108.445907592773,-53.4496459960938
645,730.414241164923,225,static.prop.trashcan01,99.7400962839204,-7.22510719299316,108.445953369141,-53.4509582519531
646,730.428913768381,225,static.prop.trashcan01,106.020480565323,-7.22503089904785,108.445983886719,-53.4521865844727
646,730.44318176806,225,static.prop.trashcan01,102.626481807238,-7.22495412826538,108.446022033691,-53.4536781311035
646,730.457187667489,225,static.prop.trashcan01,106.635333184557,-7.22486019134521,108.44605255127,-53.4552001953125
646,730.471090067178,225,static.prop.trashcan01,108.913961966578,-7.22475624084473,108.446098327637,-53.4568939208984
646,730.485464267433,225,static.prop.trashcan01,111.051932733934,-7.22463035583496,108.446159362793,-53.4587135314941
646,730.500929266214,225,static.prop.trashcan01,119.900377924159,-7.22449207305908,108.44620513916,-53.460636138916
646,730.515053868294,225,static.prop.trashcan01,111.421263028952,-7.22433710098267,108.446266174316,-53.4627380371094
646,730.529314067215,225,static.prop.trashcan01,112.317047871796,-7.224196434021,108.446327209473,-53.464542388916
646,730.543763767928,225,static.prop.trashcan01,113.327043304199,-7.22406053543091,108.446380615234,-53.466438293457
647,730.558545164764,225,static.prop.trashcan01,117.320938576592,-7.22392320632935,108.446441650391,-53.4683303833008
647,730.574584767222,225,static.prop.trashcan01,127.752775607472,-7.22376775741577,108.446510314941,-53.4704933166504
647,730.588937867433,225,static.prop.trashcan01,118.704606567932,-7.22356367111206,108.446586608887,-53.4733276367188
647,730.603985067457,225,static.prop.trashcan01,127.018539060434,-7.22335481643677,108.446678161621,-53.4760093688965
647,730.618788167834,225,static.prop.trashcan01,122.813456458509,-7.22313594818115,108.44677734375,-53.4788017272949
647,730.632526967674,225,static.prop.trashcan01,113.511264942873,-7.22291994094849,108.446868896484,-53.4816055297852
647,730.646923266351,225,static.prop.trashcan01,121.747735800729,-7.22272205352783,108.446952819824,-53.4841117858887
647,730.661198366433,225,static.prop.trashcan01,121.019139932278,-7.22251892089844,108.447036743164,-53.4868507385254
648,730.676575668156,225,static.prop.trashcan01,131.393122497476,-7.22232389450073,108.447113037109,-53.4894828796387
648,730.691623367369,225,static.prop.trashcan01,116.349645741152,-7.22210741043091,108.447204589844,-53.4927406311035
648,730.705394364893,225,static.prop.trashcan01,105.290639211841,-7.22185850143433,108.447334289551,-53.4975090026855
648,730.720243267715,225,static.prop.trashcan01,119.16129088332,-7.22162199020386,108.447425842285,-53.501838684082
648,730.7346271649,225,static.prop.trashcan01,113.966951114696,-7.22144556045532,108.447509765625,-53.505199432373
648,730.74937466532,225,static.prop.trashcan01,114.156366163354,-7.22130584716797,108.447578430176,-53.507999420166
648,730.764099467546,225,static.prop.trashcan01,115.7206778785,-7.22117805480957,108.447624206543,-53.5109977722168
649,730.778338566422,225,static.prop.trashcan01,111.6207786708,-7.22105836868286,108.447685241699,-53.5140151977539
649,730.792868066579,225,static.prop.trashcan01,110.836054957678,-7.22094821929932,108.447738647461,-53.5169715881348
649,730.806904867291,225,static.prop.trashcan01,107.676176253558,-7.22084760665894,108.447784423828,-53.5200309753418
649,730.82094906643,225,static.prop.trashcan01,106.628116144854,-7.22076177597046,108.447830200195,-53.5229949951172
649,730.835139967501,225,static.prop.trashcan01,106.078203584683,-7.22068691253662,108.447860717773,-53.5258865356445
649,730.848657265306,225,static.prop.trashcan01,100.788912212658,-7.22062349319458,108.447898864746,-53.5288162231445
649,730.863268464804,225,static.prop.trashcan01,106.395869460714,-7.22057056427002,108.447937011719,-53.5315589904785
649,730.877534966916,225,static.prop.trashcan01,103.720980315734,-7.22051763534546,108.447967529297,-53.5345878601074
650,730.891935165972,225,static.prop.trashcan01,106.249746614405,-7.22045993804932,108.447982788086,-53.5375747680664
650,730.90611166507,225,static.prop.trashcan01,102.886811980713,-7.22041368484497,108.448028564453,-53.5405654907227
650,730.920888666064,225,static.prop.trashcan01,105.015388556358,-7.22037267684937,108.448051452637,-53.5433731079102
650,730.935416065156,225,static.prop.trashcan01,99.2167555730153,-7.22034788131714,108.44807434082,-53.5459976196289
650,730.949552565813,225,static.prop.trashcan01,95.5758558038216,-7.22032594680786,108.448089599609,-53.5486183166504
650,730.964046668261,225,static.prop.trashcan01,96.5831931969234,-7.22031211853027,108.448112487793,-53.5510330200195
650,730.978783965111,225,static.prop.trashcan01,96.0983298174834,-7.22030687332153,108.448135375977,-53.5534706115723
651,730.994661066681,225,static.prop.trashcan01,104.998302962439,-7.22029638290405,108.448135375977,-53.5560302734375
651,731.011572167277,225,static.prop.trashcan01,112.618624541933,-7.22028493881226,108.44815826416,-53.5586929321289
651,731.030129566789,225,static.prop.trashcan01,127.946592623162,-7.22024583816528,108.448181152344,-53.5618362426758
651,731.045483466238,225,static.prop.trashcan01,110.083635836044,-7.2201681137085,108.448226928711,-53.565372467041
651,731.060884766281,225,static.prop.trashcan01,112.396577288095,-7.22008419036865,108.448295593262,-53.5680885314941
651,731.075656168163,225,static.prop.trashcan01,109.095603833949,-7.22000455856323,108.448348999023,-53.570556640625
651,731.090201567858,225,static.prop.trashcan01,110.940680454778,-7.21992683410645,108.448387145996,-53.5728149414062
651,731.104675266892,225,static.prop.trashcan01,107.73579822979,-7.21986436843872,108.448432922363,-53.574836730957
652,731.119077768177,225,static.prop.trashcan01,107.708813476672,-7.21979475021362,108.448463439941,-53.5769157409668
652,731.133372865617,225,static.prop.trashcan01,103.548036523152,-7.21973609924316,108.44849395752,-53.5788345336914
652,731.147110365331,225,static.prop.trashcan01,101.016751911832,-7.21968793869019,108.448524475098,-53.5807189941406
652,731.160762365907,225,static.prop.trashcan01,91.2514251456973,-7.21963357925415,108.44856262207,-53.5827713012695
652,731.174986366183,225,static.prop.trashcan01,100.718439089823,-7.21955299377441,108.448577880859,-53.5850219726562
652,731.188687566668,225,static.prop.trashcan01,76.6123454189157,-7.21952819824219,108.448608398438,-53.5863380432129
653,731.204056266695,225,static.prop.trashcan01,96.460270736937,-7.21943998336792,108.448661804199,-53.5891494750977
653,731.218430668116,225,static.prop.trashcan01,86.1472818127028,-7.21933078765869,108.448707580566,-53.5922889709473
653,731.232677765191,225,static.prop.trashcan01,130.760198180855,-7.21923065185547,108.448768615723,-53.5952491760254
653,731.246229168028,225,static.prop.trashcan01,83.0678880233666,-7.21913242340088,108.448806762695,-53.5972366333008
653,731.260234665126,225,static.prop.trashcan01,86.9744889785025,-7.21904325485229,108.448852539062,-53.5997657775879
653,731.274062268436,225,static.prop.trashcan01,159.01290940993,-7.21892309188843,108.448936462402,-53.6031227111816
653,731.288438767195,225,static.prop.trashcan01,70.586705317579,-7.21879196166992,108.448989868164,-53.6057167053223
653,731.303526166826,225,static.prop.trashcan01,100.340780978787,-7.21855497360229,108.449111938477,-53.6106262207031
653,731.317802865058,225,static.prop.trashcan01,86.6004308583021,-7.21840858459473,108.449180603027,-53.6142959594727
654,731.332281365991,225,static.prop.trashcan01,72.2853435185041,-7.21829128265381,108.449234008789,-53.6177368164062
654,731.345970567316,225,static.prop.trashcan01,107.779694485425,-7.21809959411621,108.449333190918,-53.6218299865723
654,731.359789665788,225,static.prop.trashcan01,82.8722676255215,-7.21803188323975,108.449371337891,-53.6221923828125
654,731.37402786687,225,static.prop.trashcan01,74.1683277822632,-7.21805000305176,108.449363708496,-53.6209144592285
654,731.387839566916,225,static.prop.trashcan01,95.1561083303878,-7.218092918396,108.449363708496,-53.6193618774414
654,731.402682267129,225,static.prop.trashcan01,96.1394245473973,-7.21810531616211,108.449340820312,-53.6195945739746
654,731.416721265763,225,static.prop.trashcan01,130.870122947213,-7.21808052062988,108.449371337891,-53.6215591430664
654,731.431493166834,225,static.prop.trashcan01,96.7184528565331,-7.2180380821228,108.449394226074,-53.6229553222656
655,731.431493166834,225,static.prop.trashcan01,96.7184528565331,-7.2180380821228,108.449394226074,-53.6229553222656
655,731.446087166667,225,static.prop.trashcan01,97.3550677207723,-7.21801090240479,108.449409484863,-53.6246719360352
655,731.46065376699,225,static.prop.trashcan01,101.420447806517,-7.21797466278076,108.449432373047,-53.6266174316406
655,731.474378164858,225,static.prop.trashcan01,100.377251987252,-7.21792364120483,108.449447631836,-53.6286277770996
655,731.487931765616,225,static.prop.trashcan01,100.008781616002,-7.21786260604858,108.449478149414,-53.6306190490723
655,731.502210266888,225,static.prop.trashcan01,104.153591851414,-7.21786260604858,108.449478149414,-53.6306190490723
655,731.516267266124,225,static.prop.trashcan01,102.274367625409,-7.21779823303223,108.449516296387,-53.6327171325684
655,731.530541867018,225,static.prop.trashcan01,104.387038113214,-7.21773767471313,108.449546813965,-53.6342506408691
656,731.546020966023,225,static.prop.trashcan01,113.755526285002,-7.21766948699951,108.449577331543,-53.6361351013184
656,731.565829567611,225,static.prop.trashcan01,145.168568200478,-7.21757793426514,108.449615478516,-53.6384239196777
656,731.579758066684,225,static.prop.trashcan01,107.848386867817,-7.21741008758545,108.449676513672,-53.6418495178223
656,731.594054866582,225,static.prop.trashcan01,111.234014155622,-7.21727275848389,108.449752807617,-53.6439819335938
656,731.607799768448,225,static.prop.trashcan01,150.112634983459,-7.21707010269165,108.449851989746,-53.6478042602539
656,731.622491966933,225,static.prop.trashcan01,113.321984408375,-7.21686887741089,108.449951171875,-53.650821685791
656,731.636066965759,225,static.prop.trashcan01,98.7336891331098,-7.21667242050171,108.45002746582,-53.6540489196777
656,731.651109468192,225,static.prop.trashcan01,110.053906812525,-7.21646165847778,108.450126647949,-53.6582641601562
657,731.665211267769,225,static.prop.trashcan01,108.531373655288,-7.21623277664185,108.450233459473,-53.6625099182129
657,731.680243767798,225,static.prop.trashcan01,115.119007383258,-7.21607971191406,108.450286865234,-53.6650047302246
657,731.694082867354,225,static.prop.trashcan01,105.563545465494,-7.21594953536987,108.450332641602,-53.6673965454102
657,731.709113266319,225,static.prop.trashcan01,112.689563303715,-7.21585321426392,108.450378417969,-53.6694755554199
657,731.723441567272,225,static.prop.trashcan01,105.851839722064,-7.21576356887817,108.450408935547,-53.6716346740723
657,731.737754065543,225,static.prop.trashcan01,103.772024949473,-7.21568965911865,108.450454711914,-53.6738510131836
657,731.751867767423,225,static.prop.trashcan01,104.093123747172,-7.21561861038208,108.450477600098,-53.6760902404785
658,731.76709766686,225,static.prop.trashcan01,110.112832671842,-7.21555471420288,108.450508117676,-53.6783752441406
658,731.781216267496,225,static.prop.trashcan01,100.285969186394,-7.21549606323242,108.450531005859,-53.6809120178223
658,731.795188765973,225,static.prop.trashcan01,99.1867205280008,-7.21544361114502,108.450561523438,-53.6831970214844
658,731.809388767928,225,static.prop.trashcan01,97.5896296100165,-7.21540641784668,108.450592041016,-53.685359954834
658,731.823561668396,225,static.prop.trashcan01,95.1966924105907,-7.2153787612915,108.450614929199,-53.6874732971191
658,731.837170567364,225,static.prop.trashcan01,91.193221335102,-7.21535921096802,108.450622558594,-53.689582824707
658,731.850851967931,225,static.prop.trashcan01,77.6969985680503,-7.2153491973877,108.450630187988,-53.6915016174316
658,731.865758165717,225,static.prop.trashcan01,98.6166870536566,-7.21523284912109,108.450691223145,-53.694953918457
659,731.880300465971,225,static.prop.trashcan01,142.103812689233,-7.21516466140747,108.450752258301,-53.6983032226562
659,731.894176665694,225,static.prop.trashcan01,94.015742201739,-7.21510887145996,108.450775146484,-53.7003135681152
659,731.908599466085,225,static.prop.trashcan01,94.3060480479503,-7.21503400802612,108.450820922852,-53.7026100158691
659,731.92252606526,225,static.prop.trashcan01,130.261560993783,-7.21495532989502,108.450866699219,-53.7055397033691
659,731.936319768429,225,static.prop.trashcan01,92.0033499291986,-7.21490526199341,108.450904846191,-53.7073020935059
659,731.949868567288,225,static.prop.trashcan01,91.4518351721495,-7.21487760543823,108.450927734375,-53.708927154541
659,731.963610667735,225,static.prop.trashcan01,92.7996364571354,-7.21486139297485,108.45093536377,-53.71044921875
660,731.978220466524,225,static.prop.trashcan01,96.4901830287062,-7.21485280990601,108.450942993164,-53.7120094299316
660,731.992132168263,225,static.prop.trashcan01,92.2711071054066,-7.21483945846558,108.450965881348,-53.7137413024902
660,732.006487865001,225,static.prop.trashcan01,93.870839253431,-7.21482181549072,108.450973510742,-53.7155685424805
660,732.020226866007,225,static.prop.trashcan01,92.5002196322316,-7.21480083465576,108.450981140137,-53.71728515625
660,732.034861065447,225,static.prop.trashcan01,96.5610008232301,-7.21478271484375,108.45100402832,-53.7190017700195
660,732.048779968172,225,static.prop.trashcan01,91.9994837833507,-7.21476173400879,108.451019287109,-53.7207069396973
660,732.062842667103,225,static.prop.trashcan01,93.8068682397764,-7.21473455429077,108.451034545898,-53.7223205566406
660,732.077029164881,225,static.prop.trashcan01,93.9876313697739,-7.21471357345581,108.451049804688,-53.7239379882812
661,732.093734268099,225,static.prop.trashcan01,107.541357157417,-7.21469306945801,108.451072692871,-53.7254333496094
661,732.108832865953,225,static.prop.trashcan01,102.482509572308,-7.21466779708862,108.45108795166,-53.7273597717285
661,732.12317686528,225,static.prop.trashcan01,101.594456522921,-7.21465682983398,108.45108795166,-53.7277870178223
661,732.136777766049,225,static.prop.trashcan01,101.688420267451,-7.2146110534668,108.451110839844,-53.7289161682129
661,732.151086967438,225,static.prop.trashcan01,122.953791584451,-7.21455717086792,108.451148986816,-53.7301292419434
661,732.164575066417,225,static.prop.trashcan01,89.0116247459039,-7.2144603729248,108.451187133789,-53.7316246032715
661,732.17836516723,225,static.prop.trashcan01,91.6044949989721,-7.2143292427063,108.451240539551,-53.7343139648438
661,732.19394146651,225,static.prop.trashcan01,112.902762920685,-7.21417045593262,108.451316833496,-53.737133026123
662,732.209109667689,225,static.prop.trashcan01,106.283972019665,-7.21405982971191,108.451362609863,-53.7389831542969
662,732.223240867257,225,static.prop.trashcan01,99.3449369777606,-7.2139687538147,108.451393127441,-53.740535736084
662,732.236992567778,225,static.prop.trashcan01,94.6913363480876,-7.21390438079834,108.451431274414,-53.7417335510254
662,732.251143265516,225,static.prop.trashcan01,96.8511541403776,-7.21385097503662,108.451446533203,-53.7429580688477
662,732.265378568321,225,static.prop.trashcan01,95.1949336749358,-7.21381282806396,108.451461791992,-53.7442665100098
662,732.279646467417,225,static.prop.trashcan01,94.1417714728241,-7.21378326416016,108.451484680176,-53.7457237243652
662,732.293356467038,225,static.prop.trashcan01,89.6324664758875,-7.21376037597656,108.451499938965,-53.7471008300781
662,732.308151666075,225,static.prop.trashcan01,97.3903557785422,-7.21373987197876,108.451507568359,-53.7484130859375
663,732.323472667485,225,static.prop.trashcan01,100.881632033404,-7.21371555328369,108.451522827148,-53.7500076293945
663,732.338065665215,225,static.prop.trashcan01,95.8743565924158,-7.2136869430542,108.451530456543,-53.751708984375
663,732.351946666837,225,static.prop.trashcan01,93.0481100652499,-7.21365880966187,108.451560974121,-53.753303527832
663,732.366117667407,225,static.prop.trashcan01,94.1876231264507,-7.21363258361816,108.45157623291,-53.7547302246094
663,732.381337165833,225,static.prop.trashcan01,103.240741957489,-7.21361112594604,108.451599121094,-53.7561073303223
663,732.395408365875,225,static.prop.trashcan01,116.094497677511,-7.2135910987854,108.451606750488,-53.7576293945312
663,732.409301366657,225,static.prop.trashcan01,123.45092593604,-7.21345186233521,108.451690673828,-53.7598304748535
663,732.423274066299,225,static.prop.trashcan01,80.7468760240914,-7.21342897415161,108.451698303223,-53.7596778869629
664,732.438589368016,225,static.prop.trashcan01,106.728967589632,-7.21342134475708,108.451705932617,-53.7589416503906
664,732.453106466681,225,static.prop.trashcan01,100.809865513702,-7.21343231201172,108.451690673828,-53.7572708129883
664,732.466860067099,225,static.prop.trashcan01,95.2106764535157,-7.21343803405762,108.451690673828,-53.7569313049316
664,732.481559865177,225,static.prop.trashcan01,99.8607214931462,-7.21343374252319,108.451690673828,-53.7574729919434
664,732.495671868324,225,static.prop.trashcan01,97.9265238520093,-7.21342945098877,108.451698303223,-53.7585487365723
664,732.509778667241,225,static.prop.trashcan01,98.3286263276311,-7.2134165763855,108.451698303223,-53.7597961425781
665,732.524521265179,225,static.prop.trashcan01,99.069830806889,-7.2134165763855,108.451698303223,-53.7597961425781
665,732.538408268243,225,static.prop.trashcan01,96.7090145818351,-7.21341466903687,108.451705932617,-53.7611389160156
665,732.552654664963,225,static.prop.trashcan01,97.7673225307695,-7.2134051322937,108.451705932617,-53.7620582580566
665,732.56612046808,225,static.prop.trashcan01,91.7973851055945,-7.21339464187622,108.451728820801,-53.763313293457
665,732.579887367785,225,static.prop.trashcan01,94.4821733974728,-7.21337795257568,108.451728820801,-53.7645606994629
665,732.594015765935,225,static.prop.trashcan01,98.285384790855,-7.21335792541504,108.451728820801,-53.765926361084
665,732.608367267996,225,static.prop.trashcan01,97.9159365962822,-7.21334075927734,108.45174407959,-53.7672462463379
665,732.623482868075,225,static.prop.trashcan01,100.795756783975,-7.21332359313965,108.451751708984,-53.768741607666
665,732.63833026588,225,static.prop.trashcan01,103.597494225571,-7.213303565979,108.451751708984,-53.7701454162598
666,732.652198765427,225,static.prop.trashcan01,95.4115208554181,-7.21328735351562,108.451766967773,-53.7714920043945
666,732.667043868452,225,static.prop.trashcan01,93.1644222924523,-7.2132420539856,108.451797485352,-53.7726783752441
666,732.681154765189,225,static.prop.trashcan01,94.8475422209814,-7.21329307556152,108.451774597168,-53.7715454101562
666,732.69562176615,225,static.prop.trashcan01,96.8405498266251,-7.21336603164673,108.451736450195,-53.7701148986816
666,732.709593966603,225,static.prop.trashcan01,95.7014702386964,-7.2134485244751,108.451698303223,-53.7683715820312
666,732.724278464913,225,static.prop.trashcan01,96.4496158264872,-7.21353054046631,108.451667785645,-53.7668380737305
667,732.738745365292,225,static.prop.trashcan01,96.8159451662549,-7.21361970901489,108.451606750488,-53.7650108337402
667,732.752823267132,225,static.prop.trashcan01,95.7022054893066,-7.21371030807495,108.45157623291,-53.7632522583008
667,732.76720816642,225,static.prop.trashcan01,96.2425008459469,-7.213791847229,108.451538085938,-53.76171875
667,732.781122166663,225,static.prop.trashcan01,94.8770264731549,-7.21387910842896,108.451499938965,-53.7599792480469
667,732.795140266418,225,static.prop.trashcan01,92.7748634681434,-7.21395540237427,108.451469421387,-53.7583618164062
667,732.809271667153,225,static.prop.trashcan01,94.5045276558627,-7.21403408050537,108.451431274414,-53.7568092346191
667,732.823258567601,225,static.prop.trashcan01,93.9501770079137,-7.21411371231079,108.451393127441,-53.7552185058594
667,732.837259266526,225,static.prop.trashcan01,92.1555333781587,-7.21419048309326,108.451362609863,-53.7535171508789
667,732.852420665324,225,static.prop.trashcan01,90.9502067875476,-7.21426486968994,108.451324462891,-53.7518882751465
668,732.867016967386,225,static.prop.trashcan01,98.6851430453726,-7.21437311172485,108.451263427734,-53.7495460510254
668,732.881681766361,225,static.prop.trashcan01,99.2473574314424,-7.21446228027344,108.451217651367,-53.7474632263184
668,732.89519956708,225,static.prop.trashcan01,94.6022022683111,-7.2145528793335,108.451179504395,-53.7454223632812
668,732.909406766295,225,static.prop.trashcan01,91.3119482775625,-7.21462440490723,108.451148986816,-53.7437705993652
668,732.923263367265,225,static.prop.trashcan01,93.5618277968604,-7.21470499038696,108.451103210449,-53.7419815063477
668,732.937438964844,225,static.prop.trashcan01,93.3378794501865,-7.21470499038696,108.451103210449,-53.7419815063477
668,732.951085764915,225,static.prop.trashcan01,92.8407466047117,-7.2147855758667,108.451065063477,-53.7400932312012
668,732.966210365295,225,static.prop.trashcan01,95.3047968416116,-7.21484899520874,108.451042175293,-53.7386512756348
669,732.98049756512,225,static.prop.trashcan01,96.8398799144928,-7.21493625640869,108.45100402832,-53.7365760803223
669,732.994492467493,225,static.prop.trashcan01,94.7874442449892,-7.2150182723999,108.450965881348,-53.7346839904785
669,733.008519165218,225,static.prop.trashcan01,94.0125303911332,-7.2150936126709,108.450927734375,-53.7328872680664
669,733.022276166826,225,static.prop.trashcan01,93.3315529390441,-7.21516990661621,108.450889587402,-53.7309608459473
669,733.036467265338,225,static.prop.trashcan01,94.5199188583358,-7.21524047851562,108.450836181641,-53.7291564941406
669,733.049798667431,225,static.prop.trashcan01,92.1435537671162,-7.21531915664673,108.450798034668,-53.7272415161133
669,733.064068365842,225,static.prop.trashcan01,91.7735765244202,-7.21539068222046,108.450775146484,-53.7255516052246
670,733.078558266163,225,static.prop.trashcan01,92.5403792988923,-7.21547031402588,108.450736999512,-53.7236061096191
670,733.093070365489,225,static.prop.trashcan01,94.4803357683804,-7.21555662155151,108.450698852539,-53.7214622497559
670,733.106785565615,225,static.prop.trashcan01,93.0930512380811,-7.21564149856567,108.450660705566,-53.7194442749023
670,733.120824065059,225,static.prop.trashcan01,93.1634511109769,-7.21571350097656,108.450622558594,-53.7176246643066
670,733.134855467826,225,static.prop.trashcan01,94.1094509392937,-7.21578598022461,108.450576782227,-53.7157592773438
670,733.150499965996,225,static.prop.trashcan01,133.677495527649,-7.21586227416992,108.450546264648,-53.7138404846191
670,733.164560467005,225,static.prop.trashcan01,100.002487880068,-7.21582269668579,108.450553894043,-53.7152481079102
670,733.178978867829,225,static.prop.trashcan01,91.6612202420171,-7.21575927734375,108.450584411621,-53.7164993286133
671,733.193201165646,225,static.prop.trashcan01,90.6767395713099,-7.21571111679077,108.450592041016,-53.7170715332031
671,733.20738286525,225,static.prop.trashcan01,90.5403912110933,-7.21566438674927,108.450614929199,-53.7175598144531
671,733.221611067653,225,static.prop.trashcan01,91.0898913657024,-7.21562194824219,108.450630187988,-53.7180328369141
671,733.235427968204,225,static.prop.trashcan01,89.1000106447199,-7.21558046340942,108.450653076172,-53.7184791564941
671,733.250178664923,225,static.prop.trashcan01,94.6695481256956,-7.21554374694824,108.45068359375,-53.7188758850098
671,733.263852965087,225,static.prop.trashcan01,88.4273712934758,-7.21550321578979,108.450714111328,-53.7194519042969
671,733.277669567615,225,static.prop.trashcan01,89.0567934479811,-7.21546745300293,108.450736999512,-53.7199821472168
672,733.2920473665,225,static.prop.trashcan01,92.2317694670681,-7.21543216705322,108.450759887695,-53.7205810546875
672,733.306414466351,225,static.prop.trashcan01,92.547548675852,-7.21539402008057,108.450775146484,-53.7211647033691
672,733.321323364973,225,static.prop.trashcan01,96.1487950955871,-7.21535444259644,108.450798034668,-53.7219276428223
672,733.335843667388,225,static.prop.trashcan01,93.4633969838878,-7.21531677246094,108.450828552246,-53.7226600646973
672,733.349565465003,225,static.prop.trashcan01,89.5703731369128,-7.21531677246094,108.450828552246,-53.7226600646973
672,733.363289166242,225,static.prop.trashcan01,90.3837357227364,-7.21527147293091,108.450843811035,-53.723575592041
672,733.377306565642,225,static.prop.trashcan01,91.9012575827316,-7.21524381637573,108.450859069824,-53.7242469787598
672,733.390965167433,225,static.prop.trashcan01,89.4360875404714,-7.21521472930908,108.450889587402,-53.7249794006348
672,733.405417665839,225,static.prop.trashcan01,94.4057428041514,-7.21518182754517,108.450897216797,-53.7257995605469
673,733.419753666967,225,static.prop.trashcan01,93.4458800904457,-7.21514701843262,108.450912475586,-53.7267456054688
673,733.433829568326,225,static.prop.trashcan01,92.4926664843629,-7.21511030197144,108.450927734375,-53.7275772094727
673,733.448060166091,225,static.prop.trashcan01,93.4432167846286,-7.21507787704468,108.450942993164,-53.728458404541
673,733.461614165455,225,static.prop.trashcan01,90.9732286095168,-7.21504211425781,108.450965881348,-53.7293128967285
673,733.47575956583,225,static.prop.trashcan01,93.1807621393788,-7.21501159667969,108.450981140137,-53.7300987243652
673,733.489567067474,225,static.prop.trashcan01,91.988294274011,-7.21497917175293,108.45100402832,-53.7310218811035
673,733.504093267024,225,static.prop.trashcan01,95.5885947234402,-7.21494626998901,108.451011657715,-53.7317848205566
674,733.518564365804,225,static.prop.trashcan01,94.551311264534,-7.21491575241089,108.451034545898,-53.7327613830566
674,733.532724566758,225,static.prop.trashcan01,93.670850281321,-7.21487951278687,108.451049804688,-53.7337646484375
674,733.546633865684,225,static.prop.trashcan01,91.2452156665787,-7.21484661102295,108.451072692871,-53.7346229553223
674,733.56003466621,225,static.prop.trashcan01,89.9240532156068,-7.21481561660767,108.451080322266,-53.7354774475098
674,733.573761366308,225,static.prop.trashcan01,91.3296316970738,-7.21479034423828,108.451110839844,-53.7362670898438
674,733.587293468416,225,static.prop.trashcan01,93.6319803663009,-7.21475791931152,108.451110839844,-53.7370338439941
674,733.601281266659,225,static.prop.trashcan01,95.0501657135103,-7.21473932266235,108.451118469238,-53.7377319335938
674,733.616017967463,225,static.prop.trashcan01,93.5816126063772,-7.21470975875854,108.451141357422,-53.7388343811035
675,733.630060266703,225,static.prop.trashcan01,94.1633167602668,-7.21461343765259,108.451179504395,-53.7406692504883
675,733.644408166409,225,static.prop.trashcan01,91.3140748009022,-7.2145209312439,108.451225280762,-53.7422561645508
675,733.657969966531,225,static.prop.trashcan01,132.964128828207,-7.21439266204834,108.451286315918,-53.7447547912598
675,733.672805767506,225,static.prop.trashcan01,87.5238370285066,-7.21431636810303,108.451324462891,-53.7454833984375
675,733.687644667923,225,static.prop.trashcan01,92.2797196751868,-7.21421194076538,108.451362609863,-53.7472038269043
675,733.701794866472,225,static.prop.trashcan01,84.8009469395812,-7.21409702301025,108.45142364502,-53.748966217041
675,733.716129865497,225,static.prop.trashcan01,90.8522101239199,-7.21397495269775,108.451484680176,-53.750862121582
675,733.730989765376,225,static.prop.trashcan01,128.144196651048,-7.21384429931641,108.451553344727,-53.7532920837402
676,733.745529968292,225,static.prop.trashcan01,89.6354566829698,-7.21374130249023,108.451599121094,-53.7550659179688
676,733.759600766003,225,static.prop.trashcan01,86.3035615666396,-7.21374130249023,108.451599121094,-53.7550659179688
676,733.773884966969,225,static.prop.trashcan01,91.7043919040034,-7.21367311477661,108.451637268066,-53.756591796875
676,733.787473067641,225,static.prop.trashcan01,89.299665883946,-7.21364545822144,108.451644897461,-53.757511138916
676,733.801481068134,225,static.prop.trashcan01,93.1161998160626,-7.21361637115479,108.451667785645,-53.758544921875
676,733.815681368113,225,static.prop.trashcan01,93.6858005656122,-7.21358728408813,108.451675415039,-53.7595825195312
676,733.830064866692,225,static.prop.trashcan01,93.9397415124519,-7.21356058120728,108.451698303223,-53.7608375549316
676,733.844652768224,225,static.prop.trashcan01,94.1236066886178,-7.21353054046631,108.451713562012,-53.7620620727539
677,733.858623366803,225,static.prop.trashcan01,92.0383930706405,-7.21349668502808,108.451728820801,-53.7632751464844
677,733.872553866357,225,static.prop.trashcan01,92.0658827910055,-7.21346664428711,108.45174407959,-53.7645263671875
677,733.886277668178,225,static.prop.trashcan01,90.0610040768265,-7.21343803405762,108.451766967773,-53.7656593322754
677,733.900433767587,225,static.prop.trashcan01,93.2500742643832,-7.21340990066528,108.451774597168,-53.7667922973633
677,733.914620965719,225,static.prop.trashcan01,92.15833840725,-7.21338367462158,108.451797485352,-53.7679481506348
677,733.929147467017,225,static.prop.trashcan01,94.9125166304247,-7.21335697174072,108.451805114746,-53.769172668457
677,733.944684967399,225,static.prop.trashcan01,99.2252808390545,-7.21332740783691,108.451820373535,-53.7703552246094
678,733.959496967494,225,static.prop.trashcan01,96.4383818588105,-7.21328926086426,108.451835632324,-53.7716979980469
678,733.973284367472,225,static.prop.trashcan01,92.3508675424027,-7.21325016021729,108.451850891113,-53.7729225158691
678,733.986716166139,225,static.prop.trashcan01,91.7739080218314,-7.2132134437561,108.451873779297,-53.7740211486816
678,734.000213965774,225,static.prop.trashcan01,89.2927456038607,-7.21318769454956,108.451889038086,-53.7749328613281
678,734.013648666441,225,static.prop.trashcan01,92.1640779227694,-7.21316289901733,108.451904296875,-53.7758865356445
678,734.0276799649,225,static.prop.trashcan01,95.4570810017709,-7.21313810348511,108.45191192627,-53.7768859863281
678,734.042314067483,225,static.prop.trashcan01,95.9117030522576,-7.21311950683594,108.451919555664,-53.7779006958008
678,734.056521266699,225,static.prop.trashcan01,94.7084896503846,-7.21308755874634,108.451934814453,-53.7790260314941
679,734.070757567883,225,static.prop.trashcan01,93.8466341801442,-7.2130560874939,108.451950073242,-53.7801513671875
679,734.08463806659,225,static.prop.trashcan01,93.2999694173341,-7.21302175521851,108.451957702637,-53.7812232971191
679,734.098735366017,225,static.prop.trashcan01,92.575204580893,-7.21299409866333,108.45198059082,-53.7822341918945
679,734.112571068108,225,static.prop.trashcan01,93.2130947771895,-7.21296119689941,108.451988220215,-53.7832069396973
679,734.126792967319,225,static.prop.trashcan01,95.3168050370241,-7.21293115615845,108.452011108398,-53.7842750549316
679,734.1409079656,225,static.prop.trashcan01,95.6563648542352,-7.21289968490601,108.452018737793,-53.7852783203125
679,734.154826264828,225,static.prop.trashcan01,94.9005682539188,-7.21286964416504,108.452041625977,-53.7863578796387
679,734.168572068214,225,static.prop.trashcan01,78.3746507393125,-7.21286964416504,108.452041625977,-53.7863578796387
680,734.183247767389,225,static.prop.trashcan01,135.463934494794,-7.21279144287109,108.452079772949,-53.7883911132812
680,734.197446465492,225,static.prop.trashcan01,93.2363791488436,-7.21273231506348,108.452095031738,-53.7890701293945
680,734.213029365987,225,static.prop.trashcan01,101.679037769285,-7.21269464492798,108.452117919922,-53.7896995544434
680,734.227431666106,225,static.prop.trashcan01,94.7778032796353,-7.21265602111816,108.452125549316,-53.7905883789062
680,734.241681367159,225,static.prop.trashcan01,92.8727143706436,-7.21261882781982,108.452156066895,-53.7915077209473
680,734.255462568253,225,static.prop.trashcan01,91.7792481306192,-7.21258306503296,108.452163696289,-53.7923316955566
680,734.269268266857,225,static.prop.trashcan01,91.8159376317126,-7.21255254745483,108.452186584473,-53.7932434082031
681,734.28356526792,225,static.prop.trashcan01,94.9518836855511,-7.21252107620239,108.452201843262,-53.794189453125
681,734.297775868326,225,static.prop.trashcan01,94.2910351768784,-7.21248960494995,108.452217102051,-53.7951049804688
681,734.311525966972,225,static.prop.trashcan01,91.4177008020069,-7.21246147155762,108.45223236084,-53.7961387634277
681,734.32711366564,225,static.prop.trashcan01,88.3456763435686,-7.21243190765381,108.452239990234,-53.7970085144043
681,734.341433364898,225,static.prop.trashcan01,92.6165297950796,-7.21230554580688,108.452308654785,-53.7997207641602
681,734.355722565204,225,static.prop.trashcan01,94.4116066425029,-7.2122220993042,108.452354431152,-53.8010330200195
681,734.369452867657,225,static.prop.trashcan01,90.6704417311791,-7.21217823028564,108.452369689941,-53.801700592041
681,734.384431667626,225,static.prop.trashcan01,98.7691300380517,-7.2121410369873,108.452392578125,-53.8024597167969
682,734.399933665991,225,static.prop.trashcan01,101.023434093923,-7.21210622787476,108.45240020752,-53.8033142089844
682,734.414174467325,225,static.prop.trashcan01,93.6979914672773,-7.21206951141357,108.452423095703,-53.8044815063477
682,734.429959967732,225,static.prop.trashcan01,103.053039131129,-7.2120304107666,108.452438354492,-53.8054542541504
682,734.443744067103,225,static.prop.trashcan01,92.188919590369,-7.21199512481689,108.452461242676,-53.8066749572754
682,734.457891967148,225,static.prop.trashcan01,93.8200251546782,-7.21195983886719,108.452476501465,-53.8076210021973
682,734.472694866359,225,static.prop.trashcan01,96.7334493424588,-7.21192932128906,108.452499389648,-53.8086585998535
682,734.486728865653,225,static.prop.trashcan01,93.1523792836824,-7.21189880371094,108.452507019043,-53.8096389770508
683,734.501682966948,225,static.prop.trashcan01,99.1896408535422,-7.21187257766724,108.452529907227,-53.8106384277344
683,734.516044266522,225,static.prop.trashcan01,91.355833441378,-7.21185302734375,108.452537536621,-53.8112564086914
683,734.531165868044,225,static.prop.trashcan01,91.9697077288915,-7.21178674697876,108.452575683594,-53.8130836486816
683,734.545315068215,225,static.prop.trashcan01,89.8535965546005,-7.21167659759521,108.452621459961,-53.8151893615723
683,734.559870667756,225,static.prop.trashcan01,95.6604348924239,-7.21161794662476,108.452644348145,-53.8160743713379
683,734.574892267585,225,static.prop.trashcan01,97.331757949466,-7.21150207519531,108.452705383301,-53.8181190490723
683,734.58879006654,225,static.prop.trashcan01,136.059500775734,-7.21148729324341,108.452713012695,-53.8186988830566
683,734.603353567421,225,static.prop.trashcan01,108.812623541896,-7.21142911911011,108.452743530273,-53.8191299438477
684,734.617910366505,225,static.prop.trashcan01,117.97528555825,-7.21134805679321,108.452774047852,-53.8203392028809
684,734.632089365274,225,static.prop.trashcan01,110.442302756342,-7.21126222610474,108.452812194824,-53.8215370178223
684,734.645812667906,225,static.prop.trashcan01,115.202231154158,-7.2111759185791,108.452850341797,-53.8226013183594
684,734.660350166261,225,static.prop.trashcan01,85.8699810119813,-7.21109676361084,108.452880859375,-53.8235130310059
684,734.674887966365,225,static.prop.trashcan01,122.242414595849,-7.21099948883057,108.452926635742,-53.8257141113281
684,734.688631866127,225,static.prop.trashcan01,81.1464092336401,-7.21094036102295,108.45295715332,-53.8267784118652
684,734.70334706828,225,static.prop.trashcan01,94.5702202041412,-7.21086645126343,108.452987670898,-53.828311920166
684,734.718028865755,225,static.prop.trashcan01,95.5784907627164,-7.21081972122192,108.453002929688,-53.8294410705566
685,734.734521064907,225,static.prop.trashcan01,103.088373770974,-7.21078062057495,108.453025817871,-53.8305625915527
685,734.749435767531,225,static.prop.trashcan01,95.6373927906725,-7.21073722839355,108.453033447266,-53.831974029541
685,734.763519566506,225,static.prop.trashcan01,91.8501936043957,-7.21069431304932,108.453056335449,-53.8332824707031
685,734.77761066705,225,static.prop.trashcan01,90.8090964290939,-7.21066379547119,108.453094482422,-53.83447265625
685,734.791550766677,225,static.prop.trashcan01,91.7939975272209,-7.21063137054443,108.453102111816,-53.8356590270996
685,734.806234367192,225,static.prop.trashcan01,95.8481744879845,-7.21060419082642,108.453125,-53.8369750976562
685,734.820822667331,225,static.prop.trashcan01,95.1563983194058,-7.21057605743408,108.453140258789,-53.8383483886719
686,734.836046166718,225,static.prop.trashcan01,97.2743658054959,-7.21054363250732,108.453163146973,-53.8397178649902
686,734.850465364754,225,static.prop.trashcan01,94.472414145167,-7.21050691604614,108.453170776367,-53.8411560058594
686,734.864293266088,225,static.prop.trashcan01,92.1201008396372,-7.21047592163086,108.453201293945,-53.8424682617188
686,734.878306567669,225,static.prop.trashcan01,91.2922151230597,-7.21044540405273,108.453216552734,-53.8436851501465
686,734.892315067351,225,static.prop.trashcan01,92.821155305965,-7.21041631698608,108.453231811523,-53.8449401855469
686,734.906406566501,225,static.prop.trashcan01,92.9814719125728,-7.21039056777954,108.453247070312,-53.8461303710938
686,734.920705165714,225,static.prop.trashcan01,92.6734982444742,-7.210364818573,108.453269958496,-53.8473205566406
686,734.93684316799,225,static.prop.trashcan01,104.093289924045,-7.2103328704834,108.453277587891,-53.8486328125
687,734.951549667865,225,static.prop.trashcan01,95.7299848710493,-7.21029710769653,108.453300476074,-53.8501930236816
687,734.96608466655,225,static.prop.trashcan01,95.6057057990089,-7.21025609970093,108.453315734863,-53.851505279541
687,734.980603665113,225,static.prop.trashcan01,95.5631335452956,-7.21022081375122,108.453338623047,-53.8526954650879
687,734.994838766754,225,static.prop.trashcan01,81.1224866291753,-7.21022081375122,108.453338623047,-53.8526954650879
687,735.009146668017,225,static.prop.trashcan01,93.2154815740947,-7.2101035118103,108.453399658203,-53.8552284240723
687,735.022954266518,225,static.prop.trashcan01,89.8141812667937,-7.21003389358521,108.45344543457,-53.8564186096191
687,735.037237867713,225,static.prop.trashcan01,95.18486785583,-7.20999240875244,108.45344543457,-53.8570861816406
687,735.052129965276,225,static.prop.trashcan01,98.7612637709336,-7.20996379852295,108.453453063965,-53.8578834533691
688,735.066610068083,225,static.prop.trashcan01,95.1070648109431,-7.20993947982788,108.453475952148,-53.8587036132812
688,735.080878864974,225,static.prop.trashcan01,94.3645265419167,-7.20990705490112,108.453491210938,-53.85986328125
688,735.09484956786,225,static.prop.trashcan01,94.6106328494017,-7.20987129211426,108.453506469727,-53.861026763916
688,735.108955267817,225,static.prop.trashcan01,93.515337389929,-7.20984125137329,108.453521728516,-53.8622245788574
688,735.122900366783,225,static.prop.trashcan01,92.6046732113784,-7.2098126411438,108.45352935791,-53.8633460998535
688,735.136954065412,225,static.prop.trashcan01,93.7454550831832,-7.2097864151001,108.453544616699,-53.864444732666
688,735.151254467666,225,static.prop.trashcan01,92.3527129995415,-7.20973777770996,108.453575134277,-53.8655090332031
688,735.166170466691,225,static.prop.trashcan01,104.790534920669,-7.20966339111328,108.45361328125,-53.8674964904785
689,735.181626867503,225,static.prop.trashcan01,91.1265969757123,-7.20959377288818,108.453628540039,-53.8687515258789
689,735.195704665035,225,static.prop.trashcan01,93.0969693604107,-7.20956468582153,108.453651428223,-53.868953704834
689,735.209647465497,225,static.prop.trashcan01,89.7149453461125,-7.20949983596802,108.453681945801,-53.8700218200684
689,735.223577465862,225,static.prop.trashcan01,92.1997310824068,-7.20941400527954,108.453704833984,-53.8714561462402
689,735.238146666437,225,static.prop.trashcan01,95.1044373771467,-7.20936679840088,108.453735351562,-53.872257232666
689,735.252474766225,225,static.prop.trashcan01,93.7455506581424,-7.20933103561401,108.453758239746,-53.8732872009277
690,735.27019816637,225,static.prop.trashcan01,113.872114740828,-7.20929288864136,108.453773498535,-53.8742904663086
690,735.285016465932,225,static.prop.trashcan01,95.3124004906758,-7.20925521850586,108.453773498535,-53.8758583068848
690,735.299359966069,225,static.prop.trashcan01,93.8752707306265,-7.2092080116272,108.453819274902,-53.8770408630371
690,735.312891665846,225,static.prop.trashcan01,90.3805031169861,-7.20917272567749,108.453834533691,-53.8781700134277
690,735.327916268259,225,static.prop.trashcan01,99.7876027655031,-7.20914173126221,108.453857421875,-53.879150390625
690,735.341344065964,225,static.prop.trashcan01,90.7030746706658,-7.20911502838135,108.453872680664,-53.8804321289062
690,735.355235166848,225,static.prop.trashcan01,92.2500476682278,-7.20908355712891,108.453895568848,-53.8815002441406
690,735.370780665427,225,static.prop.trashcan01,88.0520654935556,-7.209059715271,108.453903198242,-53.8826293945312
691,735.386805765331,225,static.prop.trashcan01,101.528514190027,-7.20894193649292,108.453964233398,-53.8852233886719
691,735.401672367007,225,static.prop.trashcan01,95.7147184448433,-7.2088418006897,108.45401763916,-53.8879776000977
691,735.415709167719,225,static.prop.trashcan01,87.4768042457783,-7.20882415771484,108.454010009766,-53.8884010314941
691,735.430413465947,225,static.prop.trashcan01,83.4775186768332,-7.2087516784668,108.454063415527,-53.8902931213379
691,735.444417167455,225,static.prop.trashcan01,95.3192028679073,-7.2086238861084,108.454116821289,-53.8927001953125
691,735.458225168288,225,static.prop.trashcan01,84.1195705231975,-7.20857334136963,108.454139709473,-53.8934936523438
691,735.472938865423,225,static.prop.trashcan01,92.4126076505275,-7.20848655700684,108.454177856445,-53.8954467773438
691,735.488297265023,225,static.prop.trashcan01,99.4544121027385,-7.20837831497192,108.454238891602,-53.8974838256836
692,735.503390464932,225,static.prop.trashcan01,97.2553087399958,-7.2083158493042,108.454254150391,-53.8987426757812
692,735.517397165298,225,static.prop.trashcan01,92.4704535875333,-7.20826625823975,108.454277038574,-53.8998107910156
692,735.531572267413,225,static.prop.trashcan01,93.2442353402167,-7.2082314491272,108.454292297363,-53.9007263183594
692,735.545955367386,225,static.prop.trashcan01,93.5997361093232,-7.20820426940918,108.454315185547,-53.9018249511719
692,735.559542767704,225,static.prop.trashcan01,90.8363942300875,-7.20817470550537,108.454322814941,-53.9029273986816
692,735.573359467089,225,static.prop.trashcan01,90.9236050130632,-7.20814990997314,108.454345703125,-53.9040412902832
692,735.587468866259,225,static.prop.trashcan01,92.5733833178695,-7.20812463760376,108.45435333252,-53.9051170349121
693,735.601292066276,225,static.prop.trashcan01,92.2087715697321,-7.20809841156006,108.454360961914,-53.9063682556152
693,735.615236565471,225,static.prop.trashcan01,92.5152968128875,-7.20807218551636,108.454376220703,-53.9074974060059
693,735.630368568003,225,static.prop.trashcan01,97.7736070511934,-7.20804977416992,108.454391479492,-53.9087829589844
693,735.644518267363,225,static.prop.trashcan01,93.3831720008534,-7.20802068710327,108.454399108887,-53.9100685119629
693,735.65840356797,225,static.prop.trashcan01,91.7051634579558,-7.20798921585083,108.45442199707,-53.911319732666
693,735.67237726599,225,static.prop.trashcan01,92.7637082080919,-7.20795822143555,108.454429626465,-53.9123840332031
693,735.68647326529,225,static.prop.trashcan01,92.4807997664783,-7.20793342590332,108.454452514648,-53.913516998291
693,735.700571168214,225,static.prop.trashcan01,92.9917990094829,-7.20790529251099,108.454460144043,-53.9145545959473
693,735.716137066483,225,static.prop.trashcan01,101.34746960231,-7.20787763595581,108.454467773438,-53.9156799316406
694,735.730446565896,225,static.prop.trashcan01,93.7021403027373,-7.20784854888916,108.454483032227,-53.9169044494629
694,735.744933366776,225,static.prop.trashcan01,94.4190895643213,-7.20781469345093,108.45450592041,-53.9180641174316
694,735.759690064937,225,static.prop.trashcan01,96.5350188697139,-7.20778322219849,108.454521179199,-53.9191017150879
694,735.773694366217,225,static.prop.trashcan01,93.1466048783892,-7.20775270462036,108.454528808594,-53.9202270507812
694,735.788500066847,225,static.prop.trashcan01,96.9685632516996,-7.20772504806519,108.454551696777,-53.9211120605469
694,735.803430568427,225,static.prop.trashcan01,97.8303883682909,-7.20769596099854,108.454559326172,-53.9222373962402
694,735.817711766809,225,static.prop.trashcan01,94.0586317159273,-7.20769596099854,108.454559326172,-53.9222373962402
694,735.832920666784,225,static.prop.trashcan01,98.5422985229296,-7.20766401290894,108.45458984375,-53.9233703613281
695,735.846532467753,225,static.prop.trashcan01,96.1603306360072,-7.20763397216797,108.454597473145,-53.9243431091309
695,735.86032146588,225,static.prop.trashcan01,91.6381453590131,-7.20760107040405,108.454627990723,-53.9252319335938
695,735.874659866095,225,static.prop.trashcan01,97.0482025670003,-7.20756769180298,108.454627990723,-53.9261436462402
695,735.888495266438,225,static.prop.trashcan01,92.6519171228249,-7.20754337310791,108.454643249512,-53.927001953125
695,735.902898468077,225,static.prop.trashcan01,96.2254636001941,-7.20751285552979,108.454658508301,-53.9279861450195
695,735.916537567973,225,static.prop.trashcan01,96.7223019437367,-7.20748472213745,108.45467376709,-53.929084777832
695,735.930704366416,225,static.prop.trashcan01,92.4526638745443,-7.2074613571167,108.454681396484,-53.9297561645508
696,735.945095065981,225,static.prop.trashcan01,94.684966622041,-7.207435131073,108.454696655273,-53.9306983947754
696,735.959638565779,225,static.prop.trashcan01,96.5899867974664,-7.20740461349487,108.454704284668,-53.9317359924316
696,735.973454765975,225,static.prop.trashcan01,94.2943203515671,-7.20737361907959,108.454711914062,-53.9327430725098
696,735.988104168326,225,static.prop.trashcan01,97.2614702167516,-7.20734214782715,108.454734802246,-53.9336204528809
696,736.002282466739,225,static.prop.trashcan01,95.7283284977977,-7.20731163024902,108.454750061035,-53.9346961975098
696,736.01627696678,225,static.prop.trashcan01,94.0618393726531,-7.2072811126709,108.454765319824,-53.9355392456055
696,736.02995416522,225,static.prop.trashcan01,92.6062669036125,-7.20724964141846,108.454780578613,-53.9364891052246
696,736.045127168298,225,static.prop.trashcan01,100.184665879633,-7.20722007751465,108.454795837402,-53.9373779296875
697,736.05961766839,225,static.prop.trashcan01,96.7013125758427,-7.20718908309937,108.454803466797,-53.9383811950684
697,736.074228167534,225,static.prop.trashcan01,97.1746620527904,-7.20715427398682,108.454818725586,-53.9393310546875
697,736.088204365224,225,static.prop.trashcan01,95.1592954288758,-7.20712184906006,108.45484161377,-53.9403686523438
697,736.102714266628,225,static.prop.trashcan01,97.5656103502683,-7.20708847045898,108.454864501953,-53.9411926269531
697,736.116908367723,225,static.prop.trashcan01,97.3124881875506,-7.20705556869507,108.454872131348,-53.9421691894531
697,736.130694065243,225,static.prop.trashcan01,83.6306157585162,-7.20703887939453,108.454879760742,-53.9428749084473
697,736.145077265799,225,static.prop.trashcan01,129.555836862454,-7.20698308944702,108.454917907715,-53.9442481994629
697,736.15967316553,225,static.prop.trashcan01,91.8479206342825,-7.20688533782959,108.454956054688,-53.9456520080566
698,736.17422766611,225,static.prop.trashcan01,89.7917798704953,-7.20677852630615,108.455009460449,-53.9477653503418
698,736.187841568142,225,static.prop.trashcan01,86.1218484160741,-7.20665550231934,108.455078125,-53.9496116638184
698,736.20163616538,225,static.prop.trashcan01,88.8676774993302,-7.20659732818604,108.455093383789,-53.9502601623535
698,736.215499565005,225,static.prop.trashcan01,88.076113784414,-7.20652389526367,108.455131530762,-53.9513893127441
698,736.229953967035,225,static.prop.trashcan01,88.0117028022743,-7.20652389526367,108.455131530762,-53.9513893127441
698,736.244420267642,225,static.prop.trashcan01,112.344231464985,-7.20643091201782,108.45516204834,-53.9536514282227
698,736.258468568325,225,static.prop.trashcan01,87.7364651927539,-7.20635461807251,108.455200195312,-53.9552383422852
698,736.272743865848,225,static.prop.trashcan01,86.6656645196184,-7.2062783241272,108.455253601074,-53.9564781188965
699,736.287246566266,225,static.prop.trashcan01,93.9391602699413,-7.20622062683105,108.455268859863,-53.9571533203125
699,736.301097765565,225,static.prop.trashcan01,91.2650580705381,-7.20617580413818,108.455291748047,-53.9579467773438
699,736.315591566265,225,static.prop.trashcan01,93.0714807466604,-7.20614099502563,108.455322265625,-53.958740234375
699,736.331208065152,225,static.prop.trashcan01,100.233954250349,-7.2061071395874,108.45532989502,-53.9597129821777
699,736.346119765192,225,static.prop.trashcan01,96.1317590169087,-7.2060718536377,108.455352783203,-53.9609031677246
699,736.360413767397,225,static.prop.trashcan01,93.2041917389023,-7.20603275299072,108.455368041992,-53.9620895385742
699,736.375842764974,225,static.prop.trashcan01,100.840936102534,-7.20599365234375,108.455390930176,-53.9632530212402
700,736.390897165984,225,static.prop.trashcan01,97.3679916900446,-7.2059588432312,108.455406188965,-53.9645004272461
700,736.404739066958,225,static.prop.trashcan01,91.9237266674377,-7.20592021942139,108.455436706543,-53.9657363891602
700,736.418087664992,225,static.prop.trashcan01,90.110687494051,-7.205885887146,108.455459594727,-53.9668006896973
700,736.431587766856,225,static.prop.trashcan01,90.129054445208,-7.20585918426514,108.455474853516,-53.9678344726562
700,736.445321068168,225,static.prop.trashcan01,95.363953584342,-7.20583343505859,108.45548248291,-53.9688186645508
700,736.459386467934,225,static.prop.trashcan01,92.5371288499816,-7.2058219909668,108.45548248291,-53.9693031311035
700,736.473530568182,225,static.prop.trashcan01,92.0956710606652,-7.20577144622803,108.455513000488,-53.9702796936035
701,736.489291567355,225,static.prop.trashcan01,98.7879651160158,-7.2056999206543,108.455543518066,-53.9718017578125
701,736.503126166761,225,static.prop.trashcan01,138.287114886106,-7.20552492141724,108.455619812012,-53.9754447937012
701,736.517292466015,225,static.prop.trashcan01,92.23705278497,-7.2054500579834,108.455657958984,-53.9757652282715
701,736.531399868429,225,static.prop.trashcan01,122.990248169173,-7.20544767379761,108.455657958984,-53.9748458862305
701,736.544903367758,225,static.prop.trashcan01,90.647195973479,-7.20533847808838,108.455711364746,-53.9771118164062
701,736.559140466154,225,static.prop.trashcan01,90.2232025664041,-7.20526552200317,108.455741882324,-53.9786033630371
701,736.573162965477,225,static.prop.trashcan01,90.7742186243596,-7.20520734786987,108.455757141113,-53.9799194335938
701,736.587848067284,225,static.prop.trashcan01,93.3296515760104,-7.20516872406006,108.455780029297,-53.9811668395996
702,736.601869367063,225,static.prop.trashcan01,91.2906711600062,-7.20513153076172,108.455787658691,-53.9823608398438
702,736.616800367832,225,static.prop.trashcan01,96.5349115611428,-7.20510005950928,108.455810546875,-53.9834938049316
702,736.6313216649,225,static.prop.trashcan01,94.5023488266251,-7.20506811141968,108.455825805664,-53.984920501709
702,736.644859265536,225,static.prop.trashcan01,89.614707924591,-7.20506286621094,108.455825805664,-53.9852523803711
702,736.659192867577,225,static.prop.trashcan01,93.9882455282582,-7.20504379272461,108.455841064453,-53.9859619140625
702,736.673650566489,225,static.prop.trashcan01,94.2750630118383,-7.20502042770386,108.455856323242,-53.9869728088379
702,736.68801676482,225,static.prop.trashcan01,93.9521736267987,-7.20498943328857,108.455879211426,-53.9882164001465
702,736.70240046829,225,static.prop.trashcan01,94.1002709356447,-7.20495700836182,108.455894470215,-53.9894676208496
703,736.717454668134,225,static.prop.trashcan01,98.4024172957894,-7.2049241065979,108.455902099609,-53.9908752441406
703,736.732619468123,225,static.prop.trashcan01,97.7621136422021,-7.20489311218262,108.455924987793,-53.9921493530273
703,736.746866367757,225,static.prop.trashcan01,93.7748326342168,-7.20485353469849,108.455947875977,-53.9934997558594
703,736.760846365243,225,static.prop.trashcan01,92.8549593915891,-7.20481634140015,108.45597076416,-53.994743347168
703,736.774642568082,225,static.prop.trashcan01,91.9019966382125,-7.20478439331055,108.455993652344,-53.9959526062012
703,736.78852616623,225,static.prop.trashcan01,93.4248202760206,-7.20475339889526,108.456001281738,-53.9971351623535
703,736.802621368319,225,static.prop.trashcan01,110.461611081068,-7.20472812652588,108.456016540527,-53.9981994628906
703,736.817692667246,225,static.prop.trashcan01,88.484772681492,-7.20467519760132,108.4560546875,-53.9993286132812
704,736.833178766072,225,static.prop.trashcan01,76.7395125801288,-7.20457983016968,108.456092834473,-54.001651763916
704,736.847903165966,225,static.prop.trashcan01,109.193796773038,-7.20436811447144,108.456199645996,-54.005241394043
704,736.862467966974,225,static.prop.trashcan01,103.843706957598,-7.20432090759277,108.456214904785,-54.0049743652344
704,736.877984765917,225,static.prop.trashcan01,101.72423384909,-7.20431709289551,108.456207275391,-54.0042381286621
704,736.891888465732,225,static.prop.trashcan01,131.981086610542,-7.20426416397095,108.456237792969,-54.0057067871094
704,736.906215466559,225,static.prop.trashcan01,93.1525871319267,-7.2042088508606,108.456260681152,-54.0060691833496
705,736.921179868281,225,static.prop.trashcan01,98.2996528770955,-7.204176902771,108.456275939941,-54.0066184997559
705,736.935225367546,225,static.prop.trashcan01,92.9836916052123,-7.20415067672729,108.456298828125,-54.0075950622559
705,736.949206367135,225,static.prop.trashcan01,91.6767565292415,-7.20412015914917,108.456314086914,-54.0086936950684
705,736.962931364775,225,static.prop.trashcan01,93.3427449544606,-7.20409107208252,108.456329345703,-54.0099487304688
705,736.977087266743,225,static.prop.trashcan01,96.4136009446511,-7.20406579971313,108.456336975098,-54.0111351013184
705,736.991732865572,225,static.prop.trashcan01,93.7319804285108,-7.20402956008911,108.456344604492,-54.0126991271973
705,737.00514356792,225,static.prop.trashcan01,88.1219402328647,-7.20394945144653,108.456390380859,-54.014705657959
705,737.01907196641,225,static.prop.trashcan01,88.6001354368055,-7.20386838912964,108.456436157227,-54.0165710449219
706,737.033372167498,225,static.prop.trashcan01,135.063319283354,-7.20374965667725,108.456481933594,-54.0192832946777
706,737.048117864877,225,static.prop.trashcan01,93.3944837223971,-7.20374965667725,108.456481933594,-54.0192832946777
706,737.075416967273,225,static.prop.trashcan01,113.918841685207,-7.2036828994751,108.456512451172,-54.0208053588867
706,737.089567966759,225,static.prop.trashcan01,92.1724234854638,-7.20360994338989,108.456527709961,-54.0231895446777
706,737.104244466871,225,static.prop.trashcan01,98.2020089705723,-7.20356750488281,108.456573486328,-54.0244102478027
706,737.118054367602,225,static.prop.trashcan01,131.877591342774,-7.20353507995605,108.456581115723,-54.0255699157715
706,737.131499566138,225,static.prop.trashcan01,85.0173709487409,-7.203444480896,108.456634521484,-54.0270309448242
706,737.145924367011,225,static.prop.trashcan01,93.0529491897409,-7.20334720611572,108.456687927246,-54.0291709899902
707,737.160094767809,225,static.prop.trashcan01,90.4240130584549,-7.20326328277588,108.456718444824,-54.0308227539062
707,737.173675768077,225,static.prop.trashcan01,89.3480555984811,-7.20321321487427,108.456733703613,-54.0318222045898
707,737.187664568424,225,static.prop.trashcan01,91.4725334767312,-7.20318412780762,108.456756591797,-54.0327377319336
707,737.201286166906,225,static.prop.trashcan01,90.5211794423811,-7.20315599441528,108.456764221191,-54.033748626709
707,737.21486536786,225,static.prop.trashcan01,91.384189590409,-7.20312976837158,108.456771850586,-54.0349044799805
707,737.228261668235,225,static.prop.trashcan01,90.1557448952721,-7.20310401916504,108.45679473877,-54.0360107421875
707,737.242474466562,225,static.prop.trashcan01,94.4207181138331,-7.20308113098145,108.45679473877,-54.0372276306152
707,737.258136767894,225,static.prop.trashcan01,101.466417077821,-7.20305967330933,108.456817626953,-54.0385131835938
708,737.272065468132,225,static.prop.trashcan01,91.8199472487835,-7.20302963256836,108.456817626953,-54.0400428771973
708,737.286257065833,225,static.prop.trashcan01,90.6600548951441,-7.20299911499023,108.456855773926,-54.0413398742676
708,737.299982964993,225,static.prop.trashcan01,91.7052261761005,-7.20296192169189,108.456855773926,-54.0425682067871
708,737.314097065479,225,static.prop.trashcan01,93.3787391880419,-7.2029333114624,108.456871032715,-54.0437545776367
708,737.328188367188,225,static.prop.trashcan01,91.9739719627684,-7.20290803909302,108.456893920898,-54.0451049804688
708,737.342194568366,225,static.prop.trashcan01,92.512244942938,-7.20287704467773,108.456901550293,-54.0462341308594
708,737.356076665223,225,static.prop.trashcan01,90.9535709054538,-7.20285081863403,108.456924438477,-54.0474891662598
708,737.370720665902,225,static.prop.trashcan01,95.6591319559158,-7.20282173156738,108.456932067871,-54.048583984375
709,737.388301867992,225,static.prop.trashcan01,111.732827321109,-7.20279264450073,108.456939697266,-54.0498123168945
709,737.402932368219,225,static.prop.trashcan01,94.5586927538909,-7.2027530670166,108.456962585449,-54.0514526367188
709,737.416743166745,225,static.prop.trashcan01,92.039888089727,-7.20270776748657,108.456977844238,-54.0525856018066
709,737.430793866515,225,static.prop.trashcan01,92.5105762689336,-7.20267820358276,108.457008361816,-54.0534973144531
709,737.444433666766,225,static.prop.trashcan01,67.1724996239263,-7.2026538848877,108.457015991211,-54.0544395446777
709,737.458827465773,225,static.prop.trashcan01,87.5554813520289,-7.2026538848877,108.457015991211,-54.0544395446777
709,737.473674368113,225,static.prop.trashcan01,88.7865981339828,-7.20254135131836,108.457077026367,-54.0566177368164
710,737.487898666412,225,static.prop.trashcan01,90.7058735370797,-7.20245027542114,108.457107543945,-54.0580863952637
710,737.501974966377,225,static.prop.trashcan01,90.5612038826988,-7.20234775543213,108.457168579102,-54.0596885681152
710,737.515451367944,225,static.prop.trashcan01,88.0479676494142,-7.20224666595459,108.457206726074,-54.0613670349121
710,737.529156666249,225,static.prop.trashcan01,95.4334519558776,-7.20211553573608,108.457275390625,-54.0632858276367
710,737.542645465583,225,static.prop.trashcan01,91.5185432689257,-7.20196199417114,108.457344055176,-54.0654296875
710,737.556151468307,225,static.prop.trashcan01,86.7368791984324,-7.20185852050781,108.457389831543,-54.0672264099121
710,737.569830466062,225,static.prop.trashcan01,87.1755818712794,-7.20178079605103,108.457427978516,-54.0685958862305
710,737.584233965725,225,static.prop.trashcan01,93.1212931746889,-7.20173501968384,108.45743560791,-54.0693588256836
711,737.598391566426,225,static.prop.trashcan01,92.1194926116004,-7.20170450210571,108.457450866699,-54.0703430175781
711,737.612469065934,225,static.prop.trashcan01,92.6261179847528,-7.20167446136475,108.457458496094,-54.0714683532715
711,737.626296967268,225,static.prop.trashcan01,90.7584355075498,-7.20164585113525,108.457481384277,-54.0726547241211
711,737.639873567969,225,static.prop.trashcan01,89.8499369392037,-7.20161628723145,108.457496643066,-54.0739479064941
711,737.654155164957,225,static.prop.trashcan01,91.8317758193944,-7.20158815383911,108.45751953125,-54.0752563476562
711,737.668664567173,225,static.prop.trashcan01,94.7475575340997,-7.20155906677246,108.45751953125,-54.07666015625
711,737.682015664876,225,static.prop.trashcan01,89.6262493586622,-7.20153284072876,108.457534790039,-54.0781211853027
712,737.696832966059,225,static.prop.trashcan01,97.4764264594437,-7.20150327682495,108.457550048828,-54.0792846679688
712,737.710886567831,225,static.prop.trashcan01,91.9955614721562,-7.20147800445557,108.457565307617,-54.0805931091309
712,737.725234266371,225,static.prop.trashcan01,93.8057715319186,-7.20144510269165,108.457588195801,-54.081958770752
712,737.739006668329,225,static.prop.trashcan01,91.3614458577631,-7.20141363143921,108.45760345459,-54.0833435058594
712,737.752757366747,225,static.prop.trashcan01,91.1538133677125,-7.20138216018677,108.457626342773,-54.0845909118652
712,737.766837466508,225,static.prop.trashcan01,93.1906525100591,-7.20135307312012,108.457633972168,-54.0858154296875
712,737.780693866313,225,static.prop.trashcan01,91.9633933445201,-7.20132732391357,108.457641601562,-54.087028503418
713,737.795136265457,225,static.prop.trashcan01,94.0200375770953,-7.20130348205566,108.457664489746,-54.0881233215332
713,737.808489665389,225,static.prop.trashcan01,89.9282911081263,-7.20127439498901,108.457679748535,-54.0893821716309
713,737.822668265551,225,static.prop.trashcan01,93.8526810333667,-7.20124387741089,108.457695007324,-54.0905227661133
713,737.836130168289,225,static.prop.trashcan01,90.8785005015901,-7.2012186050415,108.457695007324,-54.0915870666504
713,737.850140765309,225,static.prop.trashcan01,95.3498461804207,-7.20119905471802,108.457710266113,-54.0925979614258
713,737.863702565432,225,static.prop.trashcan01,88.1868512127548,-7.20114326477051,108.457748413086,-54.0943984985352
713,737.877693966031,225,static.prop.trashcan01,86.1429500571419,-7.20113039016724,108.457748413086,-54.0947265625
713,737.891422867775,225,static.prop.trashcan01,99.6688268826183,-7.2010612487793,108.457794189453,-54.0964965820312
713,737.90595536679,225,static.prop.trashcan01,133.393509272823,-7.20094203948975,108.457847595215,-54.0989151000977
714,737.921462867409,225,static.prop.trashcan01,88.9028324365337,-7.20080614089966,108.457908630371,-54.1006736755371
714,737.93842246756,225,static.prop.trashcan01,78.2457786590776,-7.20070171356201,108.457954406738,-54.1025657653809
714,737.953394267708,225,static.prop.trashcan01,143.291482280102,-7.20046901702881,108.458061218262,-54.1065330505371
714,737.967727165669,225,static.prop.trashcan01,111.149867623898,-7.20034122467041,108.458122253418,-54.1076240539551
714,737.982322465628,225,static.prop.trashcan01,94.89068202429,-7.20025396347046,108.458168029785,-54.1090660095215
714,737.995994865894,225,static.prop.trashcan01,89.6402977097992,-7.20021486282349,108.458183288574,-54.1099815368652
714,738.009732566774,225,static.prop.trashcan01,89.0577647360215,-7.20018243789673,108.458198547363,-54.111083984375
714,738.024019166827,225,static.prop.trashcan01,93.2918662433478,-7.20015287399292,108.458213806152,-54.1121788024902
715,738.037775665522,225,static.prop.trashcan01,91.2300604581172,-7.20012474060059,108.458221435547,-54.1134910583496
715,738.051956567913,225,static.prop.trashcan01,92.8608720306178,-7.20010185241699,108.458236694336,-54.1147117614746
715,738.065797265619,225,static.prop.trashcan01,92.244715479851,-7.20007181167603,108.458251953125,-54.1160850524902
715,738.080001767725,225,static.prop.trashcan01,93.2074311472592,-7.20004558563232,108.458267211914,-54.1174240112305
715,738.09376616776,225,static.prop.trashcan01,92.0564377998951,-7.2000150680542,108.458282470703,-54.1187362670898
715,738.107635766268,225,static.prop.trashcan01,91.574500620641,-7.19998741149902,108.458297729492,-54.1199607849121
715,738.12227396667,225,static.prop.trashcan01,96.2510721109232,-7.19996023178101,108.458305358887,-54.1213035583496
716,738.137355364859,225,static.prop.trashcan01,97.5987717984524,-7.19993495941162,108.45832824707,-54.1226539611816
716,738.151096265763,225,static.prop.trashcan01,92.2107831029968,-7.1998987197876,108.458335876465,-54.124080657959
716,738.165174365044,225,static.prop.trashcan01,92.8082041997197,-7.199866771698,108.458358764648,-54.1252403259277
716,738.178886767477,225,static.prop.trashcan01,91.0013003797822,-7.1998405456543,108.458374023438,-54.1264610290527
716,738.19361776486,225,static.prop.trashcan01,96.5064757827243,-7.19981575012207,108.458396911621,-54.1275939941406
716,738.207357667387,225,static.prop.trashcan01,90.7530081389287,-7.19971609115601,108.458442687988,-54.1297912597656
716,738.221547465771,225,static.prop.trashcan01,92.8525339291972,-7.1995964050293,108.458503723145,-54.1323204040527
717,738.235875565559,225,static.prop.trashcan01,96.283893710527,-7.19952392578125,108.458541870117,-54.1337890625
717,738.250000666827,225,static.prop.trashcan01,79.8529511031898,-7.19948816299438,108.458549499512,-54.134334564209
717,738.264281265438,225,static.prop.trashcan01,123.703946902302,-7.19938850402832,108.458602905273,-54.1366271972656
717,738.27831466496,225,static.prop.trashcan01,85.6162299323903,-7.19938850402832,108.458602905273,-54.1366271972656
717,738.291949667037,225,static.prop.trashcan01,85.4167785094056,-7.19930505752563,108.458641052246,-54.138053894043
717,738.305370967835,225,static.prop.trashcan01,83.0711371263754,-7.19927215576172,108.458648681641,-54.138542175293
717,738.318827968091,225,static.prop.trashcan01,85.650024089146,-7.19920110702515,108.458702087402,-54.1399154663086
717,738.332420367748,225,static.prop.trashcan01,85.1065248370499,-7.19910335540771,108.458740234375,-54.1418685913086
717,738.346289668232,225,static.prop.trashcan01,116.673214917048,-7.19900274276733,108.458786010742,-54.1440696716309
718,738.360715266317,225,static.prop.trashcan01,107.219369018461,-7.19888782501221,108.458831787109,-54.1461715698242
718,738.375263366848,225,static.prop.trashcan01,96.3245640825676,-7.19873809814453,108.45890045166,-54.1482849121094
718,738.389437966049,225,static.prop.trashcan01,95.770116353732,-7.19865846633911,108.458946228027,-54.1491622924805
718,738.40344626829,225,static.prop.trashcan01,91.4022811219647,-7.19863033294678,108.458953857422,-54.1497497558594
718,738.417307265103,225,static.prop.trashcan01,88.9992561239838,-7.19860076904297,108.458969116211,-54.1508483886719
718,738.431299068034,225,static.prop.trashcan01,91.4688354190716,-7.19857168197632,108.458984375,-54.1520576477051
718,738.44587386772,225,static.prop.trashcan01,94.6501715751366,-7.19854497909546,108.458992004395,-54.1533813476562
719,738.462030965835,225,static.prop.trashcan01,103.173512326258,-7.19851684570312,108.459014892578,-54.1548156738281
719,738.476757265627,225,static.prop.trashcan01,96.0359600230754,-7.19847869873047,108.459022521973,-54.1565208435059
719,738.491808768362,225,static.prop.trashcan01,97.1971548088952,-7.19844055175781,108.459037780762,-54.1579818725586
719,738.50508306548,225,static.prop.trashcan01,89.5370464642366,-7.19840860366821,108.45906829834,-54.1594848632812
719,738.518713466823,225,static.prop.trashcan01,90.5239729548072,-7.19837856292725,108.459091186523,-54.1606941223145
719,738.532867766917,225,static.prop.trashcan01,94.1381119741033,-7.19835233688354,108.459098815918,-54.1618995666504
719,738.54715346545,225,static.prop.trashcan01,91.9589621943463,-7.19833040237427,108.459121704102,-54.1632385253906
719,738.561623267829,225,static.prop.trashcan01,94.4114594078469,-7.19830226898193,108.459121704102,-54.1645431518555
720,738.577802866697,225,static.prop.trashcan01,102.083597906905,-7.19827938079834,108.459144592285,-54.1660079956055
720,738.594931766391,225,static.prop.trashcan01,107.991340119683,-7.19824123382568,108.459159851074,-54.1676254272461
720,738.609837766737,225,static.prop.trashcan01,96.2253570092719,-7.19819116592407,108.459175109863,-54.1693725585938
720,738.624363165349,225,static.prop.trashcan01,95.3423995336358,-7.19814825057983,108.459205627441,-54.1707382202148
720,738.638521265239,225,static.prop.trashcan01,92.1337424814761,-7.19811344146729,108.45923614502,-54.1719398498535
720,738.652846265584,225,static.prop.trashcan01,94.743964991136,-7.19808292388916,108.459243774414,-54.1730613708496
720,738.670992568135,225,static.prop.trashcan01,114.909903568416,-7.19805669784546,108.459266662598,-54.1742248535156
720,738.689591165632,225,static.prop.trashcan01,114.42189131546,-7.19801759719849,108.459274291992,-54.1759605407715
721,738.704496666789,225,static.prop.trashcan01,97.2831760807984,-7.197998046875,108.459274291992,-54.1765747070312
721,738.721054967493,225,static.prop.trashcan01,108.944986266923,-7.19795703887939,108.459312438965,-54.1773376464844
721,738.735684268177,225,static.prop.trashcan01,95.8124470643731,-7.19792890548706,108.459312438965,-54.1778564453125
721,738.751254566014,225,static.prop.trashcan01,128.909088620482,-7.19786500930786,108.459350585938,-54.1791954040527
721,738.76690716669,225,static.prop.trashcan01,88.0360688574096,-7.1978588104248,108.459350585938,-54.1784019470215
721,738.785169266164,225,static.prop.trashcan01,111.2327192565,-7.1978325843811,108.459365844727,-54.1784362792969
721,738.802622064948,225,static.prop.trashcan01,115.274375177501,-7.19779014587402,108.45938873291,-54.1783447265625
722,738.818020667881,225,static.prop.trashcan01,84.4165199326086,-7.1978006362915,108.459373474121,-54.1769714355469
722,738.833127968013,225,static.prop.trashcan01,94.1606130055816,-7.19769287109375,108.459434509277,-54.1769332885742
722,738.847891565412,225,static.prop.trashcan01,93.7698568578109,-7.19762754440308,108.459457397461,-54.1771507263184
722,738.864306267351,225,static.prop.trashcan01,106.058705848794,-7.19746875762939,108.459548950195,-54.1798973083496
722,738.879718165845,225,static.prop.trashcan01,100.759469659348,-7.19730567932129,108.459625244141,-54.1833419799805
722,738.89467446506,225,static.prop.trashcan01,93.3625594674385,-7.19720792770386,108.459678649902,-54.1853256225586
722,738.910249266773,225,static.prop.trashcan01,101.321470822962,-7.19715118408203,108.459693908691,-54.1866111755371
723,738.925597865134,225,static.prop.trashcan01,98.4104969419463,-7.19711828231812,108.459716796875,-54.1879844665527
723,738.941790368408,225,static.prop.trashcan01,105.012312155903,-7.19708299636841,108.45972442627,-54.1894798278809
723,738.9571085684,225,static.prop.trashcan01,100.038645967431,-7.19705009460449,108.459732055664,-54.1912155151367
723,738.973286166787,225,static.prop.trashcan01,105.270665858879,-7.19701480865479,108.459754943848,-54.1929321289062
723,738.988434568048,225,static.prop.trashcan01,99.7610977486587,-7.19698333740234,108.459770202637,-54.1947555541992
723,739.00305146724,225,static.prop.trashcan01,98.9029102439213,-7.19694757461548,108.45979309082,-54.1963844299316
723,739.018611166626,225,static.prop.trashcan01,106.216212904105,-7.1969165802002,108.459800720215,-54.1978950500488
724,739.034217268229,225,static.prop.trashcan01,98.8016318778284,-7.19688606262207,108.459823608398,-54.1997909545898
724,739.050430666655,225,static.prop.trashcan01,102.476160494311,-7.19676971435547,108.45987701416,-54.2029914855957
724,739.064489167184,225,static.prop.trashcan01,88.4232215019696,-7.1966609954834,108.459922790527,-54.2052879333496
724,739.079203967005,225,static.prop.trashcan01,91.0339432171191,-7.19657516479492,108.459976196289,-54.2068176269531
724,739.09365336597,225,static.prop.trashcan01,141.348386165908,-7.1964545249939,108.460029602051,-54.2096214294434
724,739.108158666641,225,static.prop.trashcan01,95.5173972140912,-7.1964545249939,108.460029602051,-54.2096214294434
725,739.124436866492,225,static.prop.trashcan01,105.27771396347,-7.19639587402344,108.46004486084,-54.2109336853027
725,739.139304768294,225,static.prop.trashcan01,96.5275042775603,-7.19637298583984,108.460052490234,-54.2122764587402
725,739.152927365154,225,static.prop.trashcan01,92.976443972426,-7.19633913040161,108.460075378418,-54.2136192321777
725,739.16766076535,225,static.prop.trashcan01,97.779350300239,-7.19630908966064,108.460083007812,-54.2147483825684
725,739.1825629659,225,static.prop.trashcan01,96.7517482513918,-7.19628715515137,108.460105895996,-54.2160568237305
725,739.196123667061,225,static.prop.trashcan01,93.6311433293898,-7.19625854492188,108.460105895996,-54.217586517334
725,739.210093367845,225,static.prop.trashcan01,96.8289457381069,-7.19623708724976,108.460121154785,-54.2187156677246
726,739.224770568311,225,static.prop.trashcan01,93.4267541159482,-7.196204662323,108.460144042969,-54.2202644348145
726,739.23937336728,225,static.prop.trashcan01,93.9936163093408,-7.19612216949463,108.460174560547,-54.2223472595215
726,739.253664664924,225,static.prop.trashcan01,91.5615322444696,-7.19602870941162,108.460220336914,-54.224479675293
726,739.268070966005,225,static.prop.trashcan01,118.665315947443,-7.19589471817017,108.460289001465,-54.226863861084
726,739.282034065574,225,static.prop.trashcan01,82.6512851485579,-7.19577121734619,108.460342407227,-54.2293357849121
726,739.295995667577,225,static.prop.trashcan01,85.2618144631875,-7.1956615447998,108.460388183594,-54.2318382263184
726,739.310595966876,225,static.prop.trashcan01,96.0519854192904,-7.19552898406982,108.460456848145,-54.2347717285156
726,739.324810765684,225,static.prop.trashcan01,95.8393963244823,-7.19540214538574,108.460502624512,-54.2373352050781
726,739.339325066656,225,static.prop.trashcan01,90.5198405371943,-7.19532442092896,108.460540771484,-54.2387657165527
727,739.354222465307,225,static.prop.trashcan01,85.5649057834965,-7.195228099823,108.460586547852,-54.2410583496094
727,739.370662868023,225,static.prop.trashcan01,104.184680183702,-7.19510173797607,108.460639953613,-54.2436485290527
727,739.38500456512,225,static.prop.trashcan01,92.4752984792706,-7.19503688812256,108.460670471191,-54.2451095581055
727,739.399042565376,225,static.prop.trashcan01,91.894624824233,-7.19499254226685,108.460693359375,-54.2463607788086
727,739.4134609662,225,static.prop.trashcan01,94.9185904031827,-7.19496154785156,108.460708618164,-54.2475471496582
727,739.42742106691,225,static.prop.trashcan01,92.2052557813661,-7.19493532180786,108.460723876953,-54.2487449645996
727,739.441854767501,225,static.prop.trashcan01,94.3913062829366,-7.19491338729858,108.460739135742,-54.2500534057617
728,739.456620264798,225,static.prop.trashcan01,96.7860832469517,-7.1948881149292,108.460746765137,-54.251522064209
728,739.479143865407,225,static.prop.trashcan01,96.6952772377206,-7.19486379623413,108.46076965332,-54.2529258728027
728,739.494194366038,225,static.prop.trashcan01,98.5862948205451,-7.19481801986694,108.460784912109,-54.2552719116211
728,739.512414164841,225,static.prop.trashcan01,112.883001786686,-7.19478750228882,108.460807800293,-54.2567672729492
728,739.530189566314,225,static.prop.trashcan01,111.032002017601,-7.19477415084839,108.460815429688,-54.257381439209
728,739.545225266367,225,static.prop.trashcan01,95.4575991825001,-7.19472599029541,108.46085357666,-54.2587928771973
729,739.56221736595,225,static.prop.trashcan01,109.135095907229,-7.19467639923096,108.460876464844,-54.259937286377
729,739.579179465771,225,static.prop.trashcan01,107.703485395369,-7.19464111328125,108.460899353027,-54.2613143920898
729,739.594127066433,225,static.prop.trashcan01,96.0901645311894,-7.19459867477417,108.4609375,-54.2629318237305
729,739.609737265855,225,static.prop.trashcan01,102.726467789729,-7.19455862045288,108.460952758789,-54.2640953063965
729,739.625219065696,225,static.prop.trashcan01,102.067757041404,-7.19453287124634,108.460975646973,-54.2654762268066
729,739.641721367836,225,static.prop.trashcan01,110.306371729214,-7.19449758529663,108.460983276367,-54.2668190002441
729,739.658678468317,225,static.prop.trashcan01,107.195501398309,-7.1944408416748,108.461013793945,-54.2689819335938
730,739.683202065527,225,static.prop.trashcan01,107.236539937109,-7.19432163238525,108.461074829102,-54.2716674804688
730,739.702510368079,225,static.prop.trashcan01,120.55779461825,-7.19416809082031,108.461151123047,-54.2749671936035
730,739.719273164868,225,static.prop.trashcan01,153.409403661069,-7.19407558441162,108.46118927002,-54.278263092041
730,739.735860466957,225,static.prop.trashcan01,104.497917322976,-7.19398355484009,108.461219787598,-54.2792549133301
730,739.751496467739,225,static.prop.trashcan01,101.916015087932,-7.19392395019531,108.461250305176,-54.2802925109863
730,739.76781546697,225,static.prop.trashcan01,106.454897696904,-7.19387865066528,108.461273193359,-54.2813339233398
730,739.784186366946,225,static.prop.trashcan01,105.134142364835,-7.19384384155273,108.461296081543,-54.2825241088867
731,739.784186366946,225,static.prop.trashcan01,105.134142364835,-7.19384384155273,108.461296081543,-54.2825241088867
731,739.800693467259,225,static.prop.trashcan01,106.245323352268,-7.19380617141724,108.461318969727,-54.283992767334
731,739.816067267209,225,static.prop.trashcan01,100.562619021504,-7.19376373291016,108.461334228516,-54.2854270935059
731,739.831145565957,225,static.prop.trashcan01,101.112167094686,-7.19372320175171,108.461357116699,-54.286808013916
731,739.84626686573,225,static.prop.trashcan01,87.2254115975745,-7.19370079040527,108.461364746094,-54.2880249023438
731,739.86134256795,225,static.prop.trashcan01,80.2027830057336,-7.19364738464355,108.461402893066,-54.289665222168
731,739.8778584674,225,static.prop.trashcan01,102.344629714249,-7.19350814819336,108.461471557617,-54.2927780151367
731,739.893673665822,225,static.prop.trashcan01,99.6020589245421,-7.1934118270874,108.46150970459,-54.2946090698242
732,739.909290466458,225,static.prop.trashcan01,100.721122464591,-7.19335556030273,108.461517333984,-54.2956466674805
732,739.924912467599,225,static.prop.trashcan01,102.31343674634,-7.19331407546997,108.461540222168,-54.296688079834
732,739.939322564751,225,static.prop.trashcan01,95.1025708361975,-7.19331216812134,108.461540222168,-54.2970123291016
732,739.9545439668,225,static.prop.trashcan01,99.7053133459976,-7.19329452514648,108.461547851562,-54.2977180480957
732,739.96976416558,225,static.prop.trashcan01,100.116427717508,-7.19327259063721,108.461563110352,-54.2988243103027
732,739.985540565103,225,static.prop.trashcan01,103.752984751526,-7.19324159622192,108.461578369141,-54.3001098632812
733,740.002496067435,225,static.prop.trashcan01,107.42113671483,-7.19321012496948,108.461601257324,-54.3015441894531
733,740.018309265375,225,static.prop.trashcan01,102.335558966071,-7.19316864013672,108.461608886719,-54.3031921386719
733,740.035226065665,225,static.prop.trashcan01,108.927986561433,-7.19312191009521,108.461639404297,-54.304744720459
733,740.049971368164,225,static.prop.trashcan01,98.4643109348591,-7.19307613372803,108.461654663086,-54.306339263916
733,740.0652320683,225,static.prop.trashcan01,100.881440166337,-7.19303274154663,108.46167755127,-54.3074913024902
733,740.080528665334,225,static.prop.trashcan01,100.743081469007,-7.19299983978271,108.461700439453,-54.3088645935059
733,740.095856167376,225,static.prop.trashcan01,100.687333915499,-7.1929669380188,108.461715698242,-54.3101844787598
734,740.111614868045,225,static.prop.trashcan01,77.287940468449,-7.19293689727783,108.461723327637,-54.3114318847656
734,740.131077166647,225,static.prop.trashcan01,119.806864458073,-7.19283723831177,108.461776733398,-54.3135986328125
734,740.145791966468,225,static.prop.trashcan01,101.625220922246,-7.19273376464844,108.461807250977,-54.3152389526367
734,740.16087186709,225,static.prop.trashcan01,94.084810995238,-7.1926441192627,108.461860656738,-54.3167724609375
734,740.176762666553,225,static.prop.trashcan01,107.147864032257,-7.19248533248901,108.461929321289,-54.3192672729492
734,740.191701065749,225,static.prop.trashcan01,94.5914727467523,-7.19238805770874,108.461982727051,-54.320613861084
734,740.206037867814,225,static.prop.trashcan01,93.4413310320649,-7.19228982925415,108.462020874023,-54.3217735290527
734,740.21993676573,225,static.prop.trashcan01,90.6910219209647,-7.19221925735474,108.462036132812,-54.3227500915527
735,740.234501667321,225,static.prop.trashcan01,120.023867562938,-7.19211530685425,108.462097167969,-54.324520111084
735,740.249835766852,225,static.prop.trashcan01,113.973622750305,-7.19202661514282,108.462127685547,-54.3257064819336
735,740.265685066581,225,static.prop.trashcan01,112.958821469726,-7.19190549850464,108.462188720703,-54.327693939209
735,740.280571565032,225,static.prop.trashcan01,104.456261035045,-7.19175148010254,108.462242126465,-54.3302917480469
735,740.295067068189,225,static.prop.trashcan01,89.7760761697165,-7.19160127639771,108.462303161621,-54.3326988220215
735,740.308905165642,225,static.prop.trashcan01,74.544181379016,-7.19144248962402,108.462371826172,-54.3357276916504
736,740.325039166957,225,static.prop.trashcan01,112.224501381225,-7.19121980667114,108.462478637695,-54.3398056030273
736,740.340185467154,225,static.prop.trashcan01,158.337014052782,-7.19103813171387,108.462554931641,-54.3437728881836
736,740.35451246798,225,static.prop.trashcan01,108.965053094129,-7.1909031867981,108.462608337402,-54.3456878662109
736,740.368787165731,225,static.prop.trashcan01,112.206644665935,-7.19078350067139,108.462661743164,-54.3476219177246
736,740.384084366262,225,static.prop.trashcan01,121.152748738549,-7.19064664840698,108.462715148926,-54.3497543334961
736,740.399278666824,225,static.prop.trashcan01,118.109433346685,-7.19050168991089,108.462768554688,-54.3521347045898
736,740.413569167256,225,static.prop.trashcan01,112.024966171863,-7.19035243988037,108.462829589844,-54.3545074462891
736,740.428206566721,225,static.prop.trashcan01,115.136023398796,-7.19021463394165,108.462890625,-54.3566741943359
737,740.444648467004,225,static.prop.trashcan01,127.236557425532,-7.1900749206543,108.462936401367,-54.3590049743652
737,740.477581266314,225,static.prop.trashcan01,127.642131961812,-7.18991804122925,108.462997436523,-54.3617515563965
737,740.491964668036,225,static.prop.trashcan01,119.257000558916,-7.18952798843384,108.463150024414,-54.367977142334
737,740.505675666034,225,static.prop.trashcan01,116.286632704596,-7.18932342529297,108.463249206543,-54.3709373474121
737,740.519402068108,225,static.prop.trashcan01,95.7772122534513,-7.18912410736084,108.463325500488,-54.3737106323242
737,740.533231865615,225,static.prop.trashcan01,115.612160110304,-7.18887758255005,108.463447570801,-54.3778038024902
737,740.548038568348,225,static.prop.trashcan01,125.214888590897,-7.18860816955566,108.463562011719,-54.3828048706055
738,740.563946265727,225,static.prop.trashcan01,121.46597326657,-7.18834638595581,108.463668823242,-54.3869552612305
738,740.578994266689,225,static.prop.trashcan01,122.256187403833,-7.1880259513855,108.463798522949,-54.3922729492188
738,740.593904666603,225,static.prop.trashcan01,120.716543301366,-7.18768835067749,108.46395111084,-54.3978233337402
738,740.607522666454,225,static.prop.trashcan01,117.370805362802,-7.18732166290283,108.464111328125,-54.4039306640625
738,740.621548168361,225,static.prop.trashcan01,119.024114699636,-7.1869797706604,108.464263916016,-54.4096374511719
738,740.635596066713,225,static.prop.trashcan01,121.630796448867,-7.18662357330322,108.464408874512,-54.4156150817871
738,740.651848066598,225,static.prop.trashcan01,136.10693476269,-7.18627119064331,108.464576721191,-54.4218139648438
739,740.667117066681,225,static.prop.trashcan01,142.40713748398,-7.18585300445557,108.464752197266,-54.4293212890625
739,740.68231266737,225,static.prop.trashcan01,127.793682764643,-7.18548488616943,108.464920043945,-54.4359130859375
739,740.696555968374,225,static.prop.trashcan01,123.523430789942,-7.18513345718384,108.465087890625,-54.4426803588867
739,740.711019765586,225,static.prop.trashcan01,123.958605723509,-7.18482303619385,108.465225219727,-54.4487533569336
739,740.72539036721,225,static.prop.trashcan01,121.941256826402,-7.18453311920166,108.465362548828,-54.4549522399902
739,740.739102065563,225,static.prop.trashcan01,143.051699124633,-7.1842565536499,108.465476989746,-54.4610176086426
739,740.753614265472,225,static.prop.trashcan01,117.904808581307,-7.18401956558228,108.46558380127,-54.4661521911621
740,740.768880367279,225,static.prop.trashcan01,123.248672054787,-7.18376493453979,108.465713500977,-54.4722557067871
740,740.78344796598,225,static.prop.trashcan01,120.986901825029,-7.18349409103394,108.4658203125,-54.478874206543
740,740.797694467008,225,static.prop.trashcan01,133.10421264616,-7.1832537651062,108.465934753418,-54.4851341247559
740,740.811439268291,225,static.prop.trashcan01,111.613889175487,-7.18303823471069,108.466033935547,-54.4908103942871
740,740.825596366078,225,static.prop.trashcan01,108.192606869215,-7.18284225463867,108.466117858887,-54.496208190918
740,740.840047065169,225,static.prop.trashcan01,115.707347516677,-7.18264865875244,108.466217041016,-54.5018844604492
740,740.854165565223,225,static.prop.trashcan01,135.163615284251,-7.18246221542358,108.466293334961,-54.5077667236328
740,740.868534367532,225,static.prop.trashcan01,111.363281307969,-7.1822943687439,108.466384887695,-54.5130233764648
741,740.883152965456,225,static.prop.trashcan01,110.261216061979,-7.18211460113525,108.466461181641,-54.5185470581055
741,740.897792767733,225,static.prop.trashcan01,115.679763725152,-7.18193292617798,108.466552734375,-54.5243873596191
741,740.911504067481,225,static.prop.trashcan01,93.1271801047393,-7.18176698684692,108.466644287109,-54.5301132202148
741,740.925363667309,225,static.prop.trashcan01,139.230310626268,-7.18160152435303,108.46671295166,-54.5360984802246
741,740.93949296698,225,static.prop.trashcan01,98.7584706380898,-7.18145418167114,108.466804504395,-54.5411834716797
741,740.95369996503,225,static.prop.trashcan01,102.35774941762,-7.18131017684937,108.466873168945,-54.5468101501465
741,740.967039167881,225,static.prop.trashcan01,104.439209556791,-7.18116855621338,108.466941833496,-54.5521774291992
741,740.981133867055,225,static.prop.trashcan01,90.1481294765323,-7.18110036849976,108.466972351074,-54.5557518005371
742,740.998704865575,225,static.prop.trashcan01,121.037061628666,-7.18095922470093,108.467056274414,-54.5612144470215
742,741.013055466115,225,static.prop.trashcan01,103.407505049798,-7.18082189559937,108.467132568359,-54.567985534668
742,741.026654466987,225,static.prop.trashcan01,94.4426996391936,-7.18073654174805,108.467185974121,-54.5723495483398
742,741.040115565062,225,static.prop.trashcan01,93.4791721990574,-7.18068408966064,108.467224121094,-54.575927734375
742,741.053937368095,225,static.prop.trashcan01,94.0601875206784,-7.18065643310547,108.467247009277,-54.5791549682617
742,741.067410267889,225,static.prop.trashcan01,92.6210386208418,-7.1806435585022,108.467262268066,-54.5823402404785
742,741.08151736483,225,static.prop.trashcan01,94.6774656405978,-7.18064260482788,108.46728515625,-54.5853881835938
743,741.098493468016,225,static.prop.trashcan01,109.622138066883,-7.18064117431641,108.467292785645,-54.5884246826172
743,741.113202765584,225,static.prop.trashcan01,95.698861344315,-7.18064022064209,108.467315673828,-54.592399597168
743,741.127167765051,225,static.prop.trashcan01,91.1010734295335,-7.18062257766724,108.467338562012,-54.5956039428711
743,741.140201166272,225,static.prop.trashcan01,90.2197427265002,-7.18061304092407,108.467361450195,-54.598388671875
743,741.154128365219,225,static.prop.trashcan01,94.819538718066,-7.18061256408691,108.467376708984,-54.6007652282715
743,741.168205868453,225,static.prop.trashcan01,92.8238582483069,-7.18062686920166,108.467376708984,-54.6026802062988
743,741.181940265,225,static.prop.trashcan01,89.3347470606085,-7.18059206008911,108.467407226562,-54.6056175231934
743,741.196938168257,225,static.prop.trashcan01,94.0515047467911,-7.18048143386841,108.467468261719,-54.6091232299805
744,741.211676567793,225,static.prop.trashcan01,99.5072265601409,-7.18032455444336,108.467559814453,-54.6135215759277
744,741.225710067898,225,static.prop.trashcan01,90.3346807890179,-7.18022727966309,108.467613220215,-54.6168785095215
744,741.239413067698,225,static.prop.trashcan01,88.1683608612894,-7.18016338348389,108.467643737793,-54.6193466186523
744,741.254143867642,225,static.prop.trashcan01,91.1953447221634,-7.18013286590576,108.467666625977,-54.6210250854492
744,741.268105167896,225,static.prop.trashcan01,88.7324064812615,-7.18006944656372,108.467704772949,-54.6237945556641
744,741.281847666949,225,static.prop.trashcan01,86.7622332404793,-7.17997407913208,108.467750549316,-54.6269721984863
745,741.296320565045,225,static.prop.trashcan01,95.8299056712429,-7.17989063262939,108.467803955078,-54.6293563842773
745,741.310468565673,225,static.prop.trashcan01,92.5403740943774,-7.17987728118896,108.467811584473,-54.6307258605957
745,741.32457626611,225,static.prop.trashcan01,91.667724408647,-7.17987060546875,108.467811584473,-54.6319808959961
745,741.337728068233,225,static.prop.trashcan01,88.3081288504068,-7.17985582351685,108.467826843262,-54.633659362793
745,741.351327065378,225,static.prop.trashcan01,89.506267013771,-7.17983913421631,108.467842102051,-54.6352806091309
745,741.364901766181,225,static.prop.trashcan01,90.7446128919041,-7.17982387542725,108.46785736084,-54.6370124816895
745,741.37825486809,225,static.prop.trashcan01,86.5485913145142,-7.17981004714966,108.467880249023,-54.6388206481934
745,741.392163164914,225,static.prop.trashcan01,91.2957137467178,-7.17979001998901,108.467887878418,-54.640552520752
746,741.407098967582,225,static.prop.trashcan01,96.6451990859765,-7.17977476119995,108.467910766602,-54.6423187255859
746,741.421126767993,225,static.prop.trashcan01,93.0108992256686,-7.17974710464478,108.467910766602,-54.6443367004395
746,741.435320865363,225,static.prop.trashcan01,92.8039779009173,-7.17972278594971,108.467933654785,-54.6461410522461
746,741.448966067284,225,static.prop.trashcan01,90.1485764965219,-7.17969703674316,108.467956542969,-54.6477546691895
746,741.462833166122,225,static.prop.trashcan01,91.252421293493,-7.1796727180481,108.467979431152,-54.649341583252
746,741.476135365665,225,static.prop.trashcan01,88.9385428861545,-7.17965078353882,108.467987060547,-54.6508979797363
746,741.49031656608,225,static.prop.trashcan01,94.2561909715946,-7.17962837219238,108.468002319336,-54.6524620056152
746,741.504431467503,225,static.prop.trashcan01,92.2326640685983,-7.17960548400879,108.46802520752,-54.6539840698242
746,741.518528465182,225,static.prop.trashcan01,90.4802856249317,-7.17957925796509,108.468048095703,-54.6555442810059
747,741.533038567752,225,static.prop.trashcan01,94.4386355709854,-7.17955017089844,108.468048095703,-54.6570014953613
747,741.547412768006,225,static.prop.trashcan01,93.4984758352133,-7.17952537536621,108.468070983887,-54.6585884094238
747,741.560356866568,225,static.prop.trashcan01,92.0538553319655,-7.17949485778809,108.46809387207,-54.6600532531738
747,741.574221566319,225,static.prop.trashcan01,92.9926516800611,-7.17946529388428,108.468101501465,-54.6612205505371
747,741.587661966681,225,static.prop.trashcan01,89.5150077339152,-7.17944145202637,108.468124389648,-54.6625556945801
747,741.601322066039,225,static.prop.trashcan01,91.5212084747995,-7.17941331863403,108.468132019043,-54.6637420654297
747,741.61473416537,225,static.prop.trashcan01,90.8255929905295,-7.17939138412476,108.468139648438,-54.664966583252
748,741.630154766142,225,static.prop.trashcan01,96.6186808712428,-7.17936038970947,108.468162536621,-54.6663703918457
748,741.644310865551,225,static.prop.trashcan01,129.645495078438,-7.17933082580566,108.46817779541,-54.6672515869141
748,741.657624967396,225,static.prop.trashcan01,111.561088378723,-7.17923545837402,108.468223571777,-54.668327331543
748,741.672156065702,225,static.prop.trashcan01,101.891718533394,-7.17913818359375,108.46826171875,-54.6694564819336
748,741.68592986837,225,static.prop.trashcan01,130.942472066304,-7.17899560928345,108.468315124512,-54.6719284057617
748,741.700253065675,225,static.prop.trashcan01,90.1663496197443,-7.17888069152832,108.468368530273,-54.673454284668
748,741.714226268232,225,static.prop.trashcan01,96.782087989391,-7.17873573303223,108.468421936035,-54.6757392883301
748,741.728273767978,225,static.prop.trashcan01,139.336048701991,-7.1785683631897,108.468505859375,-54.6789436340332
748,741.742385167629,225,static.prop.trashcan01,90.0870432111693,-7.17844343185425,108.468551635742,-54.6806564331055
749,741.756669066846,225,static.prop.trashcan01,99.8291847447195,-7.17830228805542,108.468612670898,-54.6830139160156
749,741.771059565246,225,static.prop.trashcan01,146.608805569178,-7.17812871932983,108.468696594238,-54.6863899230957
749,741.784771565348,225,static.prop.trashcan01,109.037189855359,-7.17796421051025,108.468757629395,-54.6887664794922
749,741.798337567598,225,static.prop.trashcan01,105.36544918183,-7.17783308029175,108.468803405762,-54.6905059814453
749,741.812393866479,225,static.prop.trashcan01,109.076612650229,-7.17770433425903,108.468856811523,-54.6922569274902
749,741.825639165938,225,static.prop.trashcan01,101.668938284547,-7.17756986618042,108.468910217285,-54.6940536499023
749,741.839119367301,225,static.prop.trashcan01,105.640004978143,-7.17744302749634,108.468963623047,-54.6958847045898
749,741.853960867971,225,static.prop.trashcan01,114.950499823321,-7.17731714248657,108.46900177002,-54.6978607177734
750,741.867924567312,225,static.prop.trashcan01,109.229497740626,-7.17718124389648,108.469062805176,-54.700023651123
750,741.881616465747,225,static.prop.trashcan01,110.955888073529,-7.17703676223755,108.469116210938,-54.702262878418
750,741.89588296786,225,static.prop.trashcan01,117.742175595589,-7.17687559127808,108.469177246094,-54.7047080993652
750,741.910425167531,225,static.prop.trashcan01,119.962743733538,-7.17668008804321,108.469245910645,-54.7074241638184
750,741.923859167844,225,static.prop.trashcan01,111.680162254449,-7.17647504806519,108.469329833984,-54.7102546691895
750,741.937756568193,225,static.prop.trashcan01,116.167100767382,-7.17628240585327,108.469421386719,-54.7128562927246
750,741.952637165785,225,static.prop.trashcan01,122.964734368746,-7.17608547210693,108.469497680664,-54.7154731750488
751,741.966935567558,225,static.prop.trashcan01,118.675486795551,-7.17587041854858,108.469573974609,-54.7184638977051
751,741.98255636543,225,static.prop.trashcan01,126.311610936486,-7.1756763458252,108.469657897949,-54.7212409973145
751,741.996338065714,225,static.prop.trashcan01,110.653731427678,-7.17548084259033,108.469741821289,-54.7242698669434
751,742.011418666691,225,static.prop.trashcan01,120.286950854045,-7.17532396316528,108.46981048584,-54.7268905639648
751,742.025320164859,225,static.prop.trashcan01,109.520197430486,-7.17516851425171,108.469871520996,-54.7298812866211
751,742.038676265627,225,static.prop.trashcan01,106.15089310239,-7.17503833770752,108.469932556152,-54.732479095459
751,742.052486564964,225,static.prop.trashcan01,107.79012858994,-7.17492723464966,108.469985961914,-54.7350959777832
751,742.066857665777,225,static.prop.trashcan01,111.562083009794,-7.17481327056885,108.470039367676,-54.7379722595215
752,742.081628166139,225,static.prop.trashcan01,114.259386898283,-7.17469549179077,108.470077514648,-54.7410850524902
752,742.09511186555,225,static.prop.trashcan01,104.289916398566,-7.17457818984985,108.470123291016,-54.7442932128906
752,742.109673067927,225,static.prop.trashcan01,109.142801957485,-7.17448234558105,108.470184326172,-54.7471580505371
752,742.123535767198,225,static.prop.trashcan01,103.873343968512,-7.17438840866089,108.47021484375,-54.7501945495605
752,742.136614065617,225,static.prop.trashcan01,98.2256799996904,-7.17431116104126,108.470252990723,-54.7530708312988
752,742.151580665261,225,static.prop.trashcan01,109.788778159745,-7.17425155639648,108.470283508301,-54.7557678222656
752,742.16640676558,225,static.prop.trashcan01,107.687609755228,-7.17419910430908,108.47029876709,-54.7585983276367
753,742.180847566575,225,static.prop.trashcan01,105.136885016645,-7.17414045333862,108.470336914062,-54.7617378234863
753,742.195821065456,225,static.prop.trashcan01,107.85276055184,-7.17407703399658,108.470375061035,-54.7648010253906
753,742.21082296595,225,static.prop.trashcan01,104.077839042587,-7.17401790618896,108.470420837402,-54.7679023742676
753,742.224926866591,225,static.prop.trashcan01,98.8859964600652,-7.17396640777588,108.470436096191,-54.7708892822266
753,742.239114165306,225,static.prop.trashcan01,97.990024974096,-7.17392826080322,108.47046661377,-54.7734565734863
753,742.253570668399,225,static.prop.trashcan01,97.5414718000771,-7.17390441894531,108.470489501953,-54.7759323120117
753,742.267113868147,225,static.prop.trashcan01,93.4580280016523,-7.17388963699341,108.470504760742,-54.7784309387207
754,742.281955566257,225,static.prop.trashcan01,99.7543741229868,-7.17387962341309,108.470527648926,-54.7807579040527
754,742.296289067715,225,static.prop.trashcan01,92.1627129157364,-7.17388248443604,108.470542907715,-54.7830619812012
754,742.310817167163,225,static.prop.trashcan01,95.3959583650542,-7.17387437820435,108.470550537109,-54.7854499816895
754,742.32538856566,225,static.prop.trashcan01,95.5999381873312,-7.17386627197266,108.470573425293,-54.787769317627
754,742.339025765657,225,static.prop.trashcan01,90.6762089970173,-7.17385673522949,108.470596313477,-54.7900886535645
754,742.353261865675,225,static.prop.trashcan01,97.5991627117656,-7.17384672164917,108.470603942871,-54.7920989990234
754,742.368886165321,225,static.prop.trashcan01,98.49607263922,-7.17383050918579,108.470611572266,-54.7944564819336
754,742.383256167173,225,static.prop.trashcan01,140.450214344476,-7.17373466491699,108.470680236816,-54.7984886169434
754,742.397756967694,225,static.prop.trashcan01,95.8973037912918,-7.17367029190063,108.470718383789,-54.8004379272461
755,742.412005867809,225,static.prop.trashcan01,93.5446931821346,-7.17363691329956,108.470741271973,-54.8020896911621
755,742.425831764936,225,static.prop.trashcan01,92.2213181844671,-7.17361116409302,108.470756530762,-54.8037643432617
755,742.439158067107,225,static.prop.trashcan01,91.1000787395253,-7.17358922958374,108.470779418945,-54.8053817749023
755,742.453538168222,225,static.prop.trashcan01,95.4326034646174,-7.17357349395752,108.470794677734,-54.8069038391113
755,742.46736106649,225,static.prop.trashcan01,91.4555755028126,-7.17355632781982,108.470817565918,-54.8086433410645
755,742.480821967125,225,static.prop.trashcan01,93.7222376195995,-7.17353296279907,108.470825195312,-54.8102264404297
755,742.494400367141,225,static.prop.trashcan01,80.1845913401304,-7.17353010177612,108.470840454102,-54.8115539550781
756,742.509210266173,225,static.prop.trashcan01,101.976491529577,-7.1734824180603,108.470855712891,-54.8137130737305
756,742.52390056476,225,static.prop.trashcan01,95.5937072510012,-7.17333650588989,108.470947265625,-54.81689453125
756,742.537995066494,225,static.prop.trashcan01,98.8300886126122,-7.17320585250854,108.471000671387,-54.8190879821777
756,742.551541365683,225,static.prop.trashcan01,84.5711761298785,-7.1731014251709,108.471061706543,-54.8213119506836
756,742.565222967416,225,static.prop.trashcan01,85.9113005783818,-7.17301940917969,108.471099853516,-54.823055267334
756,742.578700065613,225,static.prop.trashcan01,88.0437107109307,-7.17297410964966,108.47110748291,-54.8242454528809
756,742.592297967523,225,static.prop.trashcan01,89.0486675201596,-7.17294549942017,108.471130371094,-54.825309753418
757,742.60762886703,225,static.prop.trashcan01,98.2908199887754,-7.17292451858521,108.471138000488,-54.8266220092773
757,742.622079968452,225,static.prop.trashcan01,92.9135760030343,-7.17290258407593,108.471153259277,-54.8281478881836
757,742.63700356707,225,static.prop.trashcan01,96.2836190929245,-7.17286968231201,108.471168518066,-54.8296394348145
757,742.650597468019,225,static.prop.trashcan01,89.9009218607305,-7.17283821105957,108.47119140625,-54.8312911987305
757,742.663876667619,225,static.prop.trashcan01,88.5612291308899,-7.1728081703186,108.471206665039,-54.8326950073242
757,742.678940664977,225,static.prop.trashcan01,97.5739830971692,-7.17278480529785,108.471229553223,-54.8340721130371
757,742.693355668336,225,static.prop.trashcan01,94.7205079435309,-7.17275810241699,108.471237182617,-54.835620880127
757,742.707682367414,225,static.prop.trashcan01,93.3284714839475,-7.17273044586182,108.471244812012,-54.8371124267578
757,742.722570966929,225,static.prop.trashcan01,95.7074178208184,-7.17273044586182,108.471244812012,-54.8371124267578
758,742.736972067505,225,static.prop.trashcan01,92.5986588869809,-7.17270231246948,108.471267700195,-54.8385772705078
758,742.750900767744,225,static.prop.trashcan01,90.3536200330568,-7.17267990112305,108.47127532959,-54.8396224975586
758,742.764447566122,225,static.prop.trashcan01,90.3752305143322,-7.17265510559082,108.471282958984,-54.8407173156738
758,742.777878165245,225,static.prop.trashcan01,90.1169054036375,-7.17263031005859,108.471298217773,-54.8418464660645
758,742.791921067983,225,static.prop.trashcan01,92.6198205915635,-7.17261075973511,108.471313476562,-54.8428802490234
758,742.806373566389,225,static.prop.trashcan01,79.3378844700448,-7.17260789871216,108.471313476562,-54.8437309265137
758,742.820517767221,225,static.prop.trashcan01,92.6382934039009,-7.1725640296936,108.471343994141,-54.8451118469238
759,742.83454406634,225,static.prop.trashcan01,76.2502190090054,-7.17254066467285,108.471351623535,-54.845817565918
759,742.848959665745,225,static.prop.trashcan01,92.1239056261035,-7.17244243621826,108.471397399902,-54.8481636047363
759,742.862921368331,225,static.prop.trashcan01,92.2403435400995,-7.1723461151123,108.471435546875,-54.8500595092773
759,742.876203864813,225,static.prop.trashcan01,94.8886127102163,-7.17230129241943,108.471450805664,-54.8507270812988
759,742.889796867967,225,static.prop.trashcan01,120.978238669699,-7.172278881073,108.471466064453,-54.851390838623
759,742.904254365712,225,static.prop.trashcan01,89.6365405626011,-7.1722617149353,108.471473693848,-54.8516120910645
759,742.917843565345,225,static.prop.trashcan01,89.0837810649295,-7.17225122451782,108.471473693848,-54.8511810302734
759,742.932274166495,225,static.prop.trashcan01,135.550385528312,-7.17227268218994,108.471473693848,-54.8505783081055
759,742.94896286726,225,static.prop.trashcan01,81.1691230649888,-7.1723051071167,108.471466064453,-54.8489875793457
760,742.96389856562,225,static.prop.trashcan01,58.7625476280935,-7.17218685150146,108.47151184082,-54.8499641418457
760,742.978310067207,225,static.prop.trashcan01,100.385019398507,-7.1721715927124,108.471527099609,-54.8464546203613
760,742.99378246814,225,static.prop.trashcan01,92.256871237546,-7.17225408554077,108.471504211426,-54.843189239502
760,743.008297268301,225,static.prop.trashcan01,100.028336853393,-7.17238426208496,108.471450805664,-54.839771270752
760,743.022061165422,225,static.prop.trashcan01,94.415864267041,-7.17247915267944,108.471405029297,-54.8378829956055
760,743.036116167903,225,static.prop.trashcan01,93.9174395177701,-7.17256355285645,108.471366882324,-54.8366584777832
760,743.050486866385,225,static.prop.trashcan01,93.7678523901774,-7.17265367507935,108.471328735352,-54.8354034423828
761,743.064553067088,225,static.prop.trashcan01,94.7727362062607,-7.17274951934814,108.471282958984,-54.8342781066895
761,743.085598967969,225,static.prop.trashcan01,94.073923096091,-7.1728367805481,108.471244812012,-54.833179473877
761,743.099186968058,225,static.prop.trashcan01,92.3839044267327,-7.17296361923218,108.471176147461,-54.831657409668
761,743.113786768168,225,static.prop.trashcan01,91.8775135917049,-7.17304229736328,108.471138000488,-54.830680847168
761,743.12787656486,225,static.prop.trashcan01,93.8036850788494,-7.1731390953064,108.471099853516,-54.829273223877
761,743.141900066286,225,static.prop.trashcan01,92.7961821044205,-7.1731595993042,108.471099853516,-54.8290863037109
761,743.157169464976,225,static.prop.trashcan01,91.1727533492652,-7.17321681976318,108.471061706543,-54.8280448913574
762,743.171793866903,225,static.prop.trashcan01,100.882215345513,-7.17332744598389,108.471015930176,-54.8259239196777
762,743.185803364962,225,static.prop.trashcan01,94.8881861146751,-7.17341423034668,108.470985412598,-54.8245735168457
762,743.199814867228,225,static.prop.trashcan01,94.0850623218391,-7.17349052429199,108.470932006836,-54.8233871459961
762,743.215160164982,225,static.prop.trashcan01,97.6194427217283,-7.17356872558594,108.470909118652,-54.8220748901367
762,743.229920867831,225,static.prop.trashcan01,102.026157743729,-7.17366552352905,108.470848083496,-54.8202781677246
762,743.243758868426,225,static.prop.trashcan01,95.0859658574653,-7.17375373840332,108.470809936523,-54.8188438415527
762,743.257815167308,225,static.prop.trashcan01,91.9095290431524,-7.173828125,108.470779418945,-54.817554473877
763,743.272200968117,225,static.prop.trashcan01,93.8820292157006,-7.173903465271,108.470733642578,-54.816089630127
763,743.286186568439,225,static.prop.trashcan01,95.2231543287419,-7.17398548126221,108.470687866211,-54.814567565918
763,743.300009366125,225,static.prop.trashcan01,91.6074832739176,-7.17406368255615,108.470664978027,-54.8131332397461
763,743.314401566982,225,static.prop.trashcan01,93.1153749272549,-7.17413854598999,108.47061920166,-54.811637878418
763,743.328006967902,225,static.prop.trashcan01,93.8382641555984,-7.17421865463257,108.470581054688,-54.8100509643555
763,743.341352067888,225,static.prop.trashcan01,91.3238435872728,-7.17428684234619,108.470542907715,-54.8085861206055
763,743.355414368212,225,static.prop.trashcan01,90.1391543923151,-7.17435550689697,108.470512390137,-54.8072471618652
763,743.369415666908,225,static.prop.trashcan01,93.6094047353012,-7.17443037033081,108.470474243164,-54.8055877685547
763,743.38366356492,225,static.prop.trashcan01,92.7062427913007,-7.17450714111328,108.470443725586,-54.8039779663086
764,743.397009667009,225,static.prop.trashcan01,89.460066096712,-7.17458724975586,108.470420837402,-54.8022422790527
764,743.411393065006,225,static.prop.trashcan01,89.6921417034559,-7.17465209960938,108.470375061035,-54.8008079528809
764,743.425435367972,225,static.prop.trashcan01,92.9454774902215,-7.17473793029785,108.470336914062,-54.798885345459
764,743.439532466233,225,static.prop.trashcan01,94.3040822867287,-7.17481327056885,108.47029876709,-54.7971115112305
764,743.453708667308,225,static.prop.trashcan01,92.8973548635207,-7.17489004135132,108.470268249512,-54.7954063415527
764,743.467511568218,225,static.prop.trashcan01,94.2675463073256,-7.17496204376221,108.470222473145,-54.7936668395996
764,743.481548666954,225,static.prop.trashcan01,92.8330201113154,-7.17503595352173,108.470191955566,-54.7920150756836
764,743.496061567217,225,static.prop.trashcan01,93.8783507080691,-7.17510795593262,108.470153808594,-54.7902412414551
765,743.510659065098,225,static.prop.trashcan01,94.1104348437839,-7.17519283294678,108.470115661621,-54.788200378418
765,743.525108166039,225,static.prop.trashcan01,95.0305118024142,-7.17527866363525,108.470077514648,-54.7861862182617
765,743.539443068206,225,static.prop.trashcan01,94.6138904307072,-7.17535877227783,108.470039367676,-54.7842636108398
765,743.553418066353,225,static.prop.trashcan01,94.0714956712342,-7.17537784576416,108.470024108887,-54.7839622497559
765,743.567106764764,225,static.prop.trashcan01,92.301719550237,-7.17543077468872,108.470008850098,-54.7825508117676
765,743.581269767135,225,static.prop.trashcan01,93.0018075000106,-7.17549467086792,108.46997833252,-54.7810859680176
766,743.596351165324,225,static.prop.trashcan01,89.714091806585,-7.17556810379028,108.469940185547,-54.7791976928711
766,743.609806466848,225,static.prop.trashcan01,93.7831640313556,-7.1756706237793,108.469886779785,-54.7767295837402
766,743.624091867357,225,static.prop.trashcan01,92.1688715875728,-7.17574071884155,108.469863891602,-54.774959564209
766,743.638074167073,225,static.prop.trashcan01,91.1512883349572,-7.17581748962402,108.469833374023,-54.7729797363281
766,743.651411265135,225,static.prop.trashcan01,90.3687563076168,-7.17589235305786,108.469795227051,-54.7711753845215
766,743.665544267744,225,static.prop.trashcan01,92.2554855944037,-7.17595434188843,108.469757080078,-54.7695236206055
766,743.679707568139,225,static.prop.trashcan01,90.6594595110044,-7.17603445053101,108.469734191895,-54.7676315307617
766,743.694112367928,225,static.prop.trashcan01,92.361594388221,-7.17610836029053,108.469696044922,-54.7656784057617
766,743.708284866065,225,static.prop.trashcan01,93.0992949793019,-7.17619323730469,108.469657897949,-54.7636337280273
767,743.723217666149,225,static.prop.trashcan01,90.3738594081482,-7.17627191543579,108.469619750977,-54.761646270752
767,743.739108465612,225,static.prop.trashcan01,94.8763069531904,-7.17636680603027,108.469566345215,-54.7591781616211
767,743.754653766751,225,static.prop.trashcan01,110.754545397684,-7.17648649215698,108.469512939453,-54.7561950683594
767,743.768465068191,225,static.prop.trashcan01,96.1815104276274,-7.17651414871216,108.46949005127,-54.7556343078613
767,743.782144166529,225,static.prop.trashcan01,93.2354750204406,-7.17650699615479,108.469497680664,-54.755973815918
767,743.796079967171,225,static.prop.trashcan01,94.6001472009211,-7.17648410797119,108.469520568848,-54.7565231323242
767,743.811371266842,225,static.prop.trashcan01,98.949078257107,-7.17645597457886,108.469520568848,-54.7572288513184
768,743.827293466777,225,static.prop.trashcan01,101.733706093697,-7.17643404006958,108.469528198242,-54.757926940918
768,743.84292556718,225,static.prop.trashcan01,105.002873970742,-7.17641639709473,108.469528198242,-54.7586860656738
768,743.856980767101,225,static.prop.trashcan01,96.563048740928,-7.17641830444336,108.469528198242,-54.7596054077148
768,743.871464066207,225,static.prop.trashcan01,95.276735998446,-7.17639350891113,108.469528198242,-54.760612487793
768,743.885546766222,225,static.prop.trashcan01,89.3754877297321,-7.17635869979858,108.469551086426,-54.7618064880371
768,743.898968268186,225,static.prop.trashcan01,84.2728606947448,-7.17631435394287,108.469573974609,-54.7626914978027
768,743.912973567843,225,static.prop.trashcan01,88.0165056468749,-7.17626953125,108.469596862793,-54.7633934020996
768,743.927730266005,225,static.prop.trashcan01,92.1603287905629,-7.1762261390686,108.469619750977,-54.764030456543
769,743.94250946492,225,static.prop.trashcan01,93.6514780203266,-7.17618131637573,108.469635009766,-54.7646064758301
769,743.958531364799,225,static.prop.trashcan01,100.232328034797,-7.17618131637573,108.469635009766,-54.7646064758301
769,743.972614064813,225,static.prop.trashcan01,90.6847797649054,-7.1761212348938,108.469657897949,-54.7655563354492
769,743.986438468099,225,static.prop.trashcan01,89.7009033671952,-7.17607641220093,108.469673156738,-54.7660980224609
769,743.9997436665,225,static.prop.trashcan01,86.9668492297129,-7.17603969573975,108.469703674316,-54.7666549682617
769,744.013180468231,225,static.prop.trashcan01,87.5066183134469,-7.17600393295288,108.469734191895,-54.7671699523926
769,744.026899166405,225,static.prop.trashcan01,89.1631185297156,-7.17597150802612,108.469741821289,-54.7676315307617
769,744.041377067566,225,static.prop.trashcan01,93.5981699331191,-7.17593717575073,108.469764709473,-54.7681846618652
770,744.054830566049,225,static.prop.trashcan01,88.4130513864522,-7.17590093612671,108.469779968262,-54.7688789367676
770,744.068749565631,225,static.prop.trashcan01,89.6213461048756,-7.17586755752563,108.46981048584,-54.7694969177246
770,744.082200165838,225,static.prop.trashcan01,87.2711097823683,-7.1758337020874,108.469833374023,-54.7701950073242
770,744.095991767943,225,static.prop.trashcan01,89.8578680814997,-7.17580080032349,108.469841003418,-54.770809173584
770,744.109372764826,225,static.prop.trashcan01,87.4463323281468,-7.17576885223389,108.469863891602,-54.7715072631836
770,744.123772867024,225,static.prop.trashcan01,93.1514351866387,-7.17573881149292,108.469871520996,-54.7720832824707
770,744.138262867928,225,static.prop.trashcan01,90.6699001703449,-7.17570924758911,108.469902038574,-54.7728538513184
770,744.15369746834,225,static.prop.trashcan01,97.7579623964621,-7.17566919326782,108.469909667969,-54.773738861084
771,744.168487265706,225,static.prop.trashcan01,94.8008427856541,-7.1756272315979,108.469932556152,-54.7746772766113
771,744.182768665254,225,static.prop.trashcan01,91.9127125059427,-7.17558479309082,108.469955444336,-54.7754936218262
771,744.196351867169,225,static.prop.trashcan01,89.9509365346225,-7.17554426193237,108.469970703125,-54.776294708252
771,744.21010106802,225,static.prop.trashcan01,90.8356056047307,-7.17550897598267,108.469985961914,-54.7769432067871
771,744.224869664758,225,static.prop.trashcan01,79.3623976665681,-7.17548322677612,108.470008850098,-54.777645111084
771,744.239152465016,225,static.prop.trashcan01,94.5083923903196,-7.17533206939697,108.470077514648,-54.780200958252
771,744.253224868327,225,static.prop.trashcan01,95.8260803208893,-7.17525386810303,108.470115661621,-54.7814559936523
772,744.267259966582,225,static.prop.trashcan01,90.892242183014,-7.17521572113037,108.47013092041,-54.7817573547363
772,744.283766467124,225,static.prop.trashcan01,96.9977161407711,-7.17517995834351,108.470146179199,-54.7827911376953
772,744.297917164862,225,static.prop.trashcan01,131.85901775983,-7.17507314682007,108.470191955566,-54.7855415344238
772,744.312003966421,225,static.prop.trashcan01,82.9149024664455,-7.17501163482666,108.470222473145,-54.7860679626465
772,744.326040066779,225,static.prop.trashcan01,90.3793999053955,-7.17490577697754,108.470268249512,-54.7875671386719
772,744.339492265135,225,static.prop.trashcan01,129.053657415271,-7.17480134963989,108.470329284668,-54.7893943786621
772,744.35462256521,225,static.prop.trashcan01,97.9019908744746,-7.17474174499512,108.470336914062,-54.7898483276367
773,744.368663866073,225,static.prop.trashcan01,90.0202798555416,-7.17474174499512,108.470336914062,-54.7898483276367
773,744.389563266188,225,static.prop.trashcan01,90.063838463458,-7.17470359802246,108.470367431641,-54.7907638549805
773,744.403641466051,225,static.prop.trashcan01,91.9598127003213,-7.17466306686401,108.470390319824,-54.7920837402344
773,744.417527265847,225,static.prop.trashcan01,91.1145884978322,-7.17463159561157,108.470405578613,-54.7930450439453
773,744.431955367327,225,static.prop.trashcan01,93.9980461499692,-7.17460060119629,108.470420837402,-54.7940940856934
773,744.445680268109,225,static.prop.trashcan01,90.7219667462889,-7.17457151412964,108.470436096191,-54.7952499389648
773,744.459953065962,225,static.prop.trashcan01,94.249811208389,-7.17453765869141,108.470443725586,-54.796257019043
774,744.474831465632,225,static.prop.trashcan01,96.5903909530452,-7.17450904846191,108.47046661377,-54.7973861694336
774,744.489160265774,225,static.prop.trashcan01,94.4684047248453,-7.17447328567505,108.470474243164,-54.7985763549805
774,744.503107268363,225,static.prop.trashcan01,92.2263685498905,-7.17443895339966,108.470497131348,-54.7996788024902
774,744.516729965806,225,static.prop.trashcan01,91.3708749300778,-7.17440795898438,108.470512390137,-54.8007698059082
774,744.530990768224,225,static.prop.trashcan01,95.9539037538289,-7.17437314987183,108.47053527832,-54.8018188476562
774,744.544985666871,225,static.prop.trashcan01,92.8416411137813,-7.17434549331665,108.470542907715,-54.8028221130371
774,744.559208866209,225,static.prop.trashcan01,94.963961728538,-7.17431497573853,108.470550537109,-54.8038902282715
774,744.573136664927,225,static.prop.trashcan01,91.913704922056,-7.17428827285767,108.470573425293,-54.8048973083496
774,744.587198965251,225,static.prop.trashcan01,93.889077884669,-7.17425632476807,108.470581054688,-54.8059349060059
775,744.602100767195,225,static.prop.trashcan01,97.2810526068067,-7.17422962188721,108.470596313477,-54.8069076538086
775,744.616432867944,225,static.prop.trashcan01,92.9098387525557,-7.17419910430908,108.470611572266,-54.807975769043
775,744.630751468241,225,static.prop.trashcan01,93.9108742465588,-7.17416143417358,108.47061920166,-54.8090705871582
775,744.645850267261,225,static.prop.trashcan01,97.8226474001473,-7.17412900924683,108.470642089844,-54.8100814819336
775,744.660834565759,225,static.prop.trashcan01,96.1581790860362,-7.17409324645996,108.470664978027,-54.8112678527832
775,744.675067868084,225,static.prop.trashcan01,93.8881973888118,-7.17405271530151,108.470672607422,-54.8123359680176
775,744.689620167017,225,static.prop.trashcan01,96.2907420790959,-7.17401361465454,108.470687866211,-54.8133735656738
776,744.704302765429,225,static.prop.trashcan01,96.1843586014082,-7.17398071289062,108.470710754395,-54.8143501281738
776,744.720165666193,225,static.prop.trashcan01,102.650882731581,-7.17394685745239,108.470733642578,-54.8154487609863
776,744.734720565379,225,static.prop.trashcan01,96.5494494917131,-7.1739068031311,108.470741271973,-54.8165817260742
776,744.749419465661,225,static.prop.trashcan01,97.7653523345461,-7.1738657951355,108.470756530762,-54.8176116943359
776,744.763612966985,225,static.prop.trashcan01,96.6070909866194,-7.17383241653442,108.470779418945,-54.8185615539551
776,744.777512166649,225,static.prop.trashcan01,83.1077852929403,-7.17383241653442,108.470779418945,-54.8185615539551
776,744.791380465031,225,static.prop.trashcan01,132.316846294214,-7.1737699508667,108.470817565918,-54.8203620910645
776,744.80714256689,225,static.prop.trashcan01,102.571284968967,-7.17367124557495,108.470855712891,-54.8215522766113
777,744.822118066251,225,static.prop.trashcan01,92.544892152742,-7.17357063293457,108.470893859863,-54.8226776123047
777,744.836929667741,225,static.prop.trashcan01,95.1192345149829,-7.17344760894775,108.470962524414,-54.8239669799805
777,744.850503865629,225,static.prop.trashcan01,84.359033829738,-7.17331695556641,108.471015930176,-54.8253059387207
777,744.864609766752,225,static.prop.trashcan01,88.9843660358038,-7.17328786849976,108.471031188965,-54.8249435424805
777,744.878435067832,225,static.prop.trashcan01,119.643932941582,-7.17328834533691,108.47102355957,-54.8240242004395
777,744.892117165029,225,static.prop.trashcan01,79.5526166441157,-7.17316102981567,108.471069335938,-54.8270492553711
777,744.906161565334,225,static.prop.trashcan01,85.205764912241,-7.1730170249939,108.471122741699,-54.8305244445801
778,744.921740766615,225,static.prop.trashcan01,100.144436368062,-7.17293453216553,108.471160888672,-54.832633972168
778,744.936025965959,225,static.prop.trashcan01,91.7635366117346,-7.17288064956665,108.471176147461,-54.834400177002
778,744.950444366783,225,static.prop.trashcan01,93.0850846820713,-7.17283725738525,108.471199035645,-54.8357429504395
778,744.964743066579,225,static.prop.trashcan01,93.7879884678865,-7.1727991104126,108.471206665039,-54.8370246887207
778,744.97899826616,225,static.prop.trashcan01,92.5404219526737,-7.172767162323,108.471229553223,-54.8382530212402
778,744.992782566696,225,static.prop.trashcan01,90.4251126576432,-7.17273664474487,108.471244812012,-54.8395538330078
778,745.00674136728,225,static.prop.trashcan01,91.3772855179928,-7.17270755767822,108.471267700195,-54.8407516479492
778,745.021763965487,225,static.prop.trashcan01,95.4810309567651,-7.17267942428589,108.471282958984,-54.8419380187988
779,745.035843268037,225,static.prop.trashcan01,91.8182860206093,-7.17264556884766,108.471298217773,-54.8433685302734
779,745.049160566181,225,static.prop.trashcan01,89.2375080270662,-7.17261219024658,108.471313476562,-54.8446235656738
779,745.062923565507,225,static.prop.trashcan01,89.1003672155633,-7.17258453369141,108.471343994141,-54.8456878662109
779,745.07742536813,225,static.prop.trashcan01,94.212316280847,-7.17255926132202,108.471351623535,-54.8468208312988
779,745.09159206599,225,static.prop.trashcan01,93.9876947664153,-7.1725492477417,108.471351623535,-54.8477020263672
779,745.105540964752,225,static.prop.trashcan01,87.8676170782838,-7.17251586914062,108.471366882324,-54.8485527038574
779,745.119075067341,225,static.prop.trashcan01,86.7419738794242,-7.17245674133301,108.471397399902,-54.8498992919922
779,745.133850365877,225,static.prop.trashcan01,92.3237732956886,-7.17235517501831,108.471450805664,-54.8519439697266
780,745.148339867592,225,static.prop.trashcan01,133.86675233232,-7.17223787307739,108.471504211426,-54.8543891906738
780,745.162539865822,225,static.prop.trashcan01,85.1505070236325,-7.17212629318237,108.471549987793,-54.8558235168457
780,745.176681768149,225,static.prop.trashcan01,85.2246915168486,-7.1720175743103,108.47159576416,-54.8579978942871
780,745.190273866057,225,static.prop.trashcan01,82.2667437522284,-7.1720175743103,108.47159576416,-54.8579978942871
780,745.204369764775,225,static.prop.trashcan01,85.3237114199969,-7.17191028594971,108.471649169922,-54.8599472045898
780,745.217772368342,225,static.prop.trashcan01,86.7833407568668,-7.17188882827759,108.471656799316,-54.8601837158203
781,745.233185768127,225,static.prop.trashcan01,96.3462396393572,-7.17183017730713,108.471687316895,-54.8613090515137
781,745.247259568423,225,static.prop.trashcan01,138.309450790895,-7.17173528671265,108.471733093262,-54.8639030456543
781,745.268405966461,225,static.prop.trashcan01,90.0331917746586,-7.1717004776001,108.471733093262,-54.864372253418
781,745.282670468092,225,static.prop.trashcan01,91.4959826103759,-7.17165327072144,108.47176361084,-54.8656768798828
781,745.296620465815,225,static.prop.trashcan01,90.3339464116505,-7.17162132263184,108.471771240234,-54.8668060302734
781,745.310633465648,225,static.prop.trashcan01,91.3534963737111,-7.17158985137939,108.471794128418,-54.8678817749023
781,745.325474567711,225,static.prop.trashcan01,95.3045315851288,-7.17156028747559,108.471817016602,-54.869026184082
781,745.340326566249,225,static.prop.trashcan01,95.2535765752857,-7.17152738571167,108.471832275391,-54.8704490661621
781,745.35458066687,225,static.prop.trashcan01,92.0813600333507,-7.17149114608765,108.471855163574,-54.8718757629395
782,745.368448168039,225,static.prop.trashcan01,90.5907807105575,-7.17145442962646,108.471870422363,-54.8731842041016
782,745.383123166859,225,static.prop.trashcan01,94.8523553261502,-7.17142200469971,108.471893310547,-54.8744354248047
782,745.396777667105,225,static.prop.trashcan01,89.757000909072,-7.17139005661011,108.471908569336,-54.8757705688477
782,745.41092216596,225,static.prop.trashcan01,92.8924118031182,-7.17135715484619,108.471923828125,-54.8770637512207
782,745.424841567874,225,static.prop.trashcan01,90.6289086035003,-7.17133045196533,108.471939086914,-54.8782234191895
782,745.438946668059,225,static.prop.trashcan01,92.0139011560742,-7.17129850387573,108.471961975098,-54.8794059753418
782,745.453381266445,225,static.prop.trashcan01,94.2206842446388,-7.17126893997192,108.471969604492,-54.8807640075684
783,745.467553965747,225,static.prop.trashcan01,92.7417580438069,-7.17123746871948,108.471977233887,-54.881950378418
783,745.481555167586,225,static.prop.trashcan01,91.6205386299841,-7.17121076583862,108.47200012207,-54.8831443786621
783,745.495249666274,225,static.prop.trashcan01,92.4710458089073,-7.17118263244629,108.472007751465,-54.8841781616211
783,745.509645365179,225,static.prop.trashcan01,91.7954320602329,-7.17113924026489,108.472038269043,-54.8856163024902
783,745.5235433653,225,static.prop.trashcan01,90.7574963321472,-7.17106628417969,108.472061157227,-54.8871994018555
783,745.538000065833,225,static.prop.trashcan01,93.7023698526898,-7.17102384567261,108.47208404541,-54.8879623413086
783,745.552605368197,225,static.prop.trashcan01,94.3576732919493,-7.1709885597229,108.472099304199,-54.8889694213867
783,745.56808886677,225,static.prop.trashcan01,99.6387996266556,-7.17095279693604,108.472106933594,-54.8900413513184
784,745.582167267799,225,static.prop.trashcan01,91.6045876441811,-7.17091798782349,108.472129821777,-54.8911399841309
784,745.596804965287,225,static.prop.trashcan01,94.3465671877503,-7.17088222503662,108.472152709961,-54.8922004699707
784,745.610426068306,225,static.prop.trashcan01,90.6626020510523,-7.17087507247925,108.472152709961,-54.8925476074219
784,745.624227967113,225,static.prop.trashcan01,91.8512244102402,-7.17085123062134,108.47216796875,-54.8932495117188
784,745.638118665665,225,static.prop.trashcan01,91.8817973648331,-7.17082500457764,108.472175598145,-54.8941307067871
784,745.652091965079,225,static.prop.trashcan01,90.3260534545691,-7.17080116271973,108.472198486328,-54.8951683044434
784,745.66577546671,225,static.prop.trashcan01,91.9498773555637,-7.17077445983887,108.472206115723,-54.8961448669434
785,745.680762667209,225,static.prop.trashcan01,95.4813595085679,-7.17072629928589,108.472221374512,-54.8976135253906
785,745.695692367852,225,static.prop.trashcan01,97.7694443069171,-7.17064571380615,108.47225189209,-54.8993721008301
785,745.70943056792,225,static.prop.trashcan01,89.2784962537561,-7.17060279846191,108.472274780273,-54.9001960754395
785,745.724501468241,225,static.prop.trashcan01,98.0822378825372,-7.17056274414062,108.472290039062,-54.901050567627
785,745.738608166575,225,static.prop.trashcan01,91.7757038719226,-7.17052984237671,108.472312927246,-54.9021224975586
785,745.752206966281,225,static.prop.trashcan01,89.8948409770337,-7.17049407958984,108.472328186035,-54.9030990600586
785,745.76597956568,225,static.prop.trashcan01,92.988038607189,-7.17045831680298,108.472343444824,-54.9040756225586
785,745.779993567616,225,static.prop.trashcan01,91.5346926243504,-7.17043113708496,108.472358703613,-54.9049606323242
785,745.794533967972,225,static.prop.trashcan01,95.1033183259259,-7.17040205001831,108.472373962402,-54.906063079834
786,745.808371767402,225,static.prop.trashcan01,90.6036041952269,-7.17037391662598,108.472389221191,-54.9072189331055
786,745.822660267353,225,static.prop.trashcan01,96.0971786940971,-7.17034244537354,108.472396850586,-54.9082221984863
786,745.836565967649,225,static.prop.trashcan01,100.705804901084,-7.1703052520752,108.47241973877,-54.9095458984375
786,745.85123706609,225,static.prop.trashcan01,79.8262126743676,-7.17025804519653,108.472442626953,-54.9104232788086
786,745.866477668285,225,static.prop.trashcan01,98.402791091401,-7.17025566101074,108.472427368164,-54.9101181030273
786,745.880642667413,225,static.prop.trashcan01,91.251443257115,-7.17022752761841,108.472450256348,-54.9106979370117
786,745.894531264901,225,static.prop.trashcan01,89.2597419854585,-7.17019033432007,108.472480773926,-54.9116516113281
787,745.908949166536,225,static.prop.trashcan01,93.3829077576488,-7.17015552520752,108.47248840332,-54.9125328063965
787,745.922998066992,225,static.prop.trashcan01,92.1902163159946,-7.17012214660645,108.472496032715,-54.913501739502
787,745.937442865223,225,static.prop.trashcan01,92.4116269147394,-7.17009019851685,108.472526550293,-54.9145431518555
787,745.951893966645,225,static.prop.trashcan01,92.634469134461,-7.17005681991577,108.472534179688,-54.9155120849609
787,745.965599566698,225,static.prop.trashcan01,88.9499905032211,-7.17002439498901,108.472557067871,-54.9166870117188
787,745.97921506688,225,static.prop.trashcan01,89.4355721005395,-7.1699914932251,108.472564697266,-54.9175987243652
787,745.993240166456,225,static.prop.trashcan01,90.3728335202473,-7.16996622085571,108.472587585449,-54.918571472168
787,746.007280867547,225,static.prop.trashcan01,92.3821087697519,-7.16993808746338,108.472595214844,-54.9195747375488
788,746.021262865514,225,static.prop.trashcan01,91.6371299018895,-7.16993474960327,108.472595214844,-54.9198799133301
788,746.035054665059,225,static.prop.trashcan01,90.5467232402446,-7.16991567611694,108.472602844238,-54.9205284118652
788,746.048930466175,225,static.prop.trashcan01,91.9979951868259,-7.16988611221313,108.472625732422,-54.9213180541992
788,746.062654968351,225,static.prop.trashcan01,91.6940241062512,-7.16985750198364,108.472633361816,-54.9223251342773
788,746.077073466033,225,static.prop.trashcan01,93.7890866046612,-7.16982936859131,108.47265625,-54.9233016967773
788,746.091371465474,225,static.prop.trashcan01,94.1203906232462,-7.16979646682739,108.472663879395,-54.9243431091309
788,746.104849968106,225,static.prop.trashcan01,87.645474505081,-7.16976499557495,108.472686767578,-54.9254722595215
788,746.11942076683,225,static.prop.trashcan01,94.7010286905212,-7.16973304748535,108.472694396973,-54.9262886047363
789,746.133962567896,225,static.prop.trashcan01,92.5939001661921,-7.1697039604187,108.472709655762,-54.9274215698242
789,746.149023965001,225,static.prop.trashcan01,96.983115619376,-7.16966772079468,108.472724914551,-54.9285202026367
789,746.162664067,225,static.prop.trashcan01,90.2718169895143,-7.16963195800781,108.47274017334,-54.9296531677246
789,746.176571466029,225,static.prop.trashcan01,112.499224350917,-7.16959619522095,108.472763061523,-54.9305992126465
789,746.190404165536,225,static.prop.trashcan01,93.1491042519022,-7.16957998275757,108.472763061523,-54.9309234619141
789,746.204364866018,225,static.prop.trashcan01,113.954662712599,-7.16956663131714,108.472763061523,-54.9314193725586
789,746.218411866575,225,static.prop.trashcan01,84.7025829197916,-7.1695499420166,108.472770690918,-54.9310493469238
789,746.232378665358,225,static.prop.trashcan01,130.873396984205,-7.16952991485596,108.472770690918,-54.9309959411621
790,746.246618065983,225,static.prop.trashcan01,86.8463312122069,-7.16952562332153,108.472770690918,-54.9297103881836
790,746.260711465031,225,static.prop.trashcan01,122.591115862469,-7.1695032119751,108.472778320312,-54.9291038513184
790,746.274900365621,225,static.prop.trashcan01,129.068058871377,-7.16933107376099,108.472869873047,-54.9330940246582
790,746.288814667612,225,static.prop.trashcan01,75.5680060254907,-7.16920375823975,108.472915649414,-54.9351081848145
790,746.303109765053,225,static.prop.trashcan01,92.2764946555722,-7.16915512084961,108.472938537598,-54.9355926513672
790,746.317087866366,225,static.prop.trashcan01,91.0804568218414,-7.16911172866821,108.472946166992,-54.9363822937012
791,746.332204867154,225,static.prop.trashcan01,95.0129129253693,-7.16907691955566,108.47297668457,-54.9373054504395
791,746.346810664982,225,static.prop.trashcan01,95.3658547698536,-7.16903924942017,108.472984313965,-54.9383773803711
791,746.360646165907,225,static.prop.trashcan01,95.277292133369,-7.16899394989014,108.473007202148,-54.9396820068359
791,746.374990366399,225,static.prop.trashcan01,102.047418039851,-7.16893672943115,108.473037719727,-54.9409332275391
791,746.389460366219,225,static.prop.trashcan01,103.138037925324,-7.16886281967163,108.47306060791,-54.9423217773438
791,746.405596166849,225,static.prop.trashcan01,114.383348605374,-7.16878032684326,108.473106384277,-54.943775177002
791,746.419848766178,225,static.prop.trashcan01,102.805675635494,-7.16868448257446,108.47314453125,-54.9454460144043
791,746.433996766806,225,static.prop.trashcan01,102.008011623144,-7.16866636276245,108.47314453125,-54.9458694458008
791,746.449272464961,225,static.prop.trashcan01,108.350064993137,-7.16860866546631,108.473182678223,-54.9468879699707
792,746.477053467184,225,static.prop.trashcan01,130.216033187714,-7.16852569580078,108.473213195801,-54.9484748840332
792,746.491389367729,225,static.prop.trashcan01,108.809902309192,-7.16831302642822,108.473289489746,-54.9520721435547
792,746.505642466247,225,static.prop.trashcan01,78.8245782010573,-7.16816902160645,108.473358154297,-54.953784942627
792,746.519373666495,225,static.prop.trashcan01,102.661911298974,-7.16791486740112,108.473472595215,-54.9579391479492
792,746.532982565463,225,static.prop.trashcan01,133.039862942676,-7.16769027709961,108.473571777344,-54.9616622924805
792,746.547840066254,225,static.prop.trashcan01,112.857938930439,-7.16745185852051,108.473678588867,-54.9655342102051
793,746.562145467848,225,static.prop.trashcan01,155.449650013289,-7.16719150543213,108.473793029785,-54.9702682495117
793,746.576487164944,225,static.prop.trashcan01,134.631840074523,-7.16699552536011,108.473861694336,-54.972728729248
793,746.589964266866,225,static.prop.trashcan01,100.391084902756,-7.16682243347168,108.473945617676,-54.9749946594238
793,746.60404246673,225,static.prop.trashcan01,100.301234137177,-7.16665983200073,108.473991394043,-54.9773483276367
793,746.618104465306,225,static.prop.trashcan01,122.981244034549,-7.16650152206421,108.474060058594,-54.9801864624023
793,746.631161168218,225,static.prop.trashcan01,101.464586836155,-7.1663556098938,108.474098205566,-54.9827499389648
793,746.645249567926,225,static.prop.trashcan01,104.509066355544,-7.16623258590698,108.474166870117,-54.9852142333984
793,746.659808665514,225,static.prop.trashcan01,115.532162230076,-7.16609525680542,108.474212646484,-54.9882392883301
794,746.6743574664,225,static.prop.trashcan01,104.350328605795,-7.16595554351807,108.474273681641,-54.9915351867676
794,746.688688468188,225,static.prop.trashcan01,97.7670419783001,-7.16582250595093,108.474334716797,-54.9946517944336
794,746.702540367842,225,static.prop.trashcan01,84.6424748039503,-7.16570091247559,108.474380493164,-54.9976959228516
794,746.716193266213,225,static.prop.trashcan01,120.824593364379,-7.16558027267456,108.47444152832,-55.0012741088867
794,746.73057596758,225,static.prop.trashcan01,87.5449098352607,-7.16546201705933,108.474487304688,-55.0040817260742
794,746.744674667716,225,static.prop.trashcan01,114.668248951628,-7.16536378860474,108.474548339844,-55.0074691772461
794,746.759145066142,225,static.prop.trashcan01,90.6693356910409,-7.16520738601685,108.474617004395,-55.0107040405273
795,746.773793168366,225,static.prop.trashcan01,90.9388197561611,-7.16520929336548,108.474624633789,-55.011302947998
795,746.788611665368,225,static.prop.trashcan01,136.468800717536,-7.16520023345947,108.474624633789,-55.0125617980957
795,746.802672166377,225,static.prop.trashcan01,131.671258582849,-7.16520547866821,108.474624633789,-55.0126533508301
795,746.816121865064,225,static.prop.trashcan01,90.7664411242749,-7.1650390625,108.474716186523,-55.0173225402832
795,746.829528167844,225,static.prop.trashcan01,88.6990321495806,-7.16491556167603,108.474769592285,-55.0210418701172
795,746.84403276816,225,static.prop.trashcan01,88.3701661686679,-7.16483068466187,108.474822998047,-55.0241012573242
795,746.858412668109,225,static.prop.trashcan01,94.3045606444555,-7.16475677490234,108.47486114502,-55.0272979736328
796,746.872970364988,225,static.prop.trashcan01,123.342831023224,-7.16467189788818,108.474899291992,-55.0306243896484
796,746.887584466487,225,static.prop.trashcan01,94.3688903817067,-7.16460800170898,108.474937438965,-55.0330352783203
796,746.901923168451,225,static.prop.trashcan01,92.2793318439509,-7.16457509994507,108.474967956543,-55.035083770752
796,746.917652968317,225,static.prop.trashcan01,100.349720250773,-7.16454553604126,108.474990844727,-55.0371551513672
796,746.931819867343,225,static.prop.trashcan01,91.9538458572565,-7.16451787948608,108.474998474121,-55.0393333435059
796,746.945993967354,225,static.prop.trashcan01,92.104975737808,-7.16449069976807,108.475028991699,-55.0413093566895
796,746.96064286679,225,static.prop.trashcan01,95.1538434250105,-7.164466381073,108.475044250488,-55.0431098937988
796,746.97534776479,225,static.prop.trashcan01,95.0575040975246,-7.16444301605225,108.475067138672,-55.0450592041016
797,746.993374165148,225,static.prop.trashcan01,113.090569431226,-7.16441774368286,108.475074768066,-55.0470161437988
797,747.009781368077,225,static.prop.trashcan01,103.02588013716,-7.1643853187561,108.475105285645,-55.0495185852051
797,747.028601467609,225,static.prop.trashcan01,116.320423521473,-7.16433620452881,108.475135803223,-55.0516891479492
797,747.049910467118,225,static.prop.trashcan01,92.5682815947923,-7.16428518295288,108.475166320801,-55.0541877746582
797,747.065047867596,225,static.prop.trashcan01,96.5810380080261,-7.16422176361084,108.475212097168,-55.0562286376953
797,747.079460065812,225,static.prop.trashcan01,92.7791039479178,-7.16414403915405,108.475250244141,-55.0586395263672
797,747.093609265983,225,static.prop.trashcan01,136.669346624774,-7.16401958465576,108.475326538086,-55.0617904663086
797,747.107920266688,225,static.prop.trashcan01,86.4209152126453,-7.16393899917603,108.475372314453,-55.063102722168
798,747.12238496542,225,static.prop.trashcan01,123.937200533887,-7.16385221481323,108.475410461426,-55.0653533935547
798,747.135693065822,225,static.prop.trashcan01,86.4550831423836,-7.1636962890625,108.475479125977,-55.0680999755859
798,747.150008965284,225,static.prop.trashcan01,90.0998252076357,-7.16359710693359,108.475524902344,-55.070426940918
798,747.16399776563,225,static.prop.trashcan01,99.2707620159827,-7.16345024108887,108.475593566895,-55.0733528137207
798,747.177432365716,225,static.prop.trashcan01,113.56265038122,-7.16331672668457,108.475639343262,-55.0759124755859
798,747.190655365586,225,static.prop.trashcan01,83.5203979529272,-7.16322231292725,108.475677490234,-55.0780944824219
798,747.204922266304,225,static.prop.trashcan01,91.6916249887435,-7.16314601898193,108.475708007812,-55.0798873901367
799,747.21852946654,225,static.prop.trashcan01,130.17534258026,-7.16303062438965,108.475769042969,-55.0829925537109
799,747.231983967125,225,static.prop.trashcan01,87.6083370035309,-7.16296148300171,108.475776672363,-55.0844573974609
799,747.245402567089,225,static.prop.trashcan01,87.4066888469067,-7.16292762756348,108.475799560547,-55.085765838623
799,747.258281566203,225,static.prop.trashcan01,85.1693001477412,-7.16290187835693,108.475814819336,-55.0870246887207
799,747.271467868239,225,static.prop.trashcan01,88.2177140432313,-7.16287755966187,108.475814819336,-55.0883979797363
799,747.284914966673,225,static.prop.trashcan01,88.072006348263,-7.16286134719849,108.47583770752,-55.0897789001465
799,747.297941464931,225,static.prop.trashcan01,85.8933716796287,-7.162841796875,108.475845336914,-55.0913009643555
799,747.31084946543,225,static.prop.trashcan01,83.2443553370296,-7.16282081604004,108.475868225098,-55.0928535461426
799,747.325165268034,225,static.prop.trashcan01,92.4744691090019,-7.16280078887939,108.475868225098,-55.0942840576172
800,747.338415566832,225,static.prop.trashcan01,86.8979934005556,-7.16277742385864,108.475875854492,-55.095874786377
800,747.352393865585,225,static.prop.trashcan01,90.7277312482681,-7.16275215148926,108.475898742676,-55.0973701477051
800,747.365823265165,225,static.prop.trashcan01,87.8592459084509,-7.16272640228271,108.475914001465,-55.0990180969238
800,747.378791864961,225,static.prop.trashcan01,87.7364641684983,-7.16269636154175,108.475921630859,-55.1004486083984
800,747.392442367971,225,static.prop.trashcan01,89.8775827521891,-7.162672996521,108.475936889648,-55.1017379760742
800,747.405768465251,225,static.prop.trashcan01,86.6996466706946,-7.16267251968384,108.475936889648,-55.1020050048828
800,747.419037166983,225,static.prop.trashcan01,86.2455403397395,-7.16265964508057,108.475944519043,-55.1027069091797
800,747.432432465255,225,static.prop.trashcan01,87.1704224338072,-7.16264247894287,108.475952148438,-55.1036529541016
801,747.446114167571,225,static.prop.trashcan01,88.5993406374336,-7.16262245178223,108.475967407227,-55.1047515869141
801,747.459348965436,225,static.prop.trashcan01,86.9369079218086,-7.16260099411011,108.475967407227,-55.1059455871582
801,747.472943264991,225,static.prop.trashcan01,88.1830022258578,-7.1625804901123,108.475982666016,-55.1070442199707
801,747.485877167434,225,static.prop.trashcan01,86.4284324709115,-7.16255855560303,108.47599029541,-55.1082000732422
801,747.499095767736,225,static.prop.trashcan01,87.6084583740583,-7.16253471374512,108.476005554199,-55.109302520752
801,747.51275466755,225,static.prop.trashcan01,90.0005368284424,-7.16251087188721,108.476013183594,-55.1103363037109
801,747.525761365891,225,static.prop.trashcan01,87.901566268352,-7.16248512268066,108.476020812988,-55.1115264892578
801,747.539330266416,225,static.prop.trashcan01,88.8854600188336,-7.16246271133423,108.476043701172,-55.1125907897949
802,747.554254766554,225,static.prop.trashcan01,96.4230488319412,-7.16243886947632,108.476051330566,-55.1136665344238
802,747.568311065435,225,static.prop.trashcan01,91.9503088228998,-7.16240787506104,108.476058959961,-55.1150054931641
802,747.582230266184,225,static.prop.trashcan01,90.975166078528,-7.16237545013428,108.476081848145,-55.116138458252
802,747.595703165978,225,static.prop.trashcan01,89.369939881354,-7.16234159469604,108.476104736328,-55.1171760559082
802,747.610010568053,225,static.prop.trashcan01,93.3816412345429,-7.16230964660645,108.476112365723,-55.1182098388672
802,747.623326167464,225,static.prop.trashcan01,89.2437934476939,-7.16228294372559,108.476127624512,-55.1193428039551
802,747.637048266828,225,static.prop.trashcan01,89.8596404915786,-7.16225433349609,108.476150512695,-55.1202583312988
803,747.652362465858,225,static.prop.trashcan01,98.7070425185669,-7.1622257232666,108.47615814209,-55.1212730407715
803,747.665694765747,225,static.prop.trashcan01,90.0003815500293,-7.16219234466553,108.476165771484,-55.1224517822266
803,747.679788965732,225,static.prop.trashcan01,92.6438382591539,-7.16215753555298,108.476188659668,-55.123405456543
803,747.693322367966,225,static.prop.trashcan01,89.8258069482007,-7.16213035583496,108.476211547852,-55.1244430541992
803,747.706579066813,225,static.prop.trashcan01,88.9041836858099,-7.16209936141968,108.476219177246,-55.1253242492676
803,747.720713566989,225,static.prop.trashcan01,92.2252391606499,-7.16207456588745,108.476234436035,-55.1262397766113
803,747.734213367105,225,static.prop.trashcan01,89.7635655616069,-7.16204595565796,108.476249694824,-55.1272506713867
803,747.747710667551,225,static.prop.trashcan01,88.161436146072,-7.16201877593994,108.476264953613,-55.1281356811523
803,747.762903567404,225,static.prop.trashcan01,100.431762780182,-7.16198968887329,108.476264953613,-55.1290473937988
804,747.777593165636,225,static.prop.trashcan01,93.2832459149975,-7.16196823120117,108.476287841797,-55.1297760009766
804,747.791470967233,225,static.prop.trashcan01,133.344679473809,-7.16188049316406,108.476318359375,-55.1317367553711
804,747.805261265486,225,static.prop.trashcan01,74.7677977753716,-7.16182422637939,108.476348876953,-55.1323432922363
804,747.818687267601,225,static.prop.trashcan01,83.5625581234722,-7.16174650192261,108.47639465332,-55.1336936950684
804,747.832013167441,225,static.prop.trashcan01,89.741352719935,-7.16162872314453,108.476440429688,-55.135856628418
804,747.845732267946,225,static.prop.trashcan01,91.4440295385878,-7.16154813766479,108.47647857666,-55.1370697021484
804,747.859073467553,225,static.prop.trashcan01,87.0773887622848,-7.16151189804077,108.476493835449,-55.137622833252
804,747.87445506826,225,static.prop.trashcan01,97.9677522354763,-7.16148042678833,108.476509094238,-55.1383514404297
805,747.890554867685,225,static.prop.trashcan01,102.007207491506,-7.16144514083862,108.476524353027,-55.1394424438477
805,747.90385536477,225,static.prop.trashcan01,85.5063658522882,-7.16140127182007,108.476547241211,-55.1406631469727
805,747.916983768344,225,static.prop.trashcan01,86.5319965295459,-7.16136169433594,108.4765625,-55.1416358947754
805,747.92990116775,225,static.prop.trashcan01,84.7695607638921,-7.16133594512939,108.476593017578,-55.1424407958984
805,747.943735267967,225,static.prop.trashcan01,85.8777448942563,-7.16131353378296,108.476600646973,-55.1433601379395
805,747.957049965858,225,static.prop.trashcan01,82.0163857117817,-7.16123962402344,108.476631164551,-55.1449775695801
805,747.972131866962,225,static.prop.trashcan01,92.2875101031299,-7.16114807128906,108.476669311523,-55.1467094421387
806,747.986256465316,225,static.prop.trashcan01,139.156782237957,-7.16101837158203,108.476722717285,-55.1495170593262
806,747.999393165112,225,static.prop.trashcan01,86.7531088721237,-7.16092491149902,108.476768493652,-55.1508026123047
806,748.012929666787,225,static.prop.trashcan01,89.1928142891812,-7.16087436676025,108.476783752441,-55.1516532897949
806,748.026080068201,225,static.prop.trashcan01,85.4703757267258,-7.16084337234497,108.476806640625,-55.1525535583496
806,748.039433468133,225,static.prop.trashcan01,87.8183570087638,-7.16081476211548,108.47681427002,-55.153434753418
806,748.053089365363,225,static.prop.trashcan01,89.1878117795216,-7.16078758239746,108.476837158203,-55.1544342041016
806,748.066720467061,225,static.prop.trashcan01,88.0689520998123,-7.16076326370239,108.476844787598,-55.155445098877
806,748.080032665282,225,static.prop.trashcan01,87.8435401360006,-7.16073417663574,108.476852416992,-55.1565971374512
806,748.094035968184,225,static.prop.trashcan01,90.1903253500846,-7.16070795059204,108.476875305176,-55.1577033996582
807,748.108019266278,225,static.prop.trashcan01,91.1071648563671,-7.16067790985107,108.47688293457,-55.1589202880859
807,748.121421266347,225,static.prop.trashcan01,89.3473838665882,-7.16064548492432,108.476890563965,-55.1600761413574
807,748.13465076685,225,static.prop.trashcan01,87.8117267116388,-7.16061735153198,108.476913452148,-55.1612014770508
807,748.148008964956,225,static.prop.trashcan01,85.4084857843898,-7.16059112548828,108.476943969727,-55.162239074707
807,748.161715768278,225,static.prop.trashcan01,90.426670489038,-7.16056156158447,108.476943969727,-55.1632881164551
807,748.175764366984,225,static.prop.trashcan01,92.2269800361277,-7.16053628921509,108.476951599121,-55.1644515991211
807,748.188820566982,225,static.prop.trashcan01,89.0723170656752,-7.16050815582275,108.47696685791,-55.1655731201172
807,748.202710065991,225,static.prop.trashcan01,91.8148745136811,-7.16047859191895,108.476989746094,-55.1665878295898
808,748.216382365674,225,static.prop.trashcan01,90.1559462337399,-7.16045618057251,108.476989746094,-55.1675300598145
808,748.229645766318,225,static.prop.trashcan01,86.8640491006573,-7.1604528427124,108.476989746094,-55.1678123474121
808,748.242699768394,225,static.prop.trashcan01,85.5079191246708,-7.16043615341187,108.476997375488,-55.168384552002
808,748.25558186695,225,static.prop.trashcan01,85.4345022377329,-7.16041326522827,108.476997375488,-55.1690826416016
808,748.268960166723,225,static.prop.trashcan01,90.2363516335745,-7.16039371490479,108.477012634277,-55.1698570251465
808,748.28201296553,225,static.prop.trashcan01,123.151217493025,-7.1603741645813,108.477027893066,-55.1709098815918
808,748.295235965401,225,static.prop.trashcan01,84.71227445801,-7.16034173965454,108.477027893066,-55.1713104248047
808,748.31010536477,225,static.prop.trashcan01,85.718768822121,-7.16025066375732,108.477081298828,-55.1731147766113
809,748.323709964752,225,static.prop.trashcan01,91.6902781453951,-7.16008329391479,108.477165222168,-55.1761894226074
809,748.336986765265,225,static.prop.trashcan01,92.7684048312833,-7.15997123718262,108.477195739746,-55.1781463623047
809,748.349964566529,225,static.prop.trashcan01,82.8059662199558,-7.15987920761108,108.477241516113,-55.1798553466797
809,748.36277416721,225,static.prop.trashcan01,83.2443794493401,-7.15982723236084,108.477256774902,-55.1805877685547
809,748.376801166683,225,static.prop.trashcan01,89.8194209519106,-7.15979671478271,108.477272033691,-55.181266784668
809,748.390028268099,225,static.prop.trashcan01,85.570843085032,-7.15976810455322,108.477279663086,-55.1821479797363
809,748.403501965106,225,static.prop.trashcan01,88.9781564139879,-7.15973567962646,108.47730255127,-55.1830291748047
809,748.417646367103,225,static.prop.trashcan01,90.7755523183562,-7.15970754623413,108.477310180664,-55.1840934753418
810,748.431869268417,225,static.prop.trashcan01,91.2335797399746,-7.15967893600464,108.477325439453,-55.1850700378418
810,748.445353865623,225,static.prop.trashcan01,87.3493447434033,-7.15964937210083,108.477340698242,-55.1862297058105
810,748.458816565573,225,static.prop.trashcan01,87.721628111798,-7.1596155166626,108.477363586426,-55.1872406005859
810,748.472756765783,225,static.prop.trashcan01,90.5904915614124,-7.15958547592163,108.47737121582,-55.1884002685547
810,748.486317764968,225,static.prop.trashcan01,88.0273107698084,-7.15955924987793,108.477386474609,-55.1894073486328
810,748.499831467867,225,static.prop.trashcan01,88.5002195436584,-7.15952634811401,108.477409362793,-55.1904144287109
810,748.513175968081,225,static.prop.trashcan01,87.539152141664,-7.15949583053589,108.477432250977,-55.1915130615234
810,748.526849765331,225,static.prop.trashcan01,89.1867130661921,-7.1594672203064,108.477439880371,-55.1926193237305
811,748.54124346748,225,static.prop.trashcan01,92.9317801032998,-7.15943956375122,108.477447509766,-55.1936225891113
811,748.555015366524,225,static.prop.trashcan01,89.8591783892662,-7.15940856933594,108.477470397949,-55.1947212219238
811,748.569125168025,225,static.prop.trashcan01,91.3427958590821,-7.15937423706055,108.477485656738,-55.1958808898926
811,748.582578066736,225,static.prop.trashcan01,88.1846939162969,-7.15934324264526,108.477508544922,-55.1969566345215
811,748.596669465303,225,static.prop.trashcan01,91.6985583021382,-7.15931034088135,108.477516174316,-55.1979904174805
811,748.610698968172,225,static.prop.trashcan01,91.3436710837736,-7.15927982330322,108.477523803711,-55.1989593505859
811,748.624689567834,225,static.prop.trashcan01,91.615222048459,-7.15925073623657,108.477546691895,-55.2000007629395
811,748.639508165419,225,static.prop.trashcan01,95.0322444165896,-7.15924644470215,108.477546691895,-55.2002754211426
812,748.653705466539,225,static.prop.trashcan01,91.444040984014,-7.1592230796814,108.477554321289,-55.201042175293
812,748.668157666922,225,static.prop.trashcan01,93.4613060211168,-7.15919160842896,108.477569580078,-55.2019538879395
812,748.682121668011,225,static.prop.trashcan01,90.351095904984,-7.15916204452515,108.477592468262,-55.2029647827148
812,748.695395566523,225,static.prop.trashcan01,87.9653607125762,-7.15912818908691,108.477607727051,-55.2038459777832
812,748.708630666137,225,static.prop.trashcan01,66.3951605340208,-7.15910243988037,108.477615356445,-55.2046661376953
812,748.72278156504,225,static.prop.trashcan01,91.38598307018,-7.15902757644653,108.477645874023,-55.2061347961426
812,748.737148366868,225,static.prop.trashcan01,90.7175203544328,-7.15895366668701,108.477676391602,-55.2074241638184
812,748.751605365425,225,static.prop.trashcan01,92.1796828792781,-7.15888357162476,108.477699279785,-55.2089195251465
813,748.766223467886,225,static.prop.trashcan01,87.3042635406966,-7.15885496139526,108.477722167969,-55.2096481323242
813,748.783424567431,225,static.prop.trashcan01,105.705352073446,-7.15879440307617,108.477752685547,-55.2108039855957
813,748.798052567989,225,static.prop.trashcan01,139.110202995996,-7.15867948532104,108.477798461914,-55.2138519287109
813,748.812293466181,225,static.prop.trashcan01,90.5415500039115,-7.15861082077026,108.477828979492,-55.2145538330078
813,748.826273567975,225,static.prop.trashcan01,90.4905403055694,-7.15855693817139,108.477851867676,-55.2155380249023
813,748.839693766087,225,static.prop.trashcan01,88.0336215688639,-7.15851783752441,108.477867126465,-55.2162590026855
813,748.85272276774,225,static.prop.trashcan01,86.1671249398642,-7.1584906578064,108.477890014648,-55.2170944213867
813,748.867840968072,225,static.prop.trashcan01,97.5047882810686,-7.15846490859985,108.477897644043,-55.217945098877
814,748.883000466973,225,static.prop.trashcan01,96.5478393766055,-7.15843677520752,108.477905273438,-55.2190361022949
814,748.899758465588,225,static.prop.trashcan01,104.963021935777,-7.15840148925781,108.477928161621,-55.2202377319336
814,748.914721366018,225,static.prop.trashcan01,94.5019685732858,-7.15835809707642,108.477958679199,-55.2217636108398
814,748.929409965873,225,static.prop.trashcan01,94.878382741629,-7.15830659866333,108.477973937988,-55.2229766845703
814,748.94329726696,225,static.prop.trashcan01,91.6989818558927,-7.15826749801636,108.477996826172,-55.2240791320801
814,748.957118865103,225,static.prop.trashcan01,90.5772313299553,-7.15823793411255,108.478012084961,-55.2249641418457
814,748.971791367978,225,static.prop.trashcan01,96.79572350405,-7.15821409225464,108.478034973145,-55.2259407043457
815,748.985856365412,225,static.prop.trashcan01,128.242152224627,-7.15818119049072,108.478042602539,-55.2271881103516
815,748.999765366316,225,static.prop.trashcan01,88.447396024585,-7.1581015586853,108.478080749512,-55.2285079956055
815,749.01355516538,225,static.prop.trashcan01,104.907535265808,-7.15801000595093,108.478118896484,-55.2304306030273
815,749.027400866151,225,static.prop.trashcan01,117.228183791336,-7.15789127349854,108.478179931641,-55.2325019836426
815,749.040845368057,225,static.prop.trashcan01,89.093651821182,-7.15789127349854,108.478179931641,-55.2325019836426
815,749.053915865719,225,static.prop.trashcan01,104.602987911449,-7.15779590606689,108.478210449219,-55.2337226867676
815,749.067102767527,225,static.prop.trashcan01,86.9745888811395,-7.15782594680786,108.478187561035,-55.2330474853516
815,749.081127066165,225,static.prop.trashcan01,90.1993475159776,-7.15781927108765,108.478187561035,-55.2333221435547
816,749.095010165125,225,static.prop.trashcan01,88.5712944041269,-7.15779399871826,108.478202819824,-55.2343597412109
816,749.107953667641,225,static.prop.trashcan01,86.0689020282038,-7.15775966644287,108.478187561035,-55.2353363037109
816,749.121621567756,225,static.prop.trashcan01,87.8731507581352,-7.15773677825928,108.478218078613,-55.2363815307617
816,749.135194465518,225,static.prop.trashcan01,88.3862692618745,-7.15770864486694,108.478233337402,-55.2375106811523
816,749.148413967341,225,static.prop.trashcan01,87.6362662797467,-7.15767812728882,108.478240966797,-55.2385330200195
816,749.161097764969,225,static.prop.trashcan01,83.5707801717343,-7.15765190124512,108.478256225586,-55.2396049499512
816,749.175047066063,225,static.prop.trashcan01,90.6062358061353,-7.15762567520142,108.478271484375,-55.2405776977539
816,749.188533365726,225,static.prop.trashcan01,88.5629716025587,-7.15759801864624,108.47827911377,-55.2416534423828
816,749.202530067414,225,static.prop.trashcan01,89.4395715535522,-7.15757083892822,108.478302001953,-55.2427787780762
817,749.216321066022,225,static.prop.trashcan01,89.4575547016346,-7.15753889083862,108.478309631348,-55.2439079284668
817,749.230111464858,225,static.prop.trashcan01,88.4756168195424,-7.15750885009766,108.478324890137,-55.2449798583984
817,749.24349456653,225,static.prop.trashcan01,88.3236661449365,-7.15747499465942,108.478340148926,-55.2460861206055
817,749.25657876581,225,static.prop.trashcan01,85.3943566249218,-7.15744733810425,108.478355407715,-55.2469673156738
817,749.270981866866,225,static.prop.trashcan01,94.0846301260542,-7.15742254257202,108.478363037109,-55.2478790283203
817,749.284305866808,225,static.prop.trashcan01,87.4555151720618,-7.15740585327148,108.478378295898,-55.2487754821777
817,749.298240467906,225,static.prop.trashcan01,90.8324173908675,-7.15737962722778,108.478385925293,-55.2496528625488
817,749.312662664801,225,static.prop.trashcan01,91.7818951478733,-7.1573543548584,108.478408813477,-55.250659942627
818,749.326085068285,225,static.prop.trashcan01,87.929161208558,-7.15732145309448,108.478416442871,-55.2516632080078
818,749.339421767741,225,static.prop.trashcan01,86.3955452109612,-7.15729236602783,108.47843170166,-55.252613067627
818,749.352908264846,225,static.prop.trashcan01,90.91959807996,-7.15726470947266,108.478446960449,-55.2534370422363
818,749.366572067142,225,static.prop.trashcan01,87.4135243921257,-7.15724229812622,108.478462219238,-55.2544097900391
818,749.3798590675,225,static.prop.trashcan01,80.8813460496424,-7.15716552734375,108.478492736816,-55.2558174133301
818,749.393050566316,225,static.prop.trashcan01,83.4144189995128,-7.15707206726074,108.478530883789,-55.2574653625488
818,749.40714976564,225,static.prop.trashcan01,95.0347460548847,-7.1569652557373,108.478584289551,-55.2591400146484
818,749.421066466719,225,static.prop.trashcan01,94.6612784038202,-7.15691757202148,108.478607177734,-55.2598114013672
819,749.434976167977,225,static.prop.trashcan01,82.6680245357494,-7.1568775177002,108.478607177734,-55.2602691650391
819,749.448844667524,225,static.prop.trashcan01,85.033220262865,-7.1568775177002,108.478607177734,-55.2602691650391
819,749.462228365242,225,static.prop.trashcan01,125.517083436651,-7.15675830841064,108.478675842285,-55.2628059387207
819,749.47613696754,225,static.prop.trashcan01,93.7909685143405,-7.15669727325439,108.478698730469,-55.263599395752
819,749.490119766444,225,static.prop.trashcan01,93.8340700729549,-7.15666770935059,108.478729248047,-55.2642707824707
819,749.50368026644,225,static.prop.trashcan01,83.3440410392574,-7.15664052963257,108.478729248047,-55.2648658752441
819,749.517558667809,225,static.prop.trashcan01,85.3160163540727,-7.1565113067627,108.478797912598,-55.2668876647949
819,749.53169156611,225,static.prop.trashcan01,90.6629957083416,-7.15641355514526,108.478843688965,-55.2690582275391
820,749.545785266906,225,static.prop.trashcan01,89.860626408519,-7.15632915496826,108.478874206543,-55.2704887390137
820,749.559590768069,225,static.prop.trashcan01,88.7172972411947,-7.1562705039978,108.478904724121,-55.2715301513672
820,749.573259364814,225,static.prop.trashcan01,86.7370367557314,-7.15622854232788,108.478935241699,-55.2724685668945
820,749.586753867567,225,static.prop.trashcan01,87.3987023691884,-7.15619325637817,108.478942871094,-55.2734527587891
820,749.599356967956,225,static.prop.trashcan01,84.8145321560183,-7.15616178512573,108.478950500488,-55.2745246887207
820,749.612503867596,225,static.prop.trashcan01,85.9398149574749,-7.15613698959351,108.478973388672,-55.2754058837891
820,749.625962167978,225,static.prop.trashcan01,88.8429489964271,-7.15611171722412,108.478981018066,-55.2765350341797
820,749.640111066401,225,static.prop.trashcan01,89.7867078129149,-7.15608882904053,108.47900390625,-55.2777290344238
821,749.654292166233,225,static.prop.trashcan01,91.3272393370509,-7.1560583114624,108.479011535645,-55.2789497375488
821,749.668791666627,225,static.prop.trashcan01,94.0015743874562,-7.15602445602417,108.479019165039,-55.2802543640137
821,749.682793967426,225,static.prop.trashcan01,90.5133022055432,-7.1559910774231,108.479042053223,-55.2815322875977
821,749.696156267077,225,static.prop.trashcan01,87.8460750731648,-7.15595817565918,108.479057312012,-55.2826957702637
821,749.709391765296,225,static.prop.trashcan01,87.2573810840315,-7.15592861175537,108.479080200195,-55.2838592529297
821,749.722860667855,225,static.prop.trashcan01,88.1951221881199,-7.15589952468872,108.479095458984,-55.2848930358887
821,749.736532367766,225,static.prop.trashcan01,89.1952531856038,-7.15587139129639,108.479110717773,-55.2859954833984
821,749.750831265002,225,static.prop.trashcan01,93.1651668497847,-7.15584278106689,108.479118347168,-55.2870979309082
822,749.765020266175,225,static.prop.trashcan01,91.6781104054502,-7.15581655502319,108.479125976562,-55.2883110046387
822,749.779597766697,225,static.prop.trashcan01,93.6626363965932,-7.15578556060791,108.479148864746,-55.289421081543
822,749.792825765908,225,static.prop.trashcan01,89.5304376662015,-7.15574884414673,108.479164123535,-55.2907028198242
822,749.805682066828,225,static.prop.trashcan01,85.1552002820015,-7.15571689605713,108.479187011719,-55.2916450500488
822,749.819132268429,225,static.prop.trashcan01,88.2050589758331,-7.15569019317627,108.479194641113,-55.2925567626953
822,749.832569967955,225,static.prop.trashcan01,88.8101544850994,-7.1556658744812,108.479209899902,-55.2935638427734
822,749.845168765634,225,static.prop.trashcan01,86.4682671063215,-7.15564012527466,108.479217529297,-55.2945098876953
822,749.858732767403,225,static.prop.trashcan01,87.4420455254869,-7.15564012527466,108.479217529297,-55.2945098876953
823,749.872397568077,225,static.prop.trashcan01,90.0933527919356,-7.15561389923096,108.479217529297,-55.2955169677734
823,749.886170767248,225,static.prop.trashcan01,90.7815599093131,-7.15559387207031,108.479225158691,-55.2962875366211
823,749.899930167943,225,static.prop.trashcan01,89.6204743599675,-7.15556621551514,108.479248046875,-55.2972221374512
823,749.913616865873,225,static.prop.trashcan01,90.570486443039,-7.15553617477417,108.47925567627,-55.2982025146484
823,749.927066966891,225,static.prop.trashcan01,91.1781720117498,-7.15550470352173,108.479263305664,-55.2991752624512
823,749.939846668392,225,static.prop.trashcan01,87.8136894822627,-7.15547847747803,108.479286193848,-55.3001556396484
823,749.952763166279,225,static.prop.trashcan01,87.3545628083987,-7.15544891357422,108.479293823242,-55.3010101318359
823,749.966240067035,225,static.prop.trashcan01,88.4696070532437,-7.15542888641357,108.479293823242,-55.3018112182617
824,749.97986876592,225,static.prop.trashcan01,88.9516664535137,-7.15540552139282,108.479316711426,-55.3026351928711
824,749.993284165859,225,static.prop.trashcan01,89.1232656949594,-7.15537405014038,108.47932434082,-55.3037033081055
824,750.006383165717,225,static.prop.trashcan01,84.7773464739356,-7.15534400939941,108.479339599609,-55.3046188354492
824,750.019547265023,225,static.prop.trashcan01,86.5749009673668,-7.15531301498413,108.479339599609,-55.3055648803711
824,750.033137366176,225,static.prop.trashcan01,92.0470911073793,-7.1552906036377,108.479354858398,-55.3063278198242
824,750.046237464994,225,static.prop.trashcan01,126.533680688374,-7.15527105331421,108.479370117188,-55.3072471618652
824,750.059306766838,225,static.prop.trashcan01,86.0185680121355,-7.15523433685303,108.479370117188,-55.3076400756836
824,750.073043767363,225,static.prop.trashcan01,87.8979218964376,-7.15520811080933,108.479400634766,-55.3082237243652
825,750.087184567004,225,static.prop.trashcan01,90.1378806999847,-7.15517425537109,108.47940826416,-55.3089485168457
825,750.100214466453,225,static.prop.trashcan01,86.2070737386423,-7.15513944625854,108.479423522949,-55.3098945617676
825,750.113575667143,225,static.prop.trashcan01,85.7617723273276,-7.15510749816895,108.479438781738,-55.3107795715332
825,750.126600068063,225,static.prop.trashcan01,87.6742227510486,-7.15507173538208,108.479454040527,-55.3115463256836
825,750.139552567154,225,static.prop.trashcan01,84.4271185911271,-7.15504312515259,108.479469299316,-55.3124313354492
825,750.152230065316,225,static.prop.trashcan01,85.6701964409061,-7.15501308441162,108.479476928711,-55.3132820129395
825,750.165360666811,225,static.prop.trashcan01,83.5641745632208,-7.15498781204224,108.479507446289,-55.314136505127
825,750.179000265896,225,static.prop.trashcan01,89.504868510949,-7.15495777130127,108.479507446289,-55.3149604797363
826,750.19237556681,225,static.prop.trashcan01,88.1833524493925,-7.15493011474609,108.479522705078,-55.3158760070801
826,750.205165266991,225,static.prop.trashcan01,84.9199150008351,-7.15489959716797,108.479537963867,-55.3167610168457
826,750.21798626706,225,static.prop.trashcan01,86.4252995252504,-7.15486907958984,108.479545593262,-55.3176155090332
826,750.230868667364,225,static.prop.trashcan01,86.1569136779977,-7.15484714508057,108.479560852051,-55.3183441162109
826,750.244415964931,225,static.prop.trashcan01,89.5228619456142,-7.15482425689697,108.479568481445,-55.3191108703613
826,750.25817296654,225,static.prop.trashcan01,89.2327206245662,-7.15480136871338,108.47957611084,-55.3198661804199
826,750.271603368223,225,static.prop.trashcan01,87.5989709687891,-7.15480136871338,108.47957611084,-55.3198661804199
826,750.285787764937,225,static.prop.trashcan01,91.4484842824949,-7.15477228164673,108.479598999023,-55.3207588195801
827,750.299656067044,225,static.prop.trashcan01,89.4145550297829,-7.15474605560303,108.479606628418,-55.3215522766113
827,750.313552767038,225,static.prop.trashcan01,90.1073911412332,-7.15471315383911,108.479614257812,-55.3222846984863
827,750.327344868332,225,static.prop.trashcan01,90.0114047571525,-7.1546802520752,108.479637145996,-55.3231353759766
827,750.340300068259,225,static.prop.trashcan01,86.6600556087378,-7.15464973449707,108.479652404785,-55.3240051269531
827,750.353326965123,225,static.prop.trashcan01,86.1361877922258,-7.15461921691895,108.479675292969,-55.3246955871582
827,750.36623416841,225,static.prop.trashcan01,85.5329756796409,-7.15459203720093,108.479682922363,-55.3254241943359
827,750.379783667624,225,static.prop.trashcan01,88.6603236545905,-7.15456581115723,108.479698181152,-55.3261604309082
827,750.393398765475,225,static.prop.trashcan01,89.2844483744945,-7.15453863143921,108.479705810547,-55.3270111083984
828,750.407526567578,225,static.prop.trashcan01,89.2138994869482,-7.15451049804688,108.479736328125,-55.327808380127
828,750.420714266598,225,static.prop.trashcan01,88.0415870040508,-7.15447235107422,108.479736328125,-55.3287544250488
828,750.433708366007,225,static.prop.trashcan01,86.1369880139813,-7.15444374084473,108.479751586914,-55.3295745849609
828,750.447329867631,225,static.prop.trashcan01,88.9899562583334,-7.15441560745239,108.479766845703,-55.3303108215332
828,750.460656367242,225,static.prop.trashcan01,89.2219202605249,-7.15438413619995,108.479782104492,-55.3311996459961
828,750.474253866822,225,static.prop.trashcan01,88.5163337918382,-7.15435552597046,108.479789733887,-55.3319244384766
828,750.487546864897,225,static.prop.trashcan01,87.1028439803991,-7.15432739257812,108.479804992676,-55.3327484130859
828,750.50085586682,225,static.prop.trashcan01,86.4579737164876,-7.15430164337158,108.479820251465,-55.3335762023926
828,750.515150167048,225,static.prop.trashcan01,91.6909617841206,-7.15427494049072,108.479827880859,-55.3343696594238
829,750.528756566346,225,static.prop.trashcan01,88.4453378842707,-7.15424346923828,108.479843139648,-55.3352851867676
829,750.542499665171,225,static.prop.trashcan01,90.9577897658411,-7.15420818328857,108.479858398438,-55.3361396789551
829,750.556003965437,225,static.prop.trashcan01,88.1884022211325,-7.15417909622192,108.479873657227,-55.3369369506836
829,750.570031665266,225,static.prop.trashcan01,91.8376302516081,-7.15415143966675,108.479881286621,-55.3377265930176
829,750.584181267768,225,static.prop.trashcan01,91.7944587038184,-7.15412378311157,108.47989654541,-55.3386116027832
829,750.598452366889,225,static.prop.trashcan01,93.4602007548041,-7.15408754348755,108.479911804199,-55.3394966125488
829,750.613228265196,225,static.prop.trashcan01,95.8332114919471,-7.15405559539795,108.479927062988,-55.3403739929199
830,750.627997267991,225,static.prop.trashcan01,95.9181350093503,-7.15401887893677,108.479942321777,-55.3412933349609
830,750.643338166177,225,static.prop.trashcan01,99.0207671914085,-7.15398073196411,108.479957580566,-55.3422431945801
830,750.658634565771,225,static.prop.trashcan01,98.1431582903556,-7.15394401550293,108.47998046875,-55.3432464599609
830,750.674161266536,225,static.prop.trashcan01,98.1110881786601,-7.15390300750732,108.480010986328,-55.3442230224609
830,750.6879927665,225,static.prop.trashcan01,92.5590860291779,-7.15388965606689,108.480010986328,-55.3446235656738
830,750.7011763677,225,static.prop.trashcan01,92.330817592227,-7.15386009216309,108.480033874512,-55.3452568054199
830,750.714038267732,225,static.prop.trashcan01,89.3275590189452,-7.15382719039917,108.480033874512,-55.345874786377
830,750.728672266006,225,static.prop.trashcan01,92.3981726236682,-7.15380764007568,108.48006439209,-55.3464508056641
831,750.743643667549,225,static.prop.trashcan01,96.1100497317851,-7.15378141403198,108.480056762695,-55.347339630127
831,750.757975164801,225,static.prop.trashcan01,91.4674874852247,-7.15374994277954,108.480087280273,-55.3483123779297
831,750.772668868303,225,static.prop.trashcan01,94.6427940776919,-7.15371131896973,108.480094909668,-55.3491973876953
831,750.787397667766,225,static.prop.trashcan01,95.8545830627534,-7.15367460250854,108.480102539062,-55.350212097168
831,750.801134366542,225,static.prop.trashcan01,90.7341684575043,-7.15363931655884,108.480125427246,-55.3511238098145
831,750.815138366073,225,static.prop.trashcan01,72.1968298720066,-7.15360689163208,108.480140686035,-55.3519744873047
831,750.828571368009,225,static.prop.trashcan01,88.0279852887895,-7.15352296829224,108.480171203613,-55.3535079956055
831,750.84233616665,225,static.prop.trashcan01,86.7664082604788,-7.1534538269043,108.480224609375,-55.354606628418
832,750.856032367796,225,static.prop.trashcan01,85.8329386547265,-7.15334463119507,108.480262756348,-55.3565826416016
832,750.869993165135,225,static.prop.trashcan01,86.9752739711431,-7.15323877334595,108.48030090332,-55.3579025268555
832,750.883948165923,225,static.prop.trashcan01,85.4169047507969,-7.15313959121704,108.480346679688,-55.3592147827148
832,750.897591564804,225,static.prop.trashcan01,91.5165129379852,-7.15302801132202,108.48038482666,-55.3607902526855
832,750.912189867347,225,static.prop.trashcan01,92.1044207668878,-7.15297508239746,108.480415344238,-55.3613052368164
832,750.926223468035,225,static.prop.trashcan01,85.6486214139482,-7.15285396575928,108.48046875,-55.3630561828613
832,750.93985266611,225,static.prop.trashcan01,129.129168418379,-7.15275382995605,108.480514526367,-55.3651275634766
832,750.954255767167,225,static.prop.trashcan01,93.7703682916969,-7.15266847610474,108.480545043945,-55.3663177490234
833,750.971057165414,225,static.prop.trashcan01,105.120762136332,-7.1526255607605,108.480560302734,-55.3671722412109
833,750.984883066267,225,static.prop.trashcan01,89.3828768677357,-7.15258264541626,108.480575561523,-55.3684844970703
833,750.99888606742,225,static.prop.trashcan01,90.4186372980743,-7.15254306793213,108.480590820312,-55.369457244873
833,751.012808866799,225,static.prop.trashcan01,90.6709304245057,-7.15251207351685,108.480613708496,-55.3705253601074
833,751.02564226836,225,static.prop.trashcan01,84.7308230957502,-7.1524863243103,108.480628967285,-55.3715667724609
833,751.03883946687,225,static.prop.trashcan01,87.06038864062,-7.15246200561523,108.480644226074,-55.3725433349609
833,751.05264736712,225,static.prop.trashcan01,91.8415953253611,-7.15244293212891,108.480651855469,-55.3735847473145
834,751.067010466009,225,static.prop.trashcan01,93.8315912190165,-7.15242195129395,108.480659484863,-55.374641418457
834,751.080720566213,225,static.prop.trashcan01,87.8325917449451,-7.15240049362183,108.480682373047,-55.3759651184082
834,751.094362664968,225,static.prop.trashcan01,89.3326544753463,-7.15239286422729,108.480682373047,-55.3762969970703
834,751.107978265733,225,static.prop.trashcan01,88.6078012231533,-7.15237188339233,108.480690002441,-55.3770599365234
834,751.121485468,225,static.prop.trashcan01,90.2775318807552,-7.15234613418579,108.480697631836,-55.3780670166016
834,751.134697567672,225,static.prop.trashcan01,89.2513633049328,-7.15232181549072,108.480712890625,-55.3791007995605
834,751.148329865187,225,static.prop.trashcan01,88.2438313493018,-7.1522970199585,108.480728149414,-55.3801078796387
835,751.162634667009,225,static.prop.trashcan01,93.414984548604,-7.15226936340332,108.480743408203,-55.3812675476074
835,751.17706046626,225,static.prop.trashcan01,95.2031328673478,-7.15223789215088,108.480751037598,-55.3825454711914
835,751.191478066146,225,static.prop.trashcan01,93.9495590343427,-7.15220546722412,108.480766296387,-55.3837776184082
835,751.205228768289,225,static.prop.trashcan01,92.2499462667066,-7.15216970443726,108.480781555176,-55.3849678039551
835,751.219174865633,225,static.prop.trashcan01,92.4200306139527,-7.15213775634766,108.480796813965,-55.3861274719238
835,751.232913766056,225,static.prop.trashcan01,88.8633243391997,-7.1521110534668,108.480819702148,-55.3871383666992
835,751.246114566922,225,static.prop.trashcan01,89.3682760984982,-7.1520791053772,108.480827331543,-55.3882293701172
835,751.259426165372,225,static.prop.trashcan01,90.4058369138175,-7.15204811096191,108.480850219727,-55.3892402648926
835,751.273710366338,225,static.prop.trashcan01,95.3214037788357,-7.15201950073242,108.480857849121,-55.3901863098145
836,751.287590265274,225,static.prop.trashcan01,91.3093649672073,-7.15199565887451,108.480865478516,-55.3912200927734
836,751.302040167153,225,static.prop.trashcan01,94.1825520417983,-7.15196514129639,108.48087310791,-55.3922538757324
836,751.315455265343,225,static.prop.trashcan01,86.83497274802,-7.15193653106689,108.480895996094,-55.3932952880859
836,751.328833967447,225,static.prop.trashcan01,88.0522764988884,-7.15190553665161,108.480903625488,-55.3942489624023
836,751.343009565026,225,static.prop.trashcan01,91.8794895893477,-7.15188026428223,108.480926513672,-55.395191192627
836,751.356812365353,225,static.prop.trashcan01,75.5063884184162,-7.15187311172485,108.480918884277,-55.3958625793457
836,751.370765965432,225,static.prop.trashcan01,89.738417205501,-7.15183639526367,108.480941772461,-55.396656036377
836,751.385275367647,225,static.prop.trashcan01,93.0920552274753,-7.1518030166626,108.480941772461,-55.3972587585449
837,751.399557765573,225,static.prop.trashcan01,91.8147552175991,-7.15176677703857,108.480964660645,-55.398063659668
837,751.413219366223,225,static.prop.trashcan01,90.1300937917774,-7.15172672271729,108.480987548828,-55.3990020751953
837,751.425765264779,225,static.prop.trashcan01,87.6763411894588,-7.15169191360474,108.481002807617,-55.3998336791992
837,751.439271867275,225,static.prop.trashcan01,90.2411338646903,-7.15165567398071,108.481010437012,-55.4005317687988
837,751.452791366726,225,static.prop.trashcan01,87.8523100416081,-7.15162944793701,108.481033325195,-55.4014129638672
837,751.463464766741,225,static.prop.trashcan01,68.9948073034817,-7.15159893035889,108.48104095459,-55.4023284912109
837,751.47272176668,225,static.prop.trashcan01,108.220396789779,-7.15156602859497,108.481071472168,-55.4030990600586
837,751.482467968017,225,static.prop.trashcan01,117.841528443507,-7.15153932571411,108.481063842773,-55.4040069580078
838,751.493026766926,225,static.prop.trashcan01,99.0125774879591,-7.15151357650757,108.481063842773,-55.4046859741211
838,751.503290265799,225,static.prop.trashcan01,64.8960966341464,-7.15151405334473,108.481071472168,-55.4045944213867
838,751.513447266072,225,static.prop.trashcan01,101.930195464638,-7.15146589279175,108.481079101562,-55.4051704406738
838,751.524089865386,225,static.prop.trashcan01,62.0554293196409,-7.1513729095459,108.481132507324,-55.4064483642578
838,751.535392165184,225,static.prop.trashcan01,77.1699793575706,-7.15133476257324,108.481140136719,-55.4060859680176
838,751.546460367739,225,static.prop.trashcan01,62.3767916945597,-7.15132713317871,108.481140136719,-55.4052543640137
838,751.557063065469,225,static.prop.trashcan01,75.1014355472882,-7.15135097503662,108.481140136719,-55.4032096862793
838,751.568160265684,225,static.prop.trashcan01,86.1224994745886,-7.15138816833496,108.481109619141,-55.4011726379395
838,751.579287268221,225,static.prop.trashcan01,71.3663027183513,-7.15143775939941,108.481079101562,-55.399055480957
838,751.590442765504,225,static.prop.trashcan01,74.7225840599673,-7.1514892578125,108.481048583984,-55.3970489501953
839,751.603759266436,225,static.prop.trashcan01,99.1945163946956,-7.15153360366821,108.481025695801,-55.395679473877
839,751.615819968283,225,static.prop.trashcan01,82.5194884067674,-7.15153694152832,108.481010437012,-55.3959808349609
839,751.628264065832,225,static.prop.trashcan01,83.5842908812505,-7.15152645111084,108.481025695801,-55.396800994873
839,751.640362065285,225,static.prop.trashcan01,81.9478074826589,-7.15151119232178,108.481025695801,-55.3977813720703
839,751.652111764997,225,static.prop.trashcan01,79.8928466094923,-7.15149211883545,108.481033325195,-55.398853302002
839,751.664280667901,225,static.prop.trashcan01,81.8482481937108,-7.1514720916748,108.481033325195,-55.3999519348145
839,751.676538266242,225,static.prop.trashcan01,82.8095773170384,-7.15145063400269,108.48104095459,-55.4011688232422
839,751.688606668264,225,static.prop.trashcan01,81.7393800026327,-7.1514310836792,108.481048583984,-55.4022369384766
839,751.699912965298,225,static.prop.trashcan01,77.0141552483828,-7.15140962600708,108.481063842773,-55.4034576416016
839,751.713135667145,225,static.prop.trashcan01,84.0340768151719,-7.15138483047485,108.481079101562,-55.4045867919922
840,751.725882966071,225,static.prop.trashcan01,86.3106472461005,-7.15136098861694,108.481079101562,-55.4058723449707
840,751.73812796548,225,static.prop.trashcan01,82.727866471269,-7.15133953094482,108.481094360352,-55.4070358276367
840,751.750708267093,225,static.prop.trashcan01,84.3832594155151,-7.15131711959839,108.481101989746,-55.4080924987793
840,751.763492267579,225,static.prop.trashcan01,86.1654322125054,-7.15129375457764,108.481101989746,-55.4091262817383
840,751.776846665889,225,static.prop.trashcan01,88.6136242159724,-7.15127420425415,108.481117248535,-55.4102554321289
840,751.788722865283,225,static.prop.trashcan01,82.3348485640431,-7.1512508392334,108.481132507324,-55.4113578796387
840,751.80040646717,225,static.prop.trashcan01,79.5890553571837,-7.15122842788696,108.481140136719,-55.4122772216797
840,751.811913065612,225,static.prop.trashcan01,77.8745413780831,-7.15120458602905,108.481163024902,-55.4132232666016
841,751.823292165995,225,static.prop.trashcan01,76.6646467909531,-7.15118217468262,108.481170654297,-55.4142303466797
841,751.835614465177,225,static.prop.trashcan01,81.8965945874096,-7.15115690231323,108.481178283691,-55.4150772094727
841,751.84778636694,225,static.prop.trashcan01,82.4541193785492,-7.15113306045532,108.481185913086,-55.4160995483398
841,751.859177667648,225,static.prop.trashcan01,77.4770550286562,-7.15111017227173,108.48120880127,-55.4169502258301
841,751.870729465038,225,static.prop.trashcan01,77.4449445894066,-7.15108585357666,108.481216430664,-55.4178314208984
841,751.882105566561,225,static.prop.trashcan01,77.1307968743115,-7.15106105804443,108.481231689453,-55.4186859130859
841,751.894794166088,225,static.prop.trashcan01,82.852569757416,-7.15103578567505,108.481246948242,-55.4195404052734
841,751.908195767552,225,static.prop.trashcan01,86.2538918776325,-7.15103578567505,108.481246948242,-55.4195404052734
841,751.921501368284,225,static.prop.trashcan01,88.9565429007674,-7.15101480484009,108.481246948242,-55.4204597473145
842,751.934854067862,225,static.prop.trashcan01,88.3348775074544,-7.15100336074829,108.481254577637,-55.4210624694824
842,751.949090264738,225,static.prop.trashcan01,86.6176299734726,-7.15098333358765,108.48127746582,-55.4218864440918
842,751.962949667126,225,static.prop.trashcan01,92.5857663615337,-7.15095996856689,108.481285095215,-55.4229164123535
842,751.976183865219,225,static.prop.trashcan01,101.02179123999,-7.15094089508057,108.481307983398,-55.4235725402832
842,751.99026376754,225,static.prop.trashcan01,90.9226202951246,-7.15092992782593,108.481292724609,-55.4240646362305
842,752.00685916841,225,static.prop.trashcan01,94.851657988687,-7.15087938308716,108.481323242188,-55.4257049560547
842,752.020873066038,225,static.prop.trashcan01,118.018820724617,-7.15077066421509,108.481376647949,-55.428394317627
842,752.035323366523,225,static.prop.trashcan01,140.952179944417,-7.1506175994873,108.481452941895,-55.4294509887695
842,752.049866065383,225,static.prop.trashcan01,89.3531881417044,-7.15051937103271,108.481498718262,-55.4291839599609
843,752.064406365156,225,static.prop.trashcan01,89.2624839639559,-7.1504545211792,108.48152923584,-55.4291229248047
843,752.078470166773,225,static.prop.trashcan01,88.4825085065405,-7.15040826797485,108.481552124023,-55.4294281005859
843,752.092473965138,225,static.prop.trashcan01,87.1075676941433,-7.1503701210022,108.481582641602,-55.4297904968262
843,752.104997765273,225,static.prop.trashcan01,81.0443592751854,-7.15033674240112,108.481597900391,-55.430347442627
843,752.118155367672,225,static.prop.trashcan01,83.4572557740406,-7.15030765533447,108.481628417969,-55.4309501647949
843,752.131138566881,225,static.prop.trashcan01,84.0710897880591,-7.15028047561646,108.481636047363,-55.4317169189453
843,752.145176265389,225,static.prop.trashcan01,91.0706744855034,-7.1502537727356,108.481658935547,-55.4325981140137
844,752.159100465477,225,static.prop.trashcan01,90.1355454489384,-7.15022325515747,108.481666564941,-55.4336090087891
844,752.172590468079,225,static.prop.trashcan01,85.4606166955652,-7.1501932144165,108.48169708252,-55.4347343444824
844,752.185959268361,225,static.prop.trashcan01,86.5395123457339,-7.15015983581543,108.481704711914,-55.4357070922852
844,752.19958326593,225,static.prop.trashcan01,88.0098766328694,-7.15013122558594,108.481727600098,-55.4367790222168
844,752.212483365089,225,static.prop.trashcan01,83.169555484467,-7.15010261535645,108.481758117676,-55.437816619873
844,752.225089266896,225,static.prop.trashcan01,84.4915482530704,-7.15006923675537,108.481758117676,-55.4388275146484
844,752.237853366882,225,static.prop.trashcan01,83.8294360767529,-7.1500449180603,108.481773376465,-55.4396820068359
844,752.250532865524,225,static.prop.trashcan01,84.6065382616807,-7.15001916885376,108.481781005859,-55.4406890869141
844,752.263453766704,225,static.prop.trashcan01,82.9908651228233,-7.14999675750732,108.481803894043,-55.4416961669922
845,752.276543367654,225,static.prop.trashcan01,85.4319306539043,-7.14997005462646,108.481811523438,-55.4427070617676
845,752.290474366397,225,static.prop.trashcan01,90.7744655157187,-7.14994144439697,108.481826782227,-55.4437141418457
845,752.303891565651,225,static.prop.trashcan01,85.5181987471281,-7.14991331100464,108.481842041016,-55.4448699951172
845,752.317958768457,225,static.prop.trashcan01,90.4114922085869,-7.14991331100464,108.481842041016,-55.4448699951172
845,752.332272265106,225,static.prop.trashcan01,91.7492129738634,-7.14987897872925,108.481842041016,-55.4460258483887
845,752.347067065537,225,static.prop.trashcan01,94.2834217646268,-7.14985227584839,108.481864929199,-55.4468765258789
845,752.361087165773,225,static.prop.trashcan01,90.2242008453069,-7.14981555938721,108.481880187988,-55.4479484558105
845,752.37824556604,225,static.prop.trashcan01,108.799010114512,-7.14977502822876,108.481903076172,-55.4490585327148
846,752.392780765891,225,static.prop.trashcan01,92.398230380986,-7.14973449707031,108.481910705566,-55.4503631591797
846,752.419743668288,225,static.prop.trashcan01,111.395446748158,-7.14968872070312,108.481941223145,-55.4513740539551
846,752.443844366819,225,static.prop.trashcan01,100.853195025771,-7.1496057510376,108.481971740723,-55.4536285400391
846,752.464451767504,225,static.prop.trashcan01,92.1474195301674,-7.1495189666748,108.482025146484,-55.4554061889648
846,752.482131067663,225,static.prop.trashcan01,111.705975919857,-7.1494607925415,108.482048034668,-55.4566268920898
846,752.498361565173,225,static.prop.trashcan01,101.983182669793,-7.1494255065918,108.482070922852,-55.4579048156738
847,752.523541364819,225,static.prop.trashcan01,105.778925911759,-7.14937162399292,108.482093811035,-55.4591789245605
847,752.540168665349,225,static.prop.trashcan01,104.8804522555,-7.14929628372192,108.482139587402,-55.4612274169922
847,752.557622667402,225,static.prop.trashcan01,109.735599877402,-7.14924097061157,108.482162475586,-55.4625434875488
847,752.575941167772,225,static.prop.trashcan01,114.03424468215,-7.14918565750122,108.48218536377,-55.4640083312988
847,752.591077767313,225,static.prop.trashcan01,96.1301368072908,-7.14912700653076,108.482223510742,-55.4654998779297
847,752.606666967273,225,static.prop.trashcan01,101.80377561742,-7.14907503128052,108.482246398926,-55.4665718078613
848,752.623076766729,225,static.prop.trashcan01,108.190050414651,-7.14904165267944,108.482261657715,-55.4676132202148
848,752.638522766531,225,static.prop.trashcan01,97.4806573455926,-7.14899826049805,108.482284545898,-55.4690742492676
848,752.653569567949,225,static.prop.trashcan01,76.586676751274,-7.1489109992981,108.482322692871,-55.4708442687988
848,752.669314768165,225,static.prop.trashcan01,103.142218086243,-7.14872550964355,108.482406616211,-55.473560333252
848,752.682969365269,225,static.prop.trashcan01,118.519866776647,-7.14861392974854,108.482460021973,-55.4752731323242
848,752.696069568396,225,static.prop.trashcan01,93.1222603659145,-7.14859437942505,108.482460021973,-55.4745979309082
849,752.711608268321,225,static.prop.trashcan01,95.463188922306,-7.14854335784912,108.482490539551,-55.4756965637207
849,752.728170067072,225,static.prop.trashcan01,100.61408367309,-7.14843368530273,108.482513427734,-55.4778518676758
849,752.742139466107,225,static.prop.trashcan01,89.2352195068211,-7.14840745925903,108.482528686523,-55.4787406921387
849,752.757439166307,225,static.prop.trashcan01,98.8232456093921,-7.14831829071045,108.482574462891,-55.480297088623
849,752.771872267127,225,static.prop.trashcan01,91.8723716214351,-7.14823341369629,108.482604980469,-55.4817314147949
849,752.786217767745,225,static.prop.trashcan01,92.7394859067206,-7.14814805984497,108.482635498047,-55.4827728271484
850,752.800743564963,225,static.prop.trashcan01,90.8381195058076,-7.14807176589966,108.482666015625,-55.4839553833008
850,752.817702766508,225,static.prop.trashcan01,101.559696132823,-7.14798069000244,108.482711791992,-55.4854507446289
850,752.83240076527,225,static.prop.trashcan01,88.3779481908933,-7.14786291122437,108.482749938965,-55.4878082275391
850,752.848447665572,225,static.prop.trashcan01,75.8619182117825,-7.1477484703064,108.482803344727,-55.4904975891113
850,752.86227786541,225,static.prop.trashcan01,138.644718966422,-7.1475043296814,108.482917785645,-55.4955215454102
850,752.876498565078,225,static.prop.trashcan01,60.3548064832266,-7.14741182327271,108.482955932617,-55.4969100952148
850,752.890920765698,225,static.prop.trashcan01,94.0585329435998,-7.14738702774048,108.482978820801,-55.4956512451172
850,752.90720576793,225,static.prop.trashcan01,102.101887800228,-7.1473822593689,108.482978820801,-55.4955863952637
851,752.923547565937,225,static.prop.trashcan01,97.4185601230077,-7.14734125137329,108.48299407959,-55.4973068237305
851,752.937671665102,225,static.prop.trashcan01,86.5594478176273,-7.14725208282471,108.483047485352,-55.499626159668
851,752.955952566117,225,static.prop.trashcan01,102.66183057651,-7.1472020149231,108.483055114746,-55.5009307861328
851,752.968859467655,225,static.prop.trashcan01,125.368330713995,-7.14707851409912,108.483100891113,-55.5044441223145
851,752.982095368207,225,static.prop.trashcan01,79.7800592009811,-7.14700078964233,108.483154296875,-55.5058403015137
851,752.997906465083,225,static.prop.trashcan01,97.0339806446817,-7.14689826965332,108.483192443848,-55.5085906982422
851,753.011421266943,225,static.prop.trashcan01,83.8015950230816,-7.14677858352661,108.483245849609,-55.5116691589355
852,753.025282368064,225,static.prop.trashcan01,86.4518233523685,-7.14668464660645,108.483291625977,-55.5137748718262
852,753.039127767086,225,static.prop.trashcan01,125.424433484683,-7.14657258987427,108.483337402344,-55.5165519714355
852,753.052661765367,225,static.prop.trashcan01,77.3168116776006,-7.14647817611694,108.483367919922,-55.5178985595703
852,753.065555967391,225,static.prop.trashcan01,128.409937639993,-7.14638948440552,108.483406066895,-55.5201263427734
852,753.077653467655,225,static.prop.trashcan01,76.7485869856848,-7.14629173278809,108.483444213867,-55.5218620300293
852,753.091347467154,225,static.prop.trashcan01,84.2716832589877,-7.1462082862854,108.48348236084,-55.5239791870117
852,753.107808865607,225,static.prop.trashcan01,101.734426532763,-7.14611053466797,108.483535766602,-55.5262298583984
852,753.125684566796,225,static.prop.trashcan01,109.979106226127,-7.14604711532593,108.483543395996,-55.5281753540039
853,753.145802166313,225,static.prop.trashcan01,85.8070438447603,-7.14599227905273,108.483558654785,-55.5302505493164
853,753.165106266737,225,static.prop.trashcan01,116.79738734269,-7.14595127105713,108.483589172363,-55.5320014953613
853,753.184463467449,225,static.prop.trashcan01,89.3647564819787,-7.14593601226807,108.483581542969,-55.5340118408203
853,753.198689267039,225,static.prop.trashcan01,139.704205642778,-7.14602661132812,108.483535766602,-55.5319366455078
853,753.218225367367,225,static.prop.trashcan01,120.386094627397,-7.14591217041016,108.483604431152,-55.5352630615234
853,753.2360913679,225,static.prop.trashcan01,109.620261260224,-7.14583253860474,108.483627319336,-55.5385627746582
853,753.259095665067,225,static.prop.trashcan01,96.752340712271,-7.14575386047363,108.483673095703,-55.5409660339355
854,753.279544066638,225,static.prop.trashcan01,91.5604758029002,-7.145676612854,108.483726501465,-55.5434684753418
854,753.297331467271,225,static.prop.trashcan01,112.478726178723,-7.14563179016113,108.483749389648,-55.5454254150391
854,753.313756365329,225,static.prop.trashcan01,102.957326633319,-7.14560604095459,108.483757019043,-55.5473518371582
854,753.333263766021,225,static.prop.trashcan01,119.529872630185,-7.14555883407593,108.483795166016,-55.5492134094238
854,753.351128168404,225,static.prop.trashcan01,110.128694081895,-7.14555883407593,108.483795166016,-55.5492134094238
854,753.370500367135,225,static.prop.trashcan01,119.117035949887,-7.14549350738525,108.483818054199,-55.5515594482422
855,753.391083765775,225,static.prop.trashcan01,105.69054827916,-7.14543867111206,108.483856201172,-55.5533561706543
855,753.411076467484,225,static.prop.trashcan01,122.229991799286,-7.14537906646729,108.483901977539,-55.5546188354492
855,753.431902267039,225,static.prop.trashcan01,94.2613241394571,-7.14520788192749,108.483978271484,-55.5583915710449
855,753.447331566364,225,static.prop.trashcan01,95.1109675364252,-7.14504194259644,108.484069824219,-55.5614700317383
855,753.466266367584,225,static.prop.trashcan01,112.759295727692,-7.14494609832764,108.484092712402,-55.5639152526855
856,753.483473367989,225,static.prop.trashcan01,148.950964522535,-7.1448450088501,108.48413848877,-55.5678558349609
856,753.498013366014,225,static.prop.trashcan01,96.9117431741431,-7.14475440979004,108.484169006348,-55.5697402954102
856,753.51482886821,225,static.prop.trashcan01,108.191385923396,-7.14470815658569,108.484184265137,-55.5709648132324
856,753.532150767744,225,static.prop.trashcan01,108.716642265787,-7.14467573165894,108.484199523926,-55.5726127624512
856,753.547053065151,225,static.prop.trashcan01,96.4677985764929,-7.14462947845459,108.484214782715,-55.5745086669922
856,753.563612267375,225,static.prop.trashcan01,105.98659721948,-7.14458799362183,108.484237670898,-55.5758514404297
857,753.581096068025,225,static.prop.trashcan01,109.557623199956,-7.14455795288086,108.484252929688,-55.577465057373
857,753.597843468189,225,static.prop.trashcan01,105.671556699005,-7.14451932907104,108.484275817871,-55.5793228149414
857,753.617457967252,225,static.prop.trashcan01,120.470324945457,-7.14447116851807,108.484306335449,-55.5810890197754
857,753.636301767081,225,static.prop.trashcan01,115.824143993335,-7.1444149017334,108.484313964844,-55.5832901000977
857,753.653164967895,225,static.prop.trashcan01,106.99502680357,-7.14433813095093,108.484352111816,-55.5853691101074
857,753.670771565288,225,static.prop.trashcan01,112.544712052544,-7.14427709579468,108.484390258789,-55.586986541748
857,753.690452765673,225,static.prop.trashcan01,128.08632829361,-7.14423894882202,108.484413146973,-55.5886001586914
858,753.707082666457,225,static.prop.trashcan01,102.280908833339,-7.14422702789307,108.484420776367,-55.5895233154297
858,753.725675765425,225,static.prop.trashcan01,114.28939344856,-7.14413690567017,108.484466552734,-55.5919380187988
858,753.740275666118,225,static.prop.trashcan01,137.670137750208,-7.14403963088989,108.484519958496,-55.5952339172363
858,753.755854766816,225,static.prop.trashcan01,96.7535919316762,-7.14394950866699,108.484565734863,-55.5964202880859
858,753.77378006652,225,static.prop.trashcan01,110.24069794701,-7.14392280578613,108.484565734863,-55.5972747802734
858,753.788957867771,225,static.prop.trashcan01,175.88111540056,-7.14377784729004,108.484634399414,-55.6010856628418
858,753.810362268239,225,static.prop.trashcan01,88.1579873031516,-7.14355087280273,108.484725952148,-55.6060943603516
859,753.830717567354,225,static.prop.trashcan01,89.9355143833632,-7.14333248138428,108.484809875488,-55.6110343933105
859,753.847408868372,225,static.prop.trashcan01,119.375501827632,-7.14314985275269,108.484878540039,-55.6146354675293
859,753.860429666936,225,static.prop.trashcan01,92.228470136192,-7.14299345016479,108.484939575195,-55.6176338195801
859,753.87547846511,225,static.prop.trashcan01,122.431911140499,-7.14283227920532,108.485008239746,-55.6208610534668
859,753.888816468418,225,static.prop.trashcan01,140.928885291988,-7.14268684387207,108.485054016113,-55.6230888366699
859,753.903971165419,225,static.prop.trashcan01,104.645246340288,-7.14263677597046,108.485076904297,-55.6224174499512
860,753.915723767132,225,static.prop.trashcan01,124.833506561604,-7.14256572723389,108.485084533691,-55.6225166320801
860,753.930708564818,225,static.prop.trashcan01,99.3541235690016,-7.14239597320557,108.485153198242,-55.6255950927734
860,753.947092767805,225,static.prop.trashcan01,110.883827857625,-7.1422758102417,108.485191345215,-55.6276664733887
860,753.960144765675,225,static.prop.trashcan01,88.3489862766414,-7.14219999313354,108.485214233398,-55.6292839050293
860,753.971271168441,225,static.prop.trashcan01,76.8136959960473,-7.14214992523193,108.485229492188,-55.6304244995117
860,753.983520966023,225,static.prop.trashcan01,69.8451977072612,-7.14211416244507,108.485252380371,-55.6313667297363
860,753.996274866164,225,static.prop.trashcan01,81.3179016686934,-7.14209032058716,108.485252380371,-55.632152557373
861,754.012623865157,225,static.prop.trashcan01,100.238100459996,-7.14204168319702,108.48526763916,-55.6337394714355
861,754.027757965028,225,static.prop.trashcan01,96.5553944767907,-7.14191341400146,108.485328674316,-55.6375617980957
861,754.043255865574,225,static.prop.trashcan01,97.3418525099705,-7.14180517196655,108.485382080078,-55.6403007507324
861,754.055109865963,225,static.prop.trashcan01,76.5960616992568,-7.14174556732178,108.485420227051,-55.6421012878418
861,754.068831965327,225,static.prop.trashcan01,86.8198628725628,-7.14171600341797,108.485427856445,-55.6429557800293
861,754.082651168108,225,static.prop.trashcan01,90.5557062938777,-7.14169502258301,108.48543548584,-55.6440849304199
861,754.099181566387,225,static.prop.trashcan01,104.181820497907,-7.14167261123657,108.485458374023,-55.6453971862793
861,754.111505266279,225,static.prop.trashcan01,89.0335014129133,-7.14164543151855,108.485466003418,-55.647346496582
862,754.123553264886,225,static.prop.trashcan01,79.4457119455741,-7.14161348342896,108.485496520996,-55.6486053466797
862,754.136207368225,225,static.prop.trashcan01,85.7812526665697,-7.14159297943115,108.485504150391,-55.6497039794922
862,754.148702166975,225,static.prop.trashcan01,89.6127039443097,-7.14157342910767,108.485511779785,-55.650993347168
862,754.161090966314,225,static.prop.trashcan01,89.3395133168669,-7.14154148101807,108.485542297363,-55.6524810791016
862,754.174335867167,225,static.prop.trashcan01,97.2020588347316,-7.14152956008911,108.485542297363,-55.6527862548828
862,754.18678496778,225,static.prop.trashcan01,92.2759341538755,-7.14148044586182,108.485557556152,-55.6539688110352
862,754.198361568153,225,static.prop.trashcan01,86.5907917349109,-7.14142608642578,108.485580444336,-55.6552619934082
862,754.209733866155,225,static.prop.trashcan01,87.873262435815,-7.14136838912964,108.48560333252,-55.6563491821289
862,754.223264764994,225,static.prop.trashcan01,98.5228897263829,-7.14131498336792,108.485626220703,-55.6575813293457
863,754.236631765962,225,static.prop.trashcan01,97.9066439732118,-7.14124631881714,108.485641479492,-55.6591033935547
863,754.253652267158,225,static.prop.trashcan01,121.060977362185,-7.14117670059204,108.48567199707,-55.6605987548828
863,754.271011266857,225,static.prop.trashcan01,125.148815011968,-7.1410698890686,108.485710144043,-55.6628837585449
863,754.286260865629,225,static.prop.trashcan01,113.007190544769,-7.14091396331787,108.485778808594,-55.6654472351074
863,754.300918865949,225,static.prop.trashcan01,112.195542090987,-7.1407527923584,108.485824584961,-55.6676483154297
863,754.318462967873,225,static.prop.trashcan01,131.990088265655,-7.1406044960022,108.485893249512,-55.6696014404297
863,754.333339966834,225,static.prop.trashcan01,112.622397580993,-7.14042711257935,108.485961914062,-55.6721000671387
864,754.349666867405,225,static.prop.trashcan01,124.401981206832,-7.14027261734009,108.486022949219,-55.6740798950195
864,754.362894866616,225,static.prop.trashcan01,105.538263998546,-7.14010953903198,108.48609161377,-55.6764297485352
864,754.377463366836,225,static.prop.trashcan01,117.424880077981,-7.13997077941895,108.48616027832,-55.6782646179199
864,754.390103865415,225,static.prop.trashcan01,106.802464822772,-7.13979768753052,108.486221313477,-55.6806449890137
864,754.403259366751,225,static.prop.trashcan01,112.726517633887,-7.13962650299072,108.486289978027,-55.6829109191895
864,754.415769867599,225,static.prop.trashcan01,108.31850902067,-7.13944053649902,108.486366271973,-55.6854705810547
864,754.427530165762,225,static.prop.trashcan01,102.336398034643,-7.13926124572754,108.486434936523,-55.6876602172852
864,754.440703164786,225,static.prop.trashcan01,115.166257294028,-7.13909530639648,108.486503601074,-55.6898002624512
864,754.453169465065,225,static.prop.trashcan01,96.6918253197813,-7.1389012336731,108.48657989502,-55.6924209594727
865,754.466861765832,225,static.prop.trashcan01,103.629508410216,-7.13867664337158,108.486663818359,-55.6963043212891
865,754.479181267321,225,static.prop.trashcan01,118.205991191328,-7.13840389251709,108.486778259277,-55.701343536377
865,754.490644864738,225,static.prop.trashcan01,130.724229053346,-7.1382303237915,108.486846923828,-55.7032928466797
865,754.503300964832,225,static.prop.trashcan01,101.105003766585,-7.13797187805176,108.486938476562,-55.7082672119141
865,754.514764666557,225,static.prop.trashcan01,141.65718578817,-7.13770389556885,108.487045288086,-55.7137641906738
865,754.527058865875,225,static.prop.trashcan01,107.630762134732,-7.13749122619629,108.487144470215,-55.7178153991699
865,754.538765665144,225,static.prop.trashcan01,92.1625631431826,-7.13734006881714,108.487205505371,-55.7211380004883
865,754.550429966301,225,static.prop.trashcan01,94.0109469379883,-7.13721990585327,108.487243652344,-55.7240142822266
865,754.562543068081,225,static.prop.trashcan01,95.0610452227291,-7.13711214065552,108.487289428711,-55.7267646789551
866,754.575738765299,225,static.prop.trashcan01,103.673536628033,-7.13700485229492,108.487319946289,-55.7295684814453
866,754.590472668409,225,static.prop.trashcan01,111.758086054218,-7.13689851760864,108.487358093262,-55.7325630187988
866,754.608934167773,225,static.prop.trashcan01,132.266712409644,-7.13679075241089,108.487396240234,-55.7358207702637
866,754.626026965678,225,static.prop.trashcan01,119.235248355126,-7.13667154312134,108.487449645996,-55.7399139404297
866,754.64396956563,225,static.prop.trashcan01,121.379408165075,-7.13656282424927,108.487510681152,-55.7436103820801
866,754.661962866783,225,static.prop.trashcan01,122.7335608642,-7.13646507263184,108.487548828125,-55.7472991943359
866,754.677291467786,225,static.prop.trashcan01,107.366598365514,-7.13637208938599,108.487594604492,-55.7510795593262
867,754.691640567034,225,static.prop.trashcan01,102.131752905143,-7.13629341125488,108.487663269043,-55.754222869873
867,754.705564066768,225,static.prop.trashcan01,98.7584833423671,-7.13623094558716,108.487701416016,-55.7569389343262
867,754.718885768205,225,static.prop.trashcan01,94.5742240729861,-7.13618755340576,108.487731933594,-55.7596282958984
867,754.731561865658,225,static.prop.trashcan01,67.5472322375288,-7.13616132736206,108.487762451172,-55.7619476318359
867,754.744168866426,225,static.prop.trashcan01,125.746127129021,-7.13607120513916,108.487823486328,-55.7656364440918
867,754.757325865328,225,static.prop.trashcan01,93.6251678744802,-7.13597965240479,108.487869262695,-55.7684135437012
867,754.772209867835,225,static.prop.trashcan01,93.5290071344733,-7.13592147827148,108.487899780273,-55.7712211608887
868,754.787454165518,225,static.prop.trashcan01,92.6432812913975,-7.13588237762451,108.487930297852,-55.774585723877
868,754.801997065544,225,static.prop.trashcan01,92.5025550121839,-7.13581514358521,108.487976074219,-55.7780380249023
868,754.814688466489,225,static.prop.trashcan01,84.94182705029,-7.13578605651855,108.487998962402,-55.779899597168
868,754.826748367399,225,static.prop.trashcan01,90.1446747054182,-7.13577127456665,108.488021850586,-55.7817497253418
868,754.837979465723,225,static.prop.trashcan01,68.5480071746886,-7.13577175140381,108.488021850586,-55.7832527160645
868,754.849555067718,225,static.prop.trashcan01,83.1692866547649,-7.13570356369019,108.488075256348,-55.7858695983887
868,754.861256767064,225,static.prop.trashcan01,127.237315554726,-7.13560485839844,108.488121032715,-55.7891044616699
868,754.872576266527,225,static.prop.trashcan01,76.931728789867,-7.13551616668701,108.488174438477,-55.7917938232422
869,754.885362565517,225,static.prop.trashcan01,79.7928811812771,-7.1353816986084,108.488243103027,-55.7948951721191
869,754.898002564907,225,static.prop.trashcan01,87.5945346420495,-7.13528108596802,108.488288879395,-55.7970733642578
869,754.910282466561,225,static.prop.trashcan01,83.3751619684752,-7.13527917861938,108.488288879395,-55.7977638244629
869,754.922351267189,225,static.prop.trashcan01,83.0361426580323,-7.13531827926636,108.48828125,-55.7979583740234
869,754.934339866042,225,static.prop.trashcan01,81.8747140560601,-7.13537454605103,108.488258361816,-55.7979202270508
869,754.946753066033,225,static.prop.trashcan01,80.7676342602208,-7.1354398727417,108.488243103027,-55.7978019714355
869,754.960394565016,225,static.prop.trashcan01,122.223045895189,-7.13551235198975,108.488212585449,-55.7976570129395
869,754.973867565393,225,static.prop.trashcan01,144.78558492772,-7.13548040390015,108.488220214844,-55.8006744384766
869,754.986459866166,225,static.prop.trashcan01,78.618219327576,-7.13542461395264,108.488243103027,-55.8033332824707
869,755.000503867865,225,static.prop.trashcan01,89.7919718692903,-7.13538265228271,108.488258361816,-55.8054618835449
870,755.014039967209,225,static.prop.trashcan01,86.5886436822555,-7.1353497505188,108.488265991211,-55.8076629638672
870,755.027939267457,225,static.prop.trashcan01,88.8781825953748,-7.13532066345215,108.48828125,-55.8095207214355
870,755.041514065117,225,static.prop.trashcan01,87.2353891435696,-7.13529396057129,108.488296508789,-55.8112297058105
870,755.054350465536,225,static.prop.trashcan01,82.0338534451137,-7.13526821136475,108.488319396973,-55.812915802002
870,755.068296466023,225,static.prop.trashcan01,89.8263515244318,-7.13524341583252,108.488319396973,-55.8144302368164
870,755.080555565655,225,static.prop.trashcan01,82.8541505579558,-7.13522624969482,108.488334655762,-55.815990447998
870,755.093055166304,225,static.prop.trashcan01,82.5644578256279,-7.13520812988281,108.488357543945,-55.8171806335449
870,755.106888365,225,static.prop.trashcan01,88.8706343971643,-7.13521003723145,108.48836517334,-55.8174858093262
871,755.120527666062,225,static.prop.trashcan01,87.2543151889866,-7.13520050048828,108.488372802734,-55.8183364868164
871,755.135035466403,225,static.prop.trashcan01,92.2195853283504,-7.13517999649048,108.488388061523,-55.8194999694824
871,755.149951867759,225,static.prop.trashcan01,94.7022246624859,-7.13515853881836,108.488395690918,-55.8208808898926
871,755.163759768009,225,static.prop.trashcan01,89.6022971298205,-7.13512659072876,108.488403320312,-55.8223724365234
871,755.176501665264,225,static.prop.trashcan01,85.3901381549739,-7.13509464263916,108.488433837891,-55.8236236572266
871,755.188940364867,225,static.prop.trashcan01,83.3105634197308,-7.13506841659546,108.488456726074,-55.8248138427734
871,755.201411165297,225,static.prop.trashcan01,82.9369868424972,-7.13504791259766,108.488464355469,-55.8259735107422
871,755.214403666556,225,static.prop.trashcan01,84.1971905992048,-7.13503360748291,108.488487243652,-55.8269424438477
872,755.228218264878,225,static.prop.trashcan01,88.6119081115935,-7.13501691818237,108.488494873047,-55.8281097412109
872,755.240948267281,225,static.prop.trashcan01,85.6530837855577,-7.13499641418457,108.488502502441,-55.829418182373
872,755.253814466298,225,static.prop.trashcan01,89.2346494590808,-7.13496685028076,108.488510131836,-55.8305168151855
872,755.265744067729,225,static.prop.trashcan01,87.7300616897781,-7.1349310874939,108.48853302002,-55.8317985534668
872,755.277456667274,225,static.prop.trashcan01,66.6971383460846,-7.13488578796387,108.488555908203,-55.8329277038574
872,755.290216766298,225,static.prop.trashcan01,85.6464825906228,-7.13474416732788,108.488632202148,-55.835578918457
872,755.302008464932,225,static.prop.trashcan01,79.887099862045,-7.13458061218262,108.48868560791,-55.8383941650391
872,755.313916865736,225,static.prop.trashcan01,91.6224538138028,-7.1343994140625,108.48876953125,-55.8400993347168
873,755.327391766012,225,static.prop.trashcan01,111.85523406252,-7.13430261611938,108.488807678223,-55.8401031494141
873,755.339637365192,225,static.prop.trashcan01,96.4045049225988,-7.13419675827026,108.488845825195,-55.8413162231445
873,755.351845964789,225,static.prop.trashcan01,87.8981041096897,-7.13408184051514,108.488876342773,-55.8430519104004
873,755.3648628667,225,static.prop.trashcan01,92.9023264512148,-7.13392543792725,108.488945007324,-55.8460731506348
873,755.377103667706,225,static.prop.trashcan01,94.3993422253843,-7.13372611999512,108.489013671875,-55.8494644165039
873,755.389134466648,225,static.prop.trashcan01,89.5062557944594,-7.13358068466187,108.489059448242,-55.8513946533203
873,755.400255467743,225,static.prop.trashcan01,87.2940949583381,-7.13342618942261,108.489120483398,-55.8536758422852
873,755.412097867578,225,static.prop.trashcan01,68.5725318982061,-7.13326072692871,108.489189147949,-55.8563919067383
873,755.423168767244,225,static.prop.trashcan01,85.3202595362908,-7.13302946090698,108.489273071289,-55.8601837158203
874,755.434765964746,225,static.prop.trashcan01,102.201676405105,-7.13284111022949,108.489349365234,-55.8630828857422
874,755.446078665555,225,static.prop.trashcan01,110.471265200552,-7.13270378112793,108.489395141602,-55.8654403686523
874,755.457134466618,225,static.prop.trashcan01,86.8539735963099,-7.13257837295532,108.489433288574,-55.867317199707
874,755.468417067081,225,static.prop.trashcan01,86.8604162588393,-7.13247442245483,108.489471435547,-55.8690948486328
874,755.481590468436,225,static.prop.trashcan01,100.71771802938,-7.13238286972046,108.489501953125,-55.8707389831543
874,755.492080166936,225,static.prop.trashcan01,78.9618975107501,-7.13229465484619,108.489532470703,-55.872688293457
874,755.502745866776,225,static.prop.trashcan01,79.8973216200618,-7.13222885131836,108.489555358887,-55.874095916748
874,755.512739565223,225,static.prop.trashcan01,136.726882289215,-7.13217401504517,108.48957824707,-55.8755302429199
874,755.522973965853,225,static.prop.trashcan01,73.4447439716876,-7.13213968276978,108.48957824707,-55.8771781921387
874,755.533400565386,225,static.prop.trashcan01,74.2686192660125,-7.13209390640259,108.489593505859,-55.8782424926758
875,755.54565416649,225,static.prop.trashcan01,89.3113904151702,-7.13201141357422,108.489646911621,-55.8800811767578
875,755.556537564844,225,static.prop.trashcan01,77.0955621368234,-7.1319317817688,108.48966217041,-55.8820724487305
875,755.567500267178,225,static.prop.trashcan01,76.4855932170048,-7.13185834884644,108.489707946777,-55.8838958740234
875,755.578858166933,225,static.prop.trashcan01,110.438690683317,-7.131760597229,108.489761352539,-55.8869438171387
875,755.591232866049,225,static.prop.trashcan01,84.5511050662243,-7.13167762756348,108.489784240723,-55.8890151977539
875,755.602970466018,225,static.prop.trashcan01,78.6117485982372,-7.1316294670105,108.489814758301,-55.8908805847168
875,755.620210967958,225,static.prop.trashcan01,108.581295709711,-7.13159656524658,108.48983001709,-55.892505645752
875,755.637323766947,225,static.prop.trashcan01,104.199838543978,-7.13157653808594,108.48983001709,-55.8949394226074
875,755.653613068163,225,static.prop.trashcan01,100.67390479256,-7.13153743743896,108.489860534668,-55.8973808288574
875,755.672956567258,225,static.prop.trashcan01,115.861628599546,-7.13150024414062,108.489898681641,-55.8997650146484
876,755.689179167151,225,static.prop.trashcan01,100.216494641333,-7.13145542144775,108.489929199219,-55.9026298522949
876,755.70615606755,225,static.prop.trashcan01,104.688267171291,-7.13140344619751,108.489974975586,-55.9048919677734
876,755.72452826798,225,static.prop.trashcan01,112.516837311022,-7.13136291503906,108.490020751953,-55.9071426391602
876,755.743970967829,225,static.prop.trashcan01,117.581429687774,-7.13131475448608,108.490058898926,-55.9096221923828
876,755.761712364852,225,static.prop.trashcan01,108.704494390253,-7.13125610351562,108.490104675293,-55.9124221801758
876,755.780265565962,225,static.prop.trashcan01,112.887716468762,-7.13119411468506,108.490165710449,-55.9147720336914
877,755.798721965402,225,static.prop.trashcan01,112.429222883123,-7.13113927841187,108.490211486816,-55.9171295166016
877,755.818870767951,225,static.prop.trashcan01,110.222648038785,-7.13108158111572,108.490249633789,-55.9195594787598
877,755.837568767369,225,static.prop.trashcan01,118.199736709147,-7.13103151321411,108.490303039551,-55.9210319519043
877,755.857995267957,225,static.prop.trashcan01,89.4280987765728,-7.131019115448,108.490310668945,-55.9229850769043
877,755.880386766046,225,static.prop.trashcan01,98.4647572086823,-7.13097524642944,108.490341186523,-55.9247283935547
878,755.902493566275,225,static.prop.trashcan01,89.3045042494588,-7.13090181350708,108.490386962891,-55.9276161193848
878,755.921907167882,225,static.prop.trashcan01,122.240783826322,-7.13070297241211,108.49048614502,-55.9322967529297
878,755.938842765987,225,static.prop.trashcan01,111.128606459504,-7.1306209564209,108.490493774414,-55.9343070983887
878,755.956132467836,225,static.prop.trashcan01,110.572051419525,-7.13052845001221,108.490547180176,-55.9360542297363
878,755.972696468234,225,static.prop.trashcan01,92.6915364139531,-7.1304349899292,108.490570068359,-55.9379081726074
878,755.989651866257,225,static.prop.trashcan01,137.204234078839,-7.13037586212158,108.490600585938,-55.9393768310547
879,756.007827967405,225,static.prop.trashcan01,109.637812148951,-7.13019943237305,108.490684509277,-55.9426422119141
879,756.025682665408,225,static.prop.trashcan01,122.007301175737,-7.13002967834473,108.490760803223,-55.9468803405762
879,756.042361564934,225,static.prop.trashcan01,108.980431498919,-7.12983703613281,108.490844726562,-55.9501762390137
879,756.059373866767,225,static.prop.trashcan01,134.376426713044,-7.12971925735474,108.490898132324,-55.9520072937012
879,756.076440867037,225,static.prop.trashcan01,112.703960228084,-7.12966346740723,108.490928649902,-55.9530067443848
879,756.093097567558,225,static.prop.trashcan01,108.318544774628,-7.12959146499634,108.490951538086,-55.9548645019531
879,756.110216464847,225,static.prop.trashcan01,100.91226848442,-7.12950038909912,108.490997314453,-55.9577102661133
880,756.127554967999,225,static.prop.trashcan01,105.222236385349,-7.12936687469482,108.491058349609,-55.961986541748
880,756.152727965266,225,static.prop.trashcan01,102.397147013758,-7.12926292419434,108.491104125977,-55.9651412963867
880,756.169800966978,225,static.prop.trashcan01,110.098906082577,-7.12908744812012,108.491180419922,-55.9694404602051
880,756.18740676716,225,static.prop.trashcan01,108.976398031385,-7.12896156311035,108.491256713867,-55.9731025695801
880,756.204578164965,225,static.prop.trashcan01,108.477793544094,-7.12886714935303,108.491287231445,-55.9759330749512
880,756.2217964679,225,static.prop.trashcan01,108.656129470204,-7.12881994247437,108.491317749023,-55.9777946472168
881,756.239888265729,225,static.prop.trashcan01,113.5920345948,-7.12878036499023,108.491333007812,-55.979808807373
881,756.268108766526,225,static.prop.trashcan01,115.735790112987,-7.12874317169189,108.491355895996,-55.9820289611816
881,756.285659465939,225,static.prop.trashcan01,110.647884115595,-7.12866306304932,108.491386413574,-55.9859199523926
881,756.304183468223,225,static.prop.trashcan01,116.955622615792,-7.12861108779907,108.491416931152,-55.9881134033203
881,756.322308566421,225,static.prop.trashcan01,114.995420514012,-7.12856435775757,108.491432189941,-55.9904899597168
881,756.341300066561,225,static.prop.trashcan01,122.765331582272,-7.12851476669312,108.491439819336,-55.9926567077637
882,756.362746465951,225,static.prop.trashcan01,139.729984552764,-7.12846565246582,108.491485595703,-55.9953651428223
882,756.381502665579,225,static.prop.trashcan01,112.250646500184,-7.12836456298828,108.49153137207,-55.9974784851074
882,756.399485666305,225,static.prop.trashcan01,112.128322172053,-7.12836456298828,108.49153137207,-55.9974784851074
882,756.420674268156,225,static.prop.trashcan01,126.086494476254,-7.12823581695557,108.491592407227,-56.0018463134766
882,756.441394165158,225,static.prop.trashcan01,73.8591511823747,-7.12801122665405,108.491683959961,-56.0073280334473
882,756.463805165142,225,static.prop.trashcan01,98.2895779820103,-7.1277642250061,108.491806030273,-56.0122222900391
883,756.483663067222,225,static.prop.trashcan01,124.108194042755,-7.12762784957886,108.491851806641,-56.015209197998
883,756.502643667161,225,static.prop.trashcan01,108.772171881432,-7.12750768661499,108.491882324219,-56.0187492370605
883,756.525021165609,225,static.prop.trashcan01,143.45055068527,-7.12732601165771,108.491973876953,-56.0235748291016
883,756.547849867493,225,static.prop.trashcan01,99.8715732798772,-7.12723445892334,108.491996765137,-56.0251960754395
883,756.575429465622,225,static.prop.trashcan01,112.600264254448,-7.12705898284912,108.492088317871,-56.0291557312012
884,756.602636165917,225,static.prop.trashcan01,109.617837554511,-7.12687969207764,108.492172241211,-56.0347709655762
884,756.628062468022,225,static.prop.trashcan01,106.217360534341,-7.1267294883728,108.492240905762,-56.0386772155762
884,756.651973567903,225,static.prop.trashcan01,102.657312141094,-7.12665033340454,108.49227142334,-56.0410652160645
884,756.676387567073,225,static.prop.trashcan01,105.093482055518,-7.1266074180603,108.492294311523,-56.0431213378906
884,756.700480464846,225,static.prop.trashcan01,100.871759896628,-7.12656593322754,108.492309570312,-56.0458183288574
885,756.723739366978,225,static.prop.trashcan01,97.7545375827061,-7.12642765045166,108.492378234863,-56.0493240356445
885,756.74717156589,225,static.prop.trashcan01,155.167949268548,-7.12622404098511,108.492469787598,-56.0542411804199
885,756.772740166634,225,static.prop.trashcan01,103.950340566233,-7.12606620788574,108.492523193359,-56.0568618774414
885,756.797613266855,225,static.prop.trashcan01,131.047139573819,-7.12584686279297,108.492607116699,-56.0622062683105
886,756.821762766689,225,static.prop.trashcan01,138.77078810829,-7.12584686279297,108.492607116699,-56.0622062683105
886,756.845301665366,225,static.prop.trashcan01,99.8430081080761,-7.12559700012207,108.492706298828,-56.0668525695801
886,756.869149267673,225,static.prop.trashcan01,106.182704762607,-7.12544250488281,108.492767333984,-56.0692901611328
886,756.898257564753,225,static.prop.trashcan01,129.244750295076,-7.12532043457031,108.492813110352,-56.0715827941895
887,756.922835465521,225,static.prop.trashcan01,109.021824444751,-7.12518310546875,108.492858886719,-56.0752334594727
887,756.947806667536,225,static.prop.trashcan01,111.281406155819,-7.12506532669067,108.492904663086,-56.0780982971191
887,756.971006765962,225,static.prop.trashcan01,92.4485622804176,-7.12494850158691,108.492965698242,-56.0814933776855
887,756.999278366566,225,static.prop.trashcan01,113.995098827939,-7.12479305267334,108.493041992188,-56.0856132507324
888,757.025145065039,225,static.prop.trashcan01,158.693893925304,-7.12460851669312,108.493133544922,-56.0918388366699
888,757.051545266062,225,static.prop.trashcan01,118.985690839841,-7.12448215484619,108.493179321289,-56.0940704345703
888,757.075335666537,225,static.prop.trashcan01,108.745053287291,-7.12435483932495,108.493240356445,-56.0971488952637
889,757.102443065494,225,static.prop.trashcan01,125.003062676005,-7.12424421310425,108.493286132812,-56.0998878479004
889,757.131465967745,225,static.prop.trashcan01,120.218492991063,-7.1241660118103,108.493316650391,-56.1024894714355
889,757.171963065863,225,static.prop.trashcan01,158.116215518358,-7.12381935119629,108.493461608887,-56.110969543457
889,757.209378767759,225,static.prop.trashcan01,94.3087882344537,-7.12347507476807,108.493621826172,-56.1174087524414
889,757.241435665637,225,static.prop.trashcan01,154.883873943177,-7.12300777435303,108.493812561035,-56.1288185119629
890,757.265559565276,225,static.prop.trashcan01,112.123359470661,-7.12290191650391,108.493858337402,-56.129467010498
890,757.289456468076,225,static.prop.trashcan01,122.165241409402,-7.12299585342407,108.493804931641,-56.1270523071289
890,757.315874565393,225,static.prop.trashcan01,120.030462340158,-7.12286424636841,108.493843078613,-56.1300506591797
890,757.339746166021,225,static.prop.trashcan01,161.194996926931,-7.12259435653687,108.493965148926,-56.1371536254883
890,757.363568466157,225,static.prop.trashcan01,103.347910289298,-7.12238645553589,108.494049072266,-56.1415252685547
891,757.388307265937,225,static.prop.trashcan01,103.709601972527,-7.12215328216553,108.494155883789,-56.1463737487793
891,757.414076667279,225,static.prop.trashcan01,112.745439608481,-7.12184476852417,108.494293212891,-56.1534843444824
891,757.440560664982,225,static.prop.trashcan01,103.327963208159,-7.12159967422485,108.494400024414,-56.1598281860352
891,757.467439066619,225,static.prop.trashcan01,140.757850363561,-7.12145757675171,108.494476318359,-56.165210723877
892,757.491249468178,225,static.prop.trashcan01,129.434671372792,-7.12130737304688,108.494560241699,-56.1697196960449
892,757.516237165779,225,static.prop.trashcan01,104.291973825157,-7.1211051940918,108.494667053223,-56.1738357543945
892,757.539741266519,225,static.prop.trashcan01,150.329218327676,-7.12095022201538,108.494750976562,-56.1786231994629
892,757.563308168203,225,static.prop.trashcan01,101.606810420662,-7.1208758354187,108.494781494141,-56.1809463500977
892,757.588805764914,225,static.prop.trashcan01,105.525393574344,-7.12082767486572,108.494804382324,-56.1839370727539
893,757.613679867238,225,static.prop.trashcan01,108.215791526824,-7.12063694000244,108.494888305664,-56.1890068054199
893,757.637739866972,225,static.prop.trashcan01,120.834430735992,-7.12051391601562,108.49494934082,-56.192455291748
893,757.661990866065,225,static.prop.trashcan01,102.886503775494,-7.12038803100586,108.495010375977,-56.1957473754883
893,757.688515767455,225,static.prop.trashcan01,91.9545628032378,-7.12026214599609,108.495063781738,-56.1990737915039
894,757.714349865913,225,static.prop.trashcan01,115.481500801596,-7.12007188796997,108.495147705078,-56.2037696838379
894,757.739020965993,225,static.prop.trashcan01,107.509205460088,-7.11985397338867,108.495254516602,-56.2089920043945
894,757.762483168393,225,static.prop.trashcan01,100.483963079253,-7.11968755722046,108.495330810547,-56.2137832641602
894,757.785754468292,225,static.prop.trashcan01,100.449685771126,-7.11961603164673,108.495361328125,-56.2164344787598
894,757.811233066022,225,static.prop.trashcan01,104.379693786204,-7.11957311630249,108.495376586914,-56.219367980957
895,757.834315165877,225,static.prop.trashcan01,134.19133495484,-7.11938524246216,108.495468139648,-56.2254676818848
895,757.857828166336,225,static.prop.trashcan01,95.1727996845255,-7.119215965271,108.495536804199,-56.2284889221191
895,757.882979467511,225,static.prop.trashcan01,87.2354215829294,-7.11910152435303,108.495582580566,-56.2309074401855
895,757.90731536597,225,static.prop.trashcan01,98.0821617393374,-7.11895227432251,108.495635986328,-56.2345390319824
896,757.930501867086,225,static.prop.trashcan01,149.518254239155,-7.11870574951172,108.495742797852,-56.2404251098633
896,757.954995665699,225,static.prop.trashcan01,89.767244813527,-7.11843729019165,108.495864868164,-56.2456741333008
896,757.979811366647,225,static.prop.trashcan01,103.298425176826,-7.11816501617432,108.495986938477,-56.2520446777344
896,758.003276865929,225,static.prop.trashcan01,93.9967199242388,-7.11803960800171,108.496032714844,-56.2561683654785
896,758.026876665652,225,static.prop.trashcan01,100.776444915325,-7.11793375015259,108.496078491211,-56.2593460083008
897,758.051528267562,225,static.prop.trashcan01,104.593431605002,-7.11789226531982,108.496101379395,-56.2615432739258
897,758.075441967696,225,static.prop.trashcan01,100.945862774906,-7.11784553527832,108.496124267578,-56.264533996582
897,758.099198166281,225,static.prop.trashcan01,101.568173192959,-7.11779356002808,108.496147155762,-56.2676773071289
897,758.123630166054,225,static.prop.trashcan01,103.669403692155,-7.11774682998657,108.496170043945,-56.2706756591797
898,758.148529168218,225,static.prop.trashcan01,105.212740816448,-7.11770105361938,108.496200561523,-56.2736434936523
898,758.17248056829,225,static.prop.trashcan01,102.653357624116,-7.11764526367188,108.496215820312,-56.2768058776855
898,758.196550767869,225,static.prop.trashcan01,102.725452526174,-7.11758995056152,108.496253967285,-56.2795143127441
898,758.220711067319,225,static.prop.trashcan01,105.718013499236,-7.11754035949707,108.496276855469,-56.2822761535645
898,758.244455765933,225,static.prop.trashcan01,146.166973685425,-7.11744117736816,108.496337890625,-56.2859954833984
899,758.267472866923,225,static.prop.trashcan01,95.1521685329321,-7.11729669570923,108.496383666992,-56.2890357971191
899,758.292227767408,225,static.prop.trashcan01,103.246219147811,-7.11711120605469,108.496475219727,-56.2929191589355
899,758.31725076586,225,static.prop.trashcan01,104.807433819609,-7.11702060699463,108.49649810791,-56.2950859069824
899,758.341260068119,225,static.prop.trashcan01,102.148197610808,-7.11698722839355,108.496513366699,-56.296272277832
900,758.365682665259,225,static.prop.trashcan01,104.97749397241,-7.1169376373291,108.496528625488,-56.2981033325195
900,758.391422767192,225,static.prop.trashcan01,108.220009784133,-7.11688566207886,108.496559143066,-56.3003616333008
900,758.415528565645,225,static.prop.trashcan01,102.304674224832,-7.11682891845703,108.496589660645,-56.3029556274414
900,758.440271764994,225,static.prop.trashcan01,106.342311950772,-7.11676692962646,108.496620178223,-56.3053359985352
901,758.464602768421,225,static.prop.trashcan01,103.810420453447,-7.11671447753906,108.496650695801,-56.3076553344727
901,758.490713667125,225,static.prop.trashcan01,108.570850861858,-7.11662483215332,108.496688842773,-56.310676574707
901,758.513454865664,225,static.prop.trashcan01,140.107734036506,-7.11646175384521,108.496765136719,-56.3155632019043
901,758.538604967296,225,static.prop.trashcan01,107.166998645691,-7.11636638641357,108.496803283691,-56.3171424865723
902,758.563596867025,225,static.prop.trashcan01,108.233415373237,-7.1163010597229,108.496826171875,-56.319221496582
902,758.588740967214,225,static.prop.trashcan01,158.647449552634,-7.11625957489014,108.496841430664,-56.3217887878418
902,758.611356966197,225,static.prop.trashcan01,96.6423059259547,-7.11603975296021,108.496940612793,-56.3251991271973
902,758.626938067377,225,static.prop.trashcan01,100.568902787386,-7.11589336395264,108.49698638916,-56.3276519775391
902,758.643321666867,225,static.prop.trashcan01,100.366440790564,-7.11579990386963,108.497032165527,-56.3293304443359
903,758.658531766385,225,static.prop.trashcan01,144.212503546908,-7.11564874649048,108.497100830078,-56.3326187133789
903,758.674476467073,225,static.prop.trashcan01,96.5256961284379,-7.11553001403809,108.497146606445,-56.3343505859375
903,758.689588367939,225,static.prop.trashcan01,130.662063411113,-7.11540985107422,108.497207641602,-56.337085723877
903,758.70477616787,225,static.prop.trashcan01,95.9714307828705,-7.11523866653442,108.497283935547,-56.3402557373047
903,758.721417866647,225,static.prop.trashcan01,136.982217099256,-7.11512136459351,108.497329711914,-56.3423881530762
903,758.737782966346,225,static.prop.trashcan01,127.891749258959,-7.11512136459351,108.497329711914,-56.3423881530762
903,758.75430906564,225,static.prop.trashcan01,101.004323518724,-7.11501407623291,108.497367858887,-56.3432159423828
904,758.769866164774,225,static.prop.trashcan01,97.9244150075011,-7.11501836776733,108.497360229492,-56.3422393798828
904,758.785996764898,225,static.prop.trashcan01,96.9139712385719,-7.11505889892578,108.497344970703,-56.3408050537109
904,758.800559766591,225,static.prop.trashcan01,87.2237501887601,-7.11507749557495,108.497329711914,-56.3400993347168
904,758.816119067371,225,static.prop.trashcan01,148.004663316827,-7.114905834198,108.497421264648,-56.3401527404785
904,758.831849366426,225,static.prop.trashcan01,46.0627591964582,-7.11479091644287,108.497459411621,-56.3422050476074
904,758.847068466246,225,static.prop.trashcan01,104.217422719163,-7.11472749710083,108.497489929199,-56.3399467468262
904,758.862548764795,225,static.prop.trashcan01,107.45883471581,-7.11476802825928,108.497459411621,-56.3369827270508
905,758.879226665944,225,static.prop.trashcan01,116.20789034088,-7.11483955383301,108.497436523438,-56.3343887329102
905,758.894810367376,225,static.prop.trashcan01,111.769958530375,-7.1149206161499,108.49739074707,-56.3319282531738
905,758.909146167338,225,static.prop.trashcan01,147.053704337586,-7.11500120162964,108.497352600098,-56.3300018310547
905,758.924057167023,225,static.prop.trashcan01,103.660538894396,-7.11507654190063,108.497314453125,-56.3279228210449
905,758.939310867339,225,static.prop.trashcan01,111.860393832173,-7.11514759063721,108.497261047363,-56.3262710571289
905,758.953708466142,225,static.prop.trashcan01,105.686975056665,-7.1152195930481,108.497222900391,-56.3245697021484
905,758.969719365239,225,static.prop.trashcan01,112.912206034192,-7.11529541015625,108.497184753418,-56.3230476379395
906,758.98707876727,225,static.prop.trashcan01,123.16515804334,-7.11536741256714,108.497146606445,-56.3215408325195
906,759.005011767149,225,static.prop.trashcan01,128.106815399326,-7.11545372009277,108.497100830078,-56.319580078125
906,759.019780565053,225,static.prop.trashcan01,110.462134947858,-7.11556148529053,108.497039794922,-56.3171081542969
906,759.034173965454,225,static.prop.trashcan01,108.727386743696,-7.11566257476807,108.49698638916,-56.3151092529297
906,759.048773366958,225,static.prop.trashcan01,100.196026446033,-7.11576080322266,108.496940612793,-56.3142280578613
906,759.064104568213,225,static.prop.trashcan01,100.331878947191,-7.11585378646851,108.49690246582,-56.3138160705566
907,759.08027766645,225,static.prop.trashcan01,100.971052618173,-7.11595487594604,108.496856689453,-56.3131828308105
907,759.096395466477,225,static.prop.trashcan01,112.637552757797,-7.11608457565308,108.496795654297,-56.3122062683105
907,759.111618965864,225,static.prop.trashcan01,113.540072753968,-7.11618566513062,108.496742248535,-56.311466217041
907,759.126640066504,225,static.prop.trashcan01,107.560239064472,-7.1162486076355,108.496734619141,-56.3114204406738
907,759.140822667629,225,static.prop.trashcan01,102.303234882168,-7.11629009246826,108.496696472168,-56.311222076416
907,759.155339065939,225,static.prop.trashcan01,103.453616332119,-7.11630249023438,108.496696472168,-56.3112602233887
907,759.169670965523,225,static.prop.trashcan01,103.808397864608,-7.11633348464966,108.496673583984,-56.3107032775879
908,759.185424666852,225,static.prop.trashcan01,101.990888159482,-7.11636686325073,108.496658325195,-56.3102226257324
908,759.201130066067,225,static.prop.trashcan01,114.598975533184,-7.11643362045288,108.496627807617,-56.3089027404785
908,759.216603767127,225,static.prop.trashcan01,108.611882725574,-7.11648559570312,108.496612548828,-56.3082618713379
908,759.231198467314,225,static.prop.trashcan01,101.621064717686,-7.11655330657959,108.49658203125,-56.3072891235352
908,759.246008068323,225,static.prop.trashcan01,97.778766141226,-7.116623878479,108.496543884277,-56.306282043457
908,759.26063926518,225,static.prop.trashcan01,97.2830937243978,-7.11671733856201,108.49649810791,-56.3050880432129
908,759.27575436607,225,static.prop.trashcan01,97.8813803669535,-7.11680936813354,108.496459960938,-56.3038673400879
909,759.29149466753,225,static.prop.trashcan01,97.0528048090248,-7.1169114112854,108.496421813965,-56.302375793457
909,759.30637466535,225,static.prop.trashcan01,101.964032577034,-7.11703252792358,108.496376037598,-56.3005752563477
909,759.322420567274,225,static.prop.trashcan01,99.8894604128312,-7.11712694168091,108.49634552002,-56.2993316650391
909,759.336745865643,225,static.prop.trashcan01,99.4580773702939,-7.11724090576172,108.496284484863,-56.2974052429199
909,759.350983966142,225,static.prop.trashcan01,95.182675902326,-7.11732578277588,108.496269226074,-56.2962455749512
909,759.365408565849,225,static.prop.trashcan01,95.3216337162483,-7.11740684509277,108.496238708496,-56.2950248718262
909,759.380101166666,225,static.prop.trashcan01,94.24765585294,-7.11749124526978,108.496208190918,-56.2936859130859
909,759.395040567964,225,static.prop.trashcan01,96.8576686915778,-7.11757850646973,108.496162414551,-56.2921524047852
909,759.409765068442,225,static.prop.trashcan01,97.2457467112952,-7.11767387390137,108.496124267578,-56.2905349731445
910,759.425116468221,225,static.prop.trashcan01,96.2697267294186,-7.11776494979858,108.49609375,-56.2887954711914
910,759.43939396739,225,static.prop.trashcan01,96.9811496244399,-7.11786794662476,108.496055603027,-56.2868728637695
910,759.454222265631,225,static.prop.trashcan01,96.5710070686227,-7.11795091629028,108.496025085449,-56.2853813171387
910,759.467933464795,225,static.prop.trashcan01,93.1359965913975,-7.11804008483887,108.495986938477,-56.283576965332
910,759.482250165194,225,static.prop.trashcan01,91.5771856654152,-7.11811399459839,108.495956420898,-56.2822074890137
910,759.496402166784,225,static.prop.trashcan01,92.9596405912254,-7.11819553375244,108.495918273926,-56.2804641723633
910,759.510677564889,225,static.prop.trashcan01,93.2039118083413,-7.11827421188354,108.495887756348,-56.2787322998047
911,759.525575466454,225,static.prop.trashcan01,93.0945155235168,-7.11835432052612,108.49585723877,-56.2771415710449
911,759.541480965912,225,static.prop.trashcan01,92.9468543587735,-7.11844873428345,108.495819091797,-56.2750663757324
911,759.555108167231,225,static.prop.trashcan01,90.6307327817329,-7.11857080459595,108.495758056641,-56.2722015380859
911,759.568940065801,225,static.prop.trashcan01,90.4046273344427,-7.11858463287354,108.495750427246,-56.2720222473145
911,759.582837067544,225,static.prop.trashcan01,88.6500774525756,-7.11863708496094,108.495742797852,-56.2708625793457
911,759.599070467055,225,static.prop.trashcan01,110.952316539702,-7.11870145797729,108.495697021484,-56.269359588623
911,759.613427665085,225,static.prop.trashcan01,98.4665099842343,-7.11872291564941,108.49568939209,-56.2693023681641
911,759.627695165575,225,static.prop.trashcan01,95.9508780582919,-7.11870765686035,108.49568939209,-56.2697296142578
912,759.641889665276,225,static.prop.trashcan01,95.6797018452837,-7.11868619918823,108.495697021484,-56.2705154418945
912,759.656133465469,225,static.prop.trashcan01,95.9927482038704,-7.11866188049316,108.495712280273,-56.2713165283203
912,759.670356467366,225,static.prop.trashcan01,95.4736937483059,-7.11863565444946,108.495719909668,-56.2721710205078
912,759.684094667435,225,static.prop.trashcan01,93.0232199196579,-7.1186089515686,108.495727539062,-56.2729911804199
912,759.698069564998,225,static.prop.trashcan01,93.8408981812089,-7.11858320236206,108.495742797852,-56.2737503051758
912,759.712351366878,225,static.prop.trashcan01,95.0621025072253,-7.11855554580688,108.495750427246,-56.2744941711426
913,759.727638565004,225,static.prop.trashcan01,99.016513192452,-7.11853218078613,108.495765686035,-56.2753143310547
913,759.742484066635,225,static.prop.trashcan01,98.9513227394808,-7.11850881576538,108.495780944824,-56.2761039733887
913,759.757769968361,225,static.prop.trashcan01,107.456741769174,-7.11848497390747,108.495788574219,-56.2769050598145
913,759.772218067199,225,static.prop.trashcan01,77.4246035469959,-7.11845922470093,108.495788574219,-56.2778205871582
913,759.786532066762,225,static.prop.trashcan01,95.3820009153939,-7.11843299865723,108.495819091797,-56.277286529541
913,759.800890367478,225,static.prop.trashcan01,87.5967169301562,-7.11841535568237,108.495819091797,-56.2769012451172
913,759.815211366862,225,static.prop.trashcan01,93.1382380693306,-7.11846685409546,108.495796203613,-56.2750663757324
913,759.829529564828,225,static.prop.trashcan01,93.6101178418615,-7.11853885650635,108.495765686035,-56.2729301452637
913,759.843819167465,225,static.prop.trashcan01,93.3903782994111,-7.11861944198608,108.495727539062,-56.270824432373
914,759.857927367091,225,static.prop.trashcan01,92.8571283207103,-7.11870384216309,108.495712280273,-56.2688407897949
914,759.872822567821,225,static.prop.trashcan01,93.3262456943376,-7.11878299713135,108.495681762695,-56.2669448852539
914,759.886943165213,225,static.prop.trashcan01,94.266007646384,-7.11887502670288,108.495635986328,-56.2648124694824
914,759.901882767677,225,static.prop.trashcan01,93.8283251701519,-7.11895561218262,108.495613098145,-56.2627983093262
914,759.915289968252,225,static.prop.trashcan01,91.3137493323638,-7.11904716491699,108.495574951172,-56.2608222961426
914,759.929070066661,225,static.prop.trashcan01,89.3797637240443,-7.11911535263062,108.495544433594,-56.2592315673828
914,759.943851467222,225,static.prop.trashcan01,84.3686125204388,-7.11918687820435,108.49552154541,-56.2575149536133
915,759.958088565618,225,static.prop.trashcan01,95.4872375589658,-7.11928701400757,108.495475769043,-56.2551002502441
915,759.972559668124,225,static.prop.trashcan01,94.8990518032972,-7.11928701400757,108.495475769043,-56.2551002502441
915,759.986333265901,225,static.prop.trashcan01,90.8281091704427,-7.11937475204468,108.495445251465,-56.253303527832
915,760.000253766775,225,static.prop.trashcan01,91.2487537155135,-7.11943292617798,108.495407104492,-56.2518768310547
915,760.014642965049,225,static.prop.trashcan01,92.829779037493,-7.11950254440308,108.495391845703,-56.2502861022949
915,760.029561568052,225,static.prop.trashcan01,90.6315755406824,-7.11958503723145,108.495346069336,-56.2482795715332
915,760.043385166675,225,static.prop.trashcan01,93.3925755173488,-7.11968326568604,108.495307922363,-56.2458953857422
915,760.058922767639,225,static.prop.trashcan01,92.5079967022054,-7.11975431442261,108.495269775391,-56.2440910339355
916,760.074798367918,225,static.prop.trashcan01,93.374991469467,-7.11986780166626,108.495223999023,-56.2413444519043
916,760.089141767472,225,static.prop.trashcan01,95.6365955796635,-7.11999416351318,108.495170593262,-56.2383613586426
916,760.103758465499,225,static.prop.trashcan01,96.5033991924991,-7.1200852394104,108.495124816895,-56.2359733581543
916,760.118133366108,225,static.prop.trashcan01,95.7897900711742,-7.12017917633057,108.495101928711,-56.2337455749512
916,760.131996065378,225,static.prop.trashcan01,92.7491714055091,-7.12026357650757,108.495063781738,-56.2316741943359
916,760.145993866026,225,static.prop.trashcan01,91.6898470537111,-7.12033605575562,108.49503326416,-56.2299003601074
916,760.159960467368,225,static.prop.trashcan01,93.0049271899834,-7.12040758132935,108.495010375977,-56.2280387878418
916,760.174312867224,225,static.prop.trashcan01,92.4381295974629,-7.12048196792603,108.494979858398,-56.2262420654297
917,760.18849176541,225,static.prop.trashcan01,92.865645009582,-7.12056159973145,108.494926452637,-56.2242889404297
917,760.203314866871,225,static.prop.trashcan01,91.5115050505132,-7.12064075469971,108.494911193848,-56.2221527099609
917,760.216818265617,225,static.prop.trashcan01,91.679005940118,-7.12072801589966,108.494857788086,-56.2199516296387
917,760.230395667255,225,static.prop.trashcan01,89.5569978179403,-7.12079954147339,108.494834899902,-56.2182159423828
917,760.243798866868,225,static.prop.trashcan01,87.1142978343589,-7.12086725234985,108.494812011719,-56.2165031433105
917,760.25777066499,225,static.prop.trashcan01,89.3160142690626,-7.12093353271484,108.494773864746,-56.2147979736328
918,760.272862266749,225,static.prop.trashcan01,133.948212635553,-7.121009349823,108.494743347168,-56.2128753662109
918,760.286827966571,225,static.prop.trashcan01,77.3495135813031,-7.12094593048096,108.494766235352,-56.2148513793945
918,760.30137456581,225,static.prop.trashcan01,134.206558482196,-7.12100267410278,108.494743347168,-56.2136917114258
918,760.315612267703,225,static.prop.trashcan01,91.4417964742205,-7.1209659576416,108.494743347168,-56.2129058837891
918,760.329484667629,225,static.prop.trashcan01,83.361724914821,-7.12088871002197,108.494766235352,-56.2127532958984
918,760.343294866383,225,static.prop.trashcan01,90.4315425110182,-7.12088108062744,108.494773864746,-56.2111053466797
918,760.357322566211,225,static.prop.trashcan01,90.272843798846,-7.12087059020996,108.494773864746,-56.2099418640137
918,760.371463365853,225,static.prop.trashcan01,88.201033903833,-7.12085056304932,108.494773864746,-56.2094421386719
918,760.3857017681,225,static.prop.trashcan01,89.0113418703777,-7.12085056304932,108.494773864746,-56.2094421386719
919,760.39991126582,225,static.prop.trashcan01,89.2488857212999,-7.12081289291382,108.494789123535,-56.2099990844727
919,760.41483386606,225,static.prop.trashcan01,93.5297721751067,-7.12077665328979,108.494804382324,-56.2106666564941
919,760.428749565035,225,static.prop.trashcan01,87.7836820204733,-7.12074184417725,108.494834899902,-56.211498260498
919,760.442533068359,225,static.prop.trashcan01,87.6727858769785,-7.12070274353027,108.494850158691,-56.2122573852539
919,760.457144465297,225,static.prop.trashcan01,92.432227077031,-7.12066888809204,108.494873046875,-56.2130851745605
919,760.471180066466,225,static.prop.trashcan01,89.6589741246042,-7.12063217163086,108.494888305664,-56.2139053344727
919,760.484657865018,225,static.prop.trashcan01,86.3772125700684,-7.12059736251831,108.494918823242,-56.2147979736328
919,760.498783167452,225,static.prop.trashcan01,90.0397568645436,-7.12056398391724,108.494941711426,-56.2154960632324
920,760.521141067147,225,static.prop.trashcan01,94.2705218506909,-7.12053155899048,108.49494934082,-56.2163772583008
920,760.535146065056,225,static.prop.trashcan01,90.0163171533155,-7.12047576904297,108.494979858398,-56.2178726196289
920,760.548933465034,225,static.prop.trashcan01,88.472798862279,-7.12044048309326,108.495010375977,-56.218822479248
920,760.562600467354,225,static.prop.trashcan01,88.3270228440426,-7.12040615081787,108.495018005371,-56.2195892333984
920,760.576435867697,225,static.prop.trashcan01,86.8753203096511,-7.12037754058838,108.495048522949,-56.2205047607422
920,760.591557767242,225,static.prop.trashcan01,95.9825206303016,-7.12034225463867,108.495048522949,-56.2214202880859
921,760.609540667385,225,static.prop.trashcan01,110.025842247116,-7.12031030654907,108.495063781738,-56.2224578857422
921,760.624291967601,225,static.prop.trashcan01,93.0085708872803,-7.12025928497314,108.495079040527,-56.2239799499512
921,760.637891165912,225,static.prop.trashcan01,88.93022575664,-7.12020778656006,108.495101928711,-56.2249603271484
921,760.65192726627,225,static.prop.trashcan01,90.8879785541424,-7.12017202377319,108.495124816895,-56.2256240844727
921,760.665937367827,225,static.prop.trashcan01,100.743463178397,-7.12014865875244,108.495147705078,-56.2264213562012
921,760.679627966136,225,static.prop.trashcan01,93.9574172798051,-7.12003135681152,108.49520111084,-56.2282562255859
921,760.693336267024,225,static.prop.trashcan01,84.3459038733941,-7.11988830566406,108.495262145996,-56.2304496765137
921,760.70699236542,225,static.prop.trashcan01,130.405575121547,-7.11978149414062,108.495323181152,-56.2326774597168
922,760.721375565976,225,static.prop.trashcan01,90.4339810689775,-7.11972904205322,108.495330810547,-56.2331581115723
922,760.736028768122,225,static.prop.trashcan01,91.3109487670621,-7.11965179443359,108.495361328125,-56.2346878051758
922,760.750121165067,225,static.prop.trashcan01,85.7204008385798,-7.11954736709595,108.495391845703,-56.2366409301758
922,760.764567665756,225,static.prop.trashcan01,67.6905676500805,-7.11946630477905,108.495429992676,-56.2382011413574
922,760.778884265572,225,static.prop.trashcan01,124.920531750815,-7.11940002441406,108.495452880859,-56.2392959594727
922,760.792787667364,225,static.prop.trashcan01,89.5204174539282,-7.11940002441406,108.495452880859,-56.2392959594727
922,760.80710336566,225,static.prop.trashcan01,92.9484034010211,-7.11934995651245,108.495475769043,-56.2400512695312
923,760.821891665459,225,static.prop.trashcan01,94.5798750991817,-7.11932468414307,108.495483398438,-56.2410049438477
923,760.836155865341,225,static.prop.trashcan01,89.794226643544,-7.11929512023926,108.495506286621,-56.2421875
923,760.851379267871,225,static.prop.trashcan01,96.278647937298,-7.11925840377808,108.495513916016,-56.2433280944824
923,760.865170467645,225,static.prop.trashcan01,88.769771336135,-7.11922407150269,108.495536804199,-56.2446670532227
923,760.878760367632,225,static.prop.trashcan01,89.2621601447189,-7.11918687820435,108.495552062988,-56.2458572387695
923,760.892338264734,225,static.prop.trashcan01,87.2151228980926,-7.11915826797485,108.495574951172,-56.2469329833984
923,760.906333167106,225,static.prop.trashcan01,90.095804273246,-7.11913013458252,108.495582580566,-56.2480239868164
923,760.920257966965,225,static.prop.trashcan01,90.2336789230829,-7.11910152435303,108.495590209961,-56.249153137207
923,760.934404067695,225,static.prop.trashcan01,89.7796079272589,-7.11907625198364,108.495613098145,-56.2503433227539
924,760.934404067695,225,static.prop.trashcan01,89.7796079272589,-7.11907625198364,108.495613098145,-56.2503433227539
924,760.948853265494,225,static.prop.trashcan01,94.434401110459,-7.11904764175415,108.495620727539,-56.2515029907227
924,760.962713368237,225,static.prop.trashcan01,95.7298999594104,-7.11900615692139,108.495635986328,-56.252815246582
924,760.97659766674,225,static.prop.trashcan01,98.7454086133392,-7.11895370483398,108.495651245117,-56.2541542053223
924,760.99020466581,225,static.prop.trashcan01,99.245900233777,-7.11888790130615,108.49568939209,-56.2554702758789
924,761.004185665399,225,static.prop.trashcan01,141.201337243711,-7.11879825592041,108.495719909668,-56.2572708129883
924,761.018022768199,225,static.prop.trashcan01,93.363782803785,-7.11868095397949,108.495758056641,-56.2587623596191
924,761.031613465399,225,static.prop.trashcan01,110.204567932651,-7.11853456497192,108.495819091797,-56.2612915039062
924,761.045690465719,225,static.prop.trashcan01,134.372330047067,-7.11839580535889,108.495880126953,-56.263500213623
925,761.059630665928,225,static.prop.trashcan01,101.64536152985,-7.11829519271851,108.495895385742,-56.2643241882324
925,761.073822367936,225,static.prop.trashcan01,105.6063762464,-7.11820650100708,108.49592590332,-56.2652053833008
925,761.087710767984,225,static.prop.trashcan01,106.077166356642,-7.11809921264648,108.495956420898,-56.2664642333984
925,761.101707365364,225,static.prop.trashcan01,107.924352928437,-7.11797094345093,108.496002197266,-56.2679557800293
925,761.116085965186,225,static.prop.trashcan01,110.644040789855,-7.11783409118652,108.496055603027,-56.2696304321289
925,761.131759967655,225,static.prop.trashcan01,119.181087079416,-7.11769104003906,108.496101379395,-56.2714042663574
925,761.146852366626,225,static.prop.trashcan01,113.231861424028,-7.11753702163696,108.496162414551,-56.2734527587891
925,761.162016768008,225,static.prop.trashcan01,115.138060449313,-7.11738348007202,108.496208190918,-56.2754402160645
926,761.176717065275,225,static.prop.trashcan01,111.331141032921,-7.1172342300415,108.496269226074,-56.2773780822754
926,761.190611865371,225,static.prop.trashcan01,105.678749884838,-7.11709499359131,108.496315002441,-56.2793655395508
926,761.204659167677,225,static.prop.trashcan01,105.846883939795,-7.11697721481323,108.496368408203,-56.2811088562012
926,761.218208365142,225,static.prop.trashcan01,100.498143473024,-7.11687612533569,108.496406555176,-56.2829322814941
926,761.232157666236,225,static.prop.trashcan01,101.620440777407,-7.1167893409729,108.496429443359,-56.2845191955566
926,761.245855268091,225,static.prop.trashcan01,98.5510365726853,-7.11671495437622,108.496452331543,-56.2862968444824
926,761.260313168168,225,static.prop.trashcan01,103.346567391069,-7.11665105819702,108.496482849121,-56.2880630493164
927,761.274947367609,225,static.prop.trashcan01,102.78983776515,-7.11658573150635,108.49649810791,-56.2901191711426
927,761.288892365992,225,static.prop.trashcan01,97.252628845276,-7.11652374267578,108.496528625488,-56.2922515869141
927,761.302909966558,225,static.prop.trashcan01,96.9441853573914,-7.11646604537964,108.496559143066,-56.2940788269043
927,761.316891167313,225,static.prop.trashcan01,94.2525764944674,-7.11642694473267,108.49658203125,-56.2960624694824
927,761.330330066383,225,static.prop.trashcan01,88.8050197112714,-7.11639451980591,108.496597290039,-56.2978935241699
927,761.343688666821,225,static.prop.trashcan01,89.0997555804304,-7.11636877059937,108.496612548828,-56.2996597290039
927,761.357632666826,225,static.prop.trashcan01,91.2582212789329,-7.11635541915894,108.496620178223,-56.3013458251953
927,761.372190766037,225,static.prop.trashcan01,93.9401093800918,-7.11634254455566,108.496627807617,-56.3031730651855
928,761.385958965868,225,static.prop.trashcan01,89.7303525661066,-7.11634254455566,108.496627807617,-56.3036270141602
928,761.400226965547,225,static.prop.trashcan01,92.7182102916364,-7.11633539199829,108.496635437012,-56.304573059082
928,761.413920868188,225,static.prop.trashcan01,90.395762324923,-7.11632108688354,108.496650695801,-56.3060150146484
928,761.428325865418,225,static.prop.trashcan01,93.9499832140903,-7.11630296707153,108.49666595459,-56.3075294494629
928,761.442569065839,225,static.prop.trashcan01,91.8130827731079,-7.11628484725952,108.496688842773,-56.3093109130859
928,761.4567216672,225,static.prop.trashcan01,93.7784706516502,-7.11626195907593,108.496688842773,-56.3110160827637
928,761.470686968416,225,static.prop.trashcan01,90.8092942173503,-7.11625003814697,108.496719360352,-56.312629699707
928,761.485012765974,225,static.prop.trashcan01,93.8065070060482,-7.11622858047485,108.496726989746,-56.3142471313477
929,761.499506168067,225,static.prop.trashcan01,93.1257038948889,-7.11620950698853,108.496742248535,-56.315860748291
929,761.513674568385,225,static.prop.trashcan01,91.6290195373724,-7.11618947982788,108.496757507324,-56.3175430297852
929,761.527568165213,225,static.prop.trashcan01,92.542456320158,-7.11616706848145,108.496772766113,-56.3191413879395
929,761.541317567229,225,static.prop.trashcan01,87.387832835423,-7.11613368988037,108.496795654297,-56.3208122253418
929,761.555167566985,225,static.prop.trashcan01,90.4115941683505,-7.11606788635254,108.49683380127,-56.3226776123047
929,761.569408066571,225,static.prop.trashcan01,92.3419571817507,-7.1160306930542,108.496856689453,-56.3238296508789
929,761.583078566939,225,static.prop.trashcan01,87.749448411269,-7.11600017547607,108.496879577637,-56.3252105712891
930,761.597243268043,225,static.prop.trashcan01,94.2196839357185,-7.11596727371216,108.496879577637,-56.3263931274414
930,761.611458666623,225,static.prop.trashcan01,90.9627924982766,-7.11595249176025,108.496894836426,-56.3275604248047
930,761.625386364758,225,static.prop.trashcan01,89.755066866252,-7.11592817306519,108.496910095215,-56.3288345336914
930,761.638933267444,225,static.prop.trashcan01,86.2590667370109,-7.11590194702148,108.496932983398,-56.3301124572754
930,761.654316365719,225,static.prop.trashcan01,97.9896658628419,-7.11587524414062,108.496940612793,-56.3313598632812
930,761.668639265001,225,static.prop.trashcan01,91.8669936216737,-7.11584520339966,108.496963500977,-56.3328628540039
930,761.682328864932,225,static.prop.trashcan01,87.7927910695095,-7.11580848693848,108.49698638916,-56.3342132568359
930,761.696424767375,225,static.prop.trashcan01,91.1914524035303,-7.11577415466309,108.497001647949,-56.3354568481445
931,761.711196366698,225,static.prop.trashcan01,94.3766851366535,-7.11574506759644,108.497016906738,-56.3366813659668
931,761.725348565727,225,static.prop.trashcan01,92.3241581529493,-7.11571168899536,108.497032165527,-56.337963104248
931,761.740941867232,225,static.prop.trashcan01,98.7887427062603,-7.11567974090576,108.497047424316,-56.3392181396484
931,761.755015265197,225,static.prop.trashcan01,90.4634234364313,-7.11564540863037,108.4970703125,-56.3406143188477
931,761.76927876845,225,static.prop.trashcan01,94.0913708013015,-7.11560773849487,108.497085571289,-56.341739654541
931,761.783687766641,225,static.prop.trashcan01,93.0241384157289,-7.11558818817139,108.497100830078,-56.3427238464355
931,761.797813568264,225,static.prop.trashcan01,91.6352616744735,-7.1155834197998,108.497100830078,-56.3430557250977
931,761.812561966479,225,static.prop.trashcan01,94.5394310969634,-7.11556196212769,108.497108459473,-56.3437538146973
932,761.827659867704,225,static.prop.trashcan01,96.5000952146785,-7.11553382873535,108.497116088867,-56.3447647094727
932,761.842418566346,225,static.prop.trashcan01,94.4523755200266,-7.11550235748291,108.497138977051,-56.3459281921387
932,761.856355365366,225,static.prop.trashcan01,91.3702920259555,-7.11546564102173,108.49715423584,-56.3470268249512
932,761.870039965957,225,static.prop.trashcan01,91.2445569048472,-7.11543321609497,108.497161865234,-56.3479995727539
932,761.883381467313,225,static.prop.trashcan01,87.8241796304217,-7.11536502838135,108.497192382812,-56.3491554260254
932,761.897349365056,225,static.prop.trashcan01,107.794870894612,-7.11526346206665,108.497245788574,-56.3506851196289
932,761.910968866199,225,static.prop.trashcan01,89.0898977756414,-7.11524724960327,108.497253417969,-56.3512001037598
932,761.924861166626,225,static.prop.trashcan01,90.7357813350849,-7.11522245407104,108.497261047363,-56.3520278930664
933,761.939132068306,225,static.prop.trashcan01,93.2249804679003,-7.11519289016724,108.497261047363,-56.3530349731445
933,761.95319936797,225,static.prop.trashcan01,91.2990871102808,-7.11516952514648,108.497276306152,-56.3541069030762
933,761.966625068337,225,static.prop.trashcan01,89.7839564769833,-7.11513948440552,108.497283935547,-56.3551750183105
933,761.981056667864,225,static.prop.trashcan01,93.7682077104197,-7.11511325836182,108.497299194336,-56.3561515808105
933,761.994897264987,225,static.prop.trashcan01,91.8715653226827,-7.11508417129517,108.497314453125,-56.3571929931641
933,762.009097065777,225,static.prop.trashcan01,93.0299105508027,-7.11505460739136,108.49732208252,-56.3582000732422
933,762.022827465087,225,static.prop.trashcan01,90.7941026810027,-7.11502981185913,108.497344970703,-56.3592338562012
933,762.037415765226,225,static.prop.trashcan01,94.8097291090191,-7.11500120162964,108.497360229492,-56.3602027893066
934,762.051886565983,225,static.prop.trashcan01,92.2270814191125,-7.11497974395752,108.497360229492,-56.3610649108887
934,762.066136967391,225,static.prop.trashcan01,92.8578486222285,-7.11494779586792,108.497383117676,-56.3620643615723
934,762.079729266465,225,static.prop.trashcan01,88.900879685146,-7.11491823196411,108.49739074707,-56.3630790710449
934,762.093767665327,225,static.prop.trashcan01,71.7670721367964,-7.11489057540894,108.497398376465,-56.3639640808105
934,762.107859864831,225,static.prop.trashcan01,91.1953859299222,-7.11473751068115,108.49747467041,-56.3667106628418
934,762.121459566057,225,static.prop.trashcan01,128.160187761647,-7.11462736129761,108.497528076172,-56.3689041137695
934,762.135124966502,225,static.prop.trashcan01,85.2226186103693,-7.11454010009766,108.497566223145,-56.3699760437012
934,762.149167366326,225,static.prop.trashcan01,102.57413570008,-7.11444282531738,108.497611999512,-56.3717765808105
935,762.172576367855,225,static.prop.trashcan01,101.389883622641,-7.11431550979614,108.497665405273,-56.373664855957
935,762.188191767782,225,static.prop.trashcan01,136.742211017276,-7.11407375335693,108.497764587402,-56.3784599304199
935,762.20225276798,225,static.prop.trashcan01,84.9479003646334,-7.11407375335693,108.497764587402,-56.3784599304199
935,762.216047067195,225,static.prop.trashcan01,88.7152929166924,-7.11397981643677,108.497802734375,-56.3796157836914
935,762.229493368417,225,static.prop.trashcan01,88.5480390924795,-7.11394643783569,108.497817993164,-56.3804473876953
935,762.242879666388,225,static.prop.trashcan01,85.1362685033356,-7.11392068862915,108.497848510742,-56.3812637329102
935,762.257141567767,225,static.prop.trashcan01,92.74784979251,-7.11389398574829,108.497848510742,-56.382209777832
936,762.271552868187,225,static.prop.trashcan01,92.3417925545157,-7.11387538909912,108.497856140137,-56.3833122253418
936,762.285921666771,225,static.prop.trashcan01,91.603614526483,-7.11385011672974,108.497871398926,-56.3845252990723
936,762.299509067088,225,static.prop.trashcan01,88.817688912821,-7.1138162612915,108.497886657715,-56.3857803344727
936,762.313183166087,225,static.prop.trashcan01,87.4995439366655,-7.11378812789917,108.497909545898,-56.3869400024414
936,762.327222466469,225,static.prop.trashcan01,90.1169837810139,-7.11375999450684,108.497917175293,-56.3880043029785
936,762.340909864753,225,static.prop.trashcan01,88.8499822456027,-7.11373376846313,108.497924804688,-56.3892250061035
936,762.354970168322,225,static.prop.trashcan01,90.8103075142777,-7.11370944976807,108.497940063477,-56.3902587890625
936,762.369286168367,225,static.prop.trashcan01,92.2662453722316,-7.11368751525879,108.497955322266,-56.3914184570312
937,762.383377466351,225,static.prop.trashcan01,90.7986079647083,-7.11366176605225,108.49796295166,-56.3925514221191
937,762.397812966257,225,static.prop.trashcan01,93.2839417740494,-7.11362981796265,108.497978210449,-56.393684387207
937,762.411361467093,225,static.prop.trashcan01,89.0971681628782,-7.11359786987305,108.497993469238,-56.3949165344238
937,762.425240166485,225,static.prop.trashcan01,90.8212356758803,-7.11356449127197,108.498008728027,-56.3960151672363
937,762.438783966005,225,static.prop.trashcan01,88.552279013049,-7.11353492736816,108.498023986816,-56.3970489501953
937,762.452102065086,225,static.prop.trashcan01,90.0702014247662,-7.11350059509277,108.498031616211,-56.3981170654297
937,762.465736664832,225,static.prop.trashcan01,87.5031815580511,-7.11347579956055,108.498054504395,-56.3990936279297
938,762.482687465847,225,static.prop.trashcan01,108.503021471325,-7.11344957351685,108.498054504395,-56.4000091552734
938,762.49690136686,225,static.prop.trashcan01,80.5563535791022,-7.11343050003052,108.498062133789,-56.4010810852051
938,762.512830667198,225,static.prop.trashcan01,97.2155204730018,-7.11333274841309,108.498100280762,-56.403247833252
938,762.528194367886,225,static.prop.trashcan01,91.0052444903116,-7.1132493019104,108.498138427734,-56.4054374694824
938,762.542449366301,225,static.prop.trashcan01,124.510815057517,-7.11315155029297,108.498191833496,-56.4076042175293
938,762.556473065168,225,static.prop.trashcan01,74.8792604280614,-7.11303949356079,108.498229980469,-56.4089736938477
938,762.570288766176,225,static.prop.trashcan01,91.1867638280335,-7.11294031143188,108.498275756836,-56.410343170166
938,762.584320865571,225,static.prop.trashcan01,89.9556641398311,-7.1129002571106,108.49829864502,-56.4106788635254
939,762.598555065691,225,static.prop.trashcan01,86.7970545349464,-7.11282920837402,108.498321533203,-56.4116020202637
939,762.613237768412,225,static.prop.trashcan01,86.863891099485,-7.11282920837402,108.498321533203,-56.4116020202637
939,762.627418965101,225,static.prop.trashcan01,89.4604803527924,-7.11272811889648,108.498359680176,-56.4133071899414
939,762.641820866615,225,static.prop.trashcan01,91.8948165289646,-7.11269330978394,108.498374938965,-56.4134407043457
939,762.658715266734,225,static.prop.trashcan01,104.157494398299,-7.11265850067139,108.498382568359,-56.4141082763672
939,762.67970136553,225,static.prop.trashcan01,88.2129171424974,-7.11261701583862,108.498397827148,-56.4153289794922
939,762.698783468455,225,static.prop.trashcan01,118.264713553817,-7.11255407333374,108.498435974121,-56.4169082641602
940,762.723162066191,225,static.prop.trashcan01,99.9475373393683,-7.11251640319824,108.498443603516,-56.4185562133789
940,762.747863665223,225,static.prop.trashcan01,102.179289276069,-7.1124267578125,108.498497009277,-56.4207572937012
940,762.769754767418,225,static.prop.trashcan01,93.0349794755485,-7.11235046386719,108.49853515625,-56.4229278564453
940,762.793148867786,225,static.prop.trashcan01,99.8877775960932,-7.11228799819946,108.498573303223,-56.4246253967285
940,762.810721565038,225,static.prop.trashcan01,109.995499713821,-7.11223793029785,108.498603820801,-56.4265518188477
940,762.827788367867,225,static.prop.trashcan01,105.34149142757,-7.11219644546509,108.49861907959,-56.4283256530762
941,762.843324568123,225,static.prop.trashcan01,98.1558952185634,-7.11214017868042,108.498649597168,-56.4299087524414
941,762.858020666987,225,static.prop.trashcan01,95.4121800863525,-7.11209201812744,108.498680114746,-56.4313468933105
941,762.872990366071,225,static.prop.trashcan01,99.3099754841008,-7.1120548248291,108.498687744141,-56.4324493408203
941,762.886909767985,225,static.prop.trashcan01,89.7277347859803,-7.11202621459961,108.498710632324,-56.4336929321289
941,762.900809466839,225,static.prop.trashcan01,89.0870029074925,-7.11194705963135,108.498741149902,-56.4352836608887
941,762.915676265955,225,static.prop.trashcan01,93.2261885335915,-7.11186075210571,108.498779296875,-56.4369697570801
942,762.929801966995,225,static.prop.trashcan01,135.843348248457,-7.11172533035278,108.498847961426,-56.4400749206543
942,762.944312166423,225,static.prop.trashcan01,92.9078930056133,-7.11164236068726,108.498863220215,-56.4412269592285
942,762.959004066885,225,static.prop.trashcan01,94.2016124467565,-7.11159610748291,108.498870849609,-56.4422645568848
942,762.972937367857,225,static.prop.trashcan01,90.830721296077,-7.11156272888184,108.498893737793,-56.4433288574219
942,762.987498067319,225,static.prop.trashcan01,93.7208438522797,-7.11153125762939,108.498901367188,-56.4442558288574
942,763.002134565264,225,static.prop.trashcan01,94.039644341701,-7.11150360107422,108.498916625977,-56.4454460144043
942,763.016319368035,225,static.prop.trashcan01,91.9677240712926,-7.11147308349609,108.498924255371,-56.4467887878418
943,763.031726866961,225,static.prop.trashcan01,98.2593230659672,-7.11146879196167,108.498924255371,-56.4471168518066
943,763.047136764973,225,static.prop.trashcan01,99.9875721614871,-7.11144781112671,108.498931884766,-56.4480667114258
943,763.061357066035,225,static.prop.trashcan01,99.0491244551241,-7.11140441894531,108.49893951416,-56.4493827819824
943,763.075236465782,225,static.prop.trashcan01,101.08637723827,-7.11134624481201,108.498970031738,-56.4506568908691
943,763.08942386508,225,static.prop.trashcan01,103.301912865439,-7.11127471923828,108.499000549316,-56.4520721435547
943,763.102817565203,225,static.prop.trashcan01,103.068618680856,-7.11119508743286,108.499031066895,-56.4536247253418
943,763.11729066819,225,static.prop.trashcan01,103.387395344002,-7.11111259460449,108.499053955078,-56.4547157287598
944,763.132712565362,225,static.prop.trashcan01,108.468697315464,-7.11098480224609,108.49910736084,-56.4570045471191
944,763.148170568049,225,static.prop.trashcan01,141.508410763033,-7.11074733734131,108.499198913574,-56.4615211486816
944,763.165678665042,225,static.prop.trashcan01,126.915310518096,-7.11050462722778,108.499298095703,-56.4651794433594
944,763.181815665215,225,static.prop.trashcan01,121.392475630547,-7.1103048324585,108.499359130859,-56.467357635498
944,763.19673736766,225,static.prop.trashcan01,115.156613200057,-7.1101598739624,108.499412536621,-56.4681205749512
944,763.212150767446,225,static.prop.trashcan01,98.7407180586947,-7.11003589630127,108.499443054199,-56.4685745239258
944,763.229688365012,225,static.prop.trashcan01,135.067906338679,-7.10987663269043,108.499496459961,-56.4684600830078
944,763.261392466724,225,static.prop.trashcan01,115.864469146489,-7.10971546173096,108.499549865723,-56.4695167541504
945,763.28557196632,225,static.prop.trashcan01,120.356972340877,-7.10943508148193,108.499649047852,-56.4713821411133
945,763.304227065295,225,static.prop.trashcan01,142.996510104222,-7.10922765731812,108.499717712402,-56.4728088378906
945,763.320022765547,225,static.prop.trashcan01,132.887446749333,-7.10910749435425,108.499771118164,-56.4701995849609
945,763.336428366601,225,static.prop.trashcan01,135.527141218421,-7.10900735855103,108.499801635742,-56.4673881530762
945,763.351699765772,225,static.prop.trashcan01,119.654084786279,-7.10885524749756,108.499847412109,-56.4663505554199
945,763.370612766594,225,static.prop.trashcan01,176.897547456773,-7.10871076583862,108.499900817871,-56.4661293029785
946,763.386451665312,225,static.prop.trashcan01,100.574151136332,-7.10847759246826,108.499977111816,-56.4690589904785
946,763.401409365237,225,static.prop.trashcan01,120.862998105658,-7.10816860198975,108.500106811523,-56.4749488830566
946,763.415557168424,225,static.prop.trashcan01,156.289212137523,-7.10789966583252,108.500221252441,-56.4808464050293
946,763.430679965764,225,static.prop.trashcan01,116.554061986981,-7.10769939422607,108.500297546387,-56.4847183227539
946,763.44523716718,225,static.prop.trashcan01,109.322590698372,-7.10750102996826,108.500366210938,-56.4890480041504
946,763.460730668157,225,static.prop.trashcan01,116.239260577548,-7.10728931427002,108.500450134277,-56.494701385498
947,763.476350568235,225,static.prop.trashcan01,132.162503188097,-7.10708284378052,108.500534057617,-56.5007400512695
947,763.490517266095,225,static.prop.trashcan01,101.757618163726,-7.10691595077515,108.500602722168,-56.5059585571289
947,763.506024267524,225,static.prop.trashcan01,110.934249762794,-7.10677671432495,108.500648498535,-56.5102043151855
947,763.520761165768,225,static.prop.trashcan01,88.1248578236405,-7.1066722869873,108.500701904297,-56.5139274597168
947,763.53561616689,225,static.prop.trashcan01,105.552057205263,-7.10650730133057,108.500770568848,-56.5189666748047
947,763.550976067781,225,static.prop.trashcan01,123.901311034372,-7.10637903213501,108.500839233398,-56.5239334106445
947,763.564676865935,225,static.prop.trashcan01,144.034601696157,-7.10620355606079,108.500915527344,-56.5297317504883
947,763.579195167869,225,static.prop.trashcan01,121.286662002324,-7.10609340667725,108.5009765625,-56.5330543518066
948,763.593868367374,225,static.prop.trashcan01,105.06199121631,-7.10598134994507,108.501007080078,-56.5366630554199
948,763.608167868108,225,static.prop.trashcan01,99.764965570684,-7.10587549209595,108.50106048584,-56.5403785705566
948,763.62296236679,225,static.prop.trashcan01,97.7790165156864,-7.10577630996704,108.501098632812,-56.5442810058594
948,763.637820065022,225,static.prop.trashcan01,111.66521631619,-7.10560417175293,108.501182556152,-56.5494766235352
948,763.652578067034,225,static.prop.trashcan01,93.6343894682537,-7.10549926757812,108.50122833252,-56.5527458190918
948,763.666911564767,225,static.prop.trashcan01,95.374136669465,-7.10545539855957,108.501274108887,-56.5534553527832
949,763.681695464998,225,static.prop.trashcan01,99.903679839048,-7.10547351837158,108.501266479492,-56.5536231994629
949,763.697034467012,225,static.prop.trashcan01,102.648256260443,-7.10550117492676,108.501266479492,-56.5550003051758
949,763.711643766612,225,static.prop.trashcan01,100.290663731725,-7.10552597045898,108.501266479492,-56.557201385498
949,763.726068567485,225,static.prop.trashcan01,98.5889546518497,-7.105544090271,108.501266479492,-56.5598220825195
949,763.740652367473,225,static.prop.trashcan01,99.2425362577927,-7.10555934906006,108.501266479492,-56.5626831054688
949,763.754959765822,225,static.prop.trashcan01,97.8657138819145,-7.1055703163147,108.501274108887,-56.5656547546387
949,763.769420467317,225,static.prop.trashcan01,97.5862190618713,-7.10557651519775,108.501289367676,-56.5685195922852
949,763.784910365939,225,static.prop.trashcan01,103.05173575794,-7.10557746887207,108.501289367676,-56.5714530944824
949,763.799307066947,225,static.prop.trashcan01,98.8699628685595,-7.10558223724365,108.50129699707,-56.5744171142578
950,763.813871566206,225,static.prop.trashcan01,98.6985270654553,-7.10557985305786,108.50129699707,-56.5770988464355
950,763.828304667026,225,static.prop.trashcan01,99.5685849160783,-7.10557556152344,108.501304626465,-56.5796279907227
950,763.842390567064,225,static.prop.trashcan01,95.7180287606847,-7.10557174682617,108.501312255859,-56.582103729248
950,763.856454066932,225,static.prop.trashcan01,95.0771225119747,-7.10556364059448,108.501327514648,-56.5844573974609
950,763.870749566704,225,static.prop.trashcan01,95.9599512973499,-7.10555648803711,108.501335144043,-56.5866470336914
950,763.884755566716,225,static.prop.trashcan01,94.553828266585,-7.105544090271,108.501342773438,-56.588695526123
950,763.899395667017,225,static.prop.trashcan01,97.0247381842498,-7.10553216934204,108.501358032227,-56.5907096862793
951,763.913590867072,225,static.prop.trashcan01,95.871812285893,-7.1055212020874,108.501365661621,-56.5926895141602
951,763.927522268146,225,static.prop.trashcan01,93.9287129775358,-7.10550880432129,108.501373291016,-56.594612121582
951,763.941713765264,225,static.prop.trashcan01,94.274161109565,-7.10549306869507,108.50138092041,-56.5964126586914
951,763.955038867891,225,static.prop.trashcan01,88.6299110287668,-7.10547733306885,108.501403808594,-56.5981597900391
951,763.969052765518,225,static.prop.trashcan01,92.9181492581535,-7.10545921325684,108.501403808594,-56.5997161865234
951,763.982928965241,225,static.prop.trashcan01,92.6213653790358,-7.10544061660767,108.501411437988,-56.6012649536133
951,763.996946267784,225,static.prop.trashcan01,93.4567856829031,-7.1054220199585,108.501426696777,-56.6028823852539
951,764.011553965509,225,static.prop.trashcan01,95.8646393890814,-7.10540533065796,108.501426696777,-56.6042213439941
952,764.026027165353,225,static.prop.trashcan01,96.4874257615328,-7.10539293289185,108.501441955566,-56.605655670166
952,764.040490467101,225,static.prop.trashcan01,96.0524702114667,-7.10537719726562,108.501441955566,-56.6069679260254
952,764.054421465844,225,static.prop.trashcan01,93.4875279830186,-7.10536289215088,108.50146484375,-56.6082611083984
952,764.069396965206,225,static.prop.trashcan01,95.1998343603671,-7.10534572601318,108.501472473145,-56.6094779968262
952,764.085843864828,225,static.prop.trashcan01,131.158081864476,-7.10532999038696,108.501472473145,-56.6107025146484
952,764.10066806525,225,static.prop.trashcan01,91.9224107072012,-7.10534954071045,108.501472473145,-56.6105766296387
952,764.11915506795,225,static.prop.trashcan01,116.168028315089,-7.10532283782959,108.501480102539,-56.6101493835449
953,764.134557567537,225,static.prop.trashcan01,92.8501331836613,-7.10530376434326,108.501495361328,-56.6103248596191
953,764.149168465286,225,static.prop.trashcan01,96.7807937688169,-7.10526275634766,108.501533508301,-56.6092300415039
953,764.163634568453,225,static.prop.trashcan01,98.2791269154643,-7.10526895523071,108.501541137695,-56.6074333190918
953,764.178111966699,225,static.prop.trashcan01,90.2862573319829,-7.10525846481323,108.501541137695,-56.6067276000977
953,764.192323066294,225,static.prop.trashcan01,84.0172519333417,-7.10524272918701,108.501556396484,-56.6068840026855
953,764.207262165844,225,static.prop.trashcan01,97.9777978383276,-7.10517978668213,108.501602172852,-56.6078338623047
953,764.221827566624,225,static.prop.trashcan01,90.0202619179325,-7.10515308380127,108.501617431641,-56.6079788208008
954,764.237066864967,225,static.prop.trashcan01,95.4885239559898,-7.1051139831543,108.501617431641,-56.6087112426758
954,764.251306567341,225,static.prop.trashcan01,90.0441447580651,-7.1051139831543,108.501617431641,-56.6087112426758
954,764.265798266977,225,static.prop.trashcan01,91.8837942902029,-7.10508060455322,108.501647949219,-56.6098403930664
954,764.279809467494,225,static.prop.trashcan01,89.3848948497497,-7.10505485534668,108.501655578613,-56.6107597351074
954,764.294033166021,225,static.prop.trashcan01,90.535186827613,-7.10502862930298,108.501678466797,-56.6118850708008
954,764.309507265687,225,static.prop.trashcan01,97.4757767652831,-7.10500001907349,108.501686096191,-56.6130561828613
954,764.324702866375,225,static.prop.trashcan01,95.6505924303738,-7.10496807098389,108.501708984375,-56.6144180297852
954,764.339237965643,225,static.prop.trashcan01,92.0952577384882,-7.10493135452271,108.501739501953,-56.6157646179199
955,764.353829365224,225,static.prop.trashcan01,93.3400546335281,-7.10489177703857,108.501747131348,-56.6171379089355
955,764.367563065141,225,static.prop.trashcan01,89.6247222690445,-7.10486030578613,108.501762390137,-56.6183280944824
955,764.38179166615,225,static.prop.trashcan01,91.2012326039583,-7.10483121871948,108.50178527832,-56.6193923950195
955,764.396411966532,225,static.prop.trashcan01,93.7105329054194,-7.10480165481567,108.50178527832,-56.6205215454102
955,764.410215064883,225,static.prop.trashcan01,89.7586866476393,-7.10477542877197,108.501800537109,-56.6218032836914
955,764.423970267177,225,static.prop.trashcan01,103.094350428989,-7.10475015640259,108.501823425293,-56.6228370666504
955,764.437470965087,225,static.prop.trashcan01,87.9558638700598,-7.10466480255127,108.501861572266,-56.6242408752441
955,764.451458867639,225,static.prop.trashcan01,87.7933325891201,-7.10459327697754,108.501892089844,-56.6257057189941
956,764.46537746489,225,static.prop.trashcan01,90.0242197446067,-7.10448217391968,108.501937866211,-56.6279373168945
956,764.479574665427,225,static.prop.trashcan01,88.4877029397354,-7.10438203811646,108.501968383789,-56.6297645568848
956,764.493796568364,225,static.prop.trashcan01,134.478960453942,-7.10425329208374,108.502029418945,-56.6325187683105
956,764.507571168244,225,static.prop.trashcan01,86.1836298736307,-7.1041784286499,108.502059936523,-56.6336402893066
956,764.521444167942,225,static.prop.trashcan01,86.8523748269618,-7.10410070419312,108.502090454102,-56.6349563598633
956,764.535840366036,225,static.prop.trashcan01,127.624714679753,-7.10398721694946,108.502143859863,-56.6374931335449
956,764.550131067634,225,static.prop.trashcan01,91.2993563243756,-7.1039023399353,108.502174377441,-56.6390113830566
956,764.564986765385,225,static.prop.trashcan01,94.4225743519174,-7.10385847091675,108.502182006836,-56.6399612426758
957,764.581721365452,225,static.prop.trashcan01,103.842747784158,-7.10382747650146,108.50220489502,-56.6410903930664
957,764.595937367529,225,static.prop.trashcan01,90.146371937873,-7.10378885269165,108.502212524414,-56.6425285339355
957,764.61056406796,225,static.prop.trashcan01,93.1598402069223,-7.10375022888184,108.502235412598,-56.6438026428223
957,764.624366365373,225,static.prop.trashcan01,88.7695081316178,-7.10372161865234,108.502250671387,-56.6450271606445
957,764.638818465173,225,static.prop.trashcan01,93.2186206220912,-7.10369253158569,108.502265930176,-56.6462478637695
957,764.652973465621,225,static.prop.trashcan01,90.6324836301873,-7.10367012023926,108.50227355957,-56.6473808288574
957,764.667664468288,225,static.prop.trashcan01,94.8368064122334,-7.10366821289062,108.502281188965,-56.6477737426758
958,764.681793965399,225,static.prop.trashcan01,92.3603294440062,-7.10365152359009,108.502288818359,-56.6486587524414
958,764.696686368436,225,static.prop.trashcan01,96.0837448633498,-7.10362815856934,108.502304077148,-56.6496353149414
958,764.713491566479,225,static.prop.trashcan01,104.933183369774,-7.10360765457153,108.502311706543,-56.6508255004883
958,764.730202067643,225,static.prop.trashcan01,103.677754788095,-7.10357093811035,108.502319335938,-56.65234375
958,764.745282065123,225,static.prop.trashcan01,95.4598286179079,-7.10352230072021,108.502342224121,-56.6539077758789
958,764.75988996774,225,static.prop.trashcan01,95.132750945515,-7.10347414016724,108.502372741699,-56.655216217041
958,764.774680268019,225,static.prop.trashcan01,95.0814607542166,-7.103440284729,108.502388000488,-56.6564750671387
959,764.788663767278,225,static.prop.trashcan01,78.4264362395958,-7.10341453552246,108.502410888672,-56.6575660705566
959,764.803358767182,225,static.prop.trashcan01,132.632086128403,-7.10333013534546,108.50244140625,-56.6597099304199
959,764.817210767418,225,static.prop.trashcan01,93.8912143693603,-7.1032772064209,108.502471923828,-56.6606216430664
959,764.832270268351,225,static.prop.trashcan01,94.6669607655225,-7.10323762893677,108.502487182617,-56.6610832214355
959,764.849647067487,225,static.prop.trashcan01,106.645651128419,-7.10316514968872,108.502510070801,-56.6621551513672
959,764.864634364843,225,static.prop.trashcan01,91.3190687690866,-7.10305166244507,108.502548217773,-56.6641998291016
959,764.880938567221,225,static.prop.trashcan01,80.9902505097252,-7.10293388366699,108.502593994141,-56.6666679382324
959,764.895787265152,225,static.prop.trashcan01,116.136436408521,-7.1026873588562,108.502700805664,-56.6713066101074
960,764.91067186743,225,static.prop.trashcan01,69.4394368905751,-7.10258293151855,108.502754211426,-56.6728324890137
960,764.925116468221,225,static.prop.trashcan01,88.9602123329193,-7.1025824546814,108.502754211426,-56.6717910766602
960,764.941211365163,225,static.prop.trashcan01,101.75072503628,-7.1025595664978,108.502769470215,-56.6712684631348
960,764.959732767195,225,static.prop.trashcan01,114.777431058597,-7.10256195068359,108.50276184082,-56.6702995300293
960,764.97782676667,225,static.prop.trashcan01,95.8845882723558,-7.10258102416992,108.502738952637,-56.6695899963379
960,764.994175568223,225,static.prop.trashcan01,127.25002498942,-7.10261869430542,108.502754211426,-56.6641387939453
961,765.009447667748,225,static.prop.trashcan01,110.087580443417,-7.1027135848999,108.502700805664,-56.6612319946289
961,765.024596966803,225,static.prop.trashcan01,98.8172565429634,-7.10260677337646,108.50276184082,-56.6613845825195
961,765.039546266198,225,static.prop.trashcan01,99.8778552291821,-7.10260057449341,108.50276184082,-56.6607818603516
961,765.054378267378,225,static.prop.trashcan01,93.7941108606046,-7.10259008407593,108.50276184082,-56.6606559753418
961,765.070388667285,225,static.prop.trashcan01,94.0940997421223,-7.10259008407593,108.50276184082,-56.6606559753418
961,765.084972165525,225,static.prop.trashcan01,133.460747383791,-7.1024923324585,108.502792358398,-56.6611366271973
961,765.10067986697,225,static.prop.trashcan01,94.0589604817178,-7.10245323181152,108.502822875977,-56.6600723266602
962,765.115317568183,225,static.prop.trashcan01,137.583961369803,-7.10244941711426,108.502807617188,-56.6597671508789
962,765.130294665694,225,static.prop.trashcan01,97.9622685407901,-7.10246753692627,108.502807617188,-56.6586685180664
962,765.145020067692,225,static.prop.trashcan01,96.6030088128475,-7.10251379013062,108.502777099609,-56.6578140258789
962,765.159462764859,225,static.prop.trashcan01,59.2413290314164,-7.1025333404541,108.502769470215,-56.6558647155762
962,765.173388965428,225,static.prop.trashcan01,94.2706697791412,-7.10259199142456,108.50276184082,-56.6523780822754
962,765.187560267746,225,static.prop.trashcan01,136.610406210574,-7.10266542434692,108.502723693848,-56.6506767272949
962,765.200864166021,225,static.prop.trashcan01,131.939776902435,-7.10274600982666,108.502685546875,-56.6483497619629
962,765.21542846784,225,static.prop.trashcan01,100.42467670658,-7.10268974304199,108.502700805664,-56.6508293151855
963,765.229837566614,225,static.prop.trashcan01,94.9507407750219,-7.10266780853271,108.502700805664,-56.6532669067383
963,765.244032464921,225,static.prop.trashcan01,91.1819002951208,-7.10264492034912,108.502700805664,-56.6555213928223
963,765.258740466088,225,static.prop.trashcan01,93.9083196323192,-7.10262107849121,108.502716064453,-56.6578178405762
963,765.27246626839,225,static.prop.trashcan01,89.1077714637737,-7.10259628295898,108.502716064453,-56.6600952148438
963,765.286564465612,225,static.prop.trashcan01,91.1192399304826,-7.10257291793823,108.502723693848,-56.6620903015137
963,765.300621766597,225,static.prop.trashcan01,90.8253308125852,-7.10255241394043,108.502731323242,-56.6640625
963,765.314280867577,225,static.prop.trashcan01,89.046273053513,-7.10252857208252,108.502754211426,-56.6660232543945
963,765.329688765109,225,static.prop.trashcan01,97.8774821786462,-7.10250520706177,108.50276184082,-56.6678619384766
964,765.353165965527,225,static.prop.trashcan01,98.429763546521,-7.10247993469238,108.502769470215,-56.6699600219727
964,765.369497966021,225,static.prop.trashcan01,102.268452584995,-7.10242605209351,108.502792358398,-56.6730766296387
964,765.384754467756,225,static.prop.trashcan01,96.5270757995148,-7.10238456726074,108.502807617188,-56.6752090454102
964,765.399353966117,225,static.prop.trashcan01,93.7352457478224,-7.10234498977661,108.502838134766,-56.6769828796387
964,765.41338076815,225,static.prop.trashcan01,91.772496227805,-7.10231065750122,108.502861022949,-56.6786346435547
964,765.42768926546,225,static.prop.trashcan01,90.7477752884862,-7.10228252410889,108.502876281738,-56.6800575256348
965,765.442056067288,225,static.prop.trashcan01,84.6034716189573,-7.10225868225098,108.502868652344,-56.6815795898438
965,765.45662066713,225,static.prop.trashcan01,92.2975397031401,-7.10218143463135,108.5029296875,-56.6832733154297
965,765.470537565649,225,static.prop.trashcan01,86.2507377951618,-7.1020712852478,108.502967834473,-56.6861038208008
965,765.484439067543,225,static.prop.trashcan01,103.41703386046,-7.10204076766968,108.502983093262,-56.686710357666
965,765.498827066272,225,static.prop.trashcan01,89.9760052238304,-7.10193967819214,108.503036499023,-56.6891899108887
965,765.513527967036,225,static.prop.trashcan01,97.8748829491397,-7.10186433792114,108.503051757812,-56.690990447998
965,765.526756867766,225,static.prop.trashcan01,81.5856019848638,-7.10183715820312,108.503051757812,-56.6918144226074
965,765.542024865746,225,static.prop.trashcan01,88.2741983755039,-7.10177230834961,108.503082275391,-56.6935539245605
966,765.556274767965,225,static.prop.trashcan01,77.3031886290413,-7.10165929794312,108.503120422363,-56.6961822509766
966,765.570995464921,225,static.prop.trashcan01,80.8684633924605,-7.10158014297485,108.503173828125,-56.6979179382324
966,765.585208967328,225,static.prop.trashcan01,89.0110146454906,-7.10153293609619,108.503189086914,-56.6986465454102
966,765.599401265383,225,static.prop.trashcan01,90.6262314808635,-7.10149717330933,108.503204345703,-56.6995887756348
966,765.612972564995,225,static.prop.trashcan01,88.9019642505853,-7.1014666557312,108.503211975098,-56.700756072998
966,765.627219665796,225,static.prop.trashcan01,90.1161528819575,-7.10144138336182,108.503227233887,-56.7018585205078
966,765.641059268266,225,static.prop.trashcan01,89.2955175277452,-7.1014142036438,108.503242492676,-56.7032279968262
966,765.655795067549,225,static.prop.trashcan01,94.6952924497437,-7.10138511657715,108.503242492676,-56.7045059204102
967,765.677926067263,225,static.prop.trashcan01,93.6277044313296,-7.10136318206787,108.503257751465,-56.7060356140137
967,765.691897068173,225,static.prop.trashcan01,90.6907790239502,-7.10131311416626,108.503288269043,-56.7082290649414
967,765.705649968237,225,static.prop.trashcan01,90.7806840493221,-7.10127830505371,108.503295898438,-56.7095413208008
967,765.71969486773,225,static.prop.trashcan01,91.2288257469915,-7.10125160217285,108.503318786621,-56.710880279541
967,765.736096166074,225,static.prop.trashcan01,104.415315917944,-7.1012225151062,108.503326416016,-56.7121315002441
967,765.751475665718,225,static.prop.trashcan01,97.0330753390105,-7.10119295120239,108.50333404541,-56.7138366699219
967,765.766557566822,225,static.prop.trashcan01,96.9058794814579,-7.10114860534668,108.503356933594,-56.7153739929199
968,765.780982468277,225,static.prop.trashcan01,91.4302756524885,-7.10111045837402,108.503395080566,-56.7167739868164
968,765.795585867018,225,static.prop.trashcan01,92.6735414288518,-7.10107183456421,108.503402709961,-56.7180023193359
968,765.809960365295,225,static.prop.trashcan01,92.7283874745683,-7.10103750228882,108.50341796875,-56.7192802429199
968,765.824962966144,225,static.prop.trashcan01,95.6610797294933,-7.10100746154785,108.503433227539,-56.7204360961914
968,765.838849965483,225,static.prop.trashcan01,92.9560856552672,-7.10097599029541,108.503448486328,-56.7217788696289
968,765.85339326784,225,static.prop.trashcan01,93.7167580610529,-7.10094261169434,108.503463745117,-56.7228851318359
969,765.868783265352,225,static.prop.trashcan01,97.7831369107162,-7.10091400146484,108.503471374512,-56.7241516113281
969,765.88334916532,225,static.prop.trashcan01,94.9110379805326,-7.10088062286377,108.503494262695,-56.7253761291504
969,765.899542167783,225,static.prop.trashcan01,103.117664332159,-7.10087823867798,108.503494262695,-56.7256546020508
969,765.913945265114,225,static.prop.trashcan01,93.0091337872239,-7.10076999664307,108.503524780273,-56.7276725769043
969,765.927624065429,225,static.prop.trashcan01,145.115293757968,-7.10064125061035,108.503593444824,-56.730110168457
969,765.94173296541,225,static.prop.trashcan01,86.6420003607048,-7.10065412521362,108.503578186035,-56.7295379638672
969,765.955961767584,225,static.prop.trashcan01,97.235277608759,-7.1006383895874,108.503578186035,-56.7297706604004
969,765.970430366695,225,static.prop.trashcan01,84.2830684920348,-7.10057640075684,108.503601074219,-56.7307815551758
969,765.984841365367,225,static.prop.trashcan01,125.872561526111,-7.10048580169678,108.503646850586,-56.7331008911133
970,765.999665565789,225,static.prop.trashcan01,96.5735017985612,-7.10040140151978,108.503677368164,-56.7344093322754
970,766.013946466148,225,static.prop.trashcan01,91.6924036215432,-7.1003532409668,108.503692626953,-56.7351760864258
970,766.028296466917,225,static.prop.trashcan01,89.5563482926933,-7.10027551651001,108.503715515137,-56.7365798950195
970,766.042517468333,225,static.prop.trashcan01,92.5881088180669,-7.10012197494507,108.503799438477,-56.7391700744629
970,766.056510265917,225,static.prop.trashcan01,95.6285521155213,-7.10001516342163,108.503837585449,-56.740364074707
970,766.070670764893,225,static.prop.trashcan01,88.0339827205478,-7.10000801086426,108.503837585449,-56.7401504516602
971,766.085261765867,225,static.prop.trashcan01,92.5096625009963,-7.09999132156372,108.503845214844,-56.7397575378418
971,766.09914246574,225,static.prop.trashcan01,92.8557646531477,-7.09998750686646,108.503837585449,-56.7390518188477
971,766.114952765405,225,static.prop.trashcan01,95.9345669202657,-7.09994697570801,108.503852844238,-56.7393569946289
971,766.129519864917,225,static.prop.trashcan01,127.166699856269,-7.0999174118042,108.503868103027,-56.7399024963379
971,766.144507165998,225,static.prop.trashcan01,82.6667882520034,-7.09979772567749,108.503921508789,-56.7427139282227
971,766.159428667277,225,static.prop.trashcan01,94.6860372160011,-7.09976387023926,108.503921508789,-56.7433624267578
971,766.175069566816,225,static.prop.trashcan01,97.8069384199135,-7.09972381591797,108.503936767578,-56.7444610595703
971,766.188825067133,225,static.prop.trashcan01,87.3162980092396,-7.09968662261963,108.503952026367,-56.7459144592285
972,766.20582986623,225,static.prop.trashcan01,105.074250763028,-7.0996527671814,108.503974914551,-56.7471084594727
972,766.221450965852,225,static.prop.trashcan01,97.7587961861414,-7.09961605072021,108.503982543945,-56.7488822937012
972,766.239711467177,225,static.prop.trashcan01,111.017584770181,-7.09957075119019,108.503997802734,-56.7503433227539
972,766.26256576553,225,static.prop.trashcan01,95.0603668782024,-7.09952306747437,108.504028320312,-56.7523612976074
972,766.282586667687,225,static.prop.trashcan01,98.4770370312048,-7.09945011138916,108.504066467285,-56.7546157836914
972,766.297881267965,225,static.prop.trashcan01,98.9262152625861,-7.09940767288208,108.504112243652,-56.7560806274414
972,766.312964066863,225,static.prop.trashcan01,86.4247231072462,-7.09939622879028,108.504112243652,-56.7564735412598
973,766.328826565295,225,static.prop.trashcan01,92.4544779255351,-7.09924554824829,108.504188537598,-56.7590103149414
973,766.343770764768,225,static.prop.trashcan01,140.585735566576,-7.09914636611938,108.50422668457,-56.7614517211914
973,766.359145767987,225,static.prop.trashcan01,99.0329111547274,-7.0990743637085,108.504257202148,-56.762580871582
973,766.373629964888,225,static.prop.trashcan01,92.7340926971231,-7.09896278381348,108.504302978516,-56.7646255493164
973,766.388767365366,225,static.prop.trashcan01,118.18881219684,-7.09882164001465,108.504364013672,-56.7674369812012
973,766.404490366578,225,static.prop.trashcan01,97.3704350114942,-7.0986385345459,108.504440307617,-56.7714004516602
973,766.42165786773,225,static.prop.trashcan01,105.793526269713,-7.09850645065308,108.504486083984,-56.7744255065918
974,766.436619266868,225,static.prop.trashcan01,90.6871657216365,-7.09839296340942,108.504539489746,-56.7771415710449
974,766.451553165913,225,static.prop.trashcan01,73.1536705329446,-7.0982780456543,108.504585266113,-56.7799797058105
974,766.466083165258,225,static.prop.trashcan01,131.900008037586,-7.09806632995605,108.504676818848,-56.7837905883789
974,766.480172365904,225,static.prop.trashcan01,89.2545428523669,-7.09798192977905,108.504707336426,-56.786075592041
974,766.49527586624,225,static.prop.trashcan01,95.7320437962234,-7.09793281555176,108.504722595215,-56.7878227233887
974,766.509256567806,225,static.prop.trashcan01,89.9788563771234,-7.09789657592773,108.504730224609,-56.789436340332
974,766.52318226546,225,static.prop.trashcan01,89.7943541038983,-7.09786653518677,108.504745483398,-56.790843963623
975,766.53740086779,225,static.prop.trashcan01,90.9658949823217,-7.09784698486328,108.504760742188,-56.7923965454102
975,766.550914168358,225,static.prop.trashcan01,89.2375575835015,-7.09782600402832,108.504760742188,-56.7938385009766
975,766.564882665873,225,static.prop.trashcan01,90.6573498163715,-7.09780311584473,108.504783630371,-56.7952346801758
975,766.577137965709,225,static.prop.trashcan01,70.6923555182725,-7.09777879714966,108.504791259766,-56.7967910766602
975,766.589434165508,225,static.prop.trashcan01,76.0006205367687,-7.09774446487427,108.50479888916,-56.7981338500977
975,766.601327966899,225,static.prop.trashcan01,77.1899145523295,-7.0976619720459,108.504852294922,-56.7999076843262
975,766.613652866334,225,static.prop.trashcan01,75.6111380899607,-7.09756517410278,108.504890441895,-56.8017692565918
976,766.625428367406,225,static.prop.trashcan01,120.750578499239,-7.09750127792358,108.504913330078,-56.8024063110352
976,766.637903068215,225,static.prop.trashcan01,98.3554893745369,-7.09746646881104,108.504920959473,-56.8022651672363
976,766.649988565594,225,static.prop.trashcan01,75.0209562734806,-7.09740543365479,108.504951477051,-56.8029327392578
976,766.678621668369,225,static.prop.trashcan01,99.1604893230147,-7.09730100631714,108.504974365234,-56.8049697875977
976,766.690478865057,225,static.prop.trashcan01,77.4265619338393,-7.09683036804199,108.505157470703,-56.8141250610352
976,766.702184367925,225,static.prop.trashcan01,58.5039862169425,-7.09668016433716,108.505241394043,-56.8167762756348
976,766.714289266616,225,static.prop.trashcan01,110.160935296021,-7.09661531448364,108.505264282227,-56.8179092407227
976,766.72607626766,225,static.prop.trashcan01,84.3395824805009,-7.09649658203125,108.505302429199,-56.8200759887695
977,766.739262364805,225,static.prop.trashcan01,109.613538242995,-7.09627437591553,108.505401611328,-56.8242530822754
977,766.751487165689,225,static.prop.trashcan01,99.6969828094209,-7.09616565704346,108.505447387695,-56.826057434082
977,766.764454767108,225,static.prop.trashcan01,86.3568235187877,-7.09616136550903,108.505439758301,-56.8255386352539
977,766.777338966727,225,static.prop.trashcan01,131.953586699422,-7.09615707397461,108.505424499512,-56.8252906799316
977,766.789255365729,225,static.prop.trashcan01,92.7769388663164,-7.09617710113525,108.505401611328,-56.8240509033203
977,766.801020167768,225,static.prop.trashcan01,70.1334875955194,-7.09610271453857,108.505424499512,-56.8248023986816
977,766.812291868031,225,static.prop.trashcan01,97.5510442924117,-7.09608697891235,108.505439758301,-56.8245964050293
977,766.823939666152,225,static.prop.trashcan01,93.8133363541158,-7.09608125686646,108.505424499512,-56.824649810791
977,766.835948567837,225,static.prop.trashcan01,73.8906889615382,-7.09607648849487,108.505424499512,-56.8244438171387
978,766.84929696843,225,static.prop.trashcan01,81.1646411217199,-7.09606504440308,108.505424499512,-56.8245735168457
978,766.861523065716,225,static.prop.trashcan01,114.024296862183,-7.09605884552002,108.505424499512,-56.8249282836914
978,766.877208467573,225,static.prop.trashcan01,83.8148710798796,-7.09605312347412,108.505424499512,-56.8249244689941
978,766.888979766518,225,static.prop.trashcan01,74.2502293316614,-7.09606266021729,108.505424499512,-56.8249626159668
978,766.901230867952,225,static.prop.trashcan01,103.511905119107,-7.09603977203369,108.505439758301,-56.8260345458984
978,766.913760367781,225,static.prop.trashcan01,81.288073186345,-7.09600734710693,108.50545501709,-56.827335357666
978,766.92587646842,225,static.prop.trashcan01,80.4285239397398,-7.09598541259766,108.505462646484,-56.8286476135254
978,766.938538666815,225,static.prop.trashcan01,83.2610057749907,-7.09597158432007,108.505462646484,-56.8300247192383
978,766.952141765505,225,static.prop.trashcan01,87.9823520182652,-7.09596157073975,108.505485534668,-56.831485748291
978,766.964990165085,225,static.prop.trashcan01,82.9845201424013,-7.09594964981079,108.505493164062,-56.8333053588867
979,766.978505667299,225,static.prop.trashcan01,87.4224910678074,-7.0959300994873,108.505508422852,-56.8349075317383
979,766.991092767566,225,static.prop.trashcan01,82.0883317749866,-7.09591436386108,108.505516052246,-56.8366203308105
979,767.003101468086,225,static.prop.trashcan01,79.152387293135,-7.09589719772339,108.505531311035,-56.8381118774414
979,767.014663465321,225,static.prop.trashcan01,78.7859163544648,-7.09588050842285,108.505531311035,-56.8395156860352
979,767.026627868414,225,static.prop.trashcan01,79.8469566647142,-7.09586906433105,108.505554199219,-56.8407897949219
979,767.037963867188,225,static.prop.trashcan01,79.0513167860302,-7.09585618972778,108.505561828613,-56.8421401977539
979,767.049676068127,225,static.prop.trashcan01,77.8527818289811,-7.0958456993103,108.505577087402,-56.8433876037598
980,767.061255767941,225,static.prop.trashcan01,77.3235814113893,-7.09583187103271,108.505584716797,-56.8446464538574
980,767.073186565191,225,static.prop.trashcan01,78.4593860126394,-7.09581899642944,108.505584716797,-56.8458976745605
980,767.084691867232,225,static.prop.trashcan01,76.4483964843045,-7.09580612182617,108.505599975586,-56.8471755981445
980,767.095837567002,225,static.prop.trashcan01,77.0266605224991,-7.09579038619995,108.505599975586,-56.8483085632324
980,767.107453364879,225,static.prop.trashcan01,77.9566847274195,-7.09577512741089,108.505615234375,-56.8494071960449
980,767.118632566184,225,static.prop.trashcan01,78.3131368418264,-7.09576034545898,108.50562286377,-56.8505935668945
980,767.129705768079,225,static.prop.trashcan01,74.4845545649612,-7.09574747085571,108.505630493164,-56.8516654968262
980,767.140539165586,225,static.prop.trashcan01,76.632453498441,-7.09573268890381,108.505645751953,-56.852668762207
980,767.151729565114,225,static.prop.trashcan01,75.5424230921623,-7.09571647644043,108.505645751953,-56.853588104248
980,767.162806265056,225,static.prop.trashcan01,72.8136512390819,-7.09570741653442,108.505653381348,-56.8545608520508
981,767.174501866102,225,static.prop.trashcan01,77.1433599420664,-7.09568977355957,108.505653381348,-56.8555068969727
981,767.185830466449,225,static.prop.trashcan01,75.8599309951873,-7.09567308425903,108.505653381348,-56.8565788269043
981,767.197167765349,225,static.prop.trashcan01,73.4584505842293,-7.0956597328186,108.505668640137,-56.8575134277344
981,767.208826664835,225,static.prop.trashcan01,74.9609496340771,-7.09564113616943,108.505683898926,-56.858470916748
981,767.220343466848,225,static.prop.trashcan01,74.4396864601037,-7.09562253952026,108.50569152832,-56.859447479248
981,767.23248866573,225,static.prop.trashcan01,77.3981648365264,-7.09560203552246,108.505699157715,-56.8603630065918
981,767.244135767221,225,static.prop.trashcan01,77.2145104373854,-7.09557867050171,108.505699157715,-56.861328125
981,767.255633167922,225,static.prop.trashcan01,75.9957484371332,-7.09555625915527,108.505706787109,-56.862133026123
981,767.267417665571,225,static.prop.trashcan01,75.7921331487803,-7.09553956985474,108.505729675293,-56.8629493713379
981,767.279605764896,225,static.prop.trashcan01,77.8772232063507,-7.09551858901978,108.505737304688,-56.8638076782227
981,767.291360266507,225,static.prop.trashcan01,76.0489069885237,-7.0954966545105,108.505752563477,-56.8647193908691
982,767.302530866116,225,static.prop.trashcan01,74.3414704091793,-7.09547328948975,108.505760192871,-56.8655776977539
982,767.327042266726,225,static.prop.trashcan01,100.997217920089,-7.09545278549194,108.505767822266,-56.8662757873535
982,767.338758267462,225,static.prop.trashcan01,76.880165857683,-7.09542942047119,108.505767822266,-56.8674125671387
982,767.349927067757,225,static.prop.trashcan01,59.7001074850265,-7.09540510177612,108.505790710449,-56.8678016662598
982,767.36147756502,225,static.prop.trashcan01,60.5865690439628,-7.09536123275757,108.505821228027,-56.8683853149414
982,767.372747264802,225,static.prop.trashcan01,73.8028371490883,-7.09525871276855,108.505859375,-56.8696060180664
982,767.384219765663,225,static.prop.trashcan01,79.8093293840089,-7.09519577026367,108.505889892578,-56.8698883056641
982,767.395961266011,225,static.prop.trashcan01,71.0425507805809,-7.09514999389648,108.505912780762,-56.87060546875
983,767.408954765648,225,static.prop.trashcan01,77.3192430228679,-7.09505128860474,108.50594329834,-56.8724136352539
983,767.422815468162,225,static.prop.trashcan01,92.5878581373033,-7.0949764251709,108.505973815918,-56.8733291625977
983,767.434201166034,225,static.prop.trashcan01,78.0447273061386,-7.09494018554688,108.505973815918,-56.8738784790039
983,767.44683996588,225,static.prop.trashcan01,79.4445371356413,-7.09491443634033,108.506004333496,-56.8743591308594
983,767.461767565459,225,static.prop.trashcan01,93.4395301173013,-7.094886302948,108.506004333496,-56.875186920166
983,767.473991967738,225,static.prop.trashcan01,77.6916413765464,-7.09485960006714,108.506011962891,-56.8763465881348
983,767.486057367176,225,static.prop.trashcan01,78.2274432606795,-7.09482717514038,108.506034851074,-56.8772087097168
983,767.497976467013,225,static.prop.trashcan01,77.9011943697077,-7.094801902771,108.506042480469,-56.8780899047852
983,767.509965665638,225,static.prop.trashcan01,75.8984365209179,-7.09478235244751,108.506065368652,-56.8789825439453
984,767.522085767239,225,static.prop.trashcan01,78.2038191637659,-7.09476137161255,108.506072998047,-56.8799247741699
984,767.53401696682,225,static.prop.trashcan01,78.585117306754,-7.09473943710327,108.506080627441,-56.8809013366699
984,767.545435868204,225,static.prop.trashcan01,75.2397245904904,-7.09471654891968,108.506103515625,-56.8818435668945
984,767.556708168238,225,static.prop.trashcan01,75.4597348989194,-7.09469270706177,108.506103515625,-56.8826675415039
984,767.568169366568,225,static.prop.trashcan01,75.7650588696709,-7.09467458724976,108.50611114502,-56.8835258483887
984,767.580319065601,225,static.prop.trashcan01,78.3674206177145,-7.09465885162354,108.506118774414,-56.884407043457
984,767.591722868383,225,static.prop.trashcan01,76.9693203474335,-7.09463787078857,108.506134033203,-56.8853187561035
984,767.603244267404,225,static.prop.trashcan01,76.535829445012,-7.0946159362793,108.506141662598,-56.8861770629883
984,767.614287365228,225,static.prop.trashcan01,74.9815720542802,-7.09459590911865,108.506149291992,-56.8870582580566
985,767.625301968306,225,static.prop.trashcan01,74.2255090044916,-7.09457588195801,108.506156921387,-56.8878517150879
985,767.636561065912,225,static.prop.trashcan01,74.8645791334447,-7.09455728530884,108.506172180176,-56.8886528015137
985,767.647810466588,225,static.prop.trashcan01,73.5289807019198,-7.09453964233398,108.50617980957,-56.8895301818848
985,767.659208066761,225,static.prop.trashcan01,73.0641399183732,-7.09452056884766,108.506187438965,-56.8903312683105
985,767.670672267675,225,static.prop.trashcan01,73.5437326323956,-7.09450006484985,108.506195068359,-56.8911476135254
985,767.681975968182,225,static.prop.trashcan01,75.1862128361976,-7.0944766998291,108.506195068359,-56.8919715881348
985,767.692771665752,225,static.prop.trashcan01,73.4954980672804,-7.09445667266846,108.506210327148,-56.8927307128906
985,767.704223465174,225,static.prop.trashcan01,75.4340189316638,-7.09443759918213,108.506217956543,-56.8934440612793
985,767.714932065457,225,static.prop.trashcan01,73.4408772921828,-7.09441757202148,108.506225585938,-56.8942031860352
985,767.726147767156,225,static.prop.trashcan01,72.4801052300007,-7.09439754486084,108.506240844727,-56.8948745727539
986,767.737512167543,225,static.prop.trashcan01,74.166594646593,-7.09439754486084,108.506240844727,-56.8948745727539
986,767.748950567096,225,static.prop.trashcan01,74.6335649375908,-7.09438037872314,108.506240844727,-56.8956680297852
986,767.759707767516,225,static.prop.trashcan01,73.0810985966019,-7.09436702728271,108.506248474121,-56.8960990905762
986,767.770917065442,225,static.prop.trashcan01,73.6995561251374,-7.09434986114502,108.506248474121,-56.8966484069824
986,767.782566267997,225,static.prop.trashcan01,75.6060588910091,-7.09433460235596,108.506256103516,-56.8971977233887
986,767.793616365641,225,static.prop.trashcan01,73.6363787496241,-7.0943169593811,108.50626373291,-56.8977966308594
986,767.804520968348,225,static.prop.trashcan01,72.4660040065981,-7.09429931640625,108.506278991699,-56.8984451293945
986,767.815608266741,225,static.prop.trashcan01,72.9974245021683,-7.09427976608276,108.506278991699,-56.8989944458008
986,767.826418466866,225,static.prop.trashcan01,72.0825576754415,-7.09426259994507,108.506286621094,-56.8995819091797
987,767.83937856555,225,static.prop.trashcan01,82.496154875983,-7.09424686431885,108.506294250488,-56.9000968933105
987,767.850652165711,225,static.prop.trashcan01,74.5745727879672,-7.09422492980957,108.506294250488,-56.9009208679199
987,767.867392066866,225,static.prop.trashcan01,102.746221055868,-7.09420251846313,108.506309509277,-56.9015007019043
987,767.878487065434,225,static.prop.trashcan01,73.3232384238401,-7.09417533874512,108.506317138672,-56.9026184082031
987,767.889806266874,225,static.prop.trashcan01,77.6634021901504,-7.09414482116699,108.506332397461,-56.9030838012695
987,767.901790667325,225,static.prop.trashcan01,74.0593202807871,-7.09410953521729,108.506355285645,-56.9035148620605
987,767.912591464818,225,static.prop.trashcan01,124.822447976507,-7.09407329559326,108.506378173828,-56.9042472839355
987,767.923499368131,225,static.prop.trashcan01,69.0677324820417,-7.09398174285889,108.506401062012,-56.9051933288574
987,767.934530567378,225,static.prop.trashcan01,65.0097507429537,-7.09399271011353,108.506416320801,-56.9037590026855
987,767.946055967361,225,static.prop.trashcan01,76.1320775114188,-7.09399747848511,108.506401062012,-56.9023208618164
988,767.957018464804,225,static.prop.trashcan01,105.198503646867,-7.09400320053101,108.506393432617,-56.9010162353516
988,767.968124564737,225,static.prop.trashcan01,71.9589344553621,-7.09388971328735,108.50643157959,-56.9030494689941
988,767.97969596833,225,static.prop.trashcan01,75.2950445508574,-7.09382200241089,108.506462097168,-56.9043388366699
988,767.991293266416,225,static.prop.trashcan01,74.044993305528,-7.09378099441528,108.506469726562,-56.9052810668945
988,768.002426568419,225,static.prop.trashcan01,71.9148358420625,-7.09375333786011,108.506484985352,-56.9060134887695
988,768.014446567744,225,static.prop.trashcan01,76.6838206279023,-7.0937328338623,108.506492614746,-56.906623840332
988,768.025569368154,225,static.prop.trashcan01,72.1631674775212,-7.09371328353882,108.506500244141,-56.9073867797852
988,768.036889266223,225,static.prop.trashcan01,72.8348826570372,-7.09369564056396,108.506507873535,-56.9080352783203
988,768.04815216735,225,static.prop.trashcan01,72.6872103848152,-7.09367847442627,108.506523132324,-56.9087600708008
988,768.060112465173,225,static.prop.trashcan01,76.5315314066348,-7.09365940093994,108.506523132324,-56.9094696044922
989,768.071830067784,225,static.prop.trashcan01,75.4630632694831,-7.09364223480225,108.506530761719,-56.9103546142578
989,768.083376165479,225,static.prop.trashcan01,74.6689294684891,-7.09362268447876,108.506538391113,-56.9111404418945
989,768.094949968159,225,static.prop.trashcan01,74.8480454387445,-7.09360408782959,108.506553649902,-56.9119071960449
989,768.10621926561,225,static.prop.trashcan01,73.5718397351169,-7.09358501434326,108.506561279297,-56.9126663208008
989,768.117459066212,225,static.prop.trashcan01,74.8058150480047,-7.09356498718262,108.506576538086,-56.9134063720703
989,768.128910865635,225,static.prop.trashcan01,74.152035632607,-7.09354591369629,108.506591796875,-56.9141273498535
989,768.139858167619,225,static.prop.trashcan01,71.5171665948151,-7.0935263633728,108.50659942627,-56.9148902893066
989,768.150817666203,225,static.prop.trashcan01,71.9468613503947,-7.09352445602417,108.50659942627,-56.9151077270508
990,768.162209168077,225,static.prop.trashcan01,74.0715780925035,-7.09351491928101,108.50659942627,-56.9155006408691
990,768.173627868295,225,static.prop.trashcan01,74.1446839972205,-7.09350204467773,108.506607055664,-56.9160575866699
990,768.185247868299,225,static.prop.trashcan01,74.9386045780117,-7.09348630905151,108.506622314453,-56.9166984558105
990,768.198852065951,225,static.prop.trashcan01,85.7202034795859,-7.09346580505371,108.506622314453,-56.9173622131348
990,768.20973906666,225,static.prop.trashcan01,76.1713876189543,-7.09344720840454,108.506629943848,-56.9183654785156
990,768.220879465342,225,static.prop.trashcan01,74.4362697561275,-7.09341955184937,108.506645202637,-56.9189872741699
990,768.231665365398,225,static.prop.trashcan01,71.8714743185541,-7.0934009552002,108.506660461426,-56.9196815490723
990,768.242813766003,225,static.prop.trashcan01,73.0773213589579,-7.09338140487671,108.506660461426,-56.9202308654785
990,768.253870267421,225,static.prop.trashcan01,72.7305175325944,-7.09336614608765,108.50666809082,-56.920841217041
990,768.264817167073,225,static.prop.trashcan01,72.0820084004195,-7.09334897994995,108.506675720215,-56.9214859008789
990,768.276102166623,225,static.prop.trashcan01,73.4903908165631,-7.09333276748657,108.506683349609,-56.9221534729004
991,768.287621967494,225,static.prop.trashcan01,74.6285713265673,-7.09331655502319,108.506698608398,-56.9228286743164
991,768.299034766853,225,static.prop.trashcan01,74.386921163224,-7.09329462051392,108.506698608398,-56.9235000610352
991,768.310181166977,225,static.prop.trashcan01,73.2223285697804,-7.09327554702759,108.506706237793,-56.924201965332
991,768.321406565607,225,static.prop.trashcan01,73.3132846746027,-7.0932559967041,108.506713867188,-56.9248352050781
991,768.332621466368,225,static.prop.trashcan01,73.2229820419211,-7.09323787689209,108.506729125977,-56.9254493713379
991,768.343646764755,225,static.prop.trashcan01,72.5275948386604,-7.09322023391724,108.506736755371,-56.9261512756348
991,768.35520946607,225,static.prop.trashcan01,74.7445934484506,-7.09320259094238,108.506744384766,-56.9267692565918
991,768.366507165134,225,static.prop.trashcan01,73.6528491345832,-7.09318351745605,108.50675201416,-56.9273986816406
991,768.377978667617,225,static.prop.trashcan01,72.0710733340637,-7.09316349029541,108.506774902344,-56.9280776977539
991,768.390227667987,225,static.prop.trashcan01,79.9760450394965,-7.09313535690308,108.506774902344,-56.9287452697754
992,768.401073865592,225,static.prop.trashcan01,77.4655137900567,-7.09311199188232,108.506774902344,-56.9294776916504
992,768.412762865424,225,static.prop.trashcan01,76.0983499446838,-7.09309196472168,108.506782531738,-56.9300918579102
992,768.424327366054,225,static.prop.trashcan01,75.3878764264536,-7.09307098388672,108.506797790527,-56.9307327270508
992,768.435487467796,225,static.prop.trashcan01,73.7411845830027,-7.09304904937744,108.506805419922,-56.9313430786133
992,768.446726664901,225,static.prop.trashcan01,73.6170596483581,-7.09302854537964,108.506813049316,-56.9319610595703
992,768.457826666534,225,static.prop.trashcan01,73.032758530219,-7.09300899505615,108.506820678711,-56.932544708252
992,768.469094067812,225,static.prop.trashcan01,75.3623789622277,-7.09298801422119,108.506843566895,-56.9331474304199
992,768.479841466993,225,static.prop.trashcan01,72.415612952903,-7.09296751022339,108.506843566895,-56.9337539672852
992,768.491316266358,225,static.prop.trashcan01,74.550950818506,-7.09294986724854,108.506851196289,-56.9342765808105
992,768.502854865044,225,static.prop.trashcan01,74.7629130089005,-7.09293127059937,108.506866455078,-56.9348564147949
993,768.51442796737,225,static.prop.trashcan01,75.0093133362434,-7.0929126739502,108.506874084473,-56.9355583190918
993,768.526101768017,225,static.prop.trashcan01,75.7212149630028,-7.09288930892944,108.506874084473,-56.9361686706543
993,768.537446066737,225,static.prop.trashcan01,74.2823374452524,-7.09286785125732,108.506881713867,-56.9367866516113
993,768.549088466913,225,static.prop.trashcan01,75.1275692444616,-7.09284639358521,108.506889343262,-56.9373817443848
993,768.560008466244,225,static.prop.trashcan01,73.4372148272178,-7.09284353256226,108.506889343262,-56.937572479248
993,768.571426365525,225,static.prop.trashcan01,74.2144542065587,-7.09283018112183,108.506904602051,-56.937816619873
993,768.582744967192,225,static.prop.trashcan01,74.7975083583334,-7.09281158447266,108.506912231445,-56.9383392333984
993,768.594473768026,225,static.prop.trashcan01,74.6654426581334,-7.09279298782349,108.50691986084,-56.9388542175293
993,768.606378465891,225,static.prop.trashcan01,75.6639789866922,-7.09277009963989,108.506927490234,-56.9394950866699
994,768.618327368051,225,static.prop.trashcan01,77.0885265597165,-7.09274625778198,108.506942749023,-56.9402961730957
994,768.629863765091,225,static.prop.trashcan01,75.4561337916225,-7.09272241592407,108.506942749023,-56.9409294128418
994,768.641404367983,225,static.prop.trashcan01,73.5605498288863,-7.09270143508911,108.506973266602,-56.9414863586426
994,768.652504567057,225,static.prop.trashcan01,74.52231734345,-7.09267425537109,108.506973266602,-56.9421195983887
994,768.664460867643,225,static.prop.trashcan01,78.1659682762599,-7.0926513671875,108.506980895996,-56.9427299499512
994,768.675658565015,225,static.prop.trashcan01,74.4273480738352,-7.09263277053833,108.506988525391,-56.9433746337891
994,768.686806965619,225,static.prop.trashcan01,73.6443639061426,-7.09261035919189,108.506988525391,-56.9439544677734
994,768.698567066342,225,static.prop.trashcan01,77.2841775331354,-7.09258890151978,108.507011413574,-56.9444427490234
994,768.709913566709,225,static.prop.trashcan01,75.3743074782186,-7.09256649017334,108.507019042969,-56.9451103210449
995,768.721837967634,225,static.prop.trashcan01,78.0374993143596,-7.09254264831543,108.507026672363,-56.9457855224609
995,768.734134465456,225,static.prop.trashcan01,79.9077375704318,-7.09251880645752,108.507041931152,-56.9464569091797
995,768.745648067445,225,static.prop.trashcan01,75.5368443165118,-7.09249353408813,108.507049560547,-56.9471206665039
995,768.757091864944,225,static.prop.trashcan01,73.2495302057655,-7.09247016906738,108.507064819336,-56.9478073120117
995,768.768467765301,225,static.prop.trashcan01,73.0691481742973,-7.09244537353516,108.507080078125,-56.9484367370605
995,768.779592666775,225,static.prop.trashcan01,73.7415085732645,-7.09242153167725,108.507080078125,-56.949047088623
995,768.790671166033,225,static.prop.trashcan01,71.414717943166,-7.0924015045166,108.507095336914,-56.949592590332
995,768.802302666008,225,static.prop.trashcan01,75.460064914267,-7.09237909317017,108.507095336914,-56.9502029418945
995,768.813632067293,225,static.prop.trashcan01,74.2535092924934,-7.09236001968384,108.507110595703,-56.9507598876953
996,768.825256966054,225,static.prop.trashcan01,76.7094855803374,-7.09233617782593,108.507118225098,-56.9513931274414
996,768.837191067636,225,static.prop.trashcan01,77.861268393353,-7.09231328964233,108.507125854492,-56.9520454406738
996,768.848498765379,225,static.prop.trashcan01,75.5329217226698,-7.09228849411011,108.507133483887,-56.9527053833008
996,768.86007816717,225,static.prop.trashcan01,76.3960379412941,-7.09226417541504,108.507148742676,-56.9533500671387
996,768.871665265411,225,static.prop.trashcan01,75.183068762479,-7.09224462509155,108.50715637207,-56.9539260864258
996,768.883623767644,225,static.prop.trashcan01,76.9829976293058,-7.09222173690796,108.507164001465,-56.9544830322266
996,768.895006667823,225,static.prop.trashcan01,74.7672674979073,-7.09219646453857,108.507186889648,-56.9552726745605
996,768.906889766455,225,static.prop.trashcan01,75.5088982568279,-7.09217166900635,108.507194519043,-56.955883026123
996,768.918237466365,225,static.prop.trashcan01,73.697404815123,-7.0921459197998,108.507202148438,-56.9565544128418
996,768.930110666901,225,static.prop.trashcan01,76.919693806569,-7.09212160110474,108.507202148438,-56.9571952819824
997,768.942223966122,225,static.prop.trashcan01,77.8799240992006,-7.09210062026978,108.507217407227,-56.9577751159668
997,768.954077266157,225,static.prop.trashcan01,75.6676013113994,-7.09207582473755,108.507232666016,-56.9583511352539
997,768.966215766966,225,static.prop.trashcan01,77.8294171457722,-7.09207582473755,108.507232666016,-56.9583511352539
997,768.977392766625,225,static.prop.trashcan01,76.6707770015498,-7.09204769134521,108.507232666016,-56.9591522216797
997,768.989281564951,225,static.prop.trashcan01,77.4664229904188,-7.09202861785889,108.50724029541,-56.9595756530762
997,769.000849165022,225,static.prop.trashcan01,76.6730565057362,-7.09200668334961,108.507255554199,-56.9601554870605
997,769.012102168053,225,static.prop.trashcan01,74.7709734214784,-7.09198331832886,108.507270812988,-56.9607353210449
997,769.02391076833,225,static.prop.trashcan01,77.2074376011491,-7.09195947647095,108.507270812988,-56.9613418579102
997,769.035514768213,225,static.prop.trashcan01,76.449625041968,-7.09193754196167,108.507286071777,-56.9619522094727
997,769.048025265336,225,static.prop.trashcan01,80.554450580896,-7.09191465377808,108.507293701172,-56.9625701904297
998,769.059778764844,225,static.prop.trashcan01,77.5762533040702,-7.09188890457153,108.507301330566,-56.9632949829102
998,769.071732267737,225,static.prop.trashcan01,78.0024301178867,-7.09186267852783,108.507308959961,-56.9639434814453
998,769.08448176831,225,static.prop.trashcan01,83.783697764592,-7.0918345451355,108.50732421875,-56.9645805358887
998,769.09629566595,225,static.prop.trashcan01,76.42029527879,-7.09181022644043,108.507339477539,-56.9654083251953
998,769.107441168278,225,static.prop.trashcan01,75.4246389926848,-7.09178352355957,108.507354736328,-56.9660415649414
998,769.118742767721,225,static.prop.trashcan01,74.3307204899023,-7.09175872802734,108.507369995117,-56.9665870666504
998,769.129827365279,225,static.prop.trashcan01,74.3773187333354,-7.09173440933228,108.507369995117,-56.9671401977539
998,769.14108786732,225,static.prop.trashcan01,74.3842254763114,-7.09171390533447,108.507377624512,-56.9676895141602
999,769.152734667063,225,static.prop.trashcan01,75.8226138827421,-7.09169340133667,108.507392883301,-56.9682769775391
999,769.164123766124,225,static.prop.trashcan01,73.99751665304,-7.09167242050171,108.507400512695,-56.9689712524414
999,769.175767466426,225,static.prop.trashcan01,74.9211675263798,-7.09164953231812,108.50740814209,-56.9695892333984
999,769.186753764749,225,static.prop.trashcan01,73.5023118078437,-7.09162712097168,108.507415771484,-56.9702339172363
999,769.19817686826,225,static.prop.trashcan01,74.657239332643,-7.09160280227661,108.507431030273,-56.9707794189453
999,769.209168367088,225,static.prop.trashcan01,73.1679665960733,-7.09158134460449,108.507438659668,-56.9713554382324
999,769.220429066569,225,static.prop.trashcan01,74.7138137562034,-7.09155750274658,108.507438659668,-56.971996307373
999,769.231647968292,225,static.prop.trashcan01,74.5063029454744,-7.09153747558594,108.507446289062,-56.9725761413574
999,769.242811366916,225,static.prop.trashcan01,74.0906040265363,-7.09151649475098,108.507461547852,-56.9731216430664
999,769.254111167043,225,static.prop.trashcan01,74.2689318247802,-7.09149599075317,108.507469177246,-56.9737091064453
1000,769.266679067165,225,static.prop.trashcan01,79.5790572140357,-7.09147548675537,108.507476806641,-56.9743766784668
1000,769.278770565987,225,static.prop.trashcan01,76.9675002426271,-7.09145069122314,108.507484436035,-56.9750823974609
1000,769.290234867483,225,static.prop.trashcan01,72.2873872193321,-7.09142303466797,108.507507324219,-56.9757804870605
1000,769.302353467792,225,static.prop.trashcan01,77.953033597912,-7.09139585494995,108.507507324219,-56.9763336181641
1000,769.313804466277,225,static.prop.trashcan01,76.2032997128253,-7.09137058258057,108.507514953613,-56.9770278930664
1000,769.325652867556,225,static.prop.trashcan01,77.3438729150259,-7.0913462638855,108.507530212402,-56.9775848388672
1000,769.336975067854,225,static.prop.trashcan01,75.0418698208634,-7.09132146835327,108.507545471191,-56.9782218933105
1000,769.348651066422,225,static.prop.trashcan01,75.0338046453749,-7.09129810333252,108.507553100586,-56.9788665771484
1000,769.359716966748,225,static.prop.trashcan01,73.4602469863773,-7.09127569198608,108.507568359375,-56.9794387817383
1000,769.372364465147,225,static.prop.trashcan01,80.9778575631055,-7.09127569198608,108.507568359375,-56.9794387817383
