tick,timestamp,actorId,actorType,impulseMagnitude,egoX,egoY,egoYawDeg
117,54.2438449561596,116,vehicle.mitsubishi.fusorosa,8484.38423906177,-35.2665405273438,133.755325317383,-57.6543083190918
118,54.5772162564099,116,vehicle.mitsubishi.fusorosa,3847.3990261929,-35.2659187316895,133.75651550293,-57.6677627563477
118,54.6115275546908,116,vehicle.mitsubishi.fusorosa,484.837186587526,-35.2673454284668,133.755767822266,-57.6191444396973
118,54.7215694561601,116,vehicle.mitsubishi.fusorosa,57.9532296450356,-35.2648277282715,133.756134033203,-57.5910453796387
118,54.7576456554234,116,vehicle.mitsubishi.fusorosa,84.6514769967912,-35.265754699707,133.755752563477,-57.5913734436035
119,54.7994312569499,116,vehicle.mitsubishi.fusorosa,32.5113065073353,-35.2673263549805,133.755218505859,-57.5871124267578
119,54.8377114571631,116,vehicle.mitsubishi.fusorosa,42.0145024869426,-35.2687606811523,133.754867553711,-57.5846672058105
119,54.8738905563951,116,vehicle.mitsubishi.fusorosa,771.938580597606,-35.2698516845703,133.754592895508,-57.5826568603516
119,54.9065993539989,116,vehicle.mitsubishi.fusorosa,77.2363404496945,-35.2742919921875,133.753067016602,-57.5654449462891
119,54.941989056766,116,vehicle.mitsubishi.fusorosa,83.5838025617217,-35.2754974365234,133.752883911133,-57.5650978088379
119,54.9733656570315,116,vehicle.mitsubishi.fusorosa,159.654648512558,-35.2746849060059,133.753479003906,-57.5603103637695
119,55.1661096550524,116,vehicle.mitsubishi.fusorosa,165.98344133276,-35.2712097167969,133.754379272461,-57.5481910705566
120,55.2544246502221,116,vehicle.mitsubishi.fusorosa,21.3771206601435,-35.2716941833496,133.755889892578,-57.5490798950195
120,55.3067953512073,116,vehicle.mitsubishi.fusorosa,53.5873231151637,-35.4181709289551,133.833099365234,-60.3275184631348
120,55.5642436519265,116,vehicle.mitsubishi.fusorosa,209.501573248678,-36.1263999938965,134.264007568359,-77.4711685180664
121,55.6335489526391,116,vehicle.mitsubishi.fusorosa,44.0044380828925,-36.4302177429199,134.50862121582,-87.2360229492188
121,55.6865857504308,116,vehicle.mitsubishi.fusorosa,0.43527646443704,-36.575984954834,134.66340637207,-92.7223129272461
121,55.7273585498333,116,vehicle.mitsubishi.fusorosa,30.0695935307135,-36.6586036682129,134.764511108398,-96.2286148071289
121,55.7629331499338,116,vehicle.mitsubishi.fusorosa,37.5246388974831,-36.7090644836426,134.832275390625,-98.5153274536133
121,55.7992440499365,116,vehicle.mitsubishi.fusorosa,43.1229219142169,-36.7454071044922,134.884811401367,-100.240646362305
121,55.8424613513052,116,vehicle.mitsubishi.fusorosa,55.5768323546223,-36.7769737243652,134.928436279297,-101.689582824707
122,55.8802601508796,116,vehicle.mitsubishi.fusorosa,65.4614521291566,-36.801441192627,134.958236694336,-102.724449157715
122,55.9137499518692,116,vehicle.mitsubishi.fusorosa,25740.5869643722,-36.8064651489258,134.96142578125,-102.865432739258
122,55.9474595524371,116,vehicle.mitsubishi.fusorosa,40.0737908457581,-36.8882713317871,134.992660522461,-104.372383117676
122,55.9822878502309,116,vehicle.mitsubishi.fusorosa,969.406255875244,-36.9636421203613,135.040237426758,-106.391677856445
122,56.0147727504373,116,vehicle.mitsubishi.fusorosa,667.894032419619,-37.0319061279297,135.105560302734,-109.293998718262
122,56.0459420531988,116,vehicle.mitsubishi.fusorosa,465.510555318323,-37.0839500427246,135.1708984375,-112.261116027832
122,56.0753975510597,116,vehicle.mitsubishi.fusorosa,501.439977831946,-37.1304168701172,135.234008789062,-114.933006286621
122,56.1075947508216,116,vehicle.mitsubishi.fusorosa,163.238718638273,-37.168701171875,135.294769287109,-117.544395446777
122,56.1399763524532,116,vehicle.mitsubishi.fusorosa,747.181611959126,-37.204273223877,135.354141235352,-119.925468444824
123,56.1863958500326,116,vehicle.mitsubishi.fusorosa,8.69291161228316,-37.2380294799805,135.417541503906,-122.491279602051
123,56.2204073518515,116,vehicle.mitsubishi.fusorosa,4729.60667000094,-37.2726135253906,135.484603881836,-125.027122497559
124,56.4288693517447,116,vehicle.mitsubishi.fusorosa,21110.5927060237,-37.4143409729004,135.871780395508,-139.142181396484
125,56.8314893506467,116,vehicle.mitsubishi.fusorosa,216.06244473058,-37.4606971740723,135.925231933594,-141.719039916992
125,56.8609633520246,116,vehicle.mitsubishi.fusorosa,305.819439879442,-37.4608573913574,135.92578125,-141.719207763672
125,56.890035752207,116,vehicle.mitsubishi.fusorosa,241.441910560806,-37.4605369567871,135.926544189453,-141.71028137207
125,56.9180954508483,116,vehicle.mitsubishi.fusorosa,265.967700945344,-37.4601593017578,135.927139282227,-141.696029663086
126,56.9476732499897,116,vehicle.mitsubishi.fusorosa,132.74101658479,-37.4598197937012,135.927520751953,-141.685882568359
126,57.0894104428589,116,vehicle.mitsubishi.fusorosa,87.6325869396237,-37.4596557617188,135.927871704102,-141.675247192383
127,57.5354674495757,116,vehicle.mitsubishi.fusorosa,33.9743619153387,-37.4622535705566,135.924880981445,-141.59797668457
128,57.5943165495992,116,vehicle.mitsubishi.fusorosa,51.1758825629875,-37.4631996154785,135.923751831055,-141.579513549805
128,57.6178152486682,116,vehicle.mitsubishi.fusorosa,0.529902798177853,-37.4637908935547,135.923095703125,-141.559768676758
128,57.6420801468194,116,vehicle.mitsubishi.fusorosa,51.4013999116562,-37.4641609191895,135.922698974609,-141.553497314453
128,57.6663084477186,116,vehicle.mitsubishi.fusorosa,4.54858990050641,-37.4644393920898,135.922592163086,-141.557083129883
128,57.6890921480954,116,vehicle.mitsubishi.fusorosa,50.1904416200863,-37.4649276733398,135.922424316406,-141.552963256836
128,57.7138536497951,116,vehicle.mitsubishi.fusorosa,54.1723987333912,-37.4651222229004,135.922454833984,-141.556076049805
128,57.7428937479854,116,vehicle.mitsubishi.fusorosa,14.4285563419756,-37.4654388427734,135.922286987305,-141.551116943359
129,57.7774256467819,116,vehicle.mitsubishi.fusorosa,100.432328778786,-37.4660377502441,135.922134399414,-141.553314208984
129,57.8077095486224,116,vehicle.mitsubishi.fusorosa,50.5583557936298,-37.4666976928711,135.921951293945,-141.551544189453
129,57.8347884491086,116,vehicle.mitsubishi.fusorosa,40.5155735175575,-37.4674339294434,135.921630859375,-141.566925048828
129,57.8615217469633,116,vehicle.mitsubishi.fusorosa,111.080425253395,-37.4682006835938,135.921127319336,-141.567138671875
129,57.8869495466352,116,vehicle.mitsubishi.fusorosa,24.6114434575632,-37.4687919616699,135.921173095703,-141.57731628418
129,57.9106421470642,116,vehicle.mitsubishi.fusorosa,97.3839268463935,-37.4693565368652,135.920761108398,-141.568267822266
129,57.9355118498206,116,vehicle.mitsubishi.fusorosa,6.45833563043791,-37.4697380065918,135.920761108398,-141.570205688477
130,57.9572644494474,116,vehicle.mitsubishi.fusorosa,77.9656842817793,-37.4701614379883,135.920684814453,-141.56201171875
130,57.982187949121,116,vehicle.mitsubishi.fusorosa,46.9152928517479,-37.470573425293,135.920562744141,-141.56330871582
130,58.0062202475965,116,vehicle.mitsubishi.fusorosa,78.4861608151773,-37.4710388183594,135.92041015625,-141.564453125
130,58.0281750485301,116,vehicle.mitsubishi.fusorosa,37.6579669656938,-37.4714622497559,135.920364379883,-141.564575195312
130,58.0501278489828,116,vehicle.mitsubishi.fusorosa,50.2798701999866,-37.4718017578125,135.920486450195,-141.566558837891
130,58.070912849158,116,vehicle.mitsubishi.fusorosa,66.0542356646983,-37.472110748291,135.920364379883,-141.559265136719
130,58.0960211493075,116,vehicle.mitsubishi.fusorosa,32.2968266233869,-37.472469329834,135.920471191406,-141.566543579102
130,58.1174907498062,116,vehicle.mitsubishi.fusorosa,22.4247534118406,-37.4728965759277,135.920166015625,-141.564147949219
131,58.142787348479,116,vehicle.mitsubishi.fusorosa,37.2950721424218,-37.4731750488281,135.920166015625,-141.568771362305
131,58.164192147553,116,vehicle.mitsubishi.fusorosa,18.5517733610123,-37.4737014770508,135.919876098633,-141.570327758789
131,58.1852047480643,116,vehicle.mitsubishi.fusorosa,33.2584435301997,-37.4740180969238,135.919784545898,-141.565887451172
131,58.2086772471666,116,vehicle.mitsubishi.fusorosa,53.8469906459773,-37.4743385314941,135.919769287109,-141.563934326172
131,58.2320558466017,116,vehicle.mitsubishi.fusorosa,15.9985726200221,-37.4746246337891,135.919906616211,-141.572052001953
131,58.2553070485592,116,vehicle.mitsubishi.fusorosa,52.7398164645109,-37.4750595092773,135.919662475586,-141.560333251953
131,58.2787252478302,116,vehicle.mitsubishi.fusorosa,9.37122482289009,-37.4753913879395,135.919799804688,-141.566009521484
131,58.3024751469493,116,vehicle.mitsubishi.fusorosa,17.5419666138319,-37.4756927490234,135.91960144043,-141.555725097656
132,58.3249742463231,116,vehicle.mitsubishi.fusorosa,15.505434458107,-37.4758529663086,135.919647216797,-141.553283691406
132,58.3492609485984,116,vehicle.mitsubishi.fusorosa,76.9459893728864,-37.4761924743652,135.919540405273,-141.553527832031
132,58.3718941472471,116,vehicle.mitsubishi.fusorosa,18.8798813620744,-37.4765777587891,135.919464111328,-141.553283691406
132,58.396634247154,116,vehicle.mitsubishi.fusorosa,13.3725733913165,-37.4768829345703,135.919540405273,-141.549240112305
132,58.418665446341,116,vehicle.mitsubishi.fusorosa,0.0823724155098538,-37.4773139953613,135.919357299805,-141.549743652344
132,58.4652121476829,116,vehicle.mitsubishi.fusorosa,25.2277359370999,-37.4780921936035,135.919235229492,-141.548934936523
133,58.4891771487892,116,vehicle.mitsubishi.fusorosa,69.5065675618101,-37.4785041809082,135.919021606445,-141.546844482422
133,58.5128405466676,116,vehicle.mitsubishi.fusorosa,32.8098088761253,-37.4789428710938,135.918930053711,-141.54606628418
133,58.5359986461699,116,vehicle.mitsubishi.fusorosa,13.9739583941969,-37.4791831970215,135.919036865234,-141.541290283203
133,58.5607520490885,116,vehicle.mitsubishi.fusorosa,56.3239143632453,-37.4795341491699,135.918869018555,-141.543426513672
133,58.5827657468617,116,vehicle.mitsubishi.fusorosa,35.9806021828839,-37.4797248840332,135.91911315918,-141.540863037109
133,58.6046481467783,116,vehicle.mitsubishi.fusorosa,63.7879281701777,-37.4800415039062,135.91911315918,-141.535064697266
133,58.6274577490985,116,vehicle.mitsubishi.fusorosa,23.6830162431878,-37.4802398681641,135.918991088867,-141.533615112305
133,58.6537149474025,116,vehicle.mitsubishi.fusorosa,84.5911702981076,-37.4804954528809,135.918930053711,-141.531997680664
134,58.6786424480379,116,vehicle.mitsubishi.fusorosa,27.1499380193034,-37.4806480407715,135.919143676758,-141.538940429688
134,58.7020412497222,116,vehicle.mitsubishi.fusorosa,38.8926030250103,-37.481086730957,135.918762207031,-141.53141784668
134,58.7254510484636,116,vehicle.mitsubishi.fusorosa,47.3381669930582,-37.4813041687012,135.918823242188,-141.528213500977
134,58.7465321496129,116,vehicle.mitsubishi.fusorosa,20.9456974222071,-37.4815559387207,135.918960571289,-141.529861450195
134,58.7690319493413,116,vehicle.mitsubishi.fusorosa,66.1442754880947,-37.481861114502,135.918899536133,-141.519592285156
134,58.7940915487707,116,vehicle.mitsubishi.fusorosa,46.5349931314386,-37.4821166992188,135.918853759766,-141.516067504883
134,58.8171528466046,116,vehicle.mitsubishi.fusorosa,17.5813861390251,-37.4824867248535,135.918869018555,-141.515960693359
135,58.8646296486259,116,vehicle.mitsubishi.fusorosa,43.7829908918498,-37.4832344055176,135.919036865234,-141.526443481445
135,58.8895591497421,116,vehicle.mitsubishi.fusorosa,71.9788463144385,-37.4838752746582,135.918350219727,-141.518783569336
135,58.913389749825,116,vehicle.mitsubishi.fusorosa,37.3339720645367,-37.4842910766602,135.918411254883,-141.52131652832
135,58.9347711466253,116,vehicle.mitsubishi.fusorosa,140.464162772958,-37.4849548339844,135.917938232422,-141.516250610352
135,58.9569036476314,116,vehicle.mitsubishi.fusorosa,114.638213114729,-37.4856910705566,135.917816162109,-141.505859375
135,58.9811842478812,116,vehicle.mitsubishi.fusorosa,130.408589964954,-37.4861526489258,135.917922973633,-141.488754272461
135,59.0037594474852,116,vehicle.mitsubishi.fusorosa,106.664296920057,-37.4870758056641,135.917694091797,-141.482788085938
136,59.0379875488579,116,vehicle.mitsubishi.fusorosa,106.97021712118,-37.4874839782715,135.917785644531,-141.466552734375
136,59.1645299531519,116,vehicle.mitsubishi.fusorosa,114.747610954821,-37.4882469177246,135.917953491211,-141.435943603516
136,59.2018886506557,116,vehicle.mitsubishi.fusorosa,117.115282549158,-37.4908218383789,135.918807983398,-141.337509155273
136,59.2337640523911,116,vehicle.mitsubishi.fusorosa,102.414153686823,-37.4917869567871,135.919219970703,-141.302703857422
136,59.2984454482794,116,vehicle.mitsubishi.fusorosa,119.837179866249,-37.4925918579102,135.919570922852,-141.274490356445
136,59.3372583463788,116,vehicle.mitsubishi.fusorosa,125.876323708362,-37.4943046569824,135.920288085938,-141.215789794922
136,59.489113651216,116,vehicle.mitsubishi.fusorosa,129.626755599239,-37.4953689575195,135.920806884766,-141.18083190918
137,59.5405598506331,116,vehicle.mitsubishi.fusorosa,115.842833474347,-37.4982147216797,135.922241210938,-141.090682983398
137,59.6864469572902,116,vehicle.mitsubishi.fusorosa,135.680999854191,-37.4996452331543,135.92301940918,-141.046127319336
137,59.7429933585227,116,vehicle.mitsubishi.fusorosa,128.692374329469,-37.5025291442871,135.92448425293,-140.956954956055
137,59.7836580574512,116,vehicle.mitsubishi.fusorosa,124.625329416568,-37.5041389465332,135.925384521484,-140.908401489258
137,59.8157464601099,116,vehicle.mitsubishi.fusorosa,121.027150977982,-37.5053672790527,135.926055908203,-140.873428344727
137,59.8550965599716,116,vehicle.mitsubishi.fusorosa,132.058698288923,-37.5063972473145,135.926544189453,-140.844650268555
138,59.9018061608076,116,vehicle.mitsubishi.fusorosa,132.310960558886,-37.5078201293945,135.927307128906,-140.804473876953
138,59.9443170577288,116,vehicle.mitsubishi.fusorosa,119.518555599463,-37.509407043457,135.928085327148,-140.761566162109
138,59.9823142588139,116,vehicle.mitsubishi.fusorosa,134.748017757596,-37.5105819702148,135.928741455078,-140.726104736328
138,60.0236571580172,116,vehicle.mitsubishi.fusorosa,118.915062961933,-37.5116539001465,135.929290771484,-140.693084716797
138,60.0646333582699,116,vehicle.mitsubishi.fusorosa,119.716405867245,-37.5127830505371,135.929946899414,-140.659133911133
138,60.1110059581697,116,vehicle.mitsubishi.fusorosa,132.793284107282,-37.5138778686523,135.930526733398,-140.625274658203
139,60.1478372588754,116,vehicle.mitsubishi.fusorosa,130.059145473215,-37.5151786804199,135.931213378906,-140.585906982422
139,60.1819483600557,116,vehicle.mitsubishi.fusorosa,122.546501522936,-37.5162200927734,135.93180847168,-140.555282592773
139,60.2116859592497,116,vehicle.mitsubishi.fusorosa,135.293087481528,-37.5171585083008,135.932342529297,-140.527526855469
139,60.2374941594899,116,vehicle.mitsubishi.fusorosa,130.086042835163,-37.5180778503418,135.932846069336,-140.49983215332
139,60.2672695592046,116,vehicle.mitsubishi.fusorosa,139.037314862759,-37.5189323425293,135.93327331543,-140.479370117188
139,60.2939541600645,116,vehicle.mitsubishi.fusorosa,124.711675758217,-37.5198020935059,135.933700561523,-140.454345703125
139,60.3229585587978,116,vehicle.mitsubishi.fusorosa,136.060653567528,-37.5205612182617,135.934173583984,-140.432968139648
140,60.3546239584684,116,vehicle.mitsubishi.fusorosa,126.527739839561,-37.5213775634766,135.934616088867,-140.40901184082
140,60.3740838579834,116,vehicle.mitsubishi.fusorosa,137.468817743567,-37.5221481323242,135.935043334961,-140.389907836914
140,60.3865006603301,116,vehicle.mitsubishi.fusorosa,90.0865557396579,-37.5226783752441,135.935256958008,-140.376281738281
140,60.397156059742,116,vehicle.mitsubishi.fusorosa,80.9564184141568,-37.5230331420898,135.935531616211,-140.367645263672
140,60.4079704582691,116,vehicle.mitsubishi.fusorosa,110.529750176932,-37.5233383178711,135.935607910156,-140.360763549805
140,60.419833060354,116,vehicle.mitsubishi.fusorosa,87.4573653202001,-37.5237159729004,135.935806274414,-140.350357055664
141,60.4309331588447,116,vehicle.mitsubishi.fusorosa,86.4061079863773,-37.5241088867188,135.935974121094,-140.341125488281
141,60.4412892609835,116,vehicle.mitsubishi.fusorosa,71.9306962012494,-37.5244750976562,135.936172485352,-140.331497192383
141,60.4514796584845,116,vehicle.mitsubishi.fusorosa,79.7135500031741,-37.5248489379883,135.936370849609,-140.320892333984
141,60.4611735604703,116,vehicle.mitsubishi.fusorosa,131.303972414059,-37.5252532958984,135.9365234375,-140.311660766602
141,60.4709974601865,116,vehicle.mitsubishi.fusorosa,136.211860677479,-37.5255699157715,135.936645507812,-140.303176879883
141,60.4812773577869,116,vehicle.mitsubishi.fusorosa,86.5160819988914,-37.5258941650391,135.936859130859,-140.295028686523
141,60.4951144605875,116,vehicle.mitsubishi.fusorosa,99.9703556522742,-37.5262145996094,135.936996459961,-140.288192749023
141,60.5132397599518,116,vehicle.mitsubishi.fusorosa,128.535668757555,-37.5265922546387,135.937103271484,-140.276962280273
141,60.5348255597055,116,vehicle.mitsubishi.fusorosa,100.745135238488,-37.527099609375,135.937377929688,-140.261962890625
142,60.550098657608,116,vehicle.mitsubishi.fusorosa,108.006143438348,-37.5276641845703,135.937744140625,-140.245819091797
142,60.5627243593335,116,vehicle.mitsubishi.fusorosa,88.7329615859571,-37.5280494689941,135.937942504883,-140.233932495117
142,60.575146459043,116,vehicle.mitsubishi.fusorosa,87.6691155366628,-37.5284004211426,135.938110351562,-140.225082397461
142,60.5904491581023,116,vehicle.mitsubishi.fusorosa,103.896891585482,-37.5287208557129,135.938278198242,-140.216217041016
142,60.6054585576057,116,vehicle.mitsubishi.fusorosa,124.133070594807,-37.5292282104492,135.938446044922,-140.206024169922
142,60.6241322606802,116,vehicle.mitsubishi.fusorosa,120.382214066803,-37.529670715332,135.938690185547,-140.194610595703
142,60.641810759902,116,vehicle.mitsubishi.fusorosa,126.037415601321,-37.5302810668945,135.939010620117,-140.178253173828
143,60.6578578576446,116,vehicle.mitsubishi.fusorosa,111.837131851783,-37.5308380126953,135.939361572266,-140.163162231445
143,60.6724998578429,116,vehicle.mitsubishi.fusorosa,103.21958595165,-37.5313110351562,135.939651489258,-140.149322509766
143,60.6854502595961,116,vehicle.mitsubishi.fusorosa,94.7488377595212,-37.5317993164062,135.939819335938,-140.139114379883
143,60.732881359756,116,vehicle.mitsubishi.fusorosa,132.637841975956,-37.5321464538574,135.940032958984,-140.12922668457
143,60.7433885596693,116,vehicle.mitsubishi.fusorosa,74.4994619128981,-37.5334663391113,135.940719604492,-140.090423583984
143,60.7539575584233,116,vehicle.mitsubishi.fusorosa,72.3753842939218,-37.533763885498,135.940948486328,-140.083053588867
143,60.7653500586748,116,vehicle.mitsubishi.fusorosa,76.0229684369817,-37.5340194702148,135.941055297852,-140.07536315918
144,60.7777683585882,116,vehicle.mitsubishi.fusorosa,87.5192312524703,-37.5343246459961,135.94123840332,-140.066741943359
144,60.7901231609285,116,vehicle.mitsubishi.fusorosa,77.085854621171,-37.5347709655762,135.94140625,-140.056381225586
144,60.8008243590593,116,vehicle.mitsubishi.fusorosa,66.9394320889881,-37.5351104736328,135.941436767578,-140.053970336914
144,60.8106119595468,116,vehicle.mitsubishi.fusorosa,136.072708186266,-37.5355987548828,135.941421508789,-140.049682617188
144,60.8215009607375,116,vehicle.mitsubishi.fusorosa,85.6112549274289,-37.5358695983887,135.941543579102,-140.042175292969
144,60.8327784575522,116,vehicle.mitsubishi.fusorosa,90.1302903376644,-37.5361442565918,135.941772460938,-140.035720825195
144,60.8433476574719,116,vehicle.mitsubishi.fusorosa,80.9196827969913,-37.5364379882812,135.941864013672,-140.02766418457
145,60.8535674586892,116,vehicle.mitsubishi.fusorosa,70.655251966823,-37.5367088317871,135.942016601562,-140.020584106445
145,60.8636013604701,116,vehicle.mitsubishi.fusorosa,70.9354659624348,-37.5369720458984,135.942153930664,-140.013290405273
145,60.8727692589164,116,vehicle.mitsubishi.fusorosa,126.948521898175,-37.5372467041016,135.942276000977,-140.006546020508
145,60.8815420605242,116,vehicle.mitsubishi.fusorosa,122.628223878433,-37.5375022888184,135.942367553711,-139.999740600586
145,60.8908822573721,116,vehicle.mitsubishi.fusorosa,123.964078263591,-37.5377578735352,135.942520141602,-139.993392944336
145,60.90001475811,116,vehicle.mitsubishi.fusorosa,122.99927358184,-37.5379981994629,135.942657470703,-139.985778808594
145,60.9438190609217,116,vehicle.mitsubishi.fusorosa,115.607463302432,-37.5382461547852,135.942794799805,-139.978485107422
145,60.9540194608271,116,vehicle.mitsubishi.fusorosa,72.2184931777051,-37.5394287109375,135.943466186523,-139.943878173828
145,60.9636640585959,116,vehicle.mitsubishi.fusorosa,122.888210084647,-37.5396957397461,135.943634033203,-139.936233520508
145,60.9727388583124,116,vehicle.mitsubishi.fusorosa,126.89871620793,-37.5399513244629,135.943695068359,-139.928573608398
145,60.9836053587496,116,vehicle.mitsubishi.fusorosa,77.1021223340389,-37.5402183532715,135.943878173828,-139.922012329102
145,60.9935375601053,116,vehicle.mitsubishi.fusorosa,129.140151685331,-37.5404853820801,135.944076538086,-139.914260864258
146,61.0032571591437,116,vehicle.mitsubishi.fusorosa,133.912536195489,-37.5407600402832,135.944107055664,-139.906478881836
146,61.0141877606511,116,vehicle.mitsubishi.fusorosa,82.2849310734144,-37.5410575866699,135.944290161133,-139.89892578125
146,61.0262233577669,116,vehicle.mitsubishi.fusorosa,84.9238154859286,-37.5413398742676,135.944564819336,-139.890380859375
146,61.0364225581288,116,vehicle.mitsubishi.fusorosa,100.430888487361,-37.541748046875,135.944702148438,-139.87922668457
146,61.0467999577522,116,vehicle.mitsubishi.fusorosa,76.6640495059223,-37.5421447753906,135.944900512695,-139.870086669922
146,61.0581115595996,116,vehicle.mitsubishi.fusorosa,85.6401192034554,-37.5424690246582,135.945053100586,-139.861480712891
146,61.0708330608904,116,vehicle.mitsubishi.fusorosa,91.8302111460056,-37.5427780151367,135.945236206055,-139.852615356445
147,61.081583160907,116,vehicle.mitsubishi.fusorosa,76.2751966509894,-37.5431060791016,135.945404052734,-139.842727661133
147,61.0922467596829,116,vehicle.mitsubishi.fusorosa,76.9682505224621,-37.5433883666992,135.945526123047,-139.835189819336
147,61.1022877581418,116,vehicle.mitsubishi.fusorosa,74.8285441454071,-37.5436553955078,135.945663452148,-139.827453613281
147,61.111417658627,116,vehicle.mitsubishi.fusorosa,128.82228988457,-37.5439071655273,135.94580078125,-139.820022583008
147,61.1220483593643,116,vehicle.mitsubishi.fusorosa,78.7316764841715,-37.5441398620605,135.945877075195,-139.812469482422
147,61.1369597576559,116,vehicle.mitsubishi.fusorosa,104.846524746687,-37.5444030761719,135.946090698242,-139.805160522461
147,61.1468548588455,116,vehicle.mitsubishi.fusorosa,126.446798594751,-37.5447463989258,135.946197509766,-139.793579101562
147,61.1579560600221,116,vehicle.mitsubishi.fusorosa,81.8710359782063,-37.5449905395508,135.946334838867,-139.786422729492
147,61.1676942594349,116,vehicle.mitsubishi.fusorosa,126.381663790274,-37.5452880859375,135.946578979492,-139.778213500977
147,61.1780405603349,116,vehicle.mitsubishi.fusorosa,86.7418290352436,-37.5455741882324,135.946624755859,-139.770202636719
148,61.1883966587484,116,vehicle.mitsubishi.fusorosa,68.4027408078443,-37.5458717346191,135.946853637695,-139.763046264648
148,61.1982549577951,116,vehicle.mitsubishi.fusorosa,125.51133897836,-37.5461311340332,135.946929931641,-139.756164550781
148,61.2078464590013,116,vehicle.mitsubishi.fusorosa,142.794059783099,-37.5463562011719,135.947021484375,-139.749862670898
148,61.2173521593213,116,vehicle.mitsubishi.fusorosa,120.891743039555,-37.5465850830078,135.947174072266,-139.744674682617
148,61.2358056604862,116,vehicle.mitsubishi.fusorosa,100.180467226401,-37.547477722168,135.947311401367,-139.744262695312
148,61.245463360101,116,vehicle.mitsubishi.fusorosa,171.589493408718,-37.5480003356934,135.947219848633,-139.736724853516
148,61.2546173594892,116,vehicle.mitsubishi.fusorosa,146.524479816781,-37.5483665466309,135.947326660156,-139.727432250977
148,61.2643941603601,116,vehicle.mitsubishi.fusorosa,143.321744794196,-37.5486068725586,135.947494506836,-139.721054077148
148,61.2734830603004,116,vehicle.mitsubishi.fusorosa,147.801379836243,-37.5488586425781,135.947616577148,-139.713638305664
148,61.2827470600605,116,vehicle.mitsubishi.fusorosa,132.583847951352,-37.5490951538086,135.947738647461,-139.707229614258
148,61.2935934588313,116,vehicle.mitsubishi.fusorosa,92.9698548456697,-37.5493049621582,135.947845458984,-139.701156616211
149,61.304123159498,116,vehicle.mitsubishi.fusorosa,93.2418951615315,-37.5495414733887,135.948043823242,-139.694564819336
149,61.3160893581808,116,vehicle.mitsubishi.fusorosa,96.888959257594,-37.5498924255371,135.948135375977,-139.685638427734
149,61.3274776600301,116,vehicle.mitsubishi.fusorosa,95.8992632233578,-37.5502319335938,135.948303222656,-139.676239013672
149,61.3369092606008,116,vehicle.mitsubishi.fusorosa,85.3221065201479,-37.5505256652832,135.948455810547,-139.667602539062
149,61.3468759581447,116,vehicle.mitsubishi.fusorosa,141.303785454925,-37.5508613586426,135.948608398438,-139.658645629883
149,61.3570955581963,116,vehicle.mitsubishi.fusorosa,73.5900593601697,-37.551212310791,135.948806762695,-139.649719238281
149,61.3664134591818,116,vehicle.mitsubishi.fusorosa,132.043925398039,-37.5515213012695,135.948959350586,-139.643585205078
149,61.3760335594416,116,vehicle.mitsubishi.fusorosa,136.997963330844,-37.5518188476562,135.948989868164,-139.635177612305
149,61.3856789581478,116,vehicle.mitsubishi.fusorosa,129.658893288287,-37.5521430969238,135.949203491211,-139.626403808594
149,61.396998859942,116,vehicle.mitsubishi.fusorosa,89.6317187069734,-37.5524291992188,135.949371337891,-139.617828369141
150,61.4097627587616,116,vehicle.mitsubishi.fusorosa,85.2237770586187,-37.5527229309082,135.949584960938,-139.609573364258
150,61.4219752587378,116,vehicle.mitsubishi.fusorosa,96.9193051592857,-37.5530891418457,135.94970703125,-139.598907470703
150,61.431990660727,116,vehicle.mitsubishi.fusorosa,81.7062903685053,-37.5534172058105,135.949905395508,-139.589385986328
150,61.441287457943,116,vehicle.mitsubishi.fusorosa,130.978552336535,-37.5536651611328,135.950057983398,-139.582290649414
150,61.4511062577367,116,vehicle.mitsubishi.fusorosa,135.192147499555,-37.5539016723633,135.950134277344,-139.574905395508
150,61.4608736597002,116,vehicle.mitsubishi.fusorosa,128.335220918789,-37.5541763305664,135.950286865234,-139.567535400391
150,61.4699555598199,116,vehicle.mitsubishi.fusorosa,119.375747120356,-37.5544166564941,135.950439453125,-139.559494018555
150,61.4795321598649,116,vehicle.mitsubishi.fusorosa,125.446682106114,-37.5546531677246,135.950576782227,-139.552291870117
150,61.4895516596735,116,vehicle.mitsubishi.fusorosa,74.0559575173542,-37.5549125671387,135.95068359375,-139.544525146484
150,61.4991471581161,116,vehicle.mitsubishi.fusorosa,119.177185311247,-37.5551681518555,135.950881958008,-139.53742980957
150,61.5100928582251,116,vehicle.mitsubishi.fusorosa,87.3488380945015,-37.5554275512695,135.950912475586,-139.529830932617
151,61.5200903601944,116,vehicle.mitsubishi.fusorosa,126.238623596741,-37.5557174682617,135.951156616211,-139.522201538086
151,61.5313200578094,116,vehicle.mitsubishi.fusorosa,90.2924671223545,-37.5559616088867,135.951187133789,-139.514663696289
151,61.5413950607181,116,vehicle.mitsubishi.fusorosa,75.3692890895718,-37.5562400817871,135.951446533203,-139.507095336914
151,61.5515466593206,116,vehicle.mitsubishi.fusorosa,79.534535490921,-37.5564651489258,135.951522827148,-139.500091552734
151,61.5614059604704,116,vehicle.mitsubishi.fusorosa,101.318247872943,-37.5567092895508,135.95166015625,-139.492553710938
151,61.5708735585213,116,vehicle.mitsubishi.fusorosa,137.14575173342,-37.5570373535156,135.951812744141,-139.483627319336
151,61.5810708589852,116,vehicle.mitsubishi.fusorosa,82.3156438437367,-37.5573463439941,135.952011108398,-139.476013183594
151,61.591763459146,116,vehicle.mitsubishi.fusorosa,76.883054515248,-37.5576171875,135.952194213867,-139.467666625977
151,61.6023272573948,116,vehicle.mitsubishi.fusorosa,83.5150901440754,-37.5578918457031,135.952285766602,-139.460220336914
151,61.6126063577831,116,vehicle.mitsubishi.fusorosa,77.7208017866598,-37.5581512451172,135.952423095703,-139.452545166016
151,61.6232229582965,116,vehicle.mitsubishi.fusorosa,79.7958512897211,-37.5583992004395,135.952560424805,-139.445236206055
152,61.6334942579269,116,vehicle.mitsubishi.fusorosa,77.6982784002018,-37.5586547851562,135.952697753906,-139.437484741211
152,61.6437497586012,116,vehicle.mitsubishi.fusorosa,75.9250866447432,-37.558895111084,135.952835083008,-139.430130004883
152,61.6528038606048,116,vehicle.mitsubishi.fusorosa,128.1210152245,-37.5591354370117,135.95295715332,-139.422546386719
152,61.662395760417,116,vehicle.mitsubishi.fusorosa,129.17767885689,-37.5593643188477,135.953033447266,-139.415252685547
152,61.6790771596134,116,vehicle.mitsubishi.fusorosa,111.366714311659,-37.559627532959,135.953186035156,-139.407928466797
152,61.6886190585792,116,vehicle.mitsubishi.fusorosa,125.662718301755,-37.5600509643555,135.95344543457,-139.39469909668
152,61.6977566592395,116,vehicle.mitsubishi.fusorosa,123.115157662286,-37.5602951049805,135.953552246094,-139.387115478516
152,61.7077258601785,116,vehicle.mitsubishi.fusorosa,129.756335262418,-37.5605545043945,135.953704833984,-139.379974365234
152,61.7174127586186,116,vehicle.mitsubishi.fusorosa,127.954366162222,-37.5608177185059,135.953842163086,-139.371856689453
152,61.7284992597997,116,vehicle.mitsubishi.fusorosa,87.3967313339497,-37.5610885620117,135.953994750977,-139.364318847656
153,61.7393891587853,116,vehicle.mitsubishi.fusorosa,67.6725838779313,-37.5613861083984,135.954193115234,-139.356719970703
153,61.7489612586796,116,vehicle.mitsubishi.fusorosa,138.776377950555,-37.561637878418,135.954284667969,-139.349395751953
153,61.7589298598468,116,vehicle.mitsubishi.fusorosa,133.021616720303,-37.561897277832,135.954391479492,-139.341705322266
153,61.7693398594856,116,vehicle.mitsubishi.fusorosa,75.3522937718195,-37.5621871948242,135.954574584961,-139.334274291992
153,61.7792072594166,116,vehicle.mitsubishi.fusorosa,125.549529805294,-37.5624504089355,135.954788208008,-139.326614379883
153,61.7888945601881,116,vehicle.mitsubishi.fusorosa,137.995345554845,-37.5627174377441,135.954788208008,-139.319244384766
153,61.798275757581,116,vehicle.mitsubishi.fusorosa,122.619034230008,-37.5630149841309,135.955001831055,-139.311706542969
153,61.8076212592423,116,vehicle.mitsubishi.fusorosa,122.794009008611,-37.5632514953613,135.955154418945,-139.303939819336
153,61.8174649588764,116,vehicle.mitsubishi.fusorosa,129.474968969166,-37.5635032653809,135.955307006836,-139.296783447266
153,61.8275922574103,116,vehicle.mitsubishi.fusorosa,73.6966584362008,-37.563777923584,135.955444335938,-139.289108276367
153,61.8390160575509,116,vehicle.mitsubishi.fusorosa,76.773376138946,-37.5640525817871,135.955642700195,-139.281799316406
154,61.8493172600865,116,vehicle.mitsubishi.fusorosa,85.4750863787477,-37.564338684082,135.95573425293,-139.273513793945
154,61.8593534603715,116,vehicle.mitsubishi.fusorosa,81.0622416329164,-37.5645866394043,135.955917358398,-139.266586303711
154,61.8688101582229,116,vehicle.mitsubishi.fusorosa,119.846396343687,-37.5648727416992,135.956039428711,-139.259674072266
154,61.8783171586692,116,vehicle.mitsubishi.fusorosa,90.8694674643732,-37.5651512145996,135.956146240234,-139.251815795898
154,61.8901315592229,116,vehicle.mitsubishi.fusorosa,91.9646989305921,-37.5655174255371,135.956359863281,-139.243560791016
154,61.899790558964,116,vehicle.mitsubishi.fusorosa,127.34000581057,-37.5658721923828,135.956604003906,-139.233856201172
154,61.9095834605396,116,vehicle.mitsubishi.fusorosa,137.535678944184,-37.566162109375,135.956649780273,-139.225952148438
154,61.9190606586635,116,vehicle.mitsubishi.fusorosa,122.945965049101,-37.5664901733398,135.956848144531,-139.217697143555
154,61.9303931593895,116,vehicle.mitsubishi.fusorosa,65.7367538861517,-37.566764831543,135.95703125,-139.20947265625
155,61.9422222599387,116,vehicle.mitsubishi.fusorosa,83.2765619649608,-37.5671005249023,135.957260131836,-139.200881958008
155,61.9524993598461,116,vehicle.mitsubishi.fusorosa,105.024602375614,-37.5673980712891,135.957366943359,-139.192779541016
155,61.9624893590808,116,vehicle.mitsubishi.fusorosa,136.432048810415,-37.5677947998047,135.957550048828,-139.182861328125
155,61.9724379591644,116,vehicle.mitsubishi.fusorosa,127.214156224427,-37.5681419372559,135.957672119141,-139.173217773438
155,61.9821234606206,116,vehicle.mitsubishi.fusorosa,124.50610283614,-37.5684776306152,135.957885742188,-139.164993286133
155,61.9915066584945,116,vehicle.mitsubishi.fusorosa,125.207881282552,-37.5687408447266,135.958038330078,-139.156661987305
155,62.0018088594079,116,vehicle.mitsubishi.fusorosa,71.1683155039806,-37.5689926147461,135.958236694336,-139.150054931641
155,62.011772159487,116,vehicle.mitsubishi.fusorosa,128.889431589876,-37.5692749023438,135.958419799805,-139.143508911133
155,62.0217051580548,116,vehicle.mitsubishi.fusorosa,138.040481935043,-37.5695533752441,135.958450317383,-139.135803222656
155,62.0565707609057,116,vehicle.mitsubishi.fusorosa,115.561870564039,-37.5698623657227,135.958633422852,-139.128112792969
155,62.0746394582093,116,vehicle.mitsubishi.fusorosa,121.121213135346,-37.5707740783691,135.959197998047,-139.101226806641
156,62.092474360019,116,vehicle.mitsubishi.fusorosa,119.419442813978,-37.5712547302246,135.959457397461,-139.087142944336
156,62.1083288602531,116,vehicle.mitsubishi.fusorosa,108.591211739331,-37.5717430114746,135.959716796875,-139.073089599609
156,62.12343936041,116,vehicle.mitsubishi.fusorosa,105.024431399877,-37.5721588134766,135.9599609375,-139.06103515625
156,62.1397504583001,116,vehicle.mitsubishi.fusorosa,114.155954852356,-37.5725517272949,135.960189819336,-139.049468994141
156,62.1549953594804,116,vehicle.mitsubishi.fusorosa,106.566704763841,-37.5729789733887,135.960403442383,-139.036666870117
156,62.1690011583269,116,vehicle.mitsubishi.fusorosa,103.588614841827,-37.5733795166016,135.960647583008,-139.024948120117
157,62.1813850589097,116,vehicle.mitsubishi.fusorosa,91.5153193967735,-37.5737380981445,135.960830688477,-139.014373779297
157,62.1924057602882,116,vehicle.mitsubishi.fusorosa,83.8560106652339,-37.5740547180176,135.960998535156,-139.005004882812
157,62.2031925581396,116,vehicle.mitsubishi.fusorosa,85.0994099991386,-37.5743255615234,135.961135864258,-138.996795654297
157,62.2139233574271,116,vehicle.mitsubishi.fusorosa,95.1017949412353,-37.5745849609375,135.961273193359,-138.988830566406
157,62.2246866598725,116,vehicle.mitsubishi.fusorosa,75.561528354767,-37.5749320983887,135.961410522461,-138.980224609375
157,62.2355672605336,116,vehicle.mitsubishi.fusorosa,49.9370244857156,-37.5752639770508,135.961563110352,-138.971069335938
157,62.2459449581802,116,vehicle.mitsubishi.fusorosa,92.3156486738138,-37.5757141113281,135.961608886719,-138.965896606445
157,62.2583124600351,116,vehicle.mitsubishi.fusorosa,90.5178226734601,-37.5760498046875,135.961776733398,-138.957550048828
157,62.2716740593314,116,vehicle.mitsubishi.fusorosa,93.9929983197991,-37.5763778686523,135.961929321289,-138.948913574219
158,62.2843619585037,116,vehicle.mitsubishi.fusorosa,123.805000058877,-37.5767555236816,135.962066650391,-138.940475463867
158,62.2951718606055,116,vehicle.mitsubishi.fusorosa,76.7863829371178,-37.5772132873535,135.962280273438,-138.92822265625
158,62.3063799589872,116,vehicle.mitsubishi.fusorosa,81.7816476006751,-37.5775260925293,135.962448120117,-138.919509887695
158,62.3180689588189,116,vehicle.mitsubishi.fusorosa,85.7734117330977,-37.5778274536133,135.962585449219,-138.910827636719
158,62.329091258347,116,vehicle.mitsubishi.fusorosa,82.1075967178539,-37.578125,135.962738037109,-138.901840209961
158,62.3402272574604,116,vehicle.mitsubishi.fusorosa,81.0760142162204,-37.5783958435059,135.962875366211,-138.893859863281
158,62.3507075607777,116,vehicle.mitsubishi.fusorosa,78.0555066374142,-37.5786666870117,135.963012695312,-138.885681152344
158,62.3622569590807,116,vehicle.mitsubishi.fusorosa,84.3770664203236,-37.5789184570312,135.963134765625,-138.878341674805
158,62.3741382583976,116,vehicle.mitsubishi.fusorosa,86.8225170400263,-37.5791969299316,135.963272094727,-138.86962890625
159,62.3859582580626,116,vehicle.mitsubishi.fusorosa,85.4131813544048,-37.5794830322266,135.963424682617,-138.86100769043
159,62.3975882604718,116,vehicle.mitsubishi.fusorosa,84.0851717211892,-37.5797653198242,135.963577270508,-138.852569580078
159,62.4088471606374,116,vehicle.mitsubishi.fusorosa,81.9135458222368,-37.5800399780273,135.963714599609,-138.844329833984
159,62.4191154576838,116,vehicle.mitsubishi.fusorosa,80.9852215227231,-37.5803031921387,135.9638671875,-138.836380004883
159,62.4297675602138,116,vehicle.mitsubishi.fusorosa,77.4936584450251,-37.5805473327637,135.963989257812,-138.829437255859
159,62.4410594590008,116,vehicle.mitsubishi.fusorosa,81.7477771738998,-37.5808029174805,135.964126586914,-138.822021484375
159,62.4515064582229,116,vehicle.mitsubishi.fusorosa,78.4273995765234,-37.5810775756836,135.964263916016,-138.81396484375
159,62.4623690582812,116,vehicle.mitsubishi.fusorosa,78.3282364054241,-37.5813255310059,135.964401245117,-138.806793212891
159,62.4738678596914,116,vehicle.mitsubishi.fusorosa,83.7421269237202,-37.5815887451172,135.96452331543,-138.798965454102
159,62.4877194575965,116,vehicle.mitsubishi.fusorosa,97.2816163779326,-37.5818672180176,135.96467590332,-138.790756225586
160,62.5010346584022,116,vehicle.mitsubishi.fusorosa,93.1678863915517,-37.5822067260742,135.96484375,-138.780700683594
160,62.5147041603923,116,vehicle.mitsubishi.fusorosa,94.1000004719842,-37.5825347900391,135.965042114258,-138.771377563477
160,62.5287500582635,116,vehicle.mitsubishi.fusorosa,98.4826046849596,-37.5828704833984,135.965194702148,-138.761535644531
160,62.5412441603839,116,vehicle.mitsubishi.fusorosa,87.6534729252633,-37.5832176208496,135.965393066406,-138.751495361328
160,62.5556884594262,116,vehicle.mitsubishi.fusorosa,100.448041124944,-37.5835266113281,135.965576171875,-138.742721557617
160,62.5693519599736,116,vehicle.mitsubishi.fusorosa,96.0389011596527,-37.5838890075684,135.965744018555,-138.732315063477
160,62.5831400603056,116,vehicle.mitsubishi.fusorosa,96.4923047466228,-37.5842323303223,135.965957641602,-138.722671508789
160,62.5958952605724,116,vehicle.mitsubishi.fusorosa,90.5119232252654,-37.5845756530762,135.966125488281,-138.71272277832
161,62.6097432598472,116,vehicle.mitsubishi.fusorosa,96.7445912555692,-37.5848922729492,135.96630859375,-138.703765869141
161,62.623341858387,116,vehicle.mitsubishi.fusorosa,96.1347396578977,-37.5852394104004,135.966491699219,-138.69384765625
161,62.6373826600611,116,vehicle.mitsubishi.fusorosa,98.7810600324868,-37.5855827331543,135.966674804688,-138.684127807617
161,62.6510158590972,116,vehicle.mitsubishi.fusorosa,96.9912666695935,-37.5859375,135.966857910156,-138.674011230469
161,62.6648651584983,116,vehicle.mitsubishi.fusorosa,97.3936812340713,-37.5862770080566,135.967056274414,-138.664367675781
161,62.6780097596347,116,vehicle.mitsubishi.fusorosa,93.4138052971631,-37.5866279602051,135.967239379883,-138.654434204102
161,62.6910875588655,116,vehicle.mitsubishi.fusorosa,94.1410022446077,-37.5869598388672,135.967422485352,-138.644943237305
161,62.7043151594698,116,vehicle.mitsubishi.fusorosa,94.3430616467558,-37.5872840881348,135.967590332031,-138.635650634766
162,62.7191172577441,116,vehicle.mitsubishi.fusorosa,104.254511540784,-37.5876121520996,135.9677734375,-138.626220703125
162,62.7334835603833,116,vehicle.mitsubishi.fusorosa,101.437320610589,-37.5879936218262,135.967956542969,-138.615432739258
162,62.7455073595047,116,vehicle.mitsubishi.fusorosa,94.3309333645814,-37.5883598327637,135.968154907227,-138.605178833008
162,62.7581944577396,116,vehicle.mitsubishi.fusorosa,90.6662126955154,-37.5886573791504,135.968322753906,-138.597061157227
162,62.7749085575342,116,vehicle.mitsubishi.fusorosa,117.822091410344,-37.5889701843262,135.968475341797,-138.588302612305
162,62.7906829603016,116,vehicle.mitsubishi.fusorosa,108.267258871259,-37.5894088745117,135.968688964844,-138.575988769531
162,62.8035521581769,116,vehicle.mitsubishi.fusorosa,91.2309029326641,-37.5898246765137,135.96891784668,-138.564605712891
162,62.8170486576855,116,vehicle.mitsubishi.fusorosa,96.5577428807088,-37.5901412963867,135.969100952148,-138.555633544922
163,62.8308957591653,116,vehicle.mitsubishi.fusorosa,99.9457231759743,-37.5904808044434,135.969268798828,-138.545989990234
163,62.8447058573365,116,vehicle.mitsubishi.fusorosa,98.6190099877831,-37.5908393859863,135.969467163086,-138.536041259766
163,62.8577732592821,116,vehicle.mitsubishi.fusorosa,94.7483834218117,-37.5911903381348,135.969650268555,-138.526016235352
163,62.8709875606,116,vehicle.mitsubishi.fusorosa,94.6875651853479,-37.5915145874023,135.969818115234,-138.516876220703
163,62.8838409595191,116,vehicle.mitsubishi.fusorosa,93.5246708361806,-37.5918464660645,135.970001220703,-138.507354736328
163,62.8965524584055,116,vehicle.mitsubishi.fusorosa,92.7315211644703,-37.592170715332,135.970169067383,-138.498107910156
163,62.9086490608752,116,vehicle.mitsubishi.fusorosa,91.2240285798127,-37.5924873352051,135.970321655273,-138.489105224609
163,62.9244266599417,116,vehicle.mitsubishi.fusorosa,112.371997605789,-37.5927886962891,135.970489501953,-138.48063659668
164,62.9405039586127,116,vehicle.mitsubishi.fusorosa,111.104846630233,-37.5932006835938,135.970672607422,-138.468734741211
164,62.954126060009,116,vehicle.mitsubishi.fusorosa,95.3300540918848,-37.5936279296875,135.970916748047,-138.456878662109
164,62.9671677574515,116,vehicle.mitsubishi.fusorosa,93.6511528394513,-37.5939788818359,135.971099853516,-138.447082519531
164,62.980200458318,116,vehicle.mitsubishi.fusorosa,95.0361722045635,-37.5943069458008,135.971267700195,-138.437728881836
164,62.9932401590049,116,vehicle.mitsubishi.fusorosa,93.9947683296218,-37.5946350097656,135.971435546875,-138.428451538086
164,63.0066373609006,116,vehicle.mitsubishi.fusorosa,96.7463051652469,-37.5949668884277,135.971603393555,-138.419082641602
164,63.0198626592755,116,vehicle.mitsubishi.fusorosa,95.0078079017668,-37.5953025817871,135.971786499023,-138.409439086914
164,63.033284958452,116,vehicle.mitsubishi.fusorosa,96.3174664350492,-37.5956382751465,135.971954345703,-138.40007019043
164,63.0469220578671,116,vehicle.mitsubishi.fusorosa,97.6237592724728,-37.5959777832031,135.972122192383,-138.390396118164
165,63.0605609603226,116,vehicle.mitsubishi.fusorosa,98.010856618463,-37.5963249206543,135.972305297852,-138.380584716797
165,63.0734592601657,116,vehicle.mitsubishi.fusorosa,93.7635796595303,-37.5966682434082,135.97248840332,-138.370712280273
165,63.0860375575721,116,vehicle.mitsubishi.fusorosa,91.9261526983351,-37.596996307373,135.97265625,-138.361572265625
165,63.0987767577171,116,vehicle.mitsubishi.fusorosa,93.4701797866103,-37.5973167419434,135.97282409668,-138.352523803711
165,63.1114179603755,116,vehicle.mitsubishi.fusorosa,92.4198588699173,-37.5976371765137,135.97297668457,-138.343536376953
165,63.1236111596227,116,vehicle.mitsubishi.fusorosa,90.3509041901171,-37.5979499816895,135.97314453125,-138.334548950195
165,63.1362089589238,116,vehicle.mitsubishi.fusorosa,92.3722819807002,-37.5982551574707,135.973297119141,-138.325942993164
165,63.1495001576841,116,vehicle.mitsubishi.fusorosa,96.7418704696423,-37.5985679626465,135.973449707031,-138.316986083984
166,63.1623854599893,116,vehicle.mitsubishi.fusorosa,93.2826883262603,-37.5989036560059,135.973617553711,-138.307571411133
166,63.1780344583094,116,vehicle.mitsubishi.fusorosa,109.711053184503,-37.5992240905762,135.973785400391,-138.29850769043
166,63.1907594576478,116,vehicle.mitsubishi.fusorosa,91.3174032875046,-37.5996284484863,135.973983764648,-138.287002563477
166,63.2032047584653,116,vehicle.mitsubishi.fusorosa,89.5415444484023,-37.5999565124512,135.974182128906,-138.278076171875
166,63.2160084582865,116,vehicle.mitsubishi.fusorosa,93.5408893534111,-37.6002616882324,135.974319458008,-138.269256591797
166,63.2286035604775,116,vehicle.mitsubishi.fusorosa,91.5210825066181,-37.6005821228027,135.974472045898,-138.260360717773
166,63.2411959581077,116,vehicle.mitsubishi.fusorosa,91.2285519537176,-37.6008987426758,135.974639892578,-138.251480102539
166,63.2547686584294,116,vehicle.mitsubishi.fusorosa,97.7937206934272,-37.6012115478516,135.974807739258,-138.242660522461
167,63.2673987597227,116,vehicle.mitsubishi.fusorosa,92.1764996696366,-37.6015548706055,135.974975585938,-138.233001708984
167,63.2801936604083,116,vehicle.mitsubishi.fusorosa,92.1607879042995,-37.6018714904785,135.975143432617,-138.22412109375
167,63.2930849604309,116,vehicle.mitsubishi.fusorosa,93.8909376079812,-37.6021919250488,135.975296020508,-138.215103149414
167,63.3061729595065,116,vehicle.mitsubishi.fusorosa,94.8969013302371,-37.6025161743164,135.975463867188,-138.206008911133
167,63.3193107582629,116,vehicle.mitsubishi.fusorosa,94.7938102201804,-37.6028480529785,135.975646972656,-138.196746826172
167,63.3322691582143,116,vehicle.mitsubishi.fusorosa,93.7801360097718,-37.6031799316406,135.975814819336,-138.18733215332
167,63.3454031608999,116,vehicle.mitsubishi.fusorosa,94.0516827556805,-37.6035041809082,135.975982666016,-138.178192138672
167,63.3580395579338,116,vehicle.mitsubishi.fusorosa,92.2036966316586,-37.6038360595703,135.976150512695,-138.168930053711
167,63.3705396577716,116,vehicle.mitsubishi.fusorosa,91.5458404155792,-37.6041564941406,135.976318359375,-138.15998840332
167,63.3846283592284,116,vehicle.mitsubishi.fusorosa,102.930142461946,-37.6044654846191,135.976470947266,-138.151214599609
167,63.3983636572957,116,vehicle.mitsubishi.fusorosa,95.5676034993809,-37.604808807373,135.976699829102,-138.142349243164
168,63.4116899594665,116,vehicle.mitsubishi.fusorosa,94.1912835857831,-37.6051597595215,135.976898193359,-138.132843017578
168,63.4277674593031,116,vehicle.mitsubishi.fusorosa,111.681618195859,-37.6054954528809,135.97705078125,-138.123687744141
168,63.4410732574761,116,vehicle.mitsubishi.fusorosa,93.9454859161414,-37.6059112548828,135.977264404297,-138.112380981445
168,63.4544457606971,116,vehicle.mitsubishi.fusorosa,94.7691739401672,-37.6062507629395,135.977462768555,-138.103363037109
168,63.4675066582859,116,vehicle.mitsubishi.fusorosa,94.1507935056562,-37.6065826416016,135.977630615234,-138.094223022461
168,63.4802069589496,116,vehicle.mitsubishi.fusorosa,90.6073427830718,-37.6069107055664,135.977813720703,-138.085357666016
168,63.4948167577386,116,vehicle.mitsubishi.fusorosa,104.034576921027,-37.6072273254395,135.977966308594,-138.076766967773
169,63.5086459591985,116,vehicle.mitsubishi.fusorosa,97.8428390392125,-37.607593536377,135.978149414062,-138.066589355469
169,63.5220467597246,116,vehicle.mitsubishi.fusorosa,94.4934386155212,-37.6079444885254,135.97834777832,-138.057327270508
169,63.5357143580914,116,vehicle.mitsubishi.fusorosa,96.9470298947063,-37.6082801818848,135.978515625,-138.047973632812
169,63.5486629605293,116,vehicle.mitsubishi.fusorosa,93.1535796281554,-37.6086235046387,135.978698730469,-138.038528442383
169,63.5643140599132,116,vehicle.mitsubishi.fusorosa,109.997221763944,-37.6089477539062,135.978866577148,-138.029693603516
169,63.5768999606371,116,vehicle.mitsubishi.fusorosa,92.6589476671286,-37.6093482971191,135.979064941406,-138.018661499023
169,63.5906545594335,116,vehicle.mitsubishi.fusorosa,98.0115233291884,-37.6096725463867,135.979248046875,-138.010391235352
170,63.6041007600725,116,vehicle.mitsubishi.fusorosa,96.529098545208,-37.6100196838379,135.979415893555,-138.000442504883
170,63.6174923591316,116,vehicle.mitsubishi.fusorosa,96.0863794895387,-37.6103668212891,135.979598999023,-137.991180419922
170,63.6309757605195,116,vehicle.mitsubishi.fusorosa,1246.12285814369,-37.6107025146484,135.979766845703,-137.981842041016
170,63.6454296596348,116,vehicle.mitsubishi.fusorosa,90.912718677476,-37.6167984008789,135.986892700195,-138.650131225586
170,63.6636563576758,116,vehicle.mitsubishi.fusorosa,29.0838109493543,-37.6206932067871,135.99462890625,-139.216262817383
170,63.6778183579445,116,vehicle.mitsubishi.fusorosa,541.574804182798,-37.6226501464844,136.004196166992,-139.695495605469
172,63.8784112595022,116,vehicle.mitsubishi.fusorosa,489.545531805636,-37.6412010192871,136.015823364258,-140.629104614258
172,63.8915984593332,116,vehicle.mitsubishi.fusorosa,253.503580551164,-37.6432228088379,136.01318359375,-140.605728149414
173,63.9046859592199,116,vehicle.mitsubishi.fusorosa,107.422014290673,-37.643928527832,136.013198852539,-140.59033203125
173,63.9173813574016,116,vehicle.mitsubishi.fusorosa,146.8174112938,-37.6444854736328,136.01335144043,-140.580154418945
173,63.9309264607728,116,vehicle.mitsubishi.fusorosa,102.584544861421,-37.6450729370117,136.013595581055,-140.568298339844
173,63.9435407593846,116,vehicle.mitsubishi.fusorosa,95.3900824677106,-37.645637512207,136.013870239258,-140.55680847168
173,63.9577309601009,116,vehicle.mitsubishi.fusorosa,111.009446286102,-37.6460227966309,136.014175415039,-140.549453735352
173,63.9698812589049,116,vehicle.mitsubishi.fusorosa,116.772686116243,-37.6463508605957,136.014404296875,-140.543395996094
173,63.982920859009,116,vehicle.mitsubishi.fusorosa,121.046670451846,-37.646598815918,136.014724731445,-140.538681030273
173,63.9972583577037,116,vehicle.mitsubishi.fusorosa,115.857879423809,-37.646842956543,136.015029907227,-140.533218383789
173,64.0121229588985,116,vehicle.mitsubishi.fusorosa,50.1746744786551,-37.6472091674805,136.015472412109,-140.525131225586
174,64.0251003578305,116,vehicle.mitsubishi.fusorosa,149.207664764298,-37.6474876403809,136.015975952148,-140.520614624023
174,64.0394631586969,116,vehicle.mitsubishi.fusorosa,107.674163244021,-37.6477508544922,136.016525268555,-140.515106201172
174,64.0528317578137,116,vehicle.mitsubishi.fusorosa,88.07902927252,-37.6479873657227,136.017028808594,-140.509353637695
174,64.0657527595758,116,vehicle.mitsubishi.fusorosa,119.878164325318,-37.6482620239258,136.017395019531,-140.503677368164
174,64.0782885588706,116,vehicle.mitsubishi.fusorosa,109.232413971713,-37.6484642028809,136.017868041992,-140.498474121094
174,64.0915611609817,116,vehicle.mitsubishi.fusorosa,105.479483304697,-37.6486434936523,136.018371582031,-140.493453979492
174,64.104180958122,116,vehicle.mitsubishi.fusorosa,111.30712744781,-37.6488304138184,136.018905639648,-140.487869262695
174,64.1182546578348,116,vehicle.mitsubishi.fusorosa,105.527163523077,-37.6489791870117,136.019485473633,-140.483032226562
175,64.1317831575871,116,vehicle.mitsubishi.fusorosa,122.89639173262,-37.6491584777832,136.020050048828,-140.477157592773
175,64.1453525573015,116,vehicle.mitsubishi.fusorosa,109.500787552833,-37.649299621582,136.020736694336,-140.472244262695
175,64.1587738581002,116,vehicle.mitsubishi.fusorosa,75.027534590226,-37.6494407653809,136.021362304688,-140.467224121094
175,64.171076759696,116,vehicle.mitsubishi.fusorosa,128.485179288508,-37.6496772766113,136.021759033203,-140.460861206055
175,64.1828921586275,116,vehicle.mitsubishi.fusorosa,99.861914633904,-37.6498184204102,136.02229309082,-140.45588684082
175,64.1956641599536,116,vehicle.mitsubishi.fusorosa,99.9331560286283,-37.6499481201172,136.022796630859,-140.450942993164
175,64.2073560580611,116,vehicle.mitsubishi.fusorosa,107.075951155051,-37.6500930786133,136.023330688477,-140.44548034668
175,64.2202140577137,116,vehicle.mitsubishi.fusorosa,97.5372572070796,-37.6502075195312,136.023910522461,-140.441009521484
176,64.2342583574355,116,vehicle.mitsubishi.fusorosa,110.132261732309,-37.6503372192383,136.024459838867,-140.435699462891
176,64.2480069585145,116,vehicle.mitsubishi.fusorosa,120.473325161019,-37.6504974365234,136.02507019043,-140.429748535156
176,64.2602539584041,116,vehicle.mitsubishi.fusorosa,63.7884409861629,-37.6506156921387,136.025756835938,-140.424377441406
176,64.2731369584799,116,vehicle.mitsubishi.fusorosa,117.828967052236,-37.6508102416992,136.026123046875,-140.418502807617
176,64.2858243584633,116,vehicle.mitsubishi.fusorosa,107.262509981052,-37.6509742736816,136.026596069336,-140.412460327148
176,64.2979848608375,116,vehicle.mitsubishi.fusorosa,104.375272443413,-37.6511306762695,136.027114868164,-140.406723022461
176,64.3114486597478,116,vehicle.mitsubishi.fusorosa,99.6251523228439,-37.6512565612793,136.027648925781,-140.401550292969
176,64.3248188607395,116,vehicle.mitsubishi.fusorosa,116.977272427471,-37.6514205932617,136.02815246582,-140.395126342773
176,64.3390877582133,116,vehicle.mitsubishi.fusorosa,116.217650130614,-37.6515769958496,136.028717041016,-140.389007568359
177,64.3536503575742,116,vehicle.mitsubishi.fusorosa,118.492026839633,-37.651741027832,136.029296875,-140.38249206543
177,64.3680273592472,116,vehicle.mitsubishi.fusorosa,118.097548132405,-37.6519088745117,136.029907226562,-140.375686645508
177,64.3812658600509,116,vehicle.mitsubishi.fusorosa,83.6843985488859,-37.6520805358887,136.030502319336,-140.369140625
177,64.3939908593893,116,vehicle.mitsubishi.fusorosa,115.173221208824,-37.6522979736328,136.030868530273,-140.362518310547
177,64.405487857759,116,vehicle.mitsubishi.fusorosa,99.2186544015019,-37.652473449707,136.031311035156,-140.356048583984
177,64.4174067601562,116,vehicle.mitsubishi.fusorosa,89.5820314665385,-37.6526222229004,136.03173828125,-140.350387573242
177,64.4293970577419,116,vehicle.mitsubishi.fusorosa,100.076020688839,-37.6527900695801,136.032119750977,-140.344390869141
177,64.4419852606952,116,vehicle.mitsubishi.fusorosa,103.442428548171,-37.652961730957,136.032531738281,-140.337997436523
178,64.4548570588231,116,vehicle.mitsubishi.fusorosa,103.359733886123,-37.6531448364258,136.032958984375,-140.331481933594
178,64.468055460602,116,vehicle.mitsubishi.fusorosa,106.742310195528,-37.6533355712891,136.033386230469,-140.324844360352
178,64.4814964607358,116,vehicle.mitsubishi.fusorosa,83.5069967731095,-37.6535263061523,136.033828735352,-140.317825317383
178,64.4942331574857,116,vehicle.mitsubishi.fusorosa,107.850286103192,-37.6537818908691,136.034118652344,-140.310043334961
178,64.5073673576117,116,vehicle.mitsubishi.fusorosa,102.388065854639,-37.6540031433105,136.034454345703,-140.302780151367
178,64.5201028585434,116,vehicle.mitsubishi.fusorosa,98.6808306825893,-37.6542282104492,136.034820556641,-140.295104980469
178,64.5330316573381,116,vehicle.mitsubishi.fusorosa,97.4583935468822,-37.6544532775879,136.035171508789,-140.287704467773
178,64.5461423583329,116,vehicle.mitsubishi.fusorosa,99.4648434159174,-37.6546859741211,136.035507202148,-140.279968261719
178,64.5600477606058,116,vehicle.mitsubishi.fusorosa,106.312174620717,-37.6549263000488,136.035842895508,-140.272171020508
179,64.573707960546,116,vehicle.mitsubishi.fusorosa,107.723303586356,-37.6551895141602,136.036193847656,-140.263931274414
179,64.5871062576771,116,vehicle.mitsubishi.fusorosa,102.092328956014,-37.6554412841797,136.036544799805,-140.255722045898
179,64.5999005585909,116,vehicle.mitsubishi.fusorosa,88.8948691442172,-37.655689239502,136.036895751953,-140.247604370117
179,64.6126406602561,116,vehicle.mitsubishi.fusorosa,101.284882258341,-37.6559600830078,136.037139892578,-140.239471435547
179,64.6246954575181,116,vehicle.mitsubishi.fusorosa,93.2598948837228,-37.6562232971191,136.037384033203,-140.231369018555
179,64.6377709582448,116,vehicle.mitsubishi.fusorosa,102.834246258364,-37.6564750671387,136.037612915039,-140.2236328125
179,64.6508718580008,116,vehicle.mitsubishi.fusorosa,99.3810828700046,-37.6567459106445,136.037887573242,-140.215087890625
179,64.6651543602347,116,vehicle.mitsubishi.fusorosa,104.883432892318,-37.6570243835449,136.038146972656,-140.206726074219
180,64.6787839606404,116,vehicle.mitsubishi.fusorosa,105.00851906007,-37.6573371887207,136.038421630859,-140.197326660156
180,64.6979489587247,116,vehicle.mitsubishi.fusorosa,136.344816978926,-37.6576347351074,136.038681030273,-140.188293457031
180,64.7184940576553,116,vehicle.mitsubishi.fusorosa,102.121769363021,-37.6580810546875,136.039001464844,-140.174667358398
180,64.7371190600097,116,vehicle.mitsubishi.fusorosa,130.340609190054,-37.658576965332,136.039398193359,-140.160797119141
180,64.7556973583996,116,vehicle.mitsubishi.fusorosa,135.109161383052,-37.6590270996094,136.039611816406,-140.146957397461
180,64.7724647596478,116,vehicle.mitsubishi.fusorosa,119.246199247931,-37.6595191955566,136.039932250977,-140.133651733398
180,64.7876248583198,116,vehicle.mitsubishi.fusorosa,112.205085139296,-37.6599540710449,136.040176391602,-140.121276855469
181,64.8013119585812,116,vehicle.mitsubishi.fusorosa,99.6538710361116,-37.6603317260742,136.040405273438,-140.110443115234
181,64.8146800585091,116,vehicle.mitsubishi.fusorosa,102.26701328413,-37.6606750488281,136.040588378906,-140.100646972656
181,64.8279095590115,116,vehicle.mitsubishi.fusorosa,105.488219202295,-37.6610107421875,136.040771484375,-140.090881347656
181,64.8408158607781,116,vehicle.mitsubishi.fusorosa,103.231775037136,-37.6613426208496,136.040969848633,-140.081481933594
181,64.8544583581388,116,vehicle.mitsubishi.fusorosa,104.870715457185,-37.6616668701172,136.041152954102,-140.072143554688
181,64.8677993603051,116,vehicle.mitsubishi.fusorosa,105.421821805865,-37.6620101928711,136.04133605957,-140.062194824219
181,64.8813520595431,116,vehicle.mitsubishi.fusorosa,105.430769316637,-37.6623420715332,136.041534423828,-140.052673339844
182,64.8953414596617,116,vehicle.mitsubishi.fusorosa,105.309994316483,-37.6626777648926,136.041732788086,-140.042755126953
182,64.9085349589586,116,vehicle.mitsubishi.fusorosa,101.433277356803,-37.6630249023438,136.041915893555,-140.032775878906
182,64.9225130602717,116,vehicle.mitsubishi.fusorosa,107.148710602388,-37.6633529663086,136.042114257812,-140.02326965332
182,64.9359868578613,116,vehicle.mitsubishi.fusorosa,100.863569012123,-37.6637001037598,136.04231262207,-140.01318359375
182,64.9492184594274,116,vehicle.mitsubishi.fusorosa,99.4499811197251,-37.6640357971191,136.042510986328,-140.003372192383
182,64.9624756574631,116,vehicle.mitsubishi.fusorosa,100.28167571471,-37.6643753051758,136.042678833008,-139.993621826172
182,64.975756958127,116,vehicle.mitsubishi.fusorosa,101.455884655045,-37.6647071838379,136.042861938477,-139.983856201172
182,64.9891929589212,116,vehicle.mitsubishi.fusorosa,102.693173370717,-37.6650428771973,136.043029785156,-139.974166870117
183,65.0029504597187,116,vehicle.mitsubishi.fusorosa,99.8783111683559,-37.6653785705566,136.043228149414,-139.964385986328
183,65.0164134576917,116,vehicle.mitsubishi.fusorosa,102.983487063592,-37.6657257080078,136.043411254883,-139.954284667969
183,65.0297554582357,116,vehicle.mitsubishi.fusorosa,100.809602478778,-37.6660652160645,136.043609619141,-139.944641113281
183,65.0414300598204,116,vehicle.mitsubishi.fusorosa,98.0100157762474,-37.6664009094238,136.043792724609,-139.934967041016
183,65.0539120584726,116,vehicle.mitsubishi.fusorosa,91.5757779889765,-37.6667175292969,136.043975830078,-139.925827026367
183,65.0663103573024,116,vehicle.mitsubishi.fusorosa,97.2931608833367,-37.6670417785645,136.044143676758,-139.916366577148
183,65.0931526608765,116,vehicle.mitsubishi.fusorosa,132.225149346092,-37.6673545837402,136.044311523438,-139.907196044922
183,65.1059794574976,116,vehicle.mitsubishi.fusorosa,104.159721700464,-37.6680641174316,136.044677734375,-139.886795043945
183,65.1188610605896,116,vehicle.mitsubishi.fusorosa,93.7379641680056,-37.6683883666992,136.044906616211,-139.877914428711
184,65.1319599598646,116,vehicle.mitsubishi.fusorosa,100.796228177153,-37.6687126159668,136.045059204102,-139.86848449707
184,65.1454673595726,116,vehicle.mitsubishi.fusorosa,103.109034295448,-37.6690483093262,136.045227050781,-139.858917236328
184,65.1590866595507,116,vehicle.mitsubishi.fusorosa,104.68025396752,-37.6693878173828,136.045425415039,-139.849243164062
184,65.172194160521,116,vehicle.mitsubishi.fusorosa,102.151711203272,-37.669734954834,136.045608520508,-139.839477539062
184,65.1856816597283,116,vehicle.mitsubishi.fusorosa,103.477202395415,-37.6700630187988,136.045806884766,-139.829940795898
184,65.1987686604261,116,vehicle.mitsubishi.fusorosa,98.5108086922463,-37.6703987121582,136.046005249023,-139.820327758789
184,65.2121417596936,116,vehicle.mitsubishi.fusorosa,101.603439644297,-37.6707305908203,136.046188354492,-139.810821533203
185,65.2261345610023,116,vehicle.mitsubishi.fusorosa,107.501048838603,-37.671070098877,136.046371459961,-139.801177978516
185,65.2398585602641,116,vehicle.mitsubishi.fusorosa,106.012334580638,-37.6714134216309,136.046585083008,-139.791213989258
185,65.2524148598313,116,vehicle.mitsubishi.fusorosa,98.7706824203921,-37.671760559082,136.046768188477,-139.781372070312
185,65.2646972574294,116,vehicle.mitsubishi.fusorosa,95.4820099684844,-37.6720809936523,136.046951293945,-139.77229309082
185,65.2779056578875,116,vehicle.mitsubishi.fusorosa,97.6871524131758,-37.6723861694336,136.047119140625,-139.763442993164
185,65.2951243594289,116,vehicle.mitsubishi.fusorosa,126.353145341595,-37.672721862793,136.047317504883,-139.753921508789
185,65.308220859617,116,vehicle.mitsubishi.fusorosa,100.676009827564,-37.6731643676758,136.047546386719,-139.741256713867
185,65.3211234584451,116,vehicle.mitsubishi.fusorosa,93.2971934092497,-37.6735038757324,136.047744750977,-139.732131958008
185,65.3346573598683,116,vehicle.mitsubishi.fusorosa,102.726753990506,-37.6738243103027,136.047912597656,-139.722747802734
186,65.3480154573917,116,vehicle.mitsubishi.fusorosa,97.3691154069021,-37.6741676330566,136.048095703125,-139.712966918945
186,65.3608041591942,116,vehicle.mitsubishi.fusorosa,101.85393039465,-37.6745147705078,136.048278808594,-139.703308105469
186,65.3749378584325,116,vehicle.mitsubishi.fusorosa,108.387563836254,-37.6748428344727,136.048461914062,-139.694076538086
186,65.3874522596598,116,vehicle.mitsubishi.fusorosa,102.168665644111,-37.6752052307129,136.048645019531,-139.683746337891
186,65.3996088579297,116,vehicle.mitsubishi.fusorosa,96.3488351518504,-37.6755294799805,136.048828125,-139.674758911133
186,65.4117051586509,116,vehicle.mitsubishi.fusorosa,95.379542374932,-37.6758346557617,136.04899597168,-139.666015625
186,65.4243433587253,116,vehicle.mitsubishi.fusorosa,96.4902361871477,-37.676139831543,136.049179077148,-139.657302856445
187,65.4373407587409,116,vehicle.mitsubishi.fusorosa,98.9701482895222,-37.676456451416,136.049346923828,-139.648223876953
187,65.4497425593436,116,vehicle.mitsubishi.fusorosa,99.418898723868,-37.6767807006836,136.049545288086,-139.638931274414
187,65.462675858289,116,vehicle.mitsubishi.fusorosa,97.4531893974787,-37.6770896911621,136.049728393555,-139.630172729492
187,65.4756888598204,116,vehicle.mitsubishi.fusorosa,99.4971800656201,-37.677417755127,136.049896240234,-139.621032714844
187,65.4875171594322,116,vehicle.mitsubishi.fusorosa,97.6212704344227,-37.6777458190918,136.050079345703,-139.611694335938
187,65.5004756599665,116,vehicle.mitsubishi.fusorosa,100.272589727196,-37.6780471801758,136.050247192383,-139.603164672852
187,65.5135271586478,116,vehicle.mitsubishi.fusorosa,104.498260586264,-37.6783714294434,136.050415039062,-139.593673706055
187,65.5272397585213,116,vehicle.mitsubishi.fusorosa,102.438199189296,-37.6787033081055,136.05061340332,-139.584655761719
188,65.5407188609242,116,vehicle.mitsubishi.fusorosa,101.207867846221,-37.6790504455566,136.050796508789,-139.57487487793
188,65.5540996603668,116,vehicle.mitsubishi.fusorosa,103.659878126007,-37.6793937683105,136.050979614258,-139.565216064453
188,65.5671464577317,116,vehicle.mitsubishi.fusorosa,100.434925136968,-37.6797332763672,136.051162719727,-139.555648803711
188,65.5803800597787,116,vehicle.mitsubishi.fusorosa,101.032199710427,-37.680061340332,136.051345825195,-139.546401977539
188,65.5920075587928,116,vehicle.mitsubishi.fusorosa,99.0063668104264,-37.6804008483887,136.051513671875,-139.53694152832
188,65.6046583577991,116,vehicle.mitsubishi.fusorosa,94.015027714872,-37.6807022094727,136.051696777344,-139.528472900391
188,65.616831060499,116,vehicle.mitsubishi.fusorosa,91.6429953256697,-37.681022644043,136.051849365234,-139.519180297852
188,65.6299278587103,116,vehicle.mitsubishi.fusorosa,98.4118872227023,-37.6813354492188,136.052032470703,-139.510711669922
189,65.6427272595465,116,vehicle.mitsubishi.fusorosa,99.1224040510382,-37.6816711425781,136.052200317383,-139.501174926758
189,65.6557335592806,116,vehicle.mitsubishi.fusorosa,97.7572710549204,-37.681999206543,136.052352905273,-139.492156982422
189,65.6698233596981,116,vehicle.mitsubishi.fusorosa,106.488702780644,-37.6823310852051,136.052536010742,-139.482894897461
189,65.6830963604152,116,vehicle.mitsubishi.fusorosa,102.564104639971,-37.682689666748,136.052719116211,-139.472885131836
189,65.695830758661,116,vehicle.mitsubishi.fusorosa,93.4610062831164,-37.6830253601074,136.05290222168,-139.463623046875
189,65.7080039605498,116,vehicle.mitsubishi.fusorosa,96.0121820569276,-37.683349609375,136.053070068359,-139.454452514648
189,65.7201692573726,116,vehicle.mitsubishi.fusorosa,95.4265941974856,-37.6836585998535,136.05322265625,-139.445892333984
189,65.7327588573098,116,vehicle.mitsubishi.fusorosa,92.7057870754236,-37.683967590332,136.05339050293,-139.437210083008
189,65.7467342577875,116,vehicle.mitsubishi.fusorosa,106.002543276062,-37.6842880249023,136.053558349609,-139.428176879883
190,65.7610283605754,116,vehicle.mitsubishi.fusorosa,108.651027550654,-37.6846466064453,136.053741455078,-139.418243408203
190,65.7758253589272,116,vehicle.mitsubishi.fusorosa,108.846205219912,-37.6850128173828,136.053939819336,-139.408142089844
190,65.7902575582266,116,vehicle.mitsubishi.fusorosa,107.085016736603,-37.6853942871094,136.054138183594,-139.3974609375
190,65.8052850589156,116,vehicle.mitsubishi.fusorosa,112.877878769299,-37.6857719421387,136.054321289062,-139.387130737305
190,65.8191570602357,116,vehicle.mitsubishi.fusorosa,102.725056670096,-37.6861572265625,136.054534912109,-139.376388549805
190,65.8321278579533,116,vehicle.mitsubishi.fusorosa,99.007431889463,-37.6865158081055,136.054718017578,-139.366485595703
190,65.845389559865,116,vehicle.mitsubishi.fusorosa,100.718881970057,-37.6868438720703,136.054885864258,-139.357238769531
190,65.8583880588412,116,vehicle.mitsubishi.fusorosa,99.5763292551038,-37.6871871948242,136.055053710938,-139.34782409668
191,65.8727728575468,116,vehicle.mitsubishi.fusorosa,106.356135061781,-37.6875190734863,136.055236816406,-139.338668823242
191,65.8880854584277,116,vehicle.mitsubishi.fusorosa,117.733657071224,-37.6878929138184,136.055404663086,-139.328170776367
191,65.9019044600427,116,vehicle.mitsubishi.fusorosa,103.385777998548,-37.6882858276367,136.055633544922,-139.317321777344
191,65.9152712598443,116,vehicle.mitsubishi.fusorosa,103.430618740409,-37.6886444091797,136.055816650391,-139.307525634766
191,65.9282375574112,116,vehicle.mitsubishi.fusorosa,97.2767402395758,-37.6889801025391,136.055999755859,-139.298049926758
191,65.9408314600587,116,vehicle.mitsubishi.fusorosa,96.2720384918748,-37.6893119812012,136.056167602539,-139.288818359375
191,65.9543793573976,116,vehicle.mitsubishi.fusorosa,103.405412030343,-37.6896438598633,136.05632019043,-139.27978515625
192,65.9674559608102,116,vehicle.mitsubishi.fusorosa,100.604596289189,-37.6899871826172,136.056503295898,-139.269973754883
192,65.9805425591767,116,vehicle.mitsubishi.fusorosa,101.616558417007,-37.6903266906738,136.056701660156,-139.260726928711
192,65.9933589585125,116,vehicle.mitsubishi.fusorosa,95.8639889232995,-37.6906585693359,136.056869506836,-139.251342773438
192,66.0055320598185,116,vehicle.mitsubishi.fusorosa,97.4011142152987,-37.6909942626953,136.057022094727,-139.242065429688
192,66.0183092579246,116,vehicle.mitsubishi.fusorosa,99.2392977903287,-37.6913070678711,136.057189941406,-139.233459472656
192,66.0300193578005,116,vehicle.mitsubishi.fusorosa,95.1224709644412,-37.6916275024414,136.057357788086,-139.224334716797
192,66.0428370609879,116,vehicle.mitsubishi.fusorosa,101.66792129292,-37.6919364929199,136.057510375977,-139.215805053711
192,66.056088257581,116,vehicle.mitsubishi.fusorosa,98.9504075095478,-37.6922607421875,136.057678222656,-139.206604003906
193,66.0688325576484,116,vehicle.mitsubishi.fusorosa,101.113019080082,-37.6926078796387,136.057861328125,-139.197128295898
193,66.0826326608658,116,vehicle.mitsubishi.fusorosa,99.6225433010946,-37.6929244995117,136.058044433594,-139.188201904297
193,66.0953826606274,116,vehicle.mitsubishi.fusorosa,92.6680673939131,-37.6932792663574,136.058212280273,-139.178298950195
193,66.1077722609043,116,vehicle.mitsubishi.fusorosa,96.9388300634426,-37.6936149597168,136.058380126953,-139.16911315918
193,66.1205699592829,116,vehicle.mitsubishi.fusorosa,98.3613320262614,-37.6939353942871,136.058532714844,-139.160308837891
193,66.1325272582471,116,vehicle.mitsubishi.fusorosa,93.0896174099816,-37.694263458252,136.058700561523,-139.15104675293
193,66.1451466605067,116,vehicle.mitsubishi.fusorosa,95.2852436460325,-37.6945686340332,136.058868408203,-139.142471313477
193,66.1582316607237,116,vehicle.mitsubishi.fusorosa,96.7212473565341,-37.6948852539062,136.059036254883,-139.133575439453
193,66.1733596585691,116,vehicle.mitsubishi.fusorosa,110.966065823238,-37.6952171325684,136.059219360352,-139.124282836914
194,66.1882050596178,116,vehicle.mitsubishi.fusorosa,110.773028761798,-37.6956062316895,136.059417724609,-139.11344909668
194,66.2018156573176,116,vehicle.mitsubishi.fusorosa,102.476333651669,-37.695987701416,136.059631347656,-139.102935791016
194,66.2150623574853,116,vehicle.mitsubishi.fusorosa,98.9429434971407,-37.6963310241699,136.059814453125,-139.093414306641
194,66.2272152602673,116,vehicle.mitsubishi.fusorosa,98.8254588930548,-37.6966743469238,136.059982299805,-139.083755493164
194,66.23962906003,116,vehicle.mitsubishi.fusorosa,96.8071958332456,-37.6969871520996,136.060150146484,-139.075134277344
194,66.2532438598573,116,vehicle.mitsubishi.fusorosa,103.682200933506,-37.6973037719727,136.060302734375,-139.066299438477
194,66.2656849585474,116,vehicle.mitsubishi.fusorosa,95.1503095406555,-37.6976509094238,136.060501098633,-139.056640625
194,66.278853058815,116,vehicle.mitsubishi.fusorosa,99.8306462781305,-37.6979713439941,136.060668945312,-139.047836303711
195,66.2924351580441,116,vehicle.mitsubishi.fusorosa,104.646112469936,-37.6983032226562,136.060836791992,-139.038467407227
195,66.3063516579568,116,vehicle.mitsubishi.fusorosa,103.330519154526,-37.6986465454102,136.06103515625,-139.028945922852
195,66.3197029605508,116,vehicle.mitsubishi.fusorosa,104.932998887656,-37.6990013122559,136.061218261719,-139.018981933594
195,66.3321132585406,116,vehicle.mitsubishi.fusorosa,95.9628681910502,-37.699333190918,136.061401367188,-139.009689331055
195,66.3440427593887,116,vehicle.mitsubishi.fusorosa,91.8828882953933,-37.6996536254883,136.061584472656,-139.000946044922
195,66.356870058924,116,vehicle.mitsubishi.fusorosa,98.3750948654973,-37.6999588012695,136.061737060547,-138.992370605469
195,66.3692463599145,116,vehicle.mitsubishi.fusorosa,95.965989443801,-37.7002830505371,136.061904907227,-138.98323059082
195,66.3828459605575,116,vehicle.mitsubishi.fusorosa,103.98182691297,-37.7006034851074,136.062072753906,-138.974487304688
195,66.3962826579809,116,vehicle.mitsubishi.fusorosa,100.010836575083,-37.7009429931641,136.062255859375,-138.964950561523
196,66.4098432585597,116,vehicle.mitsubishi.fusorosa,100.015031323501,-37.701286315918,136.062454223633,-138.955474853516
196,66.4229113608599,116,vehicle.mitsubishi.fusorosa,99.4295277686921,-37.7016296386719,136.062606811523,-138.945663452148
196,66.4365818575025,116,vehicle.mitsubishi.fusorosa,100.98196578076,-37.7019577026367,136.062805175781,-138.936538696289
196,66.4497469589114,116,vehicle.mitsubishi.fusorosa,101.662145079916,-37.7023048400879,136.06298828125,-138.926864624023
196,66.4628061577678,116,vehicle.mitsubishi.fusorosa,99.4220647578996,-37.7026405334473,136.06315612793,-138.917633056641
196,66.4757517576218,116,vehicle.mitsubishi.fusorosa,101.401893750473,-37.7029685974121,136.063339233398,-138.90837097168
196,66.4883459582925,116,vehicle.mitsubishi.fusorosa,98.2569223505205,-37.703296661377,136.063507080078,-138.899490356445
196,66.5026446580887,116,vehicle.mitsubishi.fusorosa,106.499871899844,-37.70361328125,136.063690185547,-138.890594482422
197,66.5151162594557,116,vehicle.mitsubishi.fusorosa,97.5331665481581,-37.7039794921875,136.063873291016,-138.880325317383
197,66.5295101590455,116,vehicle.mitsubishi.fusorosa,106.754364414901,-37.7042999267578,136.064056396484,-138.871627807617
197,66.5427210591733,116,vehicle.mitsubishi.fusorosa,100.530217511763,-37.7046585083008,136.064239501953,-138.861251831055
197,66.556034758687,116,vehicle.mitsubishi.fusorosa,101.484977703792,-37.7050018310547,136.064422607422,-138.85205078125
197,66.5701224580407,116,vehicle.mitsubishi.fusorosa,104.833718640451,-37.7053337097168,136.064590454102,-138.842590332031
197,66.5829752609134,116,vehicle.mitsubishi.fusorosa,96.8416564367359,-37.705696105957,136.064788818359,-138.832580566406
197,66.5953181609511,116,vehicle.mitsubishi.fusorosa,92.4762335472847,-37.7060203552246,136.064971923828,-138.82356262207
197,66.6098837591708,116,vehicle.mitsubishi.fusorosa,111.144423406739,-37.7063407897949,136.065139770508,-138.814712524414
198,66.6241690590978,116,vehicle.mitsubishi.fusorosa,108.397036766461,-37.7067108154297,136.065322875977,-138.804306030273
198,66.6375654600561,116,vehicle.mitsubishi.fusorosa,99.6428185973605,-37.7070770263672,136.065536499023,-138.79426574707
198,66.6510853581131,116,vehicle.mitsubishi.fusorosa,104.269892263046,-37.7074203491211,136.065704345703,-138.784484863281
198,66.6644477583468,116,vehicle.mitsubishi.fusorosa,101.243200468023,-37.7077560424805,136.065902709961,-138.774856567383
198,66.67785776034,116,vehicle.mitsubishi.fusorosa,103.199009079179,-37.7081031799316,136.06608581543,-138.765426635742
198,66.6906525604427,116,vehicle.mitsubishi.fusorosa,97.9553140181991,-37.7084465026855,136.066253662109,-138.755905151367
198,66.7036502584815,116,vehicle.mitsubishi.fusorosa,104.19755130908,-37.7087745666504,136.066421508789,-138.74674987793
198,66.7208753600717,116,vehicle.mitsubishi.fusorosa,125.76877169006,-37.7091064453125,136.066604614258,-138.737533569336
199,66.7368965595961,116,vehicle.mitsubishi.fusorosa,120.001952045776,-37.7095565795898,136.066848754883,-138.724884033203
199,66.7550718598068,116,vehicle.mitsubishi.fusorosa,138.174324252017,-37.7099952697754,136.067092895508,-138.712997436523
199,66.7701554596424,116,vehicle.mitsubishi.fusorosa,119.458246973883,-37.7105255126953,136.067367553711,-138.69841003418
199,66.7837174609303,116,vehicle.mitsubishi.fusorosa,107.189079929024,-37.7109985351562,136.067626953125,-138.686676025391
199,66.7973585575819,116,vehicle.mitsubishi.fusorosa,110.470886520186,-37.7114219665527,136.067825317383,-138.675827026367
199,66.8096718601882,116,vehicle.mitsubishi.fusorosa,112.666252866783,-37.7118530273438,136.068023681641,-138.664916992188
199,66.8237393572927,116,vehicle.mitsubishi.fusorosa,112.956678936935,-37.7122535705566,136.068237304688,-138.654663085938
200,66.837374560535,116,vehicle.mitsubishi.fusorosa,109.322736835219,-37.7126960754395,136.068466186523,-138.643203735352
200,66.8511340580881,116,vehicle.mitsubishi.fusorosa,110.107079040888,-37.7131156921387,136.068695068359,-138.632415771484
200,66.8646710589528,116,vehicle.mitsubishi.fusorosa,107.349231953544,-37.7135276794434,136.068893432617,-138.621841430664
200,66.876893658191,116,vehicle.mitsubishi.fusorosa,99.5307490214012,-37.7139129638672,136.069091796875,-138.611434936523
200,66.8911657594144,116,vehicle.mitsubishi.fusorosa,109.220803501954,-37.7142601013184,136.069259643555,-138.602035522461
200,66.9035043604672,116,vehicle.mitsubishi.fusorosa,95.7566962485423,-37.7146453857422,136.069458007812,-138.591201782227
200,66.916929859668,116,vehicle.mitsubishi.fusorosa,103.276488219712,-37.714973449707,136.069641113281,-138.582305908203
200,66.9286318607628,116,vehicle.mitsubishi.fusorosa,98.0558486749078,-37.7153129577637,136.069808959961,-138.572402954102
200,66.9428799599409,116,vehicle.mitsubishi.fusorosa,107.823320915589,-37.7156257629395,136.069961547852,-138.563568115234
201,66.9565403573215,116,vehicle.mitsubishi.fusorosa,105.888569830535,-37.7159881591797,136.070159912109,-138.552841186523
201,66.9696628600359,116,vehicle.mitsubishi.fusorosa,99.7984720068757,-37.7163391113281,136.070343017578,-138.54296875
201,66.9833738580346,116,vehicle.mitsubishi.fusorosa,107.476942712588,-37.7166709899902,136.070510864258,-138.533309936523
201,66.995883859694,116,vehicle.mitsubishi.fusorosa,97.8854792534594,-37.7170181274414,136.070693969727,-138.523254394531
201,67.0086702592671,116,vehicle.mitsubishi.fusorosa,100.031498669071,-37.7173385620117,136.070877075195,-138.514099121094
201,67.0215085595846,116,vehicle.mitsubishi.fusorosa,98.0131070922161,-37.717658996582,136.071044921875,-138.504623413086
201,67.0343727581203,116,vehicle.mitsubishi.fusorosa,98.5849361795809,-37.7179908752441,136.071212768555,-138.495376586914
202,67.0467815585434,116,vehicle.mitsubishi.fusorosa,96.0814175327723,-37.7183151245117,136.071395874023,-138.485916137695
202,67.0599138587713,116,vehicle.mitsubishi.fusorosa,102.24675661685,-37.718635559082,136.071563720703,-138.476821899414
202,67.0729973576963,116,vehicle.mitsubishi.fusorosa,98.1306074463089,-37.7189674377441,136.071731567383,-138.467178344727
202,67.0860296599567,116,vehicle.mitsubishi.fusorosa,98.9166936552655,-37.7193031311035,136.071914672852,-138.457778930664
202,67.0983566604555,116,vehicle.mitsubishi.fusorosa,97.4365140152491,-37.7196388244629,136.072082519531,-138.448272705078
202,67.1103132590652,116,vehicle.mitsubishi.fusorosa,92.8064925868098,-37.7199516296387,136.072250366211,-138.439300537109
202,67.1228498592973,116,vehicle.mitsubishi.fusorosa,96.0612949123703,-37.7202568054199,136.072402954102,-138.430648803711
202,67.1361357606947,116,vehicle.mitsubishi.fusorosa,101.226848519272,-37.7205772399902,136.072570800781,-138.421569824219
203,67.1494062580168,116,vehicle.mitsubishi.fusorosa,100.570288605124,-37.7209167480469,136.072738647461,-138.412017822266
203,67.1626110598445,116,vehicle.mitsubishi.fusorosa,100.079155613184,-37.7212524414062,136.072906494141,-138.402526855469
203,67.1754844598472,116,vehicle.mitsubishi.fusorosa,99.6194934571832,-37.7215843200684,136.073089599609,-138.393035888672
203,67.1879178583622,116,vehicle.mitsubishi.fusorosa,95.6182299338747,-37.7219123840332,136.073257446289,-138.383865356445
203,67.200508158654,116,vehicle.mitsubishi.fusorosa,98.3535978509948,-37.7222290039062,136.073425292969,-138.374847412109
203,67.2126579582691,116,vehicle.mitsubishi.fusorosa,96.0052828267983,-37.7225532531738,136.073593139648,-138.365798950195
203,67.2254206575453,116,vehicle.mitsubishi.fusorosa,97.4802818435867,-37.7228660583496,136.073745727539,-138.357147216797
203,67.2378640584648,116,vehicle.mitsubishi.fusorosa,93.1589940809515,-37.7231864929199,136.073928833008,-138.348007202148
203,67.2507363595068,116,vehicle.mitsubishi.fusorosa,96.0634329200913,-37.7235069274902,136.074081420898,-138.339141845703
204,67.26529796049,116,vehicle.mitsubishi.fusorosa,104.914434768927,-37.7238311767578,136.074249267578,-138.32991027832
204,67.2792346589267,116,vehicle.mitsubishi.fusorosa,104.207234909509,-37.7242050170898,136.074447631836,-138.319412231445
204,67.2927757576108,116,vehicle.mitsubishi.fusorosa,101.405448927329,-37.7245635986328,136.074630737305,-138.3095703125
204,67.3054350577295,116,vehicle.mitsubishi.fusorosa,96.6433086945499,-37.7249069213867,136.074798583984,-138.299896240234
204,67.3181071579456,116,vehicle.mitsubishi.fusorosa,94.8763523565463,-37.7252311706543,136.074981689453,-138.290908813477
204,67.3304536603391,116,vehicle.mitsubishi.fusorosa,93.3203006425811,-37.7255516052246,136.075149536133,-138.281875610352
204,67.3427171595395,116,vehicle.mitsubishi.fusorosa,96.3848598934364,-37.7258758544922,136.075302124023,-138.273040771484
204,67.3560531586409,116,vehicle.mitsubishi.fusorosa,102.669864364355,-37.726188659668,136.075469970703,-138.264129638672
205,67.3695014603436,116,vehicle.mitsubishi.fusorosa,101.604975601871,-37.7265281677246,136.075637817383,-138.254638671875
205,67.3826543577015,116,vehicle.mitsubishi.fusorosa,97.450984572845,-37.7268676757812,136.075820922852,-138.245223999023
205,67.3961321599782,116,vehicle.mitsubishi.fusorosa,101.755493567392,-37.7272071838379,136.075988769531,-138.235824584961
205,67.4084321595728,116,vehicle.mitsubishi.fusorosa,95.174469714139,-37.7275466918945,136.076171875,-138.226257324219
205,67.4202570579946,116,vehicle.mitsubishi.fusorosa,92.0208715763903,-37.7278633117676,136.076324462891,-138.217590332031
205,67.4328758604825,116,vehicle.mitsubishi.fusorosa,95.8468821359147,-37.7281646728516,136.076477050781,-138.209213256836
205,67.4453756585717,116,vehicle.mitsubishi.fusorosa,95.9989574010088,-37.7284812927246,136.076644897461,-138.200271606445
205,67.4579217582941,116,vehicle.mitsubishi.fusorosa,95.6912687588621,-37.7288017272949,136.076812744141,-138.191604614258
205,67.4714924581349,116,vehicle.mitsubishi.fusorosa,102.126273261599,-37.729118347168,136.07698059082,-138.1826171875
206,67.4845283590257,116,vehicle.mitsubishi.fusorosa,96.2761756299347,-37.7294616699219,136.0771484375,-138.17301940918
206,67.4978459589183,116,vehicle.mitsubishi.fusorosa,101.805117452728,-37.7298011779785,136.07731628418,-138.163772583008
206,67.5104202590883,116,vehicle.mitsubishi.fusorosa,98.108880942509,-37.7301368713379,136.077499389648,-138.154342651367
206,67.5227494575083,116,vehicle.mitsubishi.fusorosa,94.2832192391294,-37.7304496765137,136.077697753906,-138.145492553711
206,67.5353493578732,116,vehicle.mitsubishi.fusorosa,95.9246032314049,-37.7307624816895,136.077850341797,-138.136734008789
206,67.5477741584182,116,vehicle.mitsubishi.fusorosa,95.1055783505133,-37.7310791015625,136.078018188477,-138.127883911133
206,67.5607409588993,116,vehicle.mitsubishi.fusorosa,98.3386712550111,-37.7313995361328,136.078170776367,-138.119125366211
206,67.5758043602109,116,vehicle.mitsubishi.fusorosa,111.932407409124,-37.7317237854004,136.078353881836,-138.110076904297
207,67.5888677574694,116,vehicle.mitsubishi.fusorosa,99.8089170990143,-37.7321128845215,136.078536987305,-138.099304199219
207,67.6011359579861,116,vehicle.mitsubishi.fusorosa,93.8266117678599,-37.7324485778809,136.078720092773,-138.09016418457
207,67.6143089607358,116,vehicle.mitsubishi.fusorosa,100.07223299659,-37.7327613830566,136.078872680664,-138.081436157227
207,67.6272164583206,116,vehicle.mitsubishi.fusorosa,96.3777797934602,-37.733097076416,136.079055786133,-138.072052001953
207,67.6399152576923,116,vehicle.mitsubishi.fusorosa,94.2063870004492,-37.7334289550781,136.079223632812,-138.062927246094
207,67.6523059606552,116,vehicle.mitsubishi.fusorosa,92.3541878837268,-37.7337532043457,136.079391479492,-138.053955078125
207,67.6648550592363,116,vehicle.mitsubishi.fusorosa,95.8272973684859,-37.7340698242188,136.079544067383,-138.045196533203
207,67.6775238588452,116,vehicle.mitsubishi.fusorosa,96.7066528998347,-37.7343902587891,136.079696655273,-138.036346435547
207,67.6907470598817,116,vehicle.mitsubishi.fusorosa,99.5843761995787,-37.7347068786621,136.079864501953,-138.027435302734
208,67.7037438601255,116,vehicle.mitsubishi.fusorosa,95.989923405571,-37.7350463867188,136.080062866211,-138.018081665039
208,67.7166678607464,116,vehicle.mitsubishi.fusorosa,96.094593834543,-37.7353820800781,136.080215454102,-138.008941650391
208,67.7291204594076,116,vehicle.mitsubishi.fusorosa,95.1155075180901,-37.735710144043,136.080383300781,-137.999710083008
208,67.7423407584429,116,vehicle.mitsubishi.fusorosa,99.862947921041,-37.7360305786133,136.080551147461,-137.990936279297
208,67.7550279609859,116,vehicle.mitsubishi.fusorosa,94.5368599559312,-37.7363700866699,136.080718994141,-137.981582641602
208,67.7678228579462,116,vehicle.mitsubishi.fusorosa,97.0919272829816,-37.7366943359375,136.08088684082,-137.972625732422
208,67.7804103605449,116,vehicle.mitsubishi.fusorosa,96.3890434354392,-37.7370185852051,136.081039428711,-137.96354675293
208,67.7939951606095,116,vehicle.mitsubishi.fusorosa,102.542780934088,-37.7373390197754,136.081207275391,-137.954818725586
209,67.8067868575454,116,vehicle.mitsubishi.fusorosa,96.7422994276866,-37.7376823425293,136.081390380859,-137.945175170898
209,67.8198018595576,116,vehicle.mitsubishi.fusorosa,95.9521216923138,-37.7380104064941,136.081573486328,-137.936172485352
209,67.8334275595844,116,vehicle.mitsubishi.fusorosa,104.293826419524,-37.7383460998535,136.081726074219,-137.926849365234
209,67.8454496599734,116,vehicle.mitsubishi.fusorosa,93.488684334065,-37.738697052002,136.081893920898,-137.917282104492
209,67.8576836585999,116,vehicle.mitsubishi.fusorosa,93.2877483845919,-37.7390060424805,136.082061767578,-137.908767700195
209,67.8697521574795,116,vehicle.mitsubishi.fusorosa,93.3189789921589,-37.739315032959,136.08219909668,-137.90007019043
209,67.882588557899,116,vehicle.mitsubishi.fusorosa,97.1887821568831,-37.7396202087402,136.082366943359,-137.891586303711
209,67.895121358335,116,vehicle.mitsubishi.fusorosa,95.8799850708823,-37.7399520874023,136.08251953125,-137.882553100586
209,67.9091269597411,116,vehicle.mitsubishi.fusorosa,104.762231554826,-37.7402687072754,136.08268737793,-137.873840332031
210,67.922221660614,116,vehicle.mitsubishi.fusorosa,96.8984714092198,-37.7406234741211,136.082870483398,-137.863922119141
210,67.9358800575137,116,vehicle.mitsubishi.fusorosa,102.023950258987,-37.7409591674805,136.083038330078,-137.854736328125
210,67.9488351605833,116,vehicle.mitsubishi.fusorosa,97.5416527899304,-37.7413024902344,136.083221435547,-137.845153808594
210,67.9611327573657,116,vehicle.mitsubishi.fusorosa,91.7399759437498,-37.7416343688965,136.083404541016,-137.836059570312
210,67.9734691604972,116,vehicle.mitsubishi.fusorosa,94.5860339416017,-37.7419509887695,136.083541870117,-137.827392578125
210,67.9861526601017,116,vehicle.mitsubishi.fusorosa,96.348678435614,-37.7422637939453,136.083709716797,-137.818664550781
210,67.9992163591087,116,vehicle.mitsubishi.fusorosa,98.8538839788675,-37.7425880432129,136.083862304688,-137.809783935547
210,68.0133984573185,116,vehicle.mitsubishi.fusorosa,106.147664102817,-37.742919921875,136.084045410156,-137.800674438477
211,68.0273501574993,116,vehicle.mitsubishi.fusorosa,105.842049079144,-37.7432861328125,136.084213256836,-137.79052734375
211,68.0402585603297,116,vehicle.mitsubishi.fusorosa,95.2070132192431,-37.7436447143555,136.084411621094,-137.780807495117
211,68.0540048591793,116,vehicle.mitsubishi.fusorosa,102.799717163919,-37.7439765930176,136.084579467773,-137.771606445312
211,68.0663861595094,116,vehicle.mitsubishi.fusorosa,92.5992744844887,-37.744327545166,136.084747314453,-137.761825561523
211,68.078484557569,116,vehicle.mitsubishi.fusorosa,93.0810848951564,-37.7446517944336,136.084915161133,-137.75309753418
211,68.0913565605879,116,vehicle.mitsubishi.fusorosa,99.7803152950706,-37.7449569702148,136.085067749023,-137.74446105957
211,68.1039023585618,116,vehicle.mitsubishi.fusorosa,96.1311024207729,-37.745288848877,136.085235595703,-137.735473632812
211,68.1155393607914,116,vehicle.mitsubishi.fusorosa,92.0643102899087,-37.7456092834473,136.085388183594,-137.726593017578
211,68.1277440600097,116,vehicle.mitsubishi.fusorosa,95.0098223440988,-37.7459106445312,136.085540771484,-137.71826171875
212,68.1400620602071,116,vehicle.mitsubishi.fusorosa,94.1878073573023,-37.7462158203125,136.085693359375,-137.709655761719
212,68.1526909582317,116,vehicle.mitsubishi.fusorosa,96.267814320893,-37.7465362548828,136.085861206055,-137.701049804688
212,68.1647312603891,116,vehicle.mitsubishi.fusorosa,92.8754534411966,-37.7468528747559,136.086013793945,-137.692184448242
212,68.1764867603779,116,vehicle.mitsubishi.fusorosa,90.7835092469969,-37.7471618652344,136.086166381836,-137.683685302734
212,68.1884766593575,116,vehicle.mitsubishi.fusorosa,89.2828039457808,-37.7474594116211,136.086318969727,-137.675338745117
212,68.200210660696,116,vehicle.mitsubishi.fusorosa,90.7245121879397,-37.7477684020996,136.086471557617,-137.666885375977
212,68.2117585577071,116,vehicle.mitsubishi.fusorosa,86.5474879286886,-37.7480697631836,136.086624145508,-137.658645629883
212,68.2239907607436,116,vehicle.mitsubishi.fusorosa,90.8893349833291,-37.748363494873,136.086776733398,-137.650466918945
213,68.2359233573079,116,vehicle.mitsubishi.fusorosa,91.7244247856847,-37.7486763000488,136.0869140625,-137.641860961914
213,68.2486822605133,116,vehicle.mitsubishi.fusorosa,96.3878231557395,-37.7489776611328,136.08708190918,-137.633499145508
213,68.2600532583892,116,vehicle.mitsubishi.fusorosa,88.8961536280949,-37.7492980957031,136.08723449707,-137.624572753906
213,68.2720207609236,116,vehicle.mitsubishi.fusorosa,92.9735057400732,-37.7495956420898,136.087387084961,-137.616561889648
213,68.2830295599997,116,vehicle.mitsubishi.fusorosa,89.320744136183,-37.7498970031738,136.087509155273,-137.608093261719
213,68.2950224578381,116,vehicle.mitsubishi.fusorosa,91.5415796558801,-37.7501754760742,136.087677001953,-137.600494384766
213,68.3069079592824,116,vehicle.mitsubishi.fusorosa,90.7806730299271,-37.7504768371582,136.087814331055,-137.591918945312
213,68.3191354610026,116,vehicle.mitsubishi.fusorosa,92.7264680608684,-37.7507820129395,136.087982177734,-137.583694458008
213,68.3308653607965,116,vehicle.mitsubishi.fusorosa,91.938641742875,-37.751091003418,136.088119506836,-137.575134277344
213,68.34465656057,116,vehicle.mitsubishi.fusorosa,103.257757892603,-37.7513885498047,136.088272094727,-137.567016601562
214,68.3571575582027,116,vehicle.mitsubishi.fusorosa,94.3006543053402,-37.7517356872559,136.088439941406,-137.557235717773
214,68.3686088584363,116,vehicle.mitsubishi.fusorosa,90.3295798017136,-37.7520599365234,136.088607788086,-137.548721313477
214,68.3803488574922,116,vehicle.mitsubishi.fusorosa,91.4039316478605,-37.7523460388184,136.088745117188,-137.540557861328
214,68.3918346576393,116,vehicle.mitsubishi.fusorosa,86.49631584017,-37.7526473999023,136.088897705078,-137.532440185547
214,68.4039549604058,116,vehicle.mitsubishi.fusorosa,90.0433567124864,-37.7529373168945,136.089050292969,-137.524490356445
214,68.4156733602285,116,vehicle.mitsubishi.fusorosa,89.6310053292178,-37.7532424926758,136.089202880859,-137.516006469727
214,68.4275184608996,116,vehicle.mitsubishi.fusorosa,92.4759402899022,-37.7535400390625,136.08935546875,-137.507919311523
214,68.4392896592617,116,vehicle.mitsubishi.fusorosa,89.9146721238632,-37.7538375854492,136.089492797852,-137.49967956543
214,68.4512997604907,116,vehicle.mitsubishi.fusorosa,88.7278656808647,-37.7541313171387,136.089660644531,-137.491470336914
215,68.4634358584881,116,vehicle.mitsubishi.fusorosa,92.4527955189013,-37.7544364929199,136.089797973633,-137.483169555664
215,68.4753873609006,116,vehicle.mitsubishi.fusorosa,92.7289429756565,-37.7547492980957,136.089950561523,-137.47477722168
215,68.4871186576784,116,vehicle.mitsubishi.fusorosa,89.1689000223466,-37.7550430297852,136.090103149414,-137.46647644043
215,68.4990939609706,116,vehicle.mitsubishi.fusorosa,93.0515169110784,-37.7553405761719,136.090255737305,-137.458374023438
215,68.5109368599951,116,vehicle.mitsubishi.fusorosa,92.2082332992004,-37.7556457519531,136.090393066406,-137.449981689453
215,68.5221623592079,116,vehicle.mitsubishi.fusorosa,86.4260710018723,-37.7559432983398,136.090545654297,-137.441787719727
215,68.5341753587127,116,vehicle.mitsubishi.fusorosa,91.2797053226611,-37.7562255859375,136.090682983398,-137.43408203125
215,68.5455689579248,116,vehicle.mitsubishi.fusorosa,87.8423245157877,-37.7565269470215,136.090835571289,-137.425689697266
215,68.5578564591706,116,vehicle.mitsubishi.fusorosa,95.0305743503454,-37.7568168640137,136.09098815918,-137.41780090332
216,68.5702007599175,116,vehicle.mitsubishi.fusorosa,95.4152735895882,-37.7571296691895,136.091125488281,-137.409225463867
216,68.58281615749,116,vehicle.mitsubishi.fusorosa,94.8772951194228,-37.7574348449707,136.091293334961,-137.400802612305
216,68.5945933572948,116,vehicle.mitsubishi.fusorosa,89.8050771435217,-37.7577514648438,136.091430664062,-137.392150878906
216,68.606469258666,116,vehicle.mitsubishi.fusorosa,89.8749045779507,-37.7580490112305,136.091598510742,-137.383941650391
216,68.6185525581241,116,vehicle.mitsubishi.fusorosa,91.4277322850812,-37.7583465576172,136.091751098633,-137.375686645508
216,68.6303110606968,116,vehicle.mitsubishi.fusorosa,86.7920014707423,-37.7586555480957,136.091888427734,-137.367370605469
216,68.6415267586708,116,vehicle.mitsubishi.fusorosa,86.7255258764539,-37.7589530944824,136.092025756836,-137.359222412109
216,68.6528070606291,116,vehicle.mitsubishi.fusorosa,86.3149687145951,-37.7592315673828,136.092163085938,-137.351455688477
216,68.6650633588433,116,vehicle.mitsubishi.fusorosa,93.0102085858434,-37.7595138549805,136.092300415039,-137.343780517578
217,68.6775686591864,116,vehicle.mitsubishi.fusorosa,94.4001882009921,-37.7598190307617,136.09245300293,-137.335342407227
217,68.6894650608301,116,vehicle.mitsubishi.fusorosa,90.0454131148796,-37.7601356506348,136.092620849609,-137.326736450195
217,68.7014167606831,116,vehicle.mitsubishi.fusorosa,88.447133209729,-37.7604331970215,136.0927734375,-137.318588256836
217,68.7136141583323,116,vehicle.mitsubishi.fusorosa,92.0848898019079,-37.7607307434082,136.092910766602,-137.310348510742
217,68.7246955595911,116,vehicle.mitsubishi.fusorosa,86.3388091587106,-37.7610397338867,136.093063354492,-137.30192565918
217,68.736601959914,116,vehicle.mitsubishi.fusorosa,90.0011711236129,-37.7613182067871,136.093215942383,-137.294281005859
217,68.7479003593326,116,vehicle.mitsubishi.fusorosa,86.8235611103982,-37.7616195678711,136.093353271484,-137.285949707031
217,68.7599990591407,116,vehicle.mitsubishi.fusorosa,93.3026514386634,-37.761905670166,136.093490600586,-137.278182983398
217,68.7714182585478,116,vehicle.mitsubishi.fusorosa,87.578606081318,-37.76220703125,136.093643188477,-137.269790649414
217,68.7846591584384,116,vehicle.mitsubishi.fusorosa,101.029928073554,-37.7625007629395,136.093780517578,-137.261947631836
218,68.7972574606538,116,vehicle.mitsubishi.fusorosa,94.5976843704987,-37.7628288269043,136.093948364258,-137.252731323242
218,68.8098409585655,116,vehicle.mitsubishi.fusorosa,93.9837329773572,-37.7631454467773,136.094100952148,-137.244125366211
218,68.8216902576387,116,vehicle.mitsubishi.fusorosa,88.0409325600839,-37.7634620666504,136.094268798828,-137.235534667969
218,68.8324211575091,116,vehicle.mitsubishi.fusorosa,85.593798472888,-37.7637596130371,136.09440612793,-137.227310180664
218,68.8433012589812,116,vehicle.mitsubishi.fusorosa,85.7216970250885,-37.7640342712402,136.094543457031,-137.219757080078
218,68.8545691594481,116,vehicle.mitsubishi.fusorosa,84.2778572224888,-37.7643051147461,136.094680786133,-137.212295532227
218,68.8656351603568,116,vehicle.mitsubishi.fusorosa,85.311483875055,-37.7645874023438,136.094818115234,-137.204513549805
218,68.8776037581265,116,vehicle.mitsubishi.fusorosa,91.0141606221129,-37.7648658752441,136.094955444336,-137.196929931641
218,68.8903871588409,116,vehicle.mitsubishi.fusorosa,96.0343046442226,-37.7651634216309,136.095092773438,-137.188705444336
219,68.9040263593197,116,vehicle.mitsubishi.fusorosa,101.489657135888,-37.7654838562012,136.095245361328,-137.179977416992
219,68.9162550605834,116,vehicle.mitsubishi.fusorosa,89.4040083459306,-37.7658309936523,136.095443725586,-137.17057800293
219,68.9290644600987,116,vehicle.mitsubishi.fusorosa,95.3596287089576,-37.7661399841309,136.095581054688,-137.162094116211
219,68.9407644607127,116,vehicle.mitsubishi.fusorosa,91.1031915212399,-37.7664642333984,136.095718383789,-137.153213500977
219,68.952586658299,116,vehicle.mitsubishi.fusorosa,89.4966107166126,-37.7667541503906,136.09587097168,-137.145248413086
219,68.964091360569,116,vehicle.mitsubishi.fusorosa,88.1178313115835,-37.7670478820801,136.09602355957,-137.137161254883
219,68.9759183600545,116,vehicle.mitsubishi.fusorosa,89.4835634472162,-37.767333984375,136.096176147461,-137.129257202148
219,68.9866146594286,116,vehicle.mitsubishi.fusorosa,85.100969973839,-37.7676315307617,136.096313476562,-137.121154785156
219,68.9983074590564,116,vehicle.mitsubishi.fusorosa,88.65101544213,-37.7679023742676,136.096450805664,-137.113830566406
220,69.0102947577834,116,vehicle.mitsubishi.fusorosa,92.3019166888148,-37.7681884765625,136.096572875977,-137.105773925781
220,69.022439558059,116,vehicle.mitsubishi.fusorosa,91.2449468567516,-37.7684860229492,136.096740722656,-137.097702026367
220,69.0348076596856,116,vehicle.mitsubishi.fusorosa,93.4942919629082,-37.7687873840332,136.096893310547,-137.089462280273
220,69.0467440597713,116,vehicle.mitsubishi.fusorosa,92.4102112313941,-37.7690963745117,136.097030639648,-137.08088684082
220,69.0580869577825,116,vehicle.mitsubishi.fusorosa,86.1368085112633,-37.7693901062012,136.097183227539,-137.072769165039
220,69.0697547607124,116,vehicle.mitsubishi.fusorosa,89.3884703049226,-37.7696762084961,136.097320556641,-137.065093994141
220,69.0817454606295,116,vehicle.mitsubishi.fusorosa,91.2861236627837,-37.7699584960938,136.097457885742,-137.057113647461
220,69.0938828587532,116,vehicle.mitsubishi.fusorosa,89.9024558323988,-37.7702560424805,136.097610473633,-137.049057006836
220,69.1065920591354,116,vehicle.mitsubishi.fusorosa,95.6661766358918,-37.7705612182617,136.097747802734,-137.04069519043
221,69.1193291582167,116,vehicle.mitsubishi.fusorosa,95.6178208829531,-37.7708740234375,136.097915649414,-137.032073974609
221,69.1318485587835,116,vehicle.mitsubishi.fusorosa,93.6906240695679,-37.7711944580078,136.098068237305,-137.023345947266
221,69.1441257596016,116,vehicle.mitsubishi.fusorosa,92.3410183251678,-37.7715072631836,136.098236083984,-137.014755249023
221,69.1566469594836,116,vehicle.mitsubishi.fusorosa,95.8824401654679,-37.7718162536621,136.098373413086,-137.006240844727
221,69.168442260474,116,vehicle.mitsubishi.fusorosa,89.511613871483,-37.7721290588379,136.098526000977,-136.997680664062
221,69.180491860956,116,vehicle.mitsubishi.fusorosa,91.9622648963637,-37.7724266052246,136.098663330078,-136.989715576172
221,69.1923660598695,116,vehicle.mitsubishi.fusorosa,91.2824552864238,-37.7727203369141,136.098815917969,-136.981460571289
221,69.2038940601051,116,vehicle.mitsubishi.fusorosa,88.1104429579991,-37.7730140686035,136.098968505859,-136.973403930664
221,69.2165979593992,116,vehicle.mitsubishi.fusorosa,95.0948740948924,-37.7732963562012,136.099105834961,-136.965637207031
222,69.2291374579072,116,vehicle.mitsubishi.fusorosa,94.6444046477237,-37.7736129760742,136.099258422852,-136.956848144531
222,69.2419821582735,116,vehicle.mitsubishi.fusorosa,96.0369752395338,-37.77392578125,136.099426269531,-136.948364257812
222,69.254319857806,116,vehicle.mitsubishi.fusorosa,92.849213241782,-37.7742500305176,136.099578857422,-136.939498901367
222,69.2666818574071,116,vehicle.mitsubishi.fusorosa,90.9025597293342,-37.7745590209961,136.099731445312,-136.931121826172
222,69.2776944600046,116,vehicle.mitsubishi.fusorosa,86.9017063125116,-37.7748680114746,136.099868774414,-136.922668457031
222,69.2889741584659,116,vehicle.mitsubishi.fusorosa,86.4896673186531,-37.775146484375,136.100021362305,-136.915069580078
222,69.3007561601698,116,vehicle.mitsubishi.fusorosa,90.250120949171,-37.7754249572754,136.100143432617,-136.907287597656
222,69.3128838576376,116,vehicle.mitsubishi.fusorosa,91.4289856737104,-37.7757186889648,136.100296020508,-136.899230957031
222,69.3243419602513,116,vehicle.mitsubishi.fusorosa,85.3795722625951,-37.7760238647461,136.100448608398,-136.890899658203
222,69.3367704600096,116,vehicle.mitsubishi.fusorosa,93.4381277562847,-37.776309967041,136.1005859375,-136.883026123047
223,69.349473759532,116,vehicle.mitsubishi.fusorosa,95.9147619175726,-37.7766227722168,136.100723266602,-136.874435424805
223,69.3619229607284,116,vehicle.mitsubishi.fusorosa,93.477032403821,-37.7769432067871,136.100891113281,-136.865783691406
223,69.3733761608601,116,vehicle.mitsubishi.fusorosa,87.6395603510098,-37.7772521972656,136.101043701172,-136.857177734375
223,69.3849702589214,116,vehicle.mitsubishi.fusorosa,88.708259591252,-37.7775421142578,136.101181030273,-136.849365234375
223,69.3969326578081,116,vehicle.mitsubishi.fusorosa,89.9928625944625,-37.7778282165527,136.101318359375,-136.84130859375
223,69.4085960574448,116,vehicle.mitsubishi.fusorosa,89.8671930059222,-37.7781295776367,136.101440429688,-136.833221435547
223,69.4204626604915,116,vehicle.mitsubishi.fusorosa,90.7093391305628,-37.7784156799316,136.101593017578,-136.825271606445
223,69.4324546605349,116,vehicle.mitsubishi.fusorosa,91.8272442647973,-37.7787094116211,136.10173034668,-136.817169189453
223,69.4452876597643,116,vehicle.mitsubishi.fusorosa,97.0419381043348,-37.7790069580078,136.10188293457,-136.809097290039
224,69.4569616578519,116,vehicle.mitsubishi.fusorosa,88.150238554084,-37.7793235778809,136.10205078125,-136.800369262695
224,69.468771558255,116,vehicle.mitsubishi.fusorosa,90.0313918247991,-37.7796211242676,136.102188110352,-136.792404174805
224,69.480849057436,116,vehicle.mitsubishi.fusorosa,92.3380203761284,-37.779914855957,136.102325439453,-136.784332275391
224,69.4928268603981,116,vehicle.mitsubishi.fusorosa,91.5843630070105,-37.7802124023438,136.102462768555,-136.776123046875
224,69.5047981590033,116,vehicle.mitsubishi.fusorosa,91.4054044348676,-37.7805099487305,136.102615356445,-136.767990112305
224,69.5165530592203,116,vehicle.mitsubishi.fusorosa,89.5973716213424,-37.7808074951172,136.102767944336,-136.759918212891
224,69.5286781601608,116,vehicle.mitsubishi.fusorosa,91.3421820793308,-37.7811012268066,136.102890014648,-136.751937866211
224,69.5403382591903,116,vehicle.mitsubishi.fusorosa,89.7007407020302,-37.7814025878906,136.103042602539,-136.743576049805
224,69.553458057344,116,vehicle.mitsubishi.fusorosa,99.1430702327617,-37.7816925048828,136.103179931641,-136.735702514648
225,69.5664424598217,116,vehicle.mitsubishi.fusorosa,97.1331772027408,-37.7820167541504,136.10334777832,-136.726684570312
225,69.578379958868,116,vehicle.mitsubishi.fusorosa,89.8989852005778,-37.7823448181152,136.103515625,-136.717849731445
225,69.5903003588319,116,vehicle.mitsubishi.fusorosa,90.2407683947006,-37.782642364502,136.103652954102,-136.709732055664
225,69.602181058377,116,vehicle.mitsubishi.fusorosa,91.4030274681119,-37.7829322814941,136.103790283203,-136.701644897461
225,69.6137357577682,116,vehicle.mitsubishi.fusorosa,88.2011840262341,-37.7832298278809,136.103927612305,-136.693572998047
225,69.6254658587277,116,vehicle.mitsubishi.fusorosa,88.4929939726038,-37.7835235595703,136.104080200195,-136.685729980469
225,69.6371137574315,116,vehicle.mitsubishi.fusorosa,87.9904996404143,-37.7838134765625,136.104217529297,-136.677703857422
225,69.6484674587846,116,vehicle.mitsubishi.fusorosa,87.8703949434355,-37.784107208252,136.104354858398,-136.669723510742
225,69.6610769592226,116,vehicle.mitsubishi.fusorosa,95.0757693936653,-37.7843894958496,136.1044921875,-136.662017822266
226,69.67304725945,116,vehicle.mitsubishi.fusorosa,91.6824463295711,-37.7847023010254,136.104629516602,-136.653274536133
226,69.6947436593473,116,vehicle.mitsubishi.fusorosa,107.14936425303,-37.7850036621094,136.104797363281,-136.645278930664
226,69.7063267603517,116,vehicle.mitsubishi.fusorosa,87.1430620299463,-37.7855453491211,136.105041503906,-136.630187988281
226,69.7177719585598,116,vehicle.mitsubishi.fusorosa,85.8077013762328,-37.7858428955078,136.105209350586,-136.62239074707
226,69.7298633605242,116,vehicle.mitsubishi.fusorosa,92.4832021400017,-37.7861251831055,136.105316162109,-136.614547729492
226,69.7413418591022,116,vehicle.mitsubishi.fusorosa,87.0270727055782,-37.7864265441895,136.10546875,-136.606201171875
226,69.7529355585575,116,vehicle.mitsubishi.fusorosa,89.1731641048738,-37.7867164611816,136.105606079102,-136.598403930664
226,69.766515057534,116,vehicle.mitsubishi.fusorosa,102.478103529308,-37.7870025634766,136.105743408203,-136.590545654297
227,69.7784401588142,116,vehicle.mitsubishi.fusorosa,90.3185549130839,-37.7873458862305,136.105911254883,-136.581176757812
227,69.7905664592981,116,vehicle.mitsubishi.fusorosa,92.9637901680663,-37.7876510620117,136.106063842773,-136.57307434082
227,69.8016591593623,116,vehicle.mitsubishi.fusorosa,85.2577180645667,-37.7879486083984,136.106201171875,-136.564727783203
227,69.8127978593111,116,vehicle.mitsubishi.fusorosa,86.3798782333722,-37.7882308959961,136.106338500977,-136.557159423828
227,69.8243687599897,116,vehicle.mitsubishi.fusorosa,88.5781636658549,-37.7885055541992,136.106475830078,-136.549468994141
227,69.8363770581782,116,vehicle.mitsubishi.fusorosa,90.1806411407379,-37.7887954711914,136.10661315918,-136.541534423828
227,69.8472096584737,116,vehicle.mitsubishi.fusorosa,86.1722834475207,-37.7890968322754,136.106750488281,-136.533340454102
227,69.8587710596621,116,vehicle.mitsubishi.fusorosa,87.4516255103656,-37.7893714904785,136.106887817383,-136.52587890625
227,69.8705513589084,116,vehicle.mitsubishi.fusorosa,88.8743279534497,-37.7896575927734,136.107025146484,-136.517913818359
227,69.8833018578589,116,vehicle.mitsubishi.fusorosa,96.6182911429658,-37.7899551391602,136.107162475586,-136.50993347168
228,69.895039960742,116,vehicle.mitsubishi.fusorosa,89.8652585930671,-37.7902717590332,136.107315063477,-136.501220703125
228,69.9069056585431,116,vehicle.mitsubishi.fusorosa,88.2119647424276,-37.7905616760254,136.107467651367,-136.493209838867
228,69.9187243580818,116,vehicle.mitsubishi.fusorosa,90.6917290850845,-37.7908592224121,136.10758972168,-136.485061645508
228,69.9309206604958,116,vehicle.mitsubishi.fusorosa,91.8715653913459,-37.7911529541016,136.10774230957,-136.477081298828
228,69.9428069591522,116,vehicle.mitsubishi.fusorosa,88.7613208144819,-37.7914581298828,136.107894897461,-136.468780517578
228,69.9544309601188,116,vehicle.mitsubishi.fusorosa,88.284728872479,-37.7917556762695,136.108016967773,-136.460784912109
228,69.9662297591567,116,vehicle.mitsubishi.fusorosa,89.3883868749548,-37.7920455932617,136.108169555664,-136.452835083008
228,69.9779501594603,116,vehicle.mitsubishi.fusorosa,88.0550205316526,-37.7923355102539,136.108306884766,-136.444885253906
228,69.9902680590749,116,vehicle.mitsubishi.fusorosa,93.6940631741107,-37.7926292419434,136.108444213867,-136.436889648438
229,70.0030014589429,116,vehicle.mitsubishi.fusorosa,94.3073753871122,-37.7929344177246,136.108596801758,-136.428451538086
229,70.0152370594442,116,vehicle.mitsubishi.fusorosa,91.7659012624259,-37.7932548522949,136.108749389648,-136.419845581055
229,70.0280450582504,116,vehicle.mitsubishi.fusorosa,94.6795446351348,-37.7935600280762,136.10888671875,-136.411499023438
229,70.0393763594329,116,vehicle.mitsubishi.fusorosa,86.6904674384339,-37.7938842773438,136.10905456543,-136.402725219727
229,70.0514469593763,116,vehicle.mitsubishi.fusorosa,91.674605063258,-37.7941703796387,136.109176635742,-136.394943237305
229,70.0631691589952,116,vehicle.mitsubishi.fusorosa,89.5964493716099,-37.7944717407227,136.109329223633,-136.386642456055
229,70.0750279575586,116,vehicle.mitsubishi.fusorosa,89.1091807659514,-37.7947654724121,136.109466552734,-136.378768920898
229,70.0859187580645,116,vehicle.mitsubishi.fusorosa,84.7456841119818,-37.7950592041016,136.109603881836,-136.370651245117
229,70.0986315608025,116,vehicle.mitsubishi.fusorosa,94.7073735563569,-37.7953300476074,136.109741210938,-136.363250732422
230,70.1104201599956,116,vehicle.mitsubishi.fusorosa,90.691867574742,-37.7956504821777,136.109878540039,-136.354415893555
230,70.1228725574911,116,vehicle.mitsubishi.fusorosa,93.931014688703,-37.7959480285645,136.11003112793,-136.346557617188
230,70.1350542604923,116,vehicle.mitsubishi.fusorosa,92.0582259844222,-37.7962532043457,136.110168457031,-136.338043212891
230,70.1467360593379,116,vehicle.mitsubishi.fusorosa,89.4965678586852,-37.796558380127,136.110321044922,-136.329788208008
230,70.1579190604389,116,vehicle.mitsubishi.fusorosa,86.5365703956408,-37.7968521118164,136.110458374023,-136.321838378906
230,70.1698192581534,116,vehicle.mitsubishi.fusorosa,88.0424173369614,-37.7971305847168,136.110595703125,-136.314147949219
230,70.1810306608677,116,vehicle.mitsubishi.fusorosa,84.9832572515328,-37.7974243164062,136.110733032227,-136.306045532227
230,70.1925016604364,116,vehicle.mitsubishi.fusorosa,86.9639407930594,-37.7977104187012,136.110870361328,-136.298324584961
230,70.2037724591792,116,vehicle.mitsubishi.fusorosa,86.6057218516971,-37.7980003356934,136.11100769043,-136.290542602539
230,70.2161051593721,116,vehicle.mitsubishi.fusorosa,91.695074455071,-37.7982788085938,136.111145019531,-136.282836914062
231,70.228344257921,116,vehicle.mitsubishi.fusorosa,91.1355666439737,-37.798583984375,136.111282348633,-136.274444580078
231,70.2410026602447,116,vehicle.mitsubishi.fusorosa,95.5141656557807,-37.7988929748535,136.111419677734,-136.266235351562
231,70.2529361583292,116,vehicle.mitsubishi.fusorosa,88.8131227980608,-37.7992057800293,136.111572265625,-136.257568359375
231,70.2642151601613,116,vehicle.mitsubishi.fusorosa,84.9098493625083,-37.799503326416,136.111724853516,-136.249450683594
231,70.2756875604391,116,vehicle.mitsubishi.fusorosa,87.3881988138204,-37.7997856140137,136.111846923828,-136.241744995117
231,70.2871942594647,116,vehicle.mitsubishi.fusorosa,88.7142062703885,-37.8000755310059,136.11198425293,-136.23388671875
231,70.2990624606609,116,vehicle.mitsubishi.fusorosa,89.4895018279525,-37.8003616333008,136.112121582031,-136.226089477539
231,70.3100307583809,116,vehicle.mitsubishi.fusorosa,85.8070482239958,-37.8006591796875,136.112258911133,-136.217971801758
231,70.3221020586789,116,vehicle.mitsubishi.fusorosa,90.9905637250641,-37.8009300231934,136.112396240234,-136.210556030273
232,70.334624260664,116,vehicle.mitsubishi.fusorosa,95.8346967572712,-37.8012351989746,136.112533569336,-136.202072143555
232,70.347452159971,116,vehicle.mitsubishi.fusorosa,95.6454214011275,-37.8015480041504,136.112686157227,-136.193588256836
232,70.3600315600634,116,vehicle.mitsubishi.fusorosa,92.1338553015558,-37.8018646240234,136.112838745117,-136.184860229492
232,70.3719159588218,116,vehicle.mitsubishi.fusorosa,89.5265041195398,-37.8021812438965,136.112991333008,-136.176254272461
232,70.3847400583327,116,vehicle.mitsubishi.fusorosa,97.4995375055622,-37.8024787902832,136.113128662109,-136.168029785156
232,70.3964023590088,116,vehicle.mitsubishi.fusorosa,86.7988690564396,-37.8027992248535,136.11328125,-136.159301757812
232,70.408197760582,116,vehicle.mitsubishi.fusorosa,87.1053166727319,-37.803092956543,136.113418579102,-136.151336669922
232,70.4194429591298,116,vehicle.mitsubishi.fusorosa,86.3583557578944,-37.8033905029297,136.113555908203,-136.143157958984
232,70.4332879595459,116,vehicle.mitsubishi.fusorosa,103.182696403933,-37.8036727905273,136.113677978516,-136.135559082031
233,70.4453714601696,116,vehicle.mitsubishi.fusorosa,91.0690607225407,-37.8040161132812,136.113845825195,-136.125991821289
233,70.4582522585988,116,vehicle.mitsubishi.fusorosa,96.3996797294762,-37.8043212890625,136.114013671875,-136.11784362793
233,70.4710812605917,116,vehicle.mitsubishi.fusorosa,96.7945981581729,-37.8045959472656,136.114242553711,-136.109085083008
233,70.4836163595319,116,vehicle.mitsubishi.fusorosa,95.7022654518126,-37.8049125671387,136.114395141602,-136.1005859375
233,70.4950869604945,116,vehicle.mitsubishi.fusorosa,86.0783398960683,-37.8052177429199,136.114562988281,-136.092193603516
233,70.5061166584492,116,vehicle.mitsubishi.fusorosa,85.639648695341,-37.8055038452148,136.114685058594,-136.084487915039
233,70.5183429606259,116,vehicle.mitsubishi.fusorosa,91.0954170292831,-37.8057670593262,136.114822387695,-136.077087402344
233,70.5307749584317,116,vehicle.mitsubishi.fusorosa,95.9848816560612,-37.8060684204102,136.114944458008,-136.068801879883
233,70.5435548573732,116,vehicle.mitsubishi.fusorosa,95.9152910162148,-37.8063735961914,136.115097045898,-136.060501098633
234,70.5559632591903,116,vehicle.mitsubishi.fusorosa,95.4069611971789,-37.8066864013672,136.115249633789,-136.051864624023
234,70.5674974583089,116,vehicle.mitsubishi.fusorosa,86.1907716024482,-37.8069877624512,136.11540222168,-136.04362487793
234,70.580069757998,116,vehicle.mitsubishi.fusorosa,94.8457462724436,-37.8072738647461,136.115539550781,-136.035797119141
234,70.5921221598983,116,vehicle.mitsubishi.fusorosa,93.6637557098868,-37.8075790405273,136.115676879883,-136.02734375
234,70.6036687605083,116,vehicle.mitsubishi.fusorosa,85.9370233452026,-37.8078765869141,136.115829467773,-136.01936340332
234,70.6157238595188,116,vehicle.mitsubishi.fusorosa,93.5493756929589,-37.8081588745117,136.115951538086,-136.011474609375
234,70.627625759691,116,vehicle.mitsubishi.fusorosa,88.6042932759069,-37.8084526062012,136.116104125977,-136.003402709961
234,70.6397614590824,116,vehicle.mitsubishi.fusorosa,91.9736518068353,-37.8087501525879,136.116226196289,-135.995376586914
234,70.6520693600178,116,vehicle.mitsubishi.fusorosa,93.0850053366205,-37.8090438842773,136.11637878418,-135.987228393555
235,70.6644629575312,116,vehicle.mitsubishi.fusorosa,91.1681732741179,-37.8093414306641,136.116516113281,-135.979080200195
235,70.6785780601203,116,vehicle.mitsubishi.fusorosa,102.943292683153,-37.8096466064453,136.116668701172,-135.970748901367
235,70.690224558115,116,vehicle.mitsubishi.fusorosa,90.3062486423975,-37.8099975585938,136.116821289062,-135.961212158203
235,70.7016816586256,116,vehicle.mitsubishi.fusorosa,85.1392582705456,-37.8102874755859,136.116973876953,-135.953430175781
235,70.7131718583405,116,vehicle.mitsubishi.fusorosa,88.5696272673909,-37.8105659484863,136.117080688477,-135.945617675781
235,70.7248764596879,116,vehicle.mitsubishi.fusorosa,89.498292651836,-37.810848236084,136.117218017578,-135.937896728516
235,70.7369219586253,116,vehicle.mitsubishi.fusorosa,91.6338832369427,-37.8111343383789,136.11735534668,-135.930160522461
235,70.7489223591983,116,vehicle.mitsubishi.fusorosa,91.6086598470999,-37.8114280700684,136.117492675781,-135.922149658203
235,70.762106757611,116,vehicle.mitsubishi.fusorosa,98.9197061768771,-37.8117179870605,136.117630004883,-135.914138793945
236,70.7743910588324,116,vehicle.mitsubishi.fusorosa,94.3348262548396,-37.8120422363281,136.117782592773,-135.905319213867
236,70.7863253578544,116,vehicle.mitsubishi.fusorosa,88.3477692377573,-37.8123474121094,136.117950439453,-135.897201538086
236,70.7981386594474,116,vehicle.mitsubishi.fusorosa,90.1944014590277,-37.8126373291016,136.118072509766,-135.889038085938
236,70.8096206597984,116,vehicle.mitsubishi.fusorosa,88.2097732905604,-37.8129272460938,136.118194580078,-135.881195068359
236,70.8217404596508,116,vehicle.mitsubishi.fusorosa,91.7223325316477,-37.8132057189941,136.118347167969,-135.873504638672
236,70.8332943581045,116,vehicle.mitsubishi.fusorosa,88.3051074646388,-37.8135032653809,136.11848449707,-135.86540222168
236,70.8449011594057,116,vehicle.mitsubishi.fusorosa,88.2953321169334,-37.8137893676758,136.118621826172,-135.857803344727
236,70.8570442609489,116,vehicle.mitsubishi.fusorosa,91.9494113833529,-37.8140716552734,136.118743896484,-135.849975585938
236,70.8700770586729,116,vehicle.mitsubishi.fusorosa,97.8083369716232,-37.8143653869629,136.118881225586,-135.841903686523
237,70.8833558596671,116,vehicle.mitsubishi.fusorosa,99.1550895685316,-37.8146858215332,136.119033813477,-135.833267211914
237,70.8960300609469,116,vehicle.mitsubishi.fusorosa,94.7654236736529,-37.8150100708008,136.119201660156,-135.824417114258
237,70.9077329598367,116,vehicle.mitsubishi.fusorosa,90.7035841514852,-37.8153228759766,136.119338989258,-135.815948486328
237,70.9199341572821,116,vehicle.mitsubishi.fusorosa,90.2476180717455,-37.8156089782715,136.119476318359,-135.808151245117
237,70.9323201589286,116,vehicle.mitsubishi.fusorosa,95.8314618477786,-37.8159103393555,136.119613647461,-135.799896240234
237,70.9436780586839,116,vehicle.mitsubishi.fusorosa,85.7819954663392,-37.8162155151367,136.119766235352,-135.791687011719
237,70.9550564587116,116,vehicle.mitsubishi.fusorosa,84.4300062582075,-37.8164939880371,136.119903564453,-135.783996582031
237,70.9668430574238,116,vehicle.mitsubishi.fusorosa,87.7730782651602,-37.8167762756348,136.120025634766,-135.776306152344
237,70.9790921583772,116,vehicle.mitsubishi.fusorosa,92.8160366927557,-37.817066192627,136.120147705078,-135.768371582031
238,70.9908449575305,116,vehicle.mitsubishi.fusorosa,86.9333002053327,-37.8173675537109,136.120315551758,-135.760192871094
238,71.0032183602452,116,vehicle.mitsubishi.fusorosa,93.2188211341652,-37.8176612854004,136.12043762207,-135.752319335938
238,71.0150149576366,116,vehicle.mitsubishi.fusorosa,89.8178636850738,-37.8179626464844,136.120574951172,-135.743957519531
238,71.0262367576361,116,vehicle.mitsubishi.fusorosa,86.1646617004934,-37.8182487487793,136.120712280273,-135.736282348633
238,71.0377305597067,116,vehicle.mitsubishi.fusorosa,87.8483527764154,-37.8185234069824,136.120834350586,-135.728744506836
238,71.0492072589695,116,vehicle.mitsubishi.fusorosa,88.1230044533159,-37.8188056945801,136.120956420898,-135.721069335938
238,71.0605354607105,116,vehicle.mitsubishi.fusorosa,88.7504222505309,-37.8190841674805,136.12109375,-135.713439941406
238,71.072675857693,116,vehicle.mitsubishi.fusorosa,89.8183679266282,-37.8193626403809,136.121231079102,-135.706008911133
238,71.0838204585016,116,vehicle.mitsubishi.fusorosa,86.0942679987085,-37.8196601867676,136.121368408203,-135.697814941406
238,71.0960654579103,116,vehicle.mitsubishi.fusorosa,92.5939760270286,-37.8199348449707,136.121505737305,-135.690475463867
239,71.1076149605215,116,vehicle.mitsubishi.fusorosa,87.8846570981186,-37.8202323913574,136.121643066406,-135.682174682617
239,71.1195509582758,116,vehicle.mitsubishi.fusorosa,90.2387942257801,-37.8205184936523,136.121765136719,-135.674621582031
239,71.1310291588306,116,vehicle.mitsubishi.fusorosa,90.0839841611547,-37.8208045959473,136.121887207031,-135.666641235352
239,71.142913158983,116,vehicle.mitsubishi.fusorosa,90.207731852165,-37.8210830688477,136.122039794922,-135.659088134766
239,71.1546160578728,116,vehicle.mitsubishi.fusorosa,89.0167037868472,-37.8213729858398,136.122161865234,-135.651214599609
239,71.1660171598196,116,vehicle.mitsubishi.fusorosa,86.968477014282,-37.8216590881348,136.122299194336,-135.643478393555
239,71.1778955608606,116,vehicle.mitsubishi.fusorosa,87.3706033237875,-37.8219337463379,136.122436523438,-135.63591003418
239,71.1890367604792,116,vehicle.mitsubishi.fusorosa,85.12606575124,-37.8222236633301,136.12255859375,-135.627975463867
239,71.2010861597955,116,vehicle.mitsubishi.fusorosa,93.303681858431,-37.8224983215332,136.122680664062,-135.620635986328
240,71.2131666578352,116,vehicle.mitsubishi.fusorosa,91.6427070829082,-37.8227920532227,136.122833251953,-135.612640380859
240,71.224819060415,116,vehicle.mitsubishi.fusorosa,88.0111729454149,-37.8230857849121,136.122970581055,-135.604705810547
240,71.2360508590937,116,vehicle.mitsubishi.fusorosa,85.638819889288,-37.8233680725098,136.123107910156,-135.59700012207
240,71.2483601607382,116,vehicle.mitsubishi.fusorosa,90.9976322498063,-37.8236427307129,136.123229980469,-135.589584350586
240,71.2594218589365,116,vehicle.mitsubishi.fusorosa,85.447982202679,-37.8239479064941,136.123352050781,-135.581268310547
240,71.2707460597157,116,vehicle.mitsubishi.fusorosa,88.0933802008226,-37.82421875,136.123489379883,-135.574035644531
240,71.2825590595603,116,vehicle.mitsubishi.fusorosa,90.1492876311307,-37.8244934082031,136.123611450195,-135.56640625
240,71.2944744601846,116,vehicle.mitsubishi.fusorosa,90.1434500967386,-37.824779510498,136.123764038086,-135.558670043945
240,71.3066360577941,116,vehicle.mitsubishi.fusorosa,91.9101259732582,-37.8250732421875,136.123886108398,-135.550827026367
241,71.3187432587147,116,vehicle.mitsubishi.fusorosa,92.4325091932802,-37.825366973877,136.1240234375,-135.542770385742
241,71.3308181576431,116,vehicle.mitsubishi.fusorosa,91.9176603652697,-37.8256645202637,136.124160766602,-135.534683227539
241,71.3426079601049,116,vehicle.mitsubishi.fusorosa,90.086216952315,-37.8259696960449,136.124298095703,-135.526657104492
241,71.3539072573185,116,vehicle.mitsubishi.fusorosa,87.3182147924328,-37.8262634277344,136.124435424805,-135.518753051758
241,71.3663177601993,116,vehicle.mitsubishi.fusorosa,94.3155708759687,-37.826545715332,136.124572753906,-135.511184692383
241,71.378315359354,116,vehicle.mitsubishi.fusorosa,92.4062547449318,-37.8268585205078,136.124710083008,-135.502792358398
241,71.3897618576884,116,vehicle.mitsubishi.fusorosa,88.1978224741127,-37.8271636962891,136.124847412109,-135.49479675293
241,71.4022320583463,116,vehicle.mitsubishi.fusorosa,96.867517296264,-37.8274459838867,136.124984741211,-135.487075805664
241,71.4138893596828,116,vehicle.mitsubishi.fusorosa,89.7861782676254,-37.8277587890625,136.125122070312,-135.47868347168
241,71.4266510605812,116,vehicle.mitsubishi.fusorosa,97.0238025534541,-37.8280563354492,136.125274658203,-135.470916748047
242,71.444157358259,116,vehicle.mitsubishi.fusorosa,129.168500203243,-37.8283767700195,136.125411987305,-135.462219238281
242,71.4564361609519,116,vehicle.mitsubishi.fusorosa,91.6000697182074,-37.8288230895996,136.125610351562,-135.450164794922
242,71.4681217595935,116,vehicle.mitsubishi.fusorosa,85.972964581584,-37.8291358947754,136.125793457031,-135.442199707031
242,71.479028660804,116,vehicle.mitsubishi.fusorosa,86.8709031065235,-37.829418182373,136.125900268555,-135.434371948242
242,71.490947060287,116,vehicle.mitsubishi.fusorosa,87.8870038520168,-37.8296852111816,136.126037597656,-135.426956176758
242,71.5020430609584,116,vehicle.mitsubishi.fusorosa,86.5439605745306,-37.8299827575684,136.12614440918,-135.418930053711
242,71.5135657601058,116,vehicle.mitsubishi.fusorosa,84.9424038698125,-37.8302536010742,136.12629699707,-135.411575317383
242,71.5263571590185,116,vehicle.mitsubishi.fusorosa,96.6259556329261,-37.8305397033691,136.126419067383,-135.403854370117
243,71.5397138595581,116,vehicle.mitsubishi.fusorosa,99.4499157093664,-37.8308525085449,136.126571655273,-135.395263671875
243,71.552806660533,116,vehicle.mitsubishi.fusorosa,97.0664085672175,-37.8311805725098,136.126724243164,-135.386306762695
243,71.5648562572896,116,vehicle.mitsubishi.fusorosa,90.1101894090269,-37.8315048217773,136.126876831055,-135.37744140625
243,71.5769180580974,116,vehicle.mitsubishi.fusorosa,90.8436990833792,-37.8318023681641,136.127014160156,-135.369338989258
243,71.5889888592064,116,vehicle.mitsubishi.fusorosa,91.4570406342537,-37.8320999145508,136.127151489258,-135.361312866211
243,71.6008303575218,116,vehicle.mitsubishi.fusorosa,90.2317780314537,-37.8323936462402,136.12727355957,-135.353271484375
243,71.612515758723,116,vehicle.mitsubishi.fusorosa,88.8103195434655,-37.8326835632324,136.127426147461,-135.345367431641
243,71.6244063600898,116,vehicle.mitsubishi.fusorosa,89.3583654052568,-37.8329696655273,136.127548217773,-135.337600708008
243,71.6361736580729,116,vehicle.mitsubishi.fusorosa,91.3166012515442,-37.8332633972168,136.127685546875,-135.329666137695
243,71.648664958775,116,vehicle.mitsubishi.fusorosa,93.7808298905661,-37.833553314209,136.127822875977,-135.321823120117
244,71.6612677574158,116,vehicle.mitsubishi.fusorosa,94.9066995296253,-37.8338623046875,136.127944946289,-135.313354492188
244,71.6755616590381,116,vehicle.mitsubishi.fusorosa,105.023587754731,-37.8341674804688,136.12809753418,-135.305038452148
244,71.6891291588545,116,vehicle.mitsubishi.fusorosa,100.537198878811,-37.8345222473145,136.128265380859,-135.295394897461
244,71.7014638595283,116,vehicle.mitsubishi.fusorosa,89.5147492907653,-37.8348579406738,136.128433227539,-135.286407470703
244,71.7136032581329,116,vehicle.mitsubishi.fusorosa,92.1553076716558,-37.8351669311523,136.128555297852,-135.277969360352
244,71.726066660136,116,vehicle.mitsubishi.fusorosa,96.5686809552361,-37.8354644775391,136.128692626953,-135.269836425781
244,71.7372543588281,116,vehicle.mitsubishi.fusorosa,87.1300081129683,-37.8357696533203,136.128845214844,-135.261489868164
244,71.7499880604446,116,vehicle.mitsubishi.fusorosa,98.0704383582873,-37.836051940918,136.128967285156,-135.253921508789
245,71.7623627595603,116,vehicle.mitsubishi.fusorosa,93.8264957111136,-37.8363647460938,136.129104614258,-135.245300292969
245,71.774329457432,116,vehicle.mitsubishi.fusorosa,90.4852169023455,-37.8366775512695,136.129257202148,-135.237213134766
245,71.785881858319,116,vehicle.mitsubishi.fusorosa,87.56879527062,-37.8369674682617,136.12939453125,-135.229064941406
245,71.7974414601922,116,vehicle.mitsubishi.fusorosa,88.9663382832652,-37.8372535705566,136.129516601562,-135.221298217773
245,71.80878655985,116,vehicle.mitsubishi.fusorosa,89.1289332407745,-37.8375396728516,136.129653930664,-135.213470458984
245,71.8210914582014,116,vehicle.mitsubishi.fusorosa,93.0024827469871,-37.8378219604492,136.129776000977,-135.205856323242
245,71.8323412574828,116,vehicle.mitsubishi.fusorosa,86.2274009859738,-37.8381233215332,136.129913330078,-135.19758605957
245,71.8446203581989,116,vehicle.mitsubishi.fusorosa,92.7307367165634,-37.8384056091309,136.13005065918,-135.190063476562
245,71.8565449602902,116,vehicle.mitsubishi.fusorosa,90.2873007031764,-37.8387069702148,136.130187988281,-135.181701660156
245,71.8688132576644,116,vehicle.mitsubishi.fusorosa,91.5138522626065,-37.8390007019043,136.130325317383,-135.173828125
246,71.8815649598837,116,vehicle.mitsubishi.fusorosa,95.5731998734755,-37.8393020629883,136.130462646484,-135.16552734375
246,71.893721960485,116,vehicle.mitsubishi.fusorosa,91.6265676112256,-37.8396224975586,136.130599975586,-135.157135009766
246,71.9050066582859,116,vehicle.mitsubishi.fusorosa,86.8487630935094,-37.8399200439453,136.130737304688,-135.149047851562
246,71.9169462583959,116,vehicle.mitsubishi.fusorosa,89.4537067492211,-37.8401947021484,136.130859375,-135.141357421875
246,71.9285997599363,116,vehicle.mitsubishi.fusorosa,88.8338318496004,-37.8404884338379,136.130996704102,-135.133331298828
246,71.9400048591197,116,vehicle.mitsubishi.fusorosa,86.6975424376965,-37.8407821655273,136.131134033203,-135.125564575195
246,71.9521841593087,116,vehicle.mitsubishi.fusorosa,88.984831906098,-37.841064453125,136.131271362305,-135.117889404297
246,71.9635378606617,116,vehicle.mitsubishi.fusorosa,88.0101834201756,-37.8413619995117,136.131378173828,-135.109741210938
246,71.9764960594475,116,vehicle.mitsubishi.fusorosa,94.5903849488015,-37.8416442871094,136.131530761719,-135.102157592773
247,71.9886536598206,116,vehicle.mitsubishi.fusorosa,92.2841507339609,-37.8419380187988,136.131729125977,-135.093627929688
247,72.0006262585521,116,vehicle.mitsubishi.fusorosa,90.5221806441378,-37.8422317504883,136.131881713867,-135.085693359375
247,72.0122731588781,116,vehicle.mitsubishi.fusorosa,89.0861339299938,-37.8425178527832,136.132019042969,-135.077850341797
247,72.0241659581661,116,vehicle.mitsubishi.fusorosa,92.8395464194402,-37.8428001403809,136.132141113281,-135.070281982422
247,72.0357428602874,116,vehicle.mitsubishi.fusorosa,88.8927089768575,-37.8430786132812,136.132278442383,-135.062530517578
247,72.0469378605485,116,vehicle.mitsubishi.fusorosa,84.0391531023355,-37.8433570861816,136.132415771484,-135.055023193359
247,72.0593184605241,116,vehicle.mitsubishi.fusorosa,91.6963894559412,-37.8436241149902,136.132537841797,-135.047714233398
247,72.0706556588411,116,vehicle.mitsubishi.fusorosa,87.2809652029632,-37.843921661377,136.132659912109,-135.039520263672
247,72.0831543579698,116,vehicle.mitsubishi.fusorosa,96.0983986322919,-37.8442001342773,136.132797241211,-135.032211303711
248,72.0946343578398,116,vehicle.mitsubishi.fusorosa,88.0854689505372,-37.8444900512695,136.132919311523,-135.024032592773
248,72.1070953607559,116,vehicle.mitsubishi.fusorosa,95.6326520227492,-37.8447685241699,136.133056640625,-135.0166015625
248,72.1187173575163,116,vehicle.mitsubishi.fusorosa,89.3019237026109,-37.8450660705566,136.133178710938,-135.008438110352
248,72.1306840591133,116,vehicle.mitsubishi.fusorosa,92.4334479533907,-37.845344543457,136.133316040039,-135.000946044922
248,72.1427816599607,116,vehicle.mitsubishi.fusorosa,89.2685161428373,-37.8456268310547,136.133453369141,-134.993194580078
248,72.1543281599879,116,vehicle.mitsubishi.fusorosa,88.2095109465958,-37.8459205627441,136.133575439453,-134.985382080078
248,72.1665523573756,116,vehicle.mitsubishi.fusorosa,92.4291062903918,-37.8461952209473,136.133712768555,-134.977844238281
248,72.1785331591964,116,vehicle.mitsubishi.fusorosa,90.8542957421956,-37.8464851379395,136.133850097656,-134.969863891602
248,72.1922077573836,116,vehicle.mitsubishi.fusorosa,102.121272197042,-37.8467750549316,136.133972167969,-134.962173461914
249,72.2043683603406,116,vehicle.mitsubishi.fusorosa,89.5156075630461,-37.8470993041992,136.134124755859,-134.953216552734
249,72.2168074585497,116,vehicle.mitsubishi.fusorosa,93.1676507904642,-37.8474006652832,136.134262084961,-134.945373535156
249,72.2278128601611,116,vehicle.mitsubishi.fusorosa,85.2319581296358,-37.8476905822754,136.134399414062,-134.937194824219
249,72.2398237586021,116,vehicle.mitsubishi.fusorosa,88.8453473315883,-37.8479614257812,136.134521484375,-134.930068969727
249,72.2522506602108,116,vehicle.mitsubishi.fusorosa,94.1775492478631,-37.8482475280762,136.134643554688,-134.922134399414
249,72.2635983601213,116,vehicle.mitsubishi.fusorosa,87.5101216932861,-37.8485488891602,136.134780883789,-134.914184570312
249,72.2755941599607,116,vehicle.mitsubishi.fusorosa,91.0631117311611,-37.848819732666,136.134918212891,-134.906799316406
249,72.2871877588332,116,vehicle.mitsubishi.fusorosa,91.2047244787067,-37.8491058349609,136.135040283203,-134.898910522461
249,72.2998157590628,116,vehicle.mitsubishi.fusorosa,97.3684943995869,-37.8493881225586,136.135162353516,-134.891479492188
250,72.3116089589894,116,vehicle.mitsubishi.fusorosa,89.6562196050653,-37.8496856689453,136.135314941406,-134.883224487305
250,72.3237936608493,116,vehicle.mitsubishi.fusorosa,92.2121857449229,-37.849967956543,136.135437011719,-134.875640869141
250,72.3357308581471,116,vehicle.mitsubishi.fusorosa,93.23571630048,-37.8502616882324,136.135559082031,-134.867691040039
250,72.3473498597741,116,vehicle.mitsubishi.fusorosa,86.226189378009,-37.8505477905273,136.135711669922,-134.859954833984
250,72.3591562584043,116,vehicle.mitsubishi.fusorosa,89.4980036834705,-37.8508262634277,136.135833740234,-134.852386474609
250,72.3710680603981,116,vehicle.mitsubishi.fusorosa,90.3387966820679,-37.8511085510254,136.135955810547,-134.844696044922
250,72.3820089586079,116,vehicle.mitsubishi.fusorosa,85.4341957827273,-37.8513946533203,136.136093139648,-134.83708190918
250,72.393537659198,116,vehicle.mitsubishi.fusorosa,85.44022604676,-37.8516578674316,136.136215209961,-134.829895019531
250,72.4065573588014,116,vehicle.mitsubishi.fusorosa,95.6085257208168,-37.851936340332,136.136337280273,-134.822265625
251,72.4204982593656,116,vehicle.mitsubishi.fusorosa,104.017374440624,-37.8522529602051,136.136474609375,-134.813781738281
251,72.4331559576094,116,vehicle.mitsubishi.fusorosa,95.8469147670239,-37.8525924682617,136.136642456055,-134.804656982422
251,72.4454300589859,116,vehicle.mitsubishi.fusorosa,92.3974174502824,-37.852897644043,136.136764526367,-134.796539306641
251,72.4572037607431,116,vehicle.mitsubishi.fusorosa,92.0213765235613,-37.8531913757324,136.136901855469,-134.788436889648
251,72.4691344574094,116,vehicle.mitsubishi.fusorosa,92.7339483651473,-37.8534774780273,136.13703918457,-134.780776977539
251,72.4807739593089,116,vehicle.mitsubishi.fusorosa,85.9580891879622,-37.853759765625,136.137176513672,-134.772979736328
251,72.4930384606123,116,vehicle.mitsubishi.fusorosa,92.9577369207485,-37.8540458679199,136.137298583984,-134.765502929688
251,72.5054804608226,116,vehicle.mitsubishi.fusorosa,94.0680117252317,-37.8543395996094,136.137435913086,-134.757446289062
251,72.5183112584054,116,vehicle.mitsubishi.fusorosa,95.6390771555371,-37.8546371459961,136.137557983398,-134.749374389648
252,72.5311233587563,116,vehicle.mitsubishi.fusorosa,95.4616095503622,-37.8549461364746,136.137710571289,-134.741058349609
252,72.543963458389,116,vehicle.mitsubishi.fusorosa,96.3351083691284,-37.8552551269531,136.137847900391,-134.732788085938
252,72.556702658534,116,vehicle.mitsubishi.fusorosa,95.524841239055,-37.8555641174316,136.137985229492,-134.724426269531
252,72.5691453590989,116,vehicle.mitsubishi.fusorosa,93.8305247082467,-37.8558692932129,136.138137817383,-134.716201782227
252,72.5814610607922,116,vehicle.mitsubishi.fusorosa,93.2690351689803,-37.8561668395996,136.138259887695,-134.708114624023
252,72.5930711589754,116,vehicle.mitsubishi.fusorosa,88.7568363544087,-37.8564643859863,136.138412475586,-134.700134277344
252,72.6045028604567,116,vehicle.mitsubishi.fusorosa,87.5537633221833,-37.856746673584,136.138534545898,-134.69255065918
252,72.616035759449,116,vehicle.mitsubishi.fusorosa,90.067402735425,-37.8570251464844,136.138656616211,-134.684982299805
252,72.6283072605729,116,vehicle.mitsubishi.fusorosa,92.4096540885041,-37.8573036193848,136.138778686523,-134.677368164062
253,72.640494659543,116,vehicle.mitsubishi.fusorosa,92.3649060949063,-37.8576011657715,136.138916015625,-134.669418334961
253,72.6535003595054,116,vehicle.mitsubishi.fusorosa,96.7576409962854,-37.8578948974609,136.139053344727,-134.661514282227
253,72.6654174588621,116,vehicle.mitsubishi.fusorosa,90.6507176206265,-37.8582077026367,136.139190673828,-134.653015136719
253,72.6768048591912,116,vehicle.mitsubishi.fusorosa,86.4844347865222,-37.8584938049316,136.13932800293,-134.645309448242
253,72.6887791603804,116,vehicle.mitsubishi.fusorosa,92.8933021568086,-37.858772277832,136.139434814453,-134.637710571289
253,72.7004991583526,116,vehicle.mitsubishi.fusorosa,90.1828889280304,-37.8590660095215,136.139572143555,-134.629898071289
253,72.7123232595623,116,vehicle.mitsubishi.fusorosa,91.5053531063756,-37.8593521118164,136.139709472656,-134.622146606445
253,72.7240683585405,116,vehicle.mitsubishi.fusorosa,88.5775132153617,-37.8596343994141,136.139831542969,-134.614395141602
253,72.7363507598639,116,vehicle.mitsubishi.fusorosa,92.9414727019374,-37.859920501709,136.139953613281,-134.606796264648
254,72.7487120591104,116,vehicle.mitsubishi.fusorosa,94.1662246238944,-37.8602180480957,136.140090942383,-134.598709106445
254,72.7626737579703,116,vehicle.mitsubishi.fusorosa,103.447483230345,-37.8605117797852,136.140228271484,-134.59065246582
254,72.7743372581899,116,vehicle.mitsubishi.fusorosa,90.2902312681838,-37.8608551025391,136.140380859375,-134.581527709961
254,72.7861559577286,116,vehicle.mitsubishi.fusorosa,88.8931617248879,-37.8611373901367,136.140518188477,-134.573974609375
254,72.7969536595047,116,vehicle.mitsubishi.fusorosa,84.7122538776815,-37.8614234924316,136.140625,-134.566116333008
254,72.808244060725,116,vehicle.mitsubishi.fusorosa,86.3613138676897,-37.861686706543,136.140747070312,-134.559066772461
254,72.8203659579158,116,vehicle.mitsubishi.fusorosa,93.1122156293801,-37.8619537353516,136.140869140625,-134.551712036133
254,72.8318630605936,116,vehicle.mitsubishi.fusorosa,89.9641688765517,-37.8622512817383,136.141006469727,-134.543899536133
254,72.8444411605597,116,vehicle.mitsubishi.fusorosa,93.6971284585838,-37.8625297546387,136.141128540039,-134.536376953125
255,72.8564327582717,116,vehicle.mitsubishi.fusorosa,91.6308720420841,-37.8628273010254,136.141250610352,-134.52815246582
255,72.8686193600297,116,vehicle.mitsubishi.fusorosa,91.4677331432155,-37.8631172180176,136.141403198242,-134.520431518555
255,72.8811660595238,116,vehicle.mitsubishi.fusorosa,94.6133908277957,-37.863410949707,136.141525268555,-134.512512207031
255,72.8927030600607,116,vehicle.mitsubishi.fusorosa,88.9311065704984,-37.8637161254883,136.141662597656,-134.504318237305
255,72.9046160578728,116,vehicle.mitsubishi.fusorosa,90.3561172912322,-37.8639945983887,136.141799926758,-134.496887207031
255,72.9161108583212,116,vehicle.mitsubishi.fusorosa,87.5913673611427,-37.8642807006836,136.14192199707,-134.489013671875
255,72.9272299595177,116,vehicle.mitsubishi.fusorosa,84.365690684391,-37.8645553588867,136.142044067383,-134.481643676758
255,72.9387816600502,116,vehicle.mitsubishi.fusorosa,87.0423080028327,-37.8648223876953,136.142150878906,-134.474426269531
255,72.9514461606741,116,vehicle.mitsubishi.fusorosa,94.7542696370029,-37.8651008605957,136.142288208008,-134.466995239258
256,72.96284186095,116,vehicle.mitsubishi.fusorosa,88.1031786036322,-37.865406036377,136.14241027832,-134.458679199219
256,72.9759043604136,116,vehicle.mitsubishi.fusorosa,96.5916355226549,-37.8656806945801,136.142547607422,-134.451385498047
256,72.9875618591905,116,vehicle.mitsubishi.fusorosa,87.7445640595946,-37.8659934997559,136.142684936523,-134.442855834961
256,72.9990283586085,116,vehicle.mitsubishi.fusorosa,84.4921946301156,-37.8662796020508,136.142822265625,-134.435348510742
256,73.0109600573778,116,vehicle.mitsubishi.fusorosa,89.5898479418851,-37.8665504455566,136.142929077148,-134.427780151367
256,73.0227345600724,116,vehicle.mitsubishi.fusorosa,89.2170533421932,-37.8668441772461,136.14306640625,-134.420059204102
256,73.0338520593941,116,vehicle.mitsubishi.fusorosa,88.4306442457835,-37.867130279541,136.143173217773,-134.412353515625
256,73.0456931591034,116,vehicle.mitsubishi.fusorosa,90.80280726101,-37.8673973083496,136.143295288086,-134.405090332031
256,73.0575048588216,116,vehicle.mitsubishi.fusorosa,89.8849075375021,-37.8676795959473,136.143417358398,-134.397384643555
256,73.0698064602911,116,vehicle.mitsubishi.fusorosa,91.5338543137406,-37.8679656982422,136.1435546875,-134.38981628418
257,73.0819535590708,116,vehicle.mitsubishi.fusorosa,90.2400600053699,-37.8682594299316,136.143692016602,-134.381820678711
257,73.0941635593772,116,vehicle.mitsubishi.fusorosa,93.7183801664814,-37.8685569763184,136.143829345703,-134.373931884766
257,73.10624846071,116,vehicle.mitsubishi.fusorosa,91.303051520494,-37.8688507080078,136.143951416016,-134.365966796875
257,73.1180610582232,116,vehicle.mitsubishi.fusorosa,90.5416164571474,-37.869140625,136.144073486328,-134.358261108398
257,73.1300061605871,116,vehicle.mitsubishi.fusorosa,91.3405989525685,-37.8694190979004,136.14421081543,-134.350570678711
257,73.1420890577137,116,vehicle.mitsubishi.fusorosa,91.3582765212749,-37.8697090148926,136.144348144531,-134.342880249023
257,73.1536165587604,116,vehicle.mitsubishi.fusorosa,87.5244714552498,-37.870002746582,136.144470214844,-134.335037231445
257,73.1652682609856,116,vehicle.mitsubishi.fusorosa,88.4717931130165,-37.8702774047852,136.144592285156,-134.327590942383
257,73.1778733581305,116,vehicle.mitsubishi.fusorosa,96.0609056126537,-37.8705596923828,136.14469909668,-134.320007324219
258,73.1899479590356,116,vehicle.mitsubishi.fusorosa,90.7945188037675,-37.8708610534668,136.14485168457,-134.311859130859
258,73.2019649595022,116,vehicle.mitsubishi.fusorosa,91.3109535929317,-37.8711547851562,136.144973754883,-134.304122924805
258,73.213635660708,116,vehicle.mitsubishi.fusorosa,87.2010495538757,-37.8714408874512,136.145111083984,-134.296295166016
258,73.225319057703,116,vehicle.mitsubishi.fusorosa,88.7198517676277,-37.8717193603516,136.145233154297,-134.288772583008
258,73.2365521602333,116,vehicle.mitsubishi.fusorosa,84.6600071643515,-37.871997833252,136.145355224609,-134.281280517578
258,73.2484579607844,116,vehicle.mitsubishi.fusorosa,90.1768671479482,-37.8722686767578,136.145477294922,-134.274017333984
258,73.2602873593569,116,vehicle.mitsubishi.fusorosa,88.2987972381658,-37.8725547790527,136.145599365234,-134.266296386719
258,73.2719371579587,116,vehicle.mitsubishi.fusorosa,87.755453132124,-37.8728408813477,136.145736694336,-134.258651733398
258,73.2848834581673,116,vehicle.mitsubishi.fusorosa,95.8236545508585,-37.8731231689453,136.145858764648,-134.251174926758
259,73.2972913607955,116,vehicle.mitsubishi.fusorosa,91.5837035892173,-37.8734321594238,136.14599609375,-134.242660522461
259,73.3092383593321,116,vehicle.mitsubishi.fusorosa,89.4283304731117,-37.8737335205078,136.146133422852,-134.234725952148
259,73.3217473588884,116,vehicle.mitsubishi.fusorosa,92.3022381735651,-37.8740196228027,136.146255493164,-134.226898193359
259,73.3333917595446,116,vehicle.mitsubishi.fusorosa,89.792981685029,-37.8743209838867,136.146377563477,-134.218811035156
259,73.3456370607018,116,vehicle.mitsubishi.fusorosa,93.414652940377,-37.8746070861816,136.146514892578,-134.211303710938
259,73.3570369593799,116,vehicle.mitsubishi.fusorosa,85.6854672932437,-37.8748970031738,136.14665222168,-134.20329284668
259,73.3692206591368,116,vehicle.mitsubishi.fusorosa,93.0149389244312,-37.8751754760742,136.146759033203,-134.196014404297
259,73.3819818608463,116,vehicle.mitsubishi.fusorosa,95.6822738269865,-37.8754615783691,136.146896362305,-134.188095092773
259,73.394291959703,116,vehicle.mitsubishi.fusorosa,93.1845845501462,-37.8757743835449,136.147033691406,-134.179870605469
260,73.4060795605183,116,vehicle.mitsubishi.fusorosa,87.8256736066111,-37.8760719299316,136.147171020508,-134.171920776367
260,73.4181715585291,116,vehicle.mitsubishi.fusorosa,89.8055094985899,-37.876350402832,136.14729309082,-134.164276123047
260,73.4302306585014,116,vehicle.mitsubishi.fusorosa,89.7099760358015,-37.8766403198242,136.147415161133,-134.156509399414
260,73.4415302574635,116,vehicle.mitsubishi.fusorosa,88.0293172836929,-37.8769340515137,136.147537231445,-134.148651123047
260,73.4528844580054,116,vehicle.mitsubishi.fusorosa,86.5928099165907,-37.8772048950195,136.147659301758,-134.141326904297
260,73.4649360589683,116,vehicle.mitsubishi.fusorosa,92.7317126143303,-37.8774795532227,136.14778137207,-134.133941650391
260,73.4762442596257,116,vehicle.mitsubishi.fusorosa,86.4950400096177,-37.8777732849121,136.147918701172,-134.126159667969
260,73.4878786578774,116,vehicle.mitsubishi.fusorosa,88.1370217148451,-37.878044128418,136.148040771484,-134.118835449219
260,73.4993536584079,116,vehicle.mitsubishi.fusorosa,85.4411367886227,-37.8783226013184,136.148162841797,-134.111221313477
260,73.5118978582323,116,vehicle.mitsubishi.fusorosa,94.2791516916101,-37.8786010742188,136.148284912109,-134.103820800781
261,73.5238796584308,116,vehicle.mitsubishi.fusorosa,91.9217195773501,-37.8789024353027,136.148406982422,-134.095718383789
261,73.536645360291,116,vehicle.mitsubishi.fusorosa,93.6676123585594,-37.8791923522949,136.148544311523,-134.087951660156
261,73.5489049591124,116,vehicle.mitsubishi.fusorosa,94.420223912301,-37.8795051574707,136.148666381836,-134.079696655273
261,73.5604915581644,116,vehicle.mitsubishi.fusorosa,86.5762545752535,-37.8797569274902,136.148910522461,-134.072052001953
261,73.571985360235,116,vehicle.mitsubishi.fusorosa,86.302253439434,-37.8800277709961,136.149032592773,-134.064712524414
261,73.5835513584316,116,vehicle.mitsubishi.fusorosa,88.6177786122224,-37.880298614502,136.149154663086,-134.057418823242
261,73.5955957584083,116,vehicle.mitsubishi.fusorosa,91.4388415211285,-37.8805732727051,136.149276733398,-134.050048828125
261,73.6076964586973,116,vehicle.mitsubishi.fusorosa,90.3053144303102,-37.8808517456055,136.149398803711,-134.042495727539
261,73.6201415583491,116,vehicle.mitsubishi.fusorosa,92.298375072097,-37.8811340332031,136.149520874023,-134.034820556641
262,73.6327332593501,116,vehicle.mitsubishi.fusorosa,94.6035295533976,-37.8814277648926,136.149658203125,-134.026916503906
262,73.644730258733,116,vehicle.mitsubishi.fusorosa,90.6847361503543,-37.8817291259766,136.149795532227,-134.018905639648
262,73.657502360642,116,vehicle.mitsubishi.fusorosa,95.9635582561996,-37.8820114135742,136.14990234375,-134.011260986328
262,73.6698948591948,116,vehicle.mitsubishi.fusorosa,93.6393859816164,-37.8823089599609,136.150039672852,-134.003189086914
262,73.6815644577146,116,vehicle.mitsubishi.fusorosa,88.7342293593498,-37.8825988769531,136.150177001953,-133.995376586914
262,73.6931169591844,116,vehicle.mitsubishi.fusorosa,88.2306908112448,-37.8828735351562,136.150299072266,-133.988037109375
262,73.7046843580902,116,vehicle.mitsubishi.fusorosa,89.8988234372533,-37.8831443786621,136.150421142578,-133.980712890625
262,73.7161666601896,116,vehicle.mitsubishi.fusorosa,86.1061120963715,-37.883415222168,136.150543212891,-133.973342895508
262,73.7283265590668,116,vehicle.mitsubishi.fusorosa,93.7973156120807,-37.8836898803711,136.150650024414,-133.96614074707
263,73.7410808578134,116,vehicle.mitsubishi.fusorosa,96.1088750388498,-37.8839721679688,136.150772094727,-133.958435058594
263,73.7532831579447,116,vehicle.mitsubishi.fusorosa,92.0660046886033,-37.8842697143555,136.150909423828,-133.950469970703
263,73.7654645591974,116,vehicle.mitsubishi.fusorosa,91.7945560642702,-37.8845558166504,136.15104675293,-133.942794799805
263,73.7771368585527,116,vehicle.mitsubishi.fusorosa,90.1793277536783,-37.8848419189453,136.151153564453,-133.935104370117
263,73.7886653579772,116,vehicle.mitsubishi.fusorosa,89.3820241093233,-37.8851127624512,136.151290893555,-133.927810668945
263,73.7999662607908,116,vehicle.mitsubishi.fusorosa,88.2214113729695,-37.8853874206543,136.151397705078,-133.920547485352
263,73.8112350590527,116,vehicle.mitsubishi.fusorosa,87.7834523985002,-37.8856544494629,136.151519775391,-133.913345336914
263,73.822913158685,116,vehicle.mitsubishi.fusorosa,90.5279226053434,-37.8859176635742,136.151641845703,-133.906204223633
263,73.8350718580186,116,vehicle.mitsubishi.fusorosa,93.4406854231294,-37.8861923217773,136.151748657227,-133.898834228516
264,73.8469802588224,116,vehicle.mitsubishi.fusorosa,91.5772464178369,-37.886474609375,136.151885986328,-133.891204833984
264,73.8587780594826,116,vehicle.mitsubishi.fusorosa,87.8859184981235,-37.8867530822754,136.15202331543,-133.883834838867
264,73.8710982576013,116,vehicle.mitsubishi.fusorosa,93.0731441084625,-37.8870315551758,136.152130126953,-133.876388549805
264,73.8819975592196,116,vehicle.mitsubishi.fusorosa,85.2393779701,-37.8873176574707,136.152267456055,-133.868698120117
264,73.8943341597915,116,vehicle.mitsubishi.fusorosa,94.5768926090957,-37.887580871582,136.152374267578,-133.861694335938
264,73.9062699601054,116,vehicle.mitsubishi.fusorosa,89.0790666156488,-37.887866973877,136.15251159668,-133.853851318359
264,73.918538659811,116,vehicle.mitsubishi.fusorosa,90.7951802117724,-37.8881492614746,136.152633666992,-133.846435546875
264,73.930029258132,116,vehicle.mitsubishi.fusorosa,86.1857790689321,-37.8884353637695,136.152755737305,-133.838714599609
264,73.9419146589935,116,vehicle.mitsubishi.fusorosa,88.4167322539567,-37.8887062072754,136.152877807617,-133.831527709961
265,73.9545061588287,116,vehicle.mitsubishi.fusorosa,95.1151022299223,-37.8889846801758,136.15299987793,-133.824096679688
265,73.9667092598975,116,vehicle.mitsubishi.fusorosa,92.0560190790775,-37.8892784118652,136.153121948242,-133.816162109375
265,73.9793233573437,116,vehicle.mitsubishi.fusorosa,92.9810424282632,-37.8895645141602,136.153259277344,-133.808486938477
265,73.9911426603794,116,vehicle.mitsubishi.fusorosa,88.1203980719021,-37.8898582458496,136.153381347656,-133.800659179688
265,74.0029918588698,116,vehicle.mitsubishi.fusorosa,89.6737904494347,-37.89013671875,136.153503417969,-133.793212890625
265,74.0151638574898,116,vehicle.mitsubishi.fusorosa,93.4636516978766,-37.8904151916504,136.153625488281,-133.785797119141
265,74.027605060488,116,vehicle.mitsubishi.fusorosa,93.8503457553787,-37.8907012939453,136.153747558594,-133.778137207031
265,74.0387663580477,116,vehicle.mitsubishi.fusorosa,86.193349102383,-37.8909950256348,136.153884887695,-133.770355224609
265,74.0516746602952,116,vehicle.mitsubishi.fusorosa,95.2640069274815,-37.8912582397461,136.154006958008,-133.763320922852
266,74.0635432600975,116,vehicle.mitsubishi.fusorosa,90.3578065288302,-37.8915634155273,136.15412902832,-133.755126953125
266,74.0765648595989,116,vehicle.mitsubishi.fusorosa,98.3185882733879,-37.891845703125,136.154251098633,-133.747711181641
266,74.0883171595633,116,vehicle.mitsubishi.fusorosa,87.5556901979651,-37.892147064209,136.154388427734,-133.739440917969
266,74.0992931574583,116,vehicle.mitsubishi.fusorosa,83.1248973997972,-37.8924255371094,136.154525756836,-133.732116699219
266,74.1112095601857,116,vehicle.mitsubishi.fusorosa,89.3780822167574,-37.8926887512207,136.154632568359,-133.725158691406
266,74.1230225600302,116,vehicle.mitsubishi.fusorosa,88.4658946845769,-37.8929672241211,136.154754638672,-133.717636108398
266,74.1347894594073,116,vehicle.mitsubishi.fusorosa,90.7061839063757,-37.8932495117188,136.154861450195,-133.710174560547
266,74.1464853584766,116,vehicle.mitsubishi.fusorosa,88.4108811788754,-37.8935203552246,136.154998779297,-133.702774047852
266,74.1582102589309,116,vehicle.mitsubishi.fusorosa,89.1115633248291,-37.893798828125,136.155120849609,-133.695404052734
267,74.1715442575514,116,vehicle.mitsubishi.fusorosa,98.4488219044698,-37.8940734863281,136.155242919922,-133.688079833984
267,74.1836230605841,116,vehicle.mitsubishi.fusorosa,91.1804772922251,-37.8943901062012,136.155364990234,-133.679504394531
267,74.1959724575281,116,vehicle.mitsubishi.fusorosa,90.8377826332097,-37.8946762084961,136.155502319336,-133.672088623047
267,74.2078042589128,116,vehicle.mitsubishi.fusorosa,89.9342583735515,-37.894962310791,136.155624389648,-133.664260864258
267,74.2200801596045,116,vehicle.mitsubishi.fusorosa,91.0450661273063,-37.8952407836914,136.155746459961,-133.656951904297
267,74.2311953604221,116,vehicle.mitsubishi.fusorosa,86.2602607098905,-37.8955307006836,136.155868530273,-133.649139404297
267,74.2422478608787,116,vehicle.mitsubishi.fusorosa,86.1892468811099,-37.8957977294922,136.155990600586,-133.642135620117
267,74.2543185576797,116,vehicle.mitsubishi.fusorosa,91.5427517295105,-37.8960571289062,136.156097412109,-133.635162353516
267,74.2664317600429,116,vehicle.mitsubishi.fusorosa,91.8847072421511,-37.8963432312012,136.156219482422,-133.627502441406
268,74.2786344587803,116,vehicle.mitsubishi.fusorosa,89.4410195034881,-37.8966217041016,136.156356811523,-133.619689941406
268,74.2923148609698,116,vehicle.mitsubishi.fusorosa,99.8947712032255,-37.8969039916992,136.156478881836,-133.611938476562
268,74.303912460804,116,vehicle.mitsubishi.fusorosa,85.6698872439282,-37.8972206115723,136.156616210938,-133.602966308594
268,74.3150640577078,116,vehicle.mitsubishi.fusorosa,85.2703730799907,-37.8974952697754,136.15673828125,-133.595397949219
268,74.3260761573911,116,vehicle.mitsubishi.fusorosa,84.7820640573715,-37.8977508544922,136.156829833984,-133.588043212891
268,74.3375202603638,116,vehicle.mitsubishi.fusorosa,87.7014008391302,-37.8980102539062,136.156951904297,-133.580917358398
268,74.3487021587789,116,vehicle.mitsubishi.fusorosa,83.6341504326901,-37.8982734680176,136.157073974609,-133.573364257812
268,74.3603353574872,116,vehicle.mitsubishi.fusorosa,90.8736912180218,-37.8985404968262,136.157180786133,-133.566055297852
268,74.3721754588187,116,vehicle.mitsubishi.fusorosa,87.6582279447041,-37.8988075256348,136.157302856445,-133.558334350586
268,74.3846547603607,116,vehicle.mitsubishi.fusorosa,93.8279805977676,-37.8990859985352,136.157424926758,-133.550552368164
269,74.3970915600657,116,vehicle.mitsubishi.fusorosa,93.465418133074,-37.8993759155273,136.15754699707,-133.542358398438
269,74.4093663580716,116,vehicle.mitsubishi.fusorosa,92.1896718366429,-37.8996696472168,136.157669067383,-133.534240722656
269,74.4212388582528,116,vehicle.mitsubishi.fusorosa,87.4161850414125,-37.8999557495117,136.157806396484,-133.526290893555
269,74.4328216575086,116,vehicle.mitsubishi.fusorosa,88.393444659842,-37.9002342224121,136.157913208008,-133.518585205078
269,74.4448279589415,116,vehicle.mitsubishi.fusorosa,93.1767256315862,-37.9005088806152,136.158020019531,-133.511001586914
269,74.4563053585589,116,vehicle.mitsubishi.fusorosa,87.5990396785819,-37.9007911682129,136.158157348633,-133.503112792969
269,74.4684336595237,116,vehicle.mitsubishi.fusorosa,93.8827869598872,-37.901065826416,136.158264160156,-133.495681762695
269,74.4807582609355,116,vehicle.mitsubishi.fusorosa,93.1362182155654,-37.9013481140137,136.158401489258,-133.487686157227
269,74.4944076575339,116,vehicle.mitsubishi.fusorosa,101.613661373854,-37.9016380310059,136.15852355957,-133.479751586914
270,74.5066552609205,116,vehicle.mitsubishi.fusorosa,92.2057839177745,-37.9019584655762,136.158645629883,-133.470932006836
270,74.5187824591994,116,vehicle.mitsubishi.fusorosa,92.7959871563661,-37.9022483825684,136.158782958984,-133.463043212891
270,74.5303888581693,116,vehicle.mitsubishi.fusorosa,86.1766992065523,-37.9025344848633,136.158920288086,-133.455093383789
270,74.5426779575646,116,vehicle.mitsubishi.fusorosa,92.5076885133931,-37.9028091430664,136.159027099609,-133.447570800781
270,74.5553608573973,116,vehicle.mitsubishi.fusorosa,93.1302857097443,-37.9030990600586,136.159164428711,-133.439682006836
270,74.5671136602759,116,vehicle.mitsubishi.fusorosa,89.1405342994267,-37.9033966064453,136.159286499023,-133.431610107422
270,74.5793981589377,116,vehicle.mitsubishi.fusorosa,94.3757344927776,-37.9036750793457,136.159408569336,-133.423965454102
270,74.5910011604428,116,vehicle.mitsubishi.fusorosa,90.5691363076541,-37.9039649963379,136.159515380859,-133.416061401367
270,74.6042492575943,116,vehicle.mitsubishi.fusorosa,99.1459619433181,-37.904239654541,136.159652709961,-133.408660888672
271,74.6275502592325,116,vehicle.mitsubishi.fusorosa,114.157272260128,-37.9045524597168,136.159774780273,-133.400054931641
271,74.6391176581383,116,vehicle.mitsubishi.fusorosa,87.3080351294321,-37.9051132202148,136.160018920898,-133.384918212891
271,74.6515010595322,116,vehicle.mitsubishi.fusorosa,93.6343926299399,-37.9053955078125,136.16015625,-133.377502441406
271,74.6637950576842,116,vehicle.mitsubishi.fusorosa,93.6173018306407,-37.9056816101074,136.160263061523,-133.369323730469
271,74.6764625608921,116,vehicle.mitsubishi.fusorosa,95.2364247870497,-37.9059791564941,136.160400390625,-133.361587524414
271,74.6880083605647,116,vehicle.mitsubishi.fusorosa,86.181708383838,-37.9062767028809,136.160537719727,-133.353469848633
271,74.7002049610019,116,vehicle.mitsubishi.fusorosa,91.6779539950673,-37.906551361084,136.16064453125,-133.346069335938
271,74.7128507606685,116,vehicle.mitsubishi.fusorosa,93.339680149906,-37.9068412780762,136.160781860352,-133.338241577148
272,74.7248354591429,116,vehicle.mitsubishi.fusorosa,88.6648209751064,-37.9071426391602,136.160903930664,-133.330154418945
272,74.7377690598369,116,vehicle.mitsubishi.fusorosa,94.9403870921216,-37.9074325561523,136.161026000977,-133.322463989258
273,74.8811874575913,116,vehicle.mitsubishi.fusorosa,806.001709026265,-37.9205551147461,136.100341796875,-131.849822998047
273,74.893056858331,116,vehicle.mitsubishi.fusorosa,175.971800060331,-37.9209785461426,136.095901489258,-131.886581420898
273,74.9046260602772,116,vehicle.mitsubishi.fusorosa,58.9829096529661,-37.9212455749512,136.094375610352,-131.905349731445
273,74.9172284603119,116,vehicle.mitsubishi.fusorosa,81.2744019861889,-37.9216918945312,136.093292236328,-131.915664672852
274,74.9293605573475,116,vehicle.mitsubishi.fusorosa,55.3793568868133,-37.922248840332,136.092376708984,-131.926330566406
274,74.9420924596488,116,vehicle.mitsubishi.fusorosa,82.9325637830905,-37.9228134155273,136.091430664062,-131.932067871094
274,74.9542531594634,116,vehicle.mitsubishi.fusorosa,192.57623975203,-37.9233703613281,136.090606689453,-131.941101074219
274,74.9656588584185,116,vehicle.mitsubishi.fusorosa,58.026014379849,-37.9234619140625,136.090454101562,-131.935760498047
274,74.9776459597051,116,vehicle.mitsubishi.fusorosa,91.1612597562411,-37.923583984375,136.090148925781,-131.931610107422
274,74.9885403588414,116,vehicle.mitsubishi.fusorosa,82.3774407053898,-37.9236602783203,136.089889526367,-131.928695678711
274,75.0002944581211,116,vehicle.mitsubishi.fusorosa,92.8734522743427,-37.9237289428711,136.089630126953,-131.926818847656
274,75.011933259666,116,vehicle.mitsubishi.fusorosa,85.4168822072031,-37.923755645752,136.089447021484,-131.925308227539
274,75.024455357343,116,vehicle.mitsubishi.fusorosa,96.1833627490218,-37.9237823486328,136.089279174805,-131.924285888672
275,75.0365605577826,116,vehicle.mitsubishi.fusorosa,90.9077462904368,-37.9237670898438,136.089157104492,-131.924072265625
275,75.0484095588326,116,vehicle.mitsubishi.fusorosa,92.2376048745432,-37.9237403869629,136.089065551758,-131.92414855957
275,75.0599471591413,116,vehicle.mitsubishi.fusorosa,88.6849774172173,-37.9236946105957,136.089004516602,-131.924850463867
275,75.0717033594847,116,vehicle.mitsubishi.fusorosa,92.8115947512614,-37.9236373901367,136.088989257812,-131.925094604492
275,75.0834949575365,116,vehicle.mitsubishi.fusorosa,96.095756940859,-37.9235572814941,136.089004516602,-131.925827026367
275,75.0945230573416,116,vehicle.mitsubishi.fusorosa,91.6642616074772,-37.923454284668,136.089065551758,-131.927001953125
275,75.1061758585274,116,vehicle.mitsubishi.fusorosa,87.0987953697811,-37.9233474731445,136.089172363281,-131.928237915039
275,75.1180201582611,116,vehicle.mitsubishi.fusorosa,93.2257058558745,-37.9232330322266,136.089248657227,-131.929901123047
275,75.1299905590713,116,vehicle.mitsubishi.fusorosa,95.206119926658,-37.9230918884277,136.089401245117,-131.931640625
275,75.1425404585898,116,vehicle.mitsubishi.fusorosa,97.520461202879,-37.9229393005371,136.089584350586,-131.933807373047
276,75.1548169590533,116,vehicle.mitsubishi.fusorosa,107.519252698727,-37.9227638244629,136.089752197266,-131.936431884766
276,75.1670987606049,116,vehicle.mitsubishi.fusorosa,98.0906802965273,-37.9225692749023,136.09001159668,-131.939392089844
276,75.1789538599551,116,vehicle.mitsubishi.fusorosa,63.4058062233836,-37.92236328125,136.090270996094,-131.942306518555
276,75.1899576596916,116,vehicle.mitsubishi.fusorosa,111.097791315161,-37.9222640991211,136.090347290039,-131.944229125977
276,75.2021418586373,116,vehicle.mitsubishi.fusorosa,82.5120257858059,-37.9221000671387,136.090560913086,-131.946701049805
276,75.2139566577971,116,vehicle.mitsubishi.fusorosa,106.062457291265,-37.9219169616699,136.090744018555,-131.949661254883
276,75.2260476574302,116,vehicle.mitsubishi.fusorosa,94.2722896860908,-37.9217147827148,136.091033935547,-131.952697753906
276,75.2377595603466,116,vehicle.mitsubishi.fusorosa,100.511513143056,-37.9215087890625,136.091293334961,-131.955902099609
276,75.2505932599306,116,vehicle.mitsubishi.fusorosa,124.035257530225,-37.9212913513184,136.091613769531,-131.959213256836
277,75.2626646608114,116,vehicle.mitsubishi.fusorosa,124.07053981653,-37.9211616516113,136.09196472168,-131.960006713867
277,75.2749677598476,116,vehicle.mitsubishi.fusorosa,92.996329786555,-37.9210891723633,136.092422485352,-131.960662841797
277,75.2868356592953,116,vehicle.mitsubishi.fusorosa,8.5871000979561,-37.9209365844727,136.092819213867,-131.963256835938
277,75.2984257601202,116,vehicle.mitsubishi.fusorosa,120.4165917843,-37.9210014343262,136.093002319336,-131.972381591797
277,75.3102591596544,116,vehicle.mitsubishi.fusorosa,92.2457283843016,-37.9208488464355,136.093292236328,-131.976165771484
277,75.3219905607402,116,vehicle.mitsubishi.fusorosa,136.676554592701,-37.9206390380859,136.09358215332,-131.980667114258
277,75.333304759115,116,vehicle.mitsubishi.fusorosa,80.835132719916,-37.9204559326172,136.093872070312,-131.984512329102
277,75.3442593589425,116,vehicle.mitsubishi.fusorosa,80.3442689775958,-37.9203491210938,136.094253540039,-131.986343383789
277,75.3566117584705,116,vehicle.mitsubishi.fusorosa,92.1731139004694,-37.9203147888184,136.094665527344,-131.987426757812
278,75.3686859607697,116,vehicle.mitsubishi.fusorosa,94.3756039891084,-37.9202156066895,136.095016479492,-131.990325927734
278,75.3813794590533,116,vehicle.mitsubishi.fusorosa,141.614807393785,-37.9201927185059,136.095504760742,-131.992004394531
278,75.3928701579571,116,vehicle.mitsubishi.fusorosa,63.0524304763775,-37.9201965332031,136.095977783203,-131.991683959961
278,75.4047716595232,116,vehicle.mitsubishi.fusorosa,138.853672046893,-37.9202079772949,136.09619140625,-131.991928100586
278,75.4160027578473,116,vehicle.mitsubishi.fusorosa,115.04857776824,-37.9200859069824,136.096450805664,-131.994293212891
278,75.4268941581249,116,vehicle.mitsubishi.fusorosa,127.371856617291,-37.9200859069824,136.096817016602,-131.993667602539
278,75.4381361603737,116,vehicle.mitsubishi.fusorosa,80.7946950089753,-37.9200973510742,136.097183227539,-131.991821289062
278,75.4494760595262,116,vehicle.mitsubishi.fusorosa,86.7480840132209,-37.920051574707,136.097503662109,-131.991104125977
278,75.4606902599335,116,vehicle.mitsubishi.fusorosa,80.9582865828077,-37.9199562072754,136.097793579102,-131.991317749023
278,75.4726196601987,116,vehicle.mitsubishi.fusorosa,89.3843721714525,-37.919849395752,136.098083496094,-131.991439819336
279,75.4849110580981,116,vehicle.mitsubishi.fusorosa,93.8515786356727,-37.9197311401367,136.098373413086,-131.991897583008
279,75.4996023587883,116,vehicle.mitsubishi.fusorosa,94.627758461166,-37.9195899963379,136.098693847656,-131.992523193359
279,75.5111518576741,116,vehicle.mitsubishi.fusorosa,77.3315811573534,-37.9194602966309,136.098983764648,-131.992721557617
279,75.5228222608566,116,vehicle.mitsubishi.fusorosa,89.7800195737363,-37.9193840026855,136.099212646484,-131.992767333984
279,75.5344947576523,116,vehicle.mitsubishi.fusorosa,91.6746583873201,-37.9192886352539,136.099395751953,-131.992736816406
279,75.5473921597004,116,vehicle.mitsubishi.fusorosa,94.6510690059824,-37.9191932678223,136.099609375,-131.992889404297
279,75.5588864609599,116,vehicle.mitsubishi.fusorosa,92.2890981523735,-37.9190979003906,136.099838256836,-131.992919921875
279,75.5708493590355,116,vehicle.mitsubishi.fusorosa,81.0658726704533,-37.9189910888672,136.100082397461,-131.993347167969
279,75.5839232578874,116,vehicle.mitsubishi.fusorosa,93.3149158679426,-37.9188995361328,136.100280761719,-131.993286132812
280,75.5960315577686,116,vehicle.mitsubishi.fusorosa,90.9560141966325,-37.9188003540039,136.100509643555,-131.993377685547
280,75.608704958111,116,vehicle.mitsubishi.fusorosa,88.3072224569418,-37.918701171875,136.100738525391,-131.993637084961
280,75.6201207600534,116,vehicle.mitsubishi.fusorosa,66.3674253693725,-37.9186134338379,136.100952148438,-131.993560791016
280,75.6316673606634,116,vehicle.mitsubishi.fusorosa,88.9193528228775,-37.9185829162598,136.101058959961,-131.993255615234
280,75.6429791599512,116,vehicle.mitsubishi.fusorosa,84.5658385794323,-37.9185256958008,136.101181030273,-131.993041992188
280,75.6548627577722,116,vehicle.mitsubishi.fusorosa,83.0268519732157,-37.9184646606445,136.101348876953,-131.992919921875
280,75.6662428602576,116,vehicle.mitsubishi.fusorosa,81.0104145950047,-37.9184112548828,136.101486206055,-131.992630004883
280,75.6785189583898,116,vehicle.mitsubishi.fusorosa,88.0329583462174,-37.9183578491211,136.101608276367,-131.992385864258
280,75.6907538585365,116,vehicle.mitsubishi.fusorosa,90.7955125654463,-37.9183044433594,136.10173034668,-131.99201965332
281,75.7043306604028,116,vehicle.mitsubishi.fusorosa,91.3524353567124,-37.9182395935059,136.10188293457,-131.991943359375
281,75.7182098589838,116,vehicle.mitsubishi.fusorosa,97.1183098634279,-37.9181938171387,136.102005004883,-131.991561889648
281,75.7300069592893,116,vehicle.mitsubishi.fusorosa,78.9304436348908,-37.9181442260742,136.102142333984,-131.991287231445
281,75.7417990602553,116,vehicle.mitsubishi.fusorosa,85.5701027500522,-37.9181251525879,136.102233886719,-131.990997314453
281,75.7542950585485,116,vehicle.mitsubishi.fusorosa,85.3985573262209,-37.9180946350098,136.102294921875,-131.99055480957
281,75.7661012597382,116,vehicle.mitsubishi.fusorosa,81.8306041125158,-37.9180717468262,136.102386474609,-131.990005493164
281,75.777453660965,116,vehicle.mitsubishi.fusorosa,80.7601180189231,-37.9180450439453,136.102462768555,-131.989501953125
281,75.789688359946,116,vehicle.mitsubishi.fusorosa,83.0789954551395,-37.9180183410645,136.102523803711,-131.9892578125
281,75.8018095605075,116,vehicle.mitsubishi.fusorosa,85.5769548928153,-37.9179992675781,136.102584838867,-131.988876342773
282,75.8138965591788,116,vehicle.mitsubishi.fusorosa,81.8533880079565,-37.9179763793945,136.102645874023,-131.988372802734
282,75.8321093581617,116,vehicle.mitsubishi.fusorosa,121.25420188348,-37.9179611206055,136.10270690918,-131.987915039062
282,75.8439956605434,116,vehicle.mitsubishi.fusorosa,78.8656713216257,-37.9179420471191,136.102752685547,-131.986862182617
282,75.8554289601743,116,vehicle.mitsubishi.fusorosa,78.6062732843351,-37.9179611206055,136.102798461914,-131.986343383789
282,75.8663275577128,116,vehicle.mitsubishi.fusorosa,81.2724719331882,-37.9179763793945,136.102783203125,-131.985702514648
282,75.8788612596691,116,vehicle.mitsubishi.fusorosa,86.7615431896302,-37.9179763793945,136.102798461914,-131.985061645508
282,75.8904233574867,116,vehicle.mitsubishi.fusorosa,80.8033607388776,-37.9179916381836,136.102798461914,-131.984420776367
282,75.9037745594978,116,vehicle.mitsubishi.fusorosa,92.7041322173184,-37.9179992675781,136.102813720703,-131.983673095703
283,75.9170602597296,116,vehicle.mitsubishi.fusorosa,93.6584196872613,-37.9180030822754,136.102813720703,-131.982849121094
283,75.9294945597649,116,vehicle.mitsubishi.fusorosa,82.3456532854878,-37.9180107116699,136.102844238281,-131.982147216797
283,75.9417790584266,116,vehicle.mitsubishi.fusorosa,87.3763807927276,-37.918025970459,136.102844238281,-131.981521606445
283,75.953727260232,116,vehicle.mitsubishi.fusorosa,80.3783751234712,-37.9180297851562,136.102874755859,-131.980667114258
283,75.9656150601804,116,vehicle.mitsubishi.fusorosa,84.6383548656717,-37.9180450439453,136.102874755859,-131.979949951172
283,75.9774756580591,116,vehicle.mitsubishi.fusorosa,82.6548005821436,-37.9180526733398,136.102874755859,-131.979293823242
283,75.9891832582653,116,vehicle.mitsubishi.fusorosa,81.666127124994,-37.9180679321289,136.102890014648,-131.978637695312
283,76.0009039603174,116,vehicle.mitsubishi.fusorosa,81.6808855212121,-37.9180793762207,136.102890014648,-131.977905273438
283,76.0131018608809,116,vehicle.mitsubishi.fusorosa,83.0918915750804,-37.9180908203125,136.102905273438,-131.977279663086
284,76.0254225581884,116,vehicle.mitsubishi.fusorosa,88.5518428274693,-37.9181060791016,136.102905273438,-131.976547241211
284,76.0381747595966,116,vehicle.mitsubishi.fusorosa,85.5615280062878,-37.9181137084961,136.102920532227,-131.975799560547
284,76.0493672601879,116,vehicle.mitsubishi.fusorosa,79.5867030828113,-37.9181251525879,136.102935791016,-131.975250244141
284,76.0606553591788,116,vehicle.mitsubishi.fusorosa,74.4069751119915,-37.9181289672852,136.102966308594,-131.974868774414
284,76.0719155594707,116,vehicle.mitsubishi.fusorosa,82.6093996876964,-37.918140411377,136.102966308594,-131.974273681641
284,76.0843239575624,116,vehicle.mitsubishi.fusorosa,83.5490255485453,-37.9181480407715,136.102981567383,-131.973693847656
284,76.0957159586251,116,vehicle.mitsubishi.fusorosa,78.8456443374873,-37.9181594848633,136.102981567383,-131.973159790039
284,76.1073563583195,116,vehicle.mitsubishi.fusorosa,82.3786209675599,-37.9181671142578,136.103012084961,-131.972671508789
284,76.1192146576941,116,vehicle.mitsubishi.fusorosa,83.4009014344266,-37.9181785583496,136.103012084961,-131.972106933594
284,76.1327114589512,116,vehicle.mitsubishi.fusorosa,94.7136089978073,-37.9181938171387,136.10302734375,-131.971343994141
285,76.1454258598387,116,vehicle.mitsubishi.fusorosa,89.6542033601791,-37.9182052612305,136.10302734375,-131.970474243164
285,76.1628362573683,116,vehicle.mitsubishi.fusorosa,116.681977817792,-37.9182281494141,136.103042602539,-131.969909667969
285,76.1745259575546,116,vehicle.mitsubishi.fusorosa,80.5445587516188,-37.9182395935059,136.103042602539,-131.96907043457
285,76.1862517595291,116,vehicle.mitsubishi.fusorosa,79.1801342012649,-37.9182586669922,136.103088378906,-131.968627929688
285,76.1976639591157,116,vehicle.mitsubishi.fusorosa,76.8058986603868,-37.918270111084,136.103088378906,-131.968154907227
285,76.2097494602203,116,vehicle.mitsubishi.fusorosa,84.2847363384683,-37.9182929992676,136.103088378906,-131.967559814453
285,76.2218000590801,116,vehicle.mitsubishi.fusorosa,84.4696913362245,-37.9183044433594,136.103103637695,-131.967041015625
285,76.2340893596411,116,vehicle.mitsubishi.fusorosa,83.8383533582036,-37.9183158874512,136.103118896484,-131.966522216797
286,76.2463085576892,116,vehicle.mitsubishi.fusorosa,82.0225673856788,-37.918327331543,136.103134155273,-131.965805053711
286,76.2584287598729,116,vehicle.mitsubishi.fusorosa,81.9149929256345,-37.9183464050293,136.103134155273,-131.965118408203
286,76.2703888602555,116,vehicle.mitsubishi.fusorosa,84.0628817958388,-37.9183654785156,136.103134155273,-131.964569091797
286,76.2831611596048,116,vehicle.mitsubishi.fusorosa,89.7894096517344,-37.9183769226074,136.103149414062,-131.963928222656
286,76.2947904579341,116,vehicle.mitsubishi.fusorosa,82.4104716413314,-37.9183883666992,136.103164672852,-131.963500976562
286,76.3058944605291,116,vehicle.mitsubishi.fusorosa,81.5839039295639,-37.9184036254883,136.10319519043,-131.962905883789
286,76.3179180584848,116,vehicle.mitsubishi.fusorosa,84.1651306916501,-37.9184150695801,136.10319519043,-131.962600708008
286,76.3296809606254,116,vehicle.mitsubishi.fusorosa,84.9644705308572,-37.9184303283691,136.103210449219,-131.961929321289
286,76.3425479605794,116,vehicle.mitsubishi.fusorosa,86.4916436764233,-37.9184379577637,136.103225708008,-131.961608886719
287,76.3550333604217,116,vehicle.mitsubishi.fusorosa,86.6985213897735,-37.9184494018555,136.103225708008,-131.96110534668
287,76.3675297573209,116,vehicle.mitsubishi.fusorosa,83.5964646473762,-37.9184608459473,136.103256225586,-131.960571289062
287,76.3797385580838,116,vehicle.mitsubishi.fusorosa,86.6468633338442,-37.9184799194336,136.103256225586,-131.960052490234
287,76.3915961608291,116,vehicle.mitsubishi.fusorosa,85.530256466742,-37.9184989929199,136.103271484375,-131.959503173828
287,76.4025521576405,116,vehicle.mitsubishi.fusorosa,80.4170480547614,-37.9185104370117,136.103271484375,-131.959106445312
287,76.4144029580057,116,vehicle.mitsubishi.fusorosa,82.9897906325828,-37.9185256958008,136.103286743164,-131.958831787109
287,76.4262541607022,116,vehicle.mitsubishi.fusorosa,81.7369823907471,-37.9185409545898,136.103302001953,-131.958297729492
287,76.4379300586879,116,vehicle.mitsubishi.fusorosa,82.1486535726718,-37.9185562133789,136.103302001953,-131.957611083984
287,76.4497988596559,116,vehicle.mitsubishi.fusorosa,82.9859962070913,-37.9185676574707,136.103302001953,-131.957275390625
287,76.4624577574432,116,vehicle.mitsubishi.fusorosa,90.3504591637123,-37.918586730957,136.103302001953,-131.95686340332
288,76.4745939597487,116,vehicle.mitsubishi.fusorosa,84.0270494670127,-37.9186058044434,136.103302001953,-131.956268310547
288,76.488826058805,116,vehicle.mitsubishi.fusorosa,96.6305853475885,-37.9186210632324,136.103332519531,-131.955612182617
288,76.5002793595195,116,vehicle.mitsubishi.fusorosa,81.1966990801377,-37.918643951416,136.103317260742,-131.954925537109
288,76.5119099579751,116,vehicle.mitsubishi.fusorosa,81.7437978841228,-37.9186630249023,136.103332519531,-131.954498291016
288,76.5235223583877,116,vehicle.mitsubishi.fusorosa,82.493932117063,-37.9186744689941,136.103332519531,-131.953994750977
288,76.5359997600317,116,vehicle.mitsubishi.fusorosa,87.0036250194441,-37.9186820983887,136.103363037109,-131.953735351562
288,76.5479400604963,116,vehicle.mitsubishi.fusorosa,83.654498318277,-37.9186897277832,136.103378295898,-131.953338623047
288,76.5598090589046,116,vehicle.mitsubishi.fusorosa,80.104716504948,-37.918701171875,136.103393554688,-131.952819824219
288,76.5723355598748,116,vehicle.mitsubishi.fusorosa,89.8102087097229,-37.9187202453613,136.103393554688,-131.95246887207
289,76.5845000594854,116,vehicle.mitsubishi.fusorosa,82.1410198750668,-37.9187240600586,136.103424072266,-131.952102661133
289,76.5975761599839,116,vehicle.mitsubishi.fusorosa,90.5393805845635,-37.9187431335449,136.103439331055,-131.951766967773
289,76.609417758882,116,vehicle.mitsubishi.fusorosa,84.7666613113044,-37.9187545776367,136.103439331055,-131.951141357422
289,76.6211172603071,116,vehicle.mitsubishi.fusorosa,79.1488369137555,-37.9187698364258,136.103469848633,-131.95068359375
289,76.6329439580441,116,vehicle.mitsubishi.fusorosa,82.4367078380612,-37.9187889099121,136.103469848633,-131.950119018555
289,76.6446928605437,116,vehicle.mitsubishi.fusorosa,82.1678078692231,-37.9188041687012,136.103469848633,-131.949813842773
289,76.6563148573041,116,vehicle.mitsubishi.fusorosa,84.0191753402442,-37.9188194274902,136.103485107422,-131.949325561523
289,76.668356757611,116,vehicle.mitsubishi.fusorosa,83.9762953270196,-37.9188346862793,136.103500366211,-131.948928833008
289,76.6812715604901,116,vehicle.mitsubishi.fusorosa,91.4766296508044,-37.9188499450684,136.103500366211,-131.948394775391
290,76.694639660418,116,vehicle.mitsubishi.fusorosa,91.9655954290582,-37.9188652038574,136.103515625,-131.947998046875
290,76.7077223584056,116,vehicle.mitsubishi.fusorosa,91.2201560153604,-37.918888092041,136.103515625,-131.947250366211
290,76.7193484604359,116,vehicle.mitsubishi.fusorosa,83.5192680972698,-37.9189071655273,136.103530883789,-131.946594238281
290,76.730821557343,116,vehicle.mitsubishi.fusorosa,80.3950666840319,-37.9189186096191,136.103546142578,-131.946319580078
290,76.7421488575637,116,vehicle.mitsubishi.fusorosa,81.003320091536,-37.9189376831055,136.103546142578,-131.945892333984
290,76.754556261003,116,vehicle.mitsubishi.fusorosa,84.2589021673396,-37.9189567565918,136.103546142578,-131.945419311523
290,76.7664453573525,116,vehicle.mitsubishi.fusorosa,84.5001981008176,-37.9189720153809,136.103546142578,-131.94499206543
290,76.7782651595771,116,vehicle.mitsubishi.fusorosa,84.2627842378876,-37.9189872741699,136.103561401367,-131.944488525391
290,76.7913269586861,116,vehicle.mitsubishi.fusorosa,90.6099369314073,-37.9189987182617,136.103561401367,-131.944137573242
291,76.8032091595232,116,vehicle.mitsubishi.fusorosa,85.4876926525735,-37.9190139770508,136.103576660156,-131.943634033203
291,76.8158536590636,116,vehicle.mitsubishi.fusorosa,84.1996897058831,-37.9190292358398,136.103591918945,-131.943206787109
291,76.8269834592938,116,vehicle.mitsubishi.fusorosa,85.5031900757809,-37.9190559387207,136.103576660156,-131.942657470703
291,76.8384169600904,116,vehicle.mitsubishi.fusorosa,77.1853925683177,-37.9190711975098,136.103576660156,-131.942306518555
291,76.8504246585071,116,vehicle.mitsubishi.fusorosa,84.7781408154898,-37.9190864562988,136.103576660156,-131.941864013672
291,76.8624022603035,116,vehicle.mitsubishi.fusorosa,83.2857776293244,-37.9190940856934,136.103576660156,-131.941482543945
291,76.8738064579666,116,vehicle.mitsubishi.fusorosa,82.7626431526645,-37.9191131591797,136.103591918945,-131.941101074219
291,76.8855585604906,116,vehicle.mitsubishi.fusorosa,79.5664436025715,-37.9191246032715,136.103591918945,-131.940826416016
291,76.8992880582809,116,vehicle.mitsubishi.fusorosa,94.8984023991261,-37.9191436767578,136.103576660156,-131.940353393555
292,76.9131083600223,116,vehicle.mitsubishi.fusorosa,93.7433853705134,-37.9191551208496,136.103576660156,-131.939682006836
292,76.925571359694,116,vehicle.mitsubishi.fusorosa,85.0023685157041,-37.9191703796387,136.103607177734,-131.939270019531
292,76.936968959868,116,vehicle.mitsubishi.fusorosa,77.5959809577218,-37.919189453125,136.103607177734,-131.938934326172
292,76.9485104605556,116,vehicle.mitsubishi.fusorosa,81.87090149491,-37.9192161560059,136.103607177734,-131.938507080078
292,76.9597501605749,116,vehicle.mitsubishi.fusorosa,77.9135762895129,-37.9192314147949,136.103607177734,-131.937957763672
292,76.9719767607749,116,vehicle.mitsubishi.fusorosa,87.7150105512016,-37.9192504882812,136.103607177734,-131.937606811523
292,76.9832231588662,116,vehicle.mitsubishi.fusorosa,78.8292963127821,-37.9192657470703,136.103607177734,-131.937225341797
292,76.9954137578607,116,vehicle.mitsubishi.fusorosa,84.5015745221024,-37.9192810058594,136.103622436523,-131.936721801758
292,77.0081232599914,116,vehicle.mitsubishi.fusorosa,85.9197914456425,-37.9192962646484,136.103607177734,-131.936401367188
293,77.0201592594385,116,vehicle.mitsubishi.fusorosa,86.1268188159802,-37.9193153381348,136.103622436523,-131.935882568359
293,77.0325715579093,116,vehicle.mitsubishi.fusorosa,85.8015468733117,-37.9193267822266,136.103622436523,-131.935455322266
293,77.0444560609758,116,vehicle.mitsubishi.fusorosa,85.3956585290091,-37.9193420410156,136.103622436523,-131.934997558594
293,77.056641060859,116,vehicle.mitsubishi.fusorosa,80.0527920422157,-37.919361114502,136.103637695312,-131.934646606445
293,77.0683196596801,116,vehicle.mitsubishi.fusorosa,82.6568421938748,-37.9193801879883,136.103622436523,-131.934173583984
293,77.0806619599462,116,vehicle.mitsubishi.fusorosa,87.8078266150279,-37.9193992614746,136.103637695312,-131.93359375
293,77.0926999598742,116,vehicle.mitsubishi.fusorosa,81.9480722970529,-37.9194145202637,136.103637695312,-131.933197021484
293,77.1048423573375,116,vehicle.mitsubishi.fusorosa,86.4451308341446,-37.9194297790527,136.103652954102,-131.932739257812
293,77.1180752590299,116,vehicle.mitsubishi.fusorosa,91.576477822556,-37.9194488525391,136.103652954102,-131.932373046875
294,77.1302954591811,116,vehicle.mitsubishi.fusorosa,85.0870629149416,-37.9194564819336,136.103652954102,-131.931976318359
294,77.1430066600442,116,vehicle.mitsubishi.fusorosa,88.5099079397799,-37.9194755554199,136.10368347168,-131.931610107422
294,77.1546226590872,116,vehicle.mitsubishi.fusorosa,79.9705843084209,-37.9194946289062,136.10368347168,-131.931076049805
294,77.166409060359,116,vehicle.mitsubishi.fusorosa,82.7788554437336,-37.9195175170898,136.10368347168,-131.9306640625
294,77.1778633594513,116,vehicle.mitsubishi.fusorosa,81.2138823595431,-37.9195251464844,136.10368347168,-131.930221557617
294,77.1898928582668,116,vehicle.mitsubishi.fusorosa,88.4878459683644,-37.9195404052734,136.103698730469,-131.929779052734
294,77.2018357589841,116,vehicle.mitsubishi.fusorosa,84.20567176307,-37.9195518493652,136.103713989258,-131.929550170898
294,77.2139156609774,116,vehicle.mitsubishi.fusorosa,83.9941591436689,-37.9195709228516,136.103713989258,-131.929138183594
294,77.2266397587955,116,vehicle.mitsubishi.fusorosa,88.2100750216199,-37.9195899963379,136.103713989258,-131.928482055664
295,77.2398993596435,116,vehicle.mitsubishi.fusorosa,91.1132879553612,-37.9196014404297,136.103713989258,-131.928070068359
295,77.2527553588152,116,vehicle.mitsubishi.fusorosa,86.1074393222248,-37.9196166992188,136.103744506836,-131.927703857422
295,77.2643226608634,116,vehicle.mitsubishi.fusorosa,83.9037027091415,-37.9196395874023,136.103744506836,-131.927276611328
295,77.2755166590214,116,vehicle.mitsubishi.fusorosa,85.0085310383111,-37.9196624755859,136.103744506836,-131.926788330078
295,77.2869515605271,116,vehicle.mitsubishi.fusorosa,80.7397971828577,-37.9196739196777,136.103744506836,-131.926513671875
295,77.2990588583052,116,vehicle.mitsubishi.fusorosa,84.8260816898182,-37.9196853637695,136.103759765625,-131.926162719727
295,77.3112724609673,116,vehicle.mitsubishi.fusorosa,87.1633215729497,-37.9197006225586,136.103759765625,-131.925704956055
295,77.3233579583466,116,vehicle.mitsubishi.fusorosa,84.5523612890398,-37.9197120666504,136.103759765625,-131.925308227539
295,77.3354196585715,116,vehicle.mitsubishi.fusorosa,83.7527120149195,-37.9197235107422,136.103775024414,-131.924911499023
296,77.3478730581701,116,vehicle.mitsubishi.fusorosa,86.8334455832149,-37.9197387695312,136.103775024414,-131.924545288086
296,77.3599759601057,116,vehicle.mitsubishi.fusorosa,85.26676607017,-37.9197540283203,136.103790283203,-131.924133300781
296,77.3725253604352,116,vehicle.mitsubishi.fusorosa,84.9571136412212,-37.9197654724121,136.103790283203,-131.923751831055
296,77.3842535577714,116,vehicle.mitsubishi.fusorosa,84.9430374859207,-37.9197883605957,136.103805541992,-131.923248291016
296,77.3965432606637,116,vehicle.mitsubishi.fusorosa,85.3807281351875,-37.9197998046875,136.103805541992,-131.922866821289
296,77.408838160336,116,vehicle.mitsubishi.fusorosa,83.3288740274227,-37.919807434082,136.103820800781,-131.922592163086
296,77.4203670583665,116,vehicle.mitsubishi.fusorosa,81.2609279005896,-37.9198226928711,136.10383605957,-131.922210693359
296,77.4326654598117,116,vehicle.mitsubishi.fusorosa,85.081202948267,-37.9198341369629,136.103851318359,-131.921905517578
296,77.4458411596715,116,vehicle.mitsubishi.fusorosa,91.4141641601167,-37.9198532104492,136.103851318359,-131.921524047852
297,77.4583187587559,116,vehicle.mitsubishi.fusorosa,86.4018281078248,-37.9198608398438,136.103866577148,-131.921035766602
297,77.4705594591796,116,vehicle.mitsubishi.fusorosa,84.5080789917291,-37.9198760986328,136.103866577148,-131.920639038086
297,77.4823443591595,116,vehicle.mitsubishi.fusorosa,83.4908268738597,-37.9198951721191,136.103866577148,-131.920227050781
297,77.4947350583971,116,vehicle.mitsubishi.fusorosa,88.7317366196081,-37.9199104309082,136.103881835938,-131.919891357422
297,77.5063050575554,116,vehicle.mitsubishi.fusorosa,82.9995070366798,-37.919921875,136.103897094727,-131.919586181641
297,77.5189260579646,116,vehicle.mitsubishi.fusorosa,85.1362171401194,-37.9199371337891,136.103927612305,-131.919189453125
297,77.5303500592709,116,vehicle.mitsubishi.fusorosa,82.1785054331467,-37.9199485778809,136.103927612305,-131.918823242188
297,77.5430704578757,116,vehicle.mitsubishi.fusorosa,94.1153677861896,-37.9199714660645,136.103927612305,-131.918273925781
297,77.5567343607545,116,vehicle.mitsubishi.fusorosa,95.7977777544856,-37.9199829101562,136.103942871094,-131.917877197266
298,77.5708044581115,116,vehicle.mitsubishi.fusorosa,97.2196360897342,-37.9200057983398,136.103958129883,-131.917297363281
298,77.5850216597319,116,vehicle.mitsubishi.fusorosa,96.5828591544603,-37.9200172424316,136.103973388672,-131.916763305664
298,77.5975893586874,116,vehicle.mitsubishi.fusorosa,84.6043303687182,-37.9200325012207,136.10400390625,-131.916320800781
298,77.6098000593483,116,vehicle.mitsubishi.fusorosa,82.2656693325178,-37.920051574707,136.10400390625,-131.915786743164
298,77.6212379597127,116,vehicle.mitsubishi.fusorosa,82.7257264424821,-37.9200706481934,136.10400390625,-131.915313720703
298,77.6327947601676,116,vehicle.mitsubishi.fusorosa,78.8322297356098,-37.9200820922852,136.104034423828,-131.915130615234
298,77.6453572586179,116,vehicle.mitsubishi.fusorosa,88.4237529963863,-37.9200973510742,136.104034423828,-131.914810180664
298,77.6578090600669,116,vehicle.mitsubishi.fusorosa,87.2346099529642,-37.920108795166,136.104049682617,-131.91438293457
298,77.6746875606477,116,vehicle.mitsubishi.fusorosa,113.166108697233,-37.9201240539551,136.104064941406,-131.914001464844
299,77.6895356588066,116,vehicle.mitsubishi.fusorosa,101.618781552766,-37.9201393127441,136.104064941406,-131.913314819336
299,77.7029548585415,116,vehicle.mitsubishi.fusorosa,96.1229999049009,-37.920166015625,136.104095458984,-131.912582397461
299,77.7149065583944,116,vehicle.mitsubishi.fusorosa,86.5877109509691,-37.9201889038086,136.104110717773,-131.91227722168
299,77.7274593599141,116,vehicle.mitsubishi.fusorosa,87.5576786874641,-37.9202079772949,136.104110717773,-131.911743164062
299,77.7391910590231,116,vehicle.mitsubishi.fusorosa,84.546949783424,-37.920223236084,136.104125976562,-131.911361694336
299,77.7510257586837,116,vehicle.mitsubishi.fusorosa,83.0112684093034,-37.920238494873,136.104141235352,-131.911041259766
299,77.7635128609836,116,vehicle.mitsubishi.fusorosa,88.0725951569863,-37.9202537536621,136.104141235352,-131.910720825195
299,77.7772707603872,116,vehicle.mitsubishi.fusorosa,94.6208791050396,-37.9202651977539,136.104156494141,-131.910202026367
300,77.789419259876,116,vehicle.mitsubishi.fusorosa,83.2524336696146,-37.9202766418457,136.10417175293,-131.909790039062
300,77.8015428595245,116,vehicle.mitsubishi.fusorosa,84.9760531417344,-37.9202919006348,136.104187011719,-131.909362792969
300,77.8136083595455,116,vehicle.mitsubishi.fusorosa,83.3735704551743,-37.9203071594238,136.104187011719,-131.90901184082
300,77.8254381604493,116,vehicle.mitsubishi.fusorosa,85.7821416315928,-37.9203262329102,136.104202270508,-131.908432006836
300,77.8369913585484,116,vehicle.mitsubishi.fusorosa,80.5603431542854,-37.920337677002,136.104202270508,-131.908126831055
300,77.8489303588867,116,vehicle.mitsubishi.fusorosa,84.2633771300748,-37.9203491210938,136.104217529297,-131.907760620117
300,77.8602086603642,116,vehicle.mitsubishi.fusorosa,81.69316594948,-37.9203605651855,136.104232788086,-131.907333374023
300,77.8720521591604,116,vehicle.mitsubishi.fusorosa,82.998764602343,-37.9203758239746,136.104232788086,-131.90705871582
300,77.8849549591541,116,vehicle.mitsubishi.fusorosa,92.5534398141731,-37.9203834533691,136.104232788086,-131.906677246094
301,77.8969792574644,116,vehicle.mitsubishi.fusorosa,84.7288473344908,-37.9203987121582,136.104248046875,-131.906265258789
301,77.9094169586897,116,vehicle.mitsubishi.fusorosa,86.116267042345,-37.92041015625,136.104263305664,-131.90592956543
301,77.921342458576,116,vehicle.mitsubishi.fusorosa,84.6970707774899,-37.9204254150391,136.104263305664,-131.905426025391
301,77.933264657855,116,vehicle.mitsubishi.fusorosa,85.4899558244856,-37.9204444885254,136.104278564453,-131.904830932617
301,77.9449780583382,116,vehicle.mitsubishi.fusorosa,83.1872751852629,-37.9204635620117,136.104278564453,-131.904357910156
301,77.9568037576973,116,vehicle.mitsubishi.fusorosa,83.8525618903448,-37.9204711914062,136.104278564453,-131.903945922852
301,77.9681019596756,116,vehicle.mitsubishi.fusorosa,83.8525704729993,-37.9204864501953,136.104293823242,-131.903533935547
301,77.9804825596511,116,vehicle.mitsubishi.fusorosa,87.0593094622119,-37.9204978942871,136.104309082031,-131.9033203125
301,77.9927538596094,116,vehicle.mitsubishi.fusorosa,85.7010182791543,-37.9205093383789,136.104309082031,-131.902877807617
302,78.0050527602434,116,vehicle.mitsubishi.fusorosa,80.8499631187101,-37.920524597168,136.104339599609,-131.902435302734
302,78.0172392576933,116,vehicle.mitsubishi.fusorosa,85.6653337888041,-37.9205474853516,136.104339599609,-131.901962280273
302,78.0290639586747,116,vehicle.mitsubishi.fusorosa,80.6506485083793,-37.9205589294434,136.104354858398,-131.901473999023
302,78.0402486585081,116,vehicle.mitsubishi.fusorosa,81.0421547341014,-37.9205780029297,136.104354858398,-131.901016235352
302,78.0517611578107,116,vehicle.mitsubishi.fusorosa,80.8302743048793,-37.9205856323242,136.104354858398,-131.900665283203
302,78.0640163607895,116,vehicle.mitsubishi.fusorosa,85.8297713673342,-37.9206008911133,136.104354858398,-131.900283813477
302,78.0756043605506,116,vehicle.mitsubishi.fusorosa,82.2829316743253,-37.9206161499023,136.104370117188,-131.899978637695
302,78.087074059993,116,vehicle.mitsubishi.fusorosa,81.0243338307247,-37.9206275939941,136.104385375977,-131.899490356445
302,78.1004520580173,116,vehicle.mitsubishi.fusorosa,92.5046825541271,-37.9206390380859,136.104385375977,-131.899139404297
303,78.1132574602962,116,vehicle.mitsubishi.fusorosa,89.0083822050733,-37.920654296875,136.104385375977,-131.898727416992
303,78.1246697604656,116,vehicle.mitsubishi.fusorosa,82.820197324398,-37.9206733703613,136.104415893555,-131.898239135742
303,78.1367023587227,116,vehicle.mitsubishi.fusorosa,83.3995746905571,-37.9206809997559,136.104415893555,-131.897918701172
303,78.1479484587908,116,vehicle.mitsubishi.fusorosa,81.3941733464895,-37.9207000732422,136.104415893555,-131.897552490234
303,78.1589269600809,116,vehicle.mitsubishi.fusorosa,78.4903914500128,-37.9207077026367,136.104431152344,-131.897308349609
303,78.1710695587099,116,vehicle.mitsubishi.fusorosa,85.338520306228,-37.9207229614258,136.104431152344,-131.897018432617
303,78.1830772608519,116,vehicle.mitsubishi.fusorosa,84.4937863367167,-37.9207344055176,136.104446411133,-131.896621704102
303,78.1953270584345,116,vehicle.mitsubishi.fusorosa,82.4920659102827,-37.9207496643066,136.104476928711,-131.896102905273
303,78.2064158581197,116,vehicle.mitsubishi.fusorosa,82.6680811540588,-37.920768737793,136.104476928711,-131.895523071289
303,78.2200199589133,116,vehicle.mitsubishi.fusorosa,93.3557319451905,-37.9207801818848,136.104476928711,-131.895233154297
304,78.2321912609041,116,vehicle.mitsubishi.fusorosa,85.4706021935316,-37.9207954406738,136.104476928711,-131.894805908203
304,78.2458759583533,116,vehicle.mitsubishi.fusorosa,91.6949388945986,-37.9208106994629,136.104507446289,-131.894470214844
304,78.2574627585709,116,vehicle.mitsubishi.fusorosa,82.1333537801934,-37.920825958252,136.1044921875,-131.89387512207
304,78.268820758909,116,vehicle.mitsubishi.fusorosa,81.361688570932,-37.9208450317383,136.104522705078,-131.893508911133
304,78.2813833579421,116,vehicle.mitsubishi.fusorosa,88.131369673388,-37.9208602905273,136.104522705078,-131.893157958984
304,78.2931158579886,116,vehicle.mitsubishi.fusorosa,82.8865604621069,-37.9208717346191,136.104522705078,-131.892715454102
304,78.3047415576875,116,vehicle.mitsubishi.fusorosa,81.1121249529009,-37.9208869934082,136.104537963867,-131.89241027832
304,78.3168699592352,116,vehicle.mitsubishi.fusorosa,84.4691654015995,-37.9208984375,136.104553222656,-131.892059326172
304,78.3289502598345,116,vehicle.mitsubishi.fusorosa,84.0113870400205,-37.9209060668945,136.104553222656,-131.891708374023
305,78.3409249596298,116,vehicle.mitsubishi.fusorosa,84.1602604674567,-37.9209251403809,136.104568481445,-131.891342163086
305,78.3532356582582,116,vehicle.mitsubishi.fusorosa,87.8951106715618,-37.9209442138672,136.104568481445,-131.890884399414
305,78.3653060607612,116,vehicle.mitsubishi.fusorosa,83.7177751342131,-37.9209518432617,136.104583740234,-131.890365600586
305,78.3776133581996,116,vehicle.mitsubishi.fusorosa,85.3352224303749,-37.9209671020508,136.104583740234,-131.890045166016
305,78.389416359365,116,vehicle.mitsubishi.fusorosa,82.4776614510861,-37.9209823608398,136.104598999023,-131.889602661133
305,78.4016399607062,116,vehicle.mitsubishi.fusorosa,85.5324491589065,-37.9209976196289,136.104598999023,-131.88932800293
305,78.4133721590042,116,vehicle.mitsubishi.fusorosa,82.5733524479944,-37.921012878418,136.104614257812,-131.888824462891
305,78.4251633584499,116,vehicle.mitsubishi.fusorosa,82.5898157990691,-37.921028137207,136.104614257812,-131.888534545898
305,78.4374826587737,116,vehicle.mitsubishi.fusorosa,86.139116409557,-37.9210433959961,136.104629516602,-131.888153076172
306,78.4501118585467,116,vehicle.mitsubishi.fusorosa,86.8708005829658,-37.9210510253906,136.104629516602,-131.887710571289
306,78.46843495965,116,vehicle.mitsubishi.fusorosa,122.552979563768,-37.9210662841797,136.104644775391,-131.887359619141
306,78.4803688600659,116,vehicle.mitsubishi.fusorosa,84.0257502896183,-37.9210777282715,136.10466003418,-131.886520385742
306,78.492235660553,116,vehicle.mitsubishi.fusorosa,79.4293351847821,-37.9211044311523,136.104721069336,-131.886215209961
306,78.5034250579774,116,vehicle.mitsubishi.fusorosa,82.374517221993,-37.9211273193359,136.104690551758,-131.885818481445
306,78.514946360141,116,vehicle.mitsubishi.fusorosa,78.6263022082638,-37.921142578125,136.104721069336,-131.88542175293
306,78.5262545607984,116,vehicle.mitsubishi.fusorosa,80.5952630993585,-37.9211616516113,136.104721069336,-131.885040283203
306,78.5395138598979,116,vehicle.mitsubishi.fusorosa,91.2229625168823,-37.9211730957031,136.104721069336,-131.884750366211
307,78.5527837574482,116,vehicle.mitsubishi.fusorosa,91.0127420810569,-37.9211845397949,136.104736328125,-131.884246826172
307,78.5654750578105,116,vehicle.mitsubishi.fusorosa,89.9518867291227,-37.9212036132812,136.104736328125,-131.883758544922
307,78.5780278593302,116,vehicle.mitsubishi.fusorosa,86.523652309609,-37.9212188720703,136.104751586914,-131.883331298828
307,78.5902935601771,116,vehicle.mitsubishi.fusorosa,84.9202913402382,-37.9212303161621,136.104766845703,-131.882858276367
307,78.6021998599172,116,vehicle.mitsubishi.fusorosa,80.8344400623771,-37.9212455749512,136.104782104492,-131.882476806641
307,78.6136271581054,116,vehicle.mitsubishi.fusorosa,81.3056414936502,-37.9212646484375,136.104782104492,-131.882019042969
307,78.62548545748,116,vehicle.mitsubishi.fusorosa,83.487678769832,-37.9212799072266,136.104782104492,-131.88166809082
307,78.6376533582807,116,vehicle.mitsubishi.fusorosa,85.2600038912328,-37.9212913513184,136.104797363281,-131.881362915039
307,78.6503753587604,116,vehicle.mitsubishi.fusorosa,87.5063643970659,-37.9213066101074,136.104797363281,-131.880844116211
308,78.6626722589135,116,vehicle.mitsubishi.fusorosa,85.2477940575504,-37.9213180541992,136.10481262207,-131.880477905273
308,78.6758651584387,116,vehicle.mitsubishi.fusorosa,90.1404813200758,-37.921329498291,136.104827880859,-131.880111694336
308,78.6878415606916,116,vehicle.mitsubishi.fusorosa,83.515791689346,-37.9213447570801,136.104827880859,-131.879608154297
308,78.6991042606533,116,vehicle.mitsubishi.fusorosa,81.5705029708101,-37.9213638305664,136.104843139648,-131.879272460938
308,78.7111325599253,116,vehicle.mitsubishi.fusorosa,84.5900788084667,-37.9213790893555,136.104843139648,-131.878890991211
308,78.7233881577849,116,vehicle.mitsubishi.fusorosa,85.8398572849258,-37.9213905334473,136.104843139648,-131.878509521484
308,78.7346973605454,116,vehicle.mitsubishi.fusorosa,81.9056906519783,-37.9214057922363,136.104858398438,-131.878158569336
308,78.7469981573522,116,vehicle.mitsubishi.fusorosa,85.0892832884192,-37.9214134216309,136.104873657227,-131.877838134766
308,78.7602382600307,116,vehicle.mitsubishi.fusorosa,91.8973692116887,-37.9214286804199,136.104873657227,-131.877365112305
309,78.7726385593414,116,vehicle.mitsubishi.fusorosa,86.4997822766452,-37.9214401245117,136.104873657227,-131.876922607422
309,78.7849273607135,116,vehicle.mitsubishi.fusorosa,87.3076408604108,-37.9214630126953,136.104904174805,-131.876541137695
309,78.7962492592633,116,vehicle.mitsubishi.fusorosa,81.3880192916991,-37.9214744567871,136.104904174805,-131.876037597656
309,78.8079823590815,116,vehicle.mitsubishi.fusorosa,82.482325461896,-37.9214897155762,136.104904174805,-131.875747680664
309,78.8198472596705,116,vehicle.mitsubishi.fusorosa,83.8140349790189,-37.921501159668,136.104919433594,-131.875381469727
309,78.832330159843,116,vehicle.mitsubishi.fusorosa,86.0251113164292,-37.9215126037598,136.104934692383,-131.874984741211
309,78.8440580591559,116,vehicle.mitsubishi.fusorosa,83.260591368495,-37.9215316772461,136.104934692383,-131.874603271484
309,78.8565054573119,116,vehicle.mitsubishi.fusorosa,86.8056593787609,-37.9215431213379,136.104934692383,-131.87419128418
309,78.8692304603755,116,vehicle.mitsubishi.fusorosa,88.8530988320477,-37.921558380127,136.104949951172,-131.873825073242
310,78.8823412582278,116,vehicle.mitsubishi.fusorosa,89.2701641246033,-37.9215660095215,136.104965209961,-131.873321533203
310,78.8953905589879,116,vehicle.mitsubishi.fusorosa,90.1319197770828,-37.9215850830078,136.104965209961,-131.872940063477
310,78.906746558845,116,vehicle.mitsubishi.fusorosa,83.2956228880766,-37.9216003417969,136.10498046875,-131.872512817383
310,78.918759457767,116,vehicle.mitsubishi.fusorosa,84.2961040384697,-37.9216156005859,136.10498046875,-131.872177124023
310,78.9313215576112,116,vehicle.mitsubishi.fusorosa,87.4456103957019,-37.9216270446777,136.104995727539,-131.871734619141
310,78.9427116587758,116,vehicle.mitsubishi.fusorosa,81.5537769647937,-37.9216384887695,136.105010986328,-131.871383666992
310,78.9543141573668,116,vehicle.mitsubishi.fusorosa,81.4890376713519,-37.9216575622559,136.105010986328,-131.871063232422
310,78.9658589586616,116,vehicle.mitsubishi.fusorosa,81.8417196556748,-37.9216728210449,136.105010986328,-131.870666503906
310,78.9788570590317,116,vehicle.mitsubishi.fusorosa,89.7780073914393,-37.9216842651367,136.105026245117,-131.870330810547
311,78.9922537580132,116,vehicle.mitsubishi.fusorosa,92.1799089796085,-37.9216918945312,136.105041503906,-131.86994934082
311,79.0048323608935,116,vehicle.mitsubishi.fusorosa,87.1542788271157,-37.9217109680176,136.105041503906,-131.869369506836
311,79.0168582573533,116,vehicle.mitsubishi.fusorosa,84.1020721939373,-37.9217262268066,136.105072021484,-131.86897277832
311,79.0286029577255,116,vehicle.mitsubishi.fusorosa,83.1548916978855,-37.9217414855957,136.105072021484,-131.868637084961
311,79.0402356609702,116,vehicle.mitsubishi.fusorosa,81.6613428421835,-37.9217529296875,136.105072021484,-131.868240356445
311,79.0520125590265,116,vehicle.mitsubishi.fusorosa,82.8873595676777,-37.9217681884766,136.105087280273,-131.867965698242
311,79.0635037608445,116,vehicle.mitsubishi.fusorosa,81.5822094907113,-37.9217834472656,136.105087280273,-131.867584228516
311,79.0752882584929,116,vehicle.mitsubishi.fusorosa,83.2152505526293,-37.9217948913574,136.105087280273,-131.867279052734
311,79.0879301577806,116,vehicle.mitsubishi.fusorosa,87.8363707154539,-37.9218063354492,136.105102539062,-131.866806030273
312,79.1008193604648,116,vehicle.mitsubishi.fusorosa,88.7457287668754,-37.921817779541,136.105117797852,-131.866455078125
312,79.1137988604605,116,vehicle.mitsubishi.fusorosa,88.6671539769724,-37.9218330383301,136.105133056641,-131.865982055664
312,79.1263355575502,116,vehicle.mitsubishi.fusorosa,87.465971049284,-37.9218482971191,136.105133056641,-131.865509033203
312,79.1382089592516,116,vehicle.mitsubishi.fusorosa,83.7265616447346,-37.9218635559082,136.10514831543,-131.865142822266
312,79.1511378586292,116,vehicle.mitsubishi.fusorosa,89.8497598089858,-37.9218788146973,136.10514831543,-131.864700317383
312,79.164110660553,116,vehicle.mitsubishi.fusorosa,89.6891060251054,-37.9218940734863,136.105163574219,-131.864288330078
312,79.176778357476,116,vehicle.mitsubishi.fusorosa,87.0330801444629,-37.9219093322754,136.105178833008,-131.863891601562
312,79.1892585605383,116,vehicle.mitsubishi.fusorosa,87.2994574135669,-37.9219284057617,136.105178833008,-131.863418579102
313,79.2036090604961,116,vehicle.mitsubishi.fusorosa,98.4080230556959,-37.9219436645508,136.105194091797,-131.863021850586
313,79.216246958822,116,vehicle.mitsubishi.fusorosa,87.6215809076939,-37.9219589233398,136.105209350586,-131.862503051758
313,79.2282894589007,116,vehicle.mitsubishi.fusorosa,82.9618048640503,-37.9219779968262,136.105224609375,-131.861999511719
313,79.2398108579218,116,vehicle.mitsubishi.fusorosa,83.1912758241379,-37.9219970703125,136.105224609375,-131.861663818359
313,79.2518613599241,116,vehicle.mitsubishi.fusorosa,84.9781617110278,-37.9220123291016,136.105224609375,-131.861297607422
313,79.2633052580059,116,vehicle.mitsubishi.fusorosa,83.0249768696209,-37.9220237731934,136.105239868164,-131.860900878906
313,79.2751959599555,116,vehicle.mitsubishi.fusorosa,83.4231026616634,-37.9220352172852,136.105255126953,-131.860534667969
313,79.2869773581624,116,vehicle.mitsubishi.fusorosa,82.4607445784836,-37.922046661377,136.105255126953,-131.860229492188
313,79.2985474579036,116,vehicle.mitsubishi.fusorosa,82.0985197765031,-37.9220581054688,136.105270385742,-131.859848022461
313,79.3116578608751,116,vehicle.mitsubishi.fusorosa,90.9322992658622,-37.9220771789551,136.105270385742,-131.859451293945
314,79.3247869573534,116,vehicle.mitsubishi.fusorosa,90.9921323008188,-37.9220848083496,136.105270385742,-131.859069824219
314,79.3384587578475,116,vehicle.mitsubishi.fusorosa,94.0284118038758,-37.9221000671387,136.105285644531,-131.858581542969
314,79.3502891585231,116,vehicle.mitsubishi.fusorosa,83.9915367445902,-37.922119140625,136.10530090332,-131.858062744141
314,79.3618992604315,116,vehicle.mitsubishi.fusorosa,78.9383864499327,-37.9221305847168,136.105331420898,-131.857757568359
314,79.3731912598014,116,vehicle.mitsubishi.fusorosa,83.226547887721,-37.9221534729004,136.105316162109,-131.857238769531
314,79.3851287588477,116,vehicle.mitsubishi.fusorosa,83.9086244292618,-37.9221687316895,136.105331420898,-131.856842041016
314,79.3971354588866,116,vehicle.mitsubishi.fusorosa,84.3875436810111,-37.9221801757812,136.105331420898,-131.856460571289
314,79.4092079587281,116,vehicle.mitsubishi.fusorosa,84.2303941012052,-37.9221954345703,136.105346679688,-131.85612487793
314,79.4223545603454,116,vehicle.mitsubishi.fusorosa,90.3248072765152,-37.9222068786621,136.105361938477,-131.855651855469
315,79.4354230575264,116,vehicle.mitsubishi.fusorosa,90.6506394844267,-37.9222221374512,136.105361938477,-131.855178833008
315,79.4480217583477,116,vehicle.mitsubishi.fusorosa,86.3477779104901,-37.922233581543,136.105377197266,-131.854782104492
315,79.4606199599802,116,vehicle.mitsubishi.fusorosa,87.0008205661096,-37.922248840332,136.105392456055,-131.854309082031
315,79.4726215600967,116,vehicle.mitsubishi.fusorosa,83.9210147283644,-37.9222640991211,136.105392456055,-131.853973388672
315,79.4843847602606,116,vehicle.mitsubishi.fusorosa,82.3195220139612,-37.9222793579102,136.105407714844,-131.853591918945
315,79.4964469596744,116,vehicle.mitsubishi.fusorosa,84.8149372536715,-37.9222946166992,136.105407714844,-131.853225708008
315,79.5080998577178,116,vehicle.mitsubishi.fusorosa,82.8964813759137,-37.9223098754883,136.105422973633,-131.852813720703
315,79.5202792584896,116,vehicle.mitsubishi.fusorosa,85.010863101135,-37.9223213195801,136.105422973633,-131.852416992188
315,79.5326835587621,116,vehicle.mitsubishi.fusorosa,86.2595382124172,-37.9223327636719,136.105438232422,-131.852066040039
316,79.5454826578498,116,vehicle.mitsubishi.fusorosa,85.9208499641975,-37.9223480224609,136.105453491211,-131.851623535156
316,79.5592086575925,116,vehicle.mitsubishi.fusorosa,94.1343091052144,-37.92236328125,136.105453491211,-131.851150512695
316,79.5716437585652,116,vehicle.mitsubishi.fusorosa,86.0321880413007,-37.9223785400391,136.10546875,-131.850738525391
316,79.5837537609041,116,vehicle.mitsubishi.fusorosa,83.6879745399894,-37.9223976135254,136.105484008789,-131.850234985352
316,79.5960712581873,116,vehicle.mitsubishi.fusorosa,85.6576553594151,-37.9224128723145,136.105484008789,-131.849853515625
316,79.6087482608855,116,vehicle.mitsubishi.fusorosa,87.4346997394139,-37.9224243164062,136.105499267578,-131.84944152832
316,79.6205470599234,116,vehicle.mitsubishi.fusorosa,83.7960216202202,-37.9224433898926,136.105499267578,-131.849029541016
316,79.6350584588945,116,vehicle.mitsubishi.fusorosa,98.8490478447835,-37.9224586486816,136.105514526367,-131.848678588867
317,79.6475709602237,116,vehicle.mitsubishi.fusorosa,87.721652458138,-37.9224739074707,136.105514526367,-131.848114013672
317,79.6596991606057,116,vehicle.mitsubishi.fusorosa,82.7206413074128,-37.9224815368652,136.105545043945,-131.847778320312
317,79.6714886575937,116,vehicle.mitsubishi.fusorosa,83.8308830755477,-37.9225006103516,136.105529785156,-131.847457885742
317,79.6833523586392,116,vehicle.mitsubishi.fusorosa,83.3938607438468,-37.9225196838379,136.105560302734,-131.846939086914
317,79.6951704584062,116,vehicle.mitsubishi.fusorosa,83.5933592269451,-37.922534942627,136.105560302734,-131.846572875977
317,79.7063835598528,116,vehicle.mitsubishi.fusorosa,81.5781984506701,-37.9225463867188,136.105560302734,-131.846267700195
317,79.7180431596935,116,vehicle.mitsubishi.fusorosa,82.5215569547553,-37.9225616455078,136.105575561523,-131.845886230469
317,79.7299260608852,116,vehicle.mitsubishi.fusorosa,83.3536668453055,-37.9225730895996,136.105575561523,-131.845504760742
317,79.7433880604804,116,vehicle.mitsubishi.fusorosa,92.4057984917311,-37.9225845336914,136.105590820312,-131.845138549805
318,79.7563034594059,116,vehicle.mitsubishi.fusorosa,88.4632079827761,-37.9225959777832,136.105606079102,-131.844604492188
318,79.7694804593921,116,vehicle.mitsubishi.fusorosa,90.9513609717256,-37.9226188659668,136.105606079102,-131.844192504883
318,79.7812491580844,116,vehicle.mitsubishi.fusorosa,83.5573721806624,-37.9226341247559,136.105621337891,-131.843673706055
318,79.7941999584436,116,vehicle.mitsubishi.fusorosa,89.3241455458642,-37.9226493835449,136.10563659668,-131.843215942383
318,79.8076251596212,116,vehicle.mitsubishi.fusorosa,92.3891911688797,-37.9226608276367,136.10563659668,-131.842788696289
318,79.8201886601746,116,vehicle.mitsubishi.fusorosa,86.288314503866,-37.9226760864258,136.105651855469,-131.842376708984
318,79.8332429602742,116,vehicle.mitsubishi.fusorosa,90.4995885967854,-37.9226951599121,136.105667114258,-131.841979980469
318,79.8457940593362,116,vehicle.mitsubishi.fusorosa,87.8952481088716,-37.9227142333984,136.105667114258,-131.841491699219
318,79.8607140593231,116,vehicle.mitsubishi.fusorosa,101.644596740075,-37.9227294921875,136.105682373047,-131.841094970703
319,79.8742624595761,116,vehicle.mitsubishi.fusorosa,93.9278248348107,-37.9227447509766,136.105697631836,-131.840423583984
319,79.8883773609996,116,vehicle.mitsubishi.fusorosa,96.1809046063084,-37.9227638244629,136.105712890625,-131.840072631836
319,79.9015706591308,116,vehicle.mitsubishi.fusorosa,91.6326108412206,-37.9227828979492,136.105712890625,-131.839508056641
319,79.9138510599732,116,vehicle.mitsubishi.fusorosa,85.4267925164073,-37.9228019714355,136.105743408203,-131.839050292969
319,79.9273349605501,116,vehicle.mitsubishi.fusorosa,92.0061519621134,-37.9228172302246,136.105743408203,-131.838714599609
319,79.9410872608423,116,vehicle.mitsubishi.fusorosa,95.0953336803818,-37.9228363037109,136.105743408203,-131.838272094727
319,79.9530944600701,116,vehicle.mitsubishi.fusorosa,86.5590034355941,-37.9228515625,136.105758666992,-131.837814331055
319,79.967843759805,116,vehicle.mitsubishi.fusorosa,100.977462697195,-37.9228668212891,136.105773925781,-131.837478637695
320,79.9808549582958,116,vehicle.mitsubishi.fusorosa,91.1921720653395,-37.9228782653809,136.105773925781,-131.836898803711
320,79.9956425577402,116,vehicle.mitsubishi.fusorosa,98.370650890636,-37.9229011535645,136.105819702148,-131.836563110352
320,80.0081767588854,116,vehicle.mitsubishi.fusorosa,87.4216632336856,-37.9229202270508,136.105819702148,-131.835876464844
320,80.0206933580339,116,vehicle.mitsubishi.fusorosa,86.028649506608,-37.9229431152344,136.105850219727,-131.835372924805
320,80.0337952598929,116,vehicle.mitsubishi.fusorosa,88.7461171493527,-37.9229621887207,136.105850219727,-131.834884643555
320,80.0459699593484,116,vehicle.mitsubishi.fusorosa,87.7434239784608,-37.922981262207,136.105850219727,-131.834335327148
320,80.0583054609597,116,vehicle.mitsubishi.fusorosa,86.1645775450059,-37.9229965209961,136.105865478516,-131.833923339844
320,80.0703311599791,116,vehicle.mitsubishi.fusorosa,85.9198534575734,-37.9230155944824,136.105865478516,-131.833450317383
320,80.0835838578641,116,vehicle.mitsubishi.fusorosa,91.8949770702834,-37.9230270385742,136.105880737305,-131.833129882812
321,80.0965593606234,116,vehicle.mitsubishi.fusorosa,90.2774179699375,-37.9230422973633,136.105880737305,-131.832595825195
321,80.1101788580418,116,vehicle.mitsubishi.fusorosa,93.5124797290711,-37.9230575561523,136.105895996094,-131.83219909668
321,80.1228792592883,116,vehicle.mitsubishi.fusorosa,89.2222832140186,-37.9230690002441,136.105911254883,-131.831588745117
321,80.1358378604054,116,vehicle.mitsubishi.fusorosa,89.183715093094,-37.9230880737305,136.105926513672,-131.831085205078
321,80.1478869579732,116,vehicle.mitsubishi.fusorosa,86.1350863856954,-37.9231033325195,136.105926513672,-131.830673217773
321,80.1600758582354,116,vehicle.mitsubishi.fusorosa,85.9261859295965,-37.9231224060059,136.105941772461,-131.83024597168
321,80.1735841594636,116,vehicle.mitsubishi.fusorosa,93.4776284452339,-37.9231376647949,136.105941772461,-131.829849243164
321,80.1866832599044,116,vehicle.mitsubishi.fusorosa,90.9326791805229,-37.9231491088867,136.105941772461,-131.829376220703
322,80.1990023590624,116,vehicle.mitsubishi.fusorosa,87.0601704648758,-37.9231643676758,136.10595703125,-131.828857421875
322,80.2119460590184,116,vehicle.mitsubishi.fusorosa,89.665657231239,-37.9231834411621,136.105972290039,-131.82844543457
322,80.2239987589419,116,vehicle.mitsubishi.fusorosa,85.7699298645609,-37.9231986999512,136.105987548828,-131.828033447266
322,80.2377765588462,116,vehicle.mitsubishi.fusorosa,93.9937908925498,-37.923210144043,136.105987548828,-131.827621459961
322,80.250848159194,116,vehicle.mitsubishi.fusorosa,91.7366245407942,-37.9232292175293,136.105987548828,-131.827117919922
322,80.2637842595577,116,vehicle.mitsubishi.fusorosa,89.3881956045698,-37.9232444763184,136.106018066406,-131.82666015625
322,80.2759748585522,116,vehicle.mitsubishi.fusorosa,85.7012159098834,-37.9232597351074,136.106018066406,-131.826217651367
322,80.2879899591208,116,vehicle.mitsubishi.fusorosa,84.54848950482,-37.9232788085938,136.106033325195,-131.825805664062
322,80.3015489578247,116,vehicle.mitsubishi.fusorosa,94.2015435319154,-37.9232940673828,136.106033325195,-131.825378417969
323,80.314774658531,116,vehicle.mitsubishi.fusorosa,91.8794042216972,-37.9233093261719,136.106048583984,-131.824905395508
323,80.3292061574757,116,vehicle.mitsubishi.fusorosa,98.2680927895872,-37.9233283996582,136.106063842773,-131.824371337891
323,80.342072557658,116,vehicle.mitsubishi.fusorosa,88.8375239352741,-37.92333984375,136.106063842773,-131.823867797852
323,80.354425560683,116,vehicle.mitsubishi.fusorosa,87.0304732070196,-37.9233665466309,136.106079101562,-131.823333740234
323,80.366159260273,116,vehicle.mitsubishi.fusorosa,86.0138464934439,-37.9233818054199,136.106094360352,-131.82292175293
323,80.3789260573685,116,vehicle.mitsubishi.fusorosa,87.9191455934725,-37.9233932495117,136.106094360352,-131.822448730469
323,80.3905558586121,116,vehicle.mitsubishi.fusorosa,89.5356564615916,-37.923412322998,136.106109619141,-131.822036743164
323,80.4042064584792,116,vehicle.mitsubishi.fusorosa,91.3760151152643,-37.9234237670898,136.10612487793,-131.821762084961
324,80.4163866601884,116,vehicle.mitsubishi.fusorosa,85.1526442272266,-37.9234428405762,136.10612487793,-131.8212890625
324,80.4290463589132,116,vehicle.mitsubishi.fusorosa,89.3482062157384,-37.9234657287598,136.106140136719,-131.820724487305
324,80.4411547593772,116,vehicle.mitsubishi.fusorosa,86.3103782937931,-37.9234771728516,136.106155395508,-131.820266723633
324,80.4528171606362,116,vehicle.mitsubishi.fusorosa,83.7440473652346,-37.9234962463379,136.106155395508,-131.819808959961
324,80.4650089591742,116,vehicle.mitsubishi.fusorosa,85.7538808736029,-37.923511505127,136.106155395508,-131.819427490234
324,80.4771445579827,116,vehicle.mitsubishi.fusorosa,85.7376428345703,-37.9235229492188,136.106170654297,-131.819046020508
324,80.4892772585154,116,vehicle.mitsubishi.fusorosa,84.654498380667,-37.9235382080078,136.106185913086,-131.818572998047
324,80.5005609579384,116,vehicle.mitsubishi.fusorosa,84.3912127740327,-37.9235496520996,136.106185913086,-131.818176269531
324,80.5134288594127,116,vehicle.mitsubishi.fusorosa,86.6671124129179,-37.9235610961914,136.106201171875,-131.817855834961
325,80.526198759675,116,vehicle.mitsubishi.fusorosa,89.5935095522344,-37.9235801696777,136.106201171875,-131.817245483398
325,80.5398679599166,116,vehicle.mitsubishi.fusorosa,93.4280516217986,-37.9235916137695,136.106216430664,-131.816818237305
325,80.552467558533,116,vehicle.mitsubishi.fusorosa,88.1775266452956,-37.9236106872559,136.106216430664,-131.816284179688
325,80.5638464577496,116,vehicle.mitsubishi.fusorosa,85.9171157321253,-37.9236259460449,136.106231689453,-131.81591796875
325,80.575143057853,116,vehicle.mitsubishi.fusorosa,78.5706006001869,-37.923641204834,136.106246948242,-131.815567016602
325,80.5877405591309,116,vehicle.mitsubishi.fusorosa,88.6222960676214,-37.9236602783203,136.106246948242,-131.815246582031
325,80.6001993604004,116,vehicle.mitsubishi.fusorosa,86.3032876961221,-37.9236717224121,136.106262207031,-131.814758300781
325,80.6125872582197,116,vehicle.mitsubishi.fusorosa,85.3128149897545,-37.9236869812012,136.10627746582,-131.814346313477
325,80.6260683573782,116,vehicle.mitsubishi.fusorosa,92.8453763797863,-37.9237060546875,136.10627746582,-131.813858032227
326,80.6396155580878,116,vehicle.mitsubishi.fusorosa,93.0184117652769,-37.9237213134766,136.106292724609,-131.813415527344
326,80.6527159586549,116,vehicle.mitsubishi.fusorosa,90.5839995387489,-37.9237403869629,136.106292724609,-131.812835693359
326,80.6654089577496,116,vehicle.mitsubishi.fusorosa,85.1573252885075,-37.9237518310547,136.106323242188,-131.812393188477
326,80.6784327588975,116,vehicle.mitsubishi.fusorosa,89.9809121472275,-37.9237747192383,136.106323242188,-131.811904907227
326,80.6915288604796,116,vehicle.mitsubishi.fusorosa,90.1861159943817,-37.9237899780273,136.106338500977,-131.811508178711
326,80.7040945589542,116,vehicle.mitsubishi.fusorosa,86.6428369470056,-37.9238014221191,136.106338500977,-131.811065673828
326,80.7166234590113,116,vehicle.mitsubishi.fusorosa,86.3823557937058,-37.9238204956055,136.106369018555,-131.810592651367
326,80.7290921583772,116,vehicle.mitsubishi.fusorosa,87.0804607535482,-37.9238395690918,136.106369018555,-131.810165405273
326,80.7420799583197,116,vehicle.mitsubishi.fusorosa,89.7941527249463,-37.9238548278809,136.106369018555,-131.809783935547
327,80.7550742588937,116,vehicle.mitsubishi.fusorosa,89.6383348346412,-37.9238662719727,136.106384277344,-131.809371948242
327,80.7673466578126,116,vehicle.mitsubishi.fusorosa,86.0385532551059,-37.9238815307617,136.106399536133,-131.808883666992
327,80.7788366600871,116,vehicle.mitsubishi.fusorosa,86.2623513632441,-37.923900604248,136.106414794922,-131.808486938477
327,80.7903194576502,116,vehicle.mitsubishi.fusorosa,81.2159135701082,-37.9239158630371,136.106414794922,-131.808074951172
327,80.8024129606783,116,vehicle.mitsubishi.fusorosa,84.9837142909766,-37.9239311218262,136.106430053711,-131.807708740234
327,80.8147173598409,116,vehicle.mitsubishi.fusorosa,85.2123397100356,-37.9239387512207,136.106430053711,-131.80729675293
327,80.8263120576739,116,vehicle.mitsubishi.fusorosa,83.7010453763356,-37.923957824707,136.106430053711,-131.806900024414
327,80.8387721590698,116,vehicle.mitsubishi.fusorosa,86.9627144345295,-37.9239730834961,136.1064453125,-131.806518554688
327,80.8512799590826,116,vehicle.mitsubishi.fusorosa,87.9003950261961,-37.9239845275879,136.1064453125,-131.806030273438
328,80.8636406585574,116,vehicle.mitsubishi.fusorosa,86.1512747473125,-37.923999786377,136.106460571289,-131.805603027344
328,80.8760284595191,116,vehicle.mitsubishi.fusorosa,85.926177346942,-37.9240112304688,136.106475830078,-131.805084228516
328,80.88796325773,116,vehicle.mitsubishi.fusorosa,84.1626096955896,-37.9240303039551,136.106475830078,-131.8046875
328,80.9001323580742,116,vehicle.mitsubishi.fusorosa,84.6590007950394,-37.9240455627441,136.106491088867,-131.804306030273
328,80.9119329601526,116,vehicle.mitsubishi.fusorosa,83.151080107085,-37.9240608215332,136.106506347656,-131.803924560547
328,80.923795260489,116,vehicle.mitsubishi.fusorosa,82.3009242307919,-37.924072265625,136.106506347656,-131.803466796875
328,80.935886759311,116,vehicle.mitsubishi.fusorosa,85.0189434412871,-37.9240875244141,136.106506347656,-131.803100585938
328,80.9486265592277,116,vehicle.mitsubishi.fusorosa,89.1230212851492,-37.9240989685059,136.106521606445,-131.802688598633
328,80.9610766582191,116,vehicle.mitsubishi.fusorosa,87.2950854426856,-37.9241142272949,136.106536865234,-131.802200317383
329,80.9736196585,116,vehicle.mitsubishi.fusorosa,87.0840747136196,-37.924129486084,136.106552124023,-131.801818847656
329,80.9854241609573,116,vehicle.mitsubishi.fusorosa,84.1793907197182,-37.9241485595703,136.106552124023,-131.801345825195
329,80.9969677589834,116,vehicle.mitsubishi.fusorosa,82.2572710896358,-37.9241600036621,136.106552124023,-131.801040649414
329,81.0085318572819,116,vehicle.mitsubishi.fusorosa,81.8420118104411,-37.9241752624512,136.106567382812,-131.800567626953
329,81.0205462574959,116,vehicle.mitsubishi.fusorosa,83.7777625421128,-37.924186706543,136.106582641602,-131.800262451172
329,81.0327161587775,116,vehicle.mitsubishi.fusorosa,85.4051585482322,-37.9242057800293,136.106582641602,-131.7998046875
329,81.0450876578689,116,vehicle.mitsubishi.fusorosa,87.0430198124145,-37.9242172241211,136.106582641602,-131.799407958984
329,81.0566974580288,116,vehicle.mitsubishi.fusorosa,83.2314112329336,-37.9242324829102,136.106597900391,-131.798980712891
329,81.069652557373,116,vehicle.mitsubishi.fusorosa,91.4731273800793,-37.9242477416992,136.10661315918,-131.798568725586
330,81.0822721607983,116,vehicle.mitsubishi.fusorosa,88.2746321459678,-37.9242630004883,136.10661315918,-131.798080444336
330,81.0975227579474,116,vehicle.mitsubishi.fusorosa,103.823404916477,-37.9242782592773,136.106628417969,-131.797698974609
330,81.1087627597153,116,vehicle.mitsubishi.fusorosa,82.4568280624797,-37.9242935180664,136.106643676758,-131.797134399414
330,81.1205347590148,116,vehicle.mitsubishi.fusorosa,81.0532476743211,-37.9243125915527,136.106674194336,-131.796844482422
330,81.132053758949,116,vehicle.mitsubishi.fusorosa,83.1903460454003,-37.9243316650391,136.106658935547,-131.796340942383
330,81.1442433595657,116,vehicle.mitsubishi.fusorosa,85.4158628762987,-37.9243507385254,136.106674194336,-131.795867919922
330,81.1559549607337,116,vehicle.mitsubishi.fusorosa,83.2282594918826,-37.9243659973145,136.106674194336,-131.795547485352
330,81.1677533574402,116,vehicle.mitsubishi.fusorosa,83.4622998239048,-37.924373626709,136.106689453125,-131.795181274414
330,81.179887060076,116,vehicle.mitsubishi.fusorosa,85.5570442312223,-37.9243850708008,136.106689453125,-131.794769287109
331,81.1927882581949,116,vehicle.mitsubishi.fusorosa,89.227129623598,-37.9244003295898,136.106719970703,-131.794387817383
331,81.2047936581075,116,vehicle.mitsubishi.fusorosa,84.1025446992858,-37.9244155883789,136.106719970703,-131.793930053711
331,81.2163428589702,116,vehicle.mitsubishi.fusorosa,81.653219473921,-37.9244270324707,136.106719970703,-131.79362487793
331,81.2275190576911,116,vehicle.mitsubishi.fusorosa,80.0404343700575,-37.9244422912598,136.106735229492,-131.793212890625
331,81.2396508604288,116,vehicle.mitsubishi.fusorosa,85.3470198372902,-37.9244575500488,136.106735229492,-131.792892456055
331,81.2515032589436,116,vehicle.mitsubishi.fusorosa,83.7298904438583,-37.9244689941406,136.106750488281,-131.79248046875
331,81.2627298608422,116,vehicle.mitsubishi.fusorosa,80.3858950835425,-37.9244804382324,136.106750488281,-131.792083740234
331,81.2747233584523,116,vehicle.mitsubishi.fusorosa,81.6504474178549,-37.9244918823242,136.106781005859,-131.791763305664
331,81.2877573594451,116,vehicle.mitsubishi.fusorosa,90.8322468140765,-37.9245147705078,136.10676574707,-131.791305541992
332,81.2999124601483,116,vehicle.mitsubishi.fusorosa,85.0705413037972,-37.9245262145996,136.106781005859,-131.790863037109
332,81.3118708580732,116,vehicle.mitsubishi.fusorosa,83.2047007123436,-37.9245376586914,136.106796264648,-131.790405273438
332,81.3237549588084,116,vehicle.mitsubishi.fusorosa,83.0153240662908,-37.9245491027832,136.106796264648,-131.790069580078
332,81.3347516581416,116,vehicle.mitsubishi.fusorosa,82.5218405268672,-37.9245681762695,136.106796264648,-131.789672851562
332,81.3466610573232,116,vehicle.mitsubishi.fusorosa,83.9094664481051,-37.9245834350586,136.106811523438,-131.789337158203
332,81.3590521588922,116,vehicle.mitsubishi.fusorosa,86.1823312611446,-37.9245948791504,136.106826782227,-131.788909912109
332,81.3711277581751,116,vehicle.mitsubishi.fusorosa,81.1009890994088,-37.9246063232422,136.106842041016,-131.788528442383
332,81.382925260812,116,vehicle.mitsubishi.fusorosa,83.0606717611372,-37.9246292114258,136.106842041016,-131.787994384766
332,81.3957939594984,116,vehicle.mitsubishi.fusorosa,89.2335498555155,-37.9246406555176,136.106857299805,-131.787643432617
333,81.4087835587561,116,vehicle.mitsubishi.fusorosa,89.0473885007285,-37.9246520996094,136.106857299805,-131.787216186523
333,81.421089258045,116,vehicle.mitsubishi.fusorosa,85.2065054913245,-37.9246673583984,136.106872558594,-131.786727905273
333,81.4325152598321,116,vehicle.mitsubishi.fusorosa,83.201626215183,-37.9246864318848,136.106887817383,-131.786376953125
333,81.4444097578526,116,vehicle.mitsubishi.fusorosa,84.1704236289388,-37.9247016906738,136.106887817383,-131.785934448242
333,81.4559816606343,116,vehicle.mitsubishi.fusorosa,81.3240912086679,-37.9247169494629,136.106903076172,-131.785507202148
333,81.4680058583617,116,vehicle.mitsubishi.fusorosa,83.0679684573539,-37.9247283935547,136.106918334961,-131.785186767578
333,81.4794767573476,116,vehicle.mitsubishi.fusorosa,81.9407393368689,-37.9247436523438,136.106918334961,-131.784866333008
333,81.4914351589978,116,vehicle.mitsubishi.fusorosa,83.6287259294033,-37.9247550964355,136.10693359375,-131.784530639648
333,81.5038606598973,116,vehicle.mitsubishi.fusorosa,85.8183176111121,-37.9247665405273,136.10693359375,-131.784088134766
334,81.5163115598261,116,vehicle.mitsubishi.fusorosa,86.3066354790664,-37.9247817993164,136.10693359375,-131.783721923828
334,81.5289987586439,116,vehicle.mitsubishi.fusorosa,87.5058042466609,-37.9247970581055,136.106948852539,-131.78337097168
334,81.5408282577991,116,vehicle.mitsubishi.fusorosa,82.2011209056622,-37.9248085021973,136.106964111328,-131.782913208008
334,81.5531982593238,116,vehicle.mitsubishi.fusorosa,85.7846025490719,-37.9248237609863,136.106964111328,-131.782516479492
334,81.5653510577977,116,vehicle.mitsubishi.fusorosa,84.5832374522897,-37.9248390197754,136.106979370117,-131.78205871582
334,81.5773855596781,116,vehicle.mitsubishi.fusorosa,84.3442427732028,-37.9248580932617,136.106994628906,-131.781661987305
334,81.5890524573624,116,vehicle.mitsubishi.fusorosa,82.0314227871119,-37.9248733520508,136.106994628906,-131.781341552734
334,81.6007099598646,116,vehicle.mitsubishi.fusorosa,81.1268576011555,-37.9248847961426,136.107009887695,-131.780883789062
334,81.6137246601284,116,vehicle.mitsubishi.fusorosa,90.5220666319912,-37.9249000549316,136.107009887695,-131.780502319336
335,81.6263562589884,116,vehicle.mitsubishi.fusorosa,88.4465143740282,-37.9249153137207,136.107025146484,-131.780059814453
335,81.6396244578063,116,vehicle.mitsubishi.fusorosa,91.0210630800485,-37.9249267578125,136.107040405273,-131.779663085938
335,81.652291957289,116,vehicle.mitsubishi.fusorosa,86.6849177398215,-37.9249420166016,136.107040405273,-131.779174804688
335,81.6640752591193,116,vehicle.mitsubishi.fusorosa,81.8921816409015,-37.9249572753906,136.107055664062,-131.778793334961
335,81.6758262589574,116,vehicle.mitsubishi.fusorosa,81.7692454912858,-37.9249725341797,136.107070922852,-131.778457641602
335,81.6879795603454,116,vehicle.mitsubishi.fusorosa,84.5516308447049,-37.9249877929688,136.107070922852,-131.778076171875
335,81.6998085603118,116,vehicle.mitsubishi.fusorosa,85.0828819254844,-37.9250106811523,136.107086181641,-131.777557373047
335,81.7120975591242,116,vehicle.mitsubishi.fusorosa,84.4282566351965,-37.9250183105469,136.10710144043,-131.777191162109
335,81.7247581593692,116,vehicle.mitsubishi.fusorosa,88.5432192725453,-37.9250373840332,136.10710144043,-131.776794433594
336,81.7365676574409,116,vehicle.mitsubishi.fusorosa,83.4995947450743,-37.925048828125,136.10710144043,-131.776382446289
336,81.7496541589499,116,vehicle.mitsubishi.fusorosa,90.1191049463733,-37.9250640869141,136.107131958008,-131.776016235352
336,81.7612864598632,116,vehicle.mitsubishi.fusorosa,81.7181907287098,-37.9250755310059,136.107131958008,-131.775482177734
336,81.7734734602273,116,vehicle.mitsubishi.fusorosa,84.7927875223616,-37.9250984191895,136.107131958008,-131.775131225586
336,81.7849368602037,116,vehicle.mitsubishi.fusorosa,81.7048517818869,-37.9251098632812,136.107147216797,-131.77473449707
336,81.7966384589672,116,vehicle.mitsubishi.fusorosa,82.1011438792554,-37.925121307373,136.107162475586,-131.774429321289
336,81.8086610585451,116,vehicle.mitsubishi.fusorosa,84.372106451223,-37.9251327514648,136.107162475586,-131.773986816406
336,81.8204586580396,116,vehicle.mitsubishi.fusorosa,83.6006302900361,-37.9251518249512,136.107162475586,-131.773651123047
336,81.8327590599656,116,vehicle.mitsubishi.fusorosa,84.5866281485064,-37.9251594543457,136.107177734375,-131.773254394531
337,81.8450528606772,116,vehicle.mitsubishi.fusorosa,88.0036938579079,-37.925178527832,136.107192993164,-131.772750854492
337,81.8574558608234,116,vehicle.mitsubishi.fusorosa,86.4929479142869,-37.9251937866211,136.107192993164,-131.772323608398
337,81.8695360608399,116,vehicle.mitsubishi.fusorosa,84.7867711345567,-37.9252090454102,136.107208251953,-131.771896362305
337,81.8811816573143,116,vehicle.mitsubishi.fusorosa,82.9850733073345,-37.9252243041992,136.107208251953,-131.771499633789
337,81.8925720602274,116,vehicle.mitsubishi.fusorosa,81.4933837794319,-37.925235748291,136.107223510742,-131.771118164062
337,81.9038574583828,116,vehicle.mitsubishi.fusorosa,79.9510157665909,-37.9252471923828,136.107238769531,-131.770721435547
337,81.9153404608369,116,vehicle.mitsubishi.fusorosa,79.9515227173953,-37.9252586364746,136.107238769531,-131.770385742188
337,81.9265047609806,116,vehicle.mitsubishi.fusorosa,80.5032907580493,-37.9252777099609,136.107238769531,-131.77001953125
337,81.9396779574454,116,vehicle.mitsubishi.fusorosa,93.1439565560097,-37.9252891540527,136.107269287109,-131.769638061523
338,81.952925760299,116,vehicle.mitsubishi.fusorosa,92.2780885753089,-37.9253044128418,136.10725402832,-131.769134521484
338,81.9651042595506,116,vehicle.mitsubishi.fusorosa,85.0043825609603,-37.9253196716309,136.107269287109,-131.768692016602
338,81.9769225604832,116,vehicle.mitsubishi.fusorosa,81.750020714987,-37.9253349304199,136.107284545898,-131.768295288086
338,81.9889226593077,116,vehicle.mitsubishi.fusorosa,84.8494875704121,-37.925350189209,136.107284545898,-131.767791748047
338,82.0007827579975,116,vehicle.mitsubishi.fusorosa,83.2653842339601,-37.925365447998,136.107299804688,-131.76741027832
338,82.0130850598216,116,vehicle.mitsubishi.fusorosa,85.7376428345703,-37.9253807067871,136.107315063477,-131.767074584961
338,82.0244661606848,116,vehicle.mitsubishi.fusorosa,80.8834205862777,-37.9253959655762,136.107315063477,-131.766723632812
338,82.0359618589282,116,vehicle.mitsubishi.fusorosa,79.8809939370266,-37.925407409668,136.107330322266,-131.766342163086
338,82.048821657896,116,vehicle.mitsubishi.fusorosa,89.7450930238057,-37.925422668457,136.107330322266,-131.765975952148
339,82.0620988607407,116,vehicle.mitsubishi.fusorosa,92.113889492593,-37.9254379272461,136.107345581055,-131.765563964844
339,82.0752204582095,116,vehicle.mitsubishi.fusorosa,90.5760996640168,-37.9254531860352,136.107360839844,-131.765060424805
339,82.086995460093,116,vehicle.mitsubishi.fusorosa,82.0443493071677,-37.925464630127,136.107376098633,-131.764663696289
339,82.0988287590444,116,vehicle.mitsubishi.fusorosa,82.1155328768167,-37.9254837036133,136.107376098633,-131.764251708984
339,82.1104272603989,116,vehicle.mitsubishi.fusorosa,81.0619036265136,-37.9254951477051,136.107391357422,-131.763870239258
339,82.1216704584658,116,vehicle.mitsubishi.fusorosa,81.1146803944173,-37.9255104064941,136.107391357422,-131.763488769531
339,82.1346017606556,116,vehicle.mitsubishi.fusorosa,89.2637952737749,-37.9255256652832,136.107406616211,-131.763107299805
339,82.1463541574776,116,vehicle.mitsubishi.fusorosa,82.2225041583455,-37.925537109375,136.107406616211,-131.762725830078
339,82.1589797586203,116,vehicle.mitsubishi.fusorosa,87.6515189392274,-37.9255523681641,136.107421875,-131.762359619141
339,82.1715263575315,116,vehicle.mitsubishi.fusorosa,87.4377446219121,-37.9255638122559,136.107421875,-131.761932373047
340,82.1842743605375,116,vehicle.mitsubishi.fusorosa,87.1941909720567,-37.9255790710449,136.107437133789,-131.761520385742
340,82.1971862576902,116,vehicle.mitsubishi.fusorosa,88.4218093160399,-37.925594329834,136.107452392578,-131.761108398438
340,82.2082017585635,116,vehicle.mitsubishi.fusorosa,88.3365477725786,-37.9256134033203,136.107452392578,-131.760620117188
340,82.2202864587307,116,vehicle.mitsubishi.fusorosa,83.5185445319157,-37.9256248474121,136.107467651367,-131.760482788086
340,82.2326046600938,116,vehicle.mitsubishi.fusorosa,86.0008461368451,-37.9256401062012,136.107467651367,-131.76008605957
340,82.2454282604158,116,vehicle.mitsubishi.fusorosa,88.5411468523815,-37.9256553649902,136.107482910156,-131.759689331055
340,82.2578134573996,116,vehicle.mitsubishi.fusorosa,86.5302186763287,-37.9256744384766,136.107482910156,-131.759170532227
340,82.2700400575995,116,vehicle.mitsubishi.fusorosa,85.2095436096798,-37.9256896972656,136.107513427734,-131.758712768555
340,82.2823317609727,116,vehicle.mitsubishi.fusorosa,84.7552074402445,-37.9257049560547,136.107513427734,-131.758255004883
341,82.2963098585606,116,vehicle.mitsubishi.fusorosa,95.2072455510137,-37.9257202148438,136.107528686523,-131.757827758789
341,82.3097975589335,116,vehicle.mitsubishi.fusorosa,92.8675172987659,-37.9257354736328,136.107528686523,-131.757293701172
341,82.3224157579243,116,vehicle.mitsubishi.fusorosa,85.5800618441768,-37.9257507324219,136.107559204102,-131.756851196289
341,82.3346656598151,116,vehicle.mitsubishi.fusorosa,85.5513303993499,-37.9257698059082,136.107559204102,-131.756454467773
341,82.3471661582589,116,vehicle.mitsubishi.fusorosa,87.5668932012259,-37.9257888793945,136.107559204102,-131.756042480469
341,82.3599651604891,116,vehicle.mitsubishi.fusorosa,89.2924358315877,-37.9258041381836,136.107574462891,-131.755599975586
341,82.3730343580246,116,vehicle.mitsubishi.fusorosa,89.676980429132,-37.9258193969727,136.10758972168,-131.755126953125
341,82.3867456577718,116,vehicle.mitsubishi.fusorosa,94.1920935346212,-37.9258346557617,136.10758972168,-131.754669189453
342,82.3994238600135,116,vehicle.mitsubishi.fusorosa,88.2170539299445,-37.9258499145508,136.107604980469,-131.754257202148
342,82.4121890589595,116,vehicle.mitsubishi.fusorosa,87.2323467810521,-37.9258651733398,136.107635498047,-131.753845214844
342,82.4237581603229,116,vehicle.mitsubishi.fusorosa,84.1418106376011,-37.9258842468262,136.107635498047,-131.75341796875
342,82.4359751604497,116,vehicle.mitsubishi.fusorosa,84.8572139735427,-37.9258995056152,136.107650756836,-131.753082275391
342,82.4472415596247,116,vehicle.mitsubishi.fusorosa,83.2860457398009,-37.9259147644043,136.107650756836,-131.752624511719
342,82.4597630575299,116,vehicle.mitsubishi.fusorosa,87.2875652529385,-37.9259300231934,136.107650756836,-131.75227355957
342,82.4718745574355,116,vehicle.mitsubishi.fusorosa,85.4734686587971,-37.9259414672852,136.107666015625,-131.751876831055
342,82.484352260828,116,vehicle.mitsubishi.fusorosa,86.2968433050769,-37.9259567260742,136.107681274414,-131.751525878906
342,82.4969294592738,116,vehicle.mitsubishi.fusorosa,87.5042471302801,-37.925968170166,136.107681274414,-131.750991821289
343,82.5095280595124,116,vehicle.mitsubishi.fusorosa,89.3144565934044,-37.9259872436523,136.107696533203,-131.75048828125
343,82.5224423594773,116,vehicle.mitsubishi.fusorosa,89.6854731960513,-37.9260025024414,136.107696533203,-131.750045776367
343,82.5345309600234,116,vehicle.mitsubishi.fusorosa,85.546939444648,-37.9260177612305,136.107711791992,-131.749557495117
343,82.5467963591218,116,vehicle.mitsubishi.fusorosa,86.1958336229165,-37.9260368347168,136.107727050781,-131.749130249023
343,82.55851745978,116,vehicle.mitsubishi.fusorosa,83.8881864169514,-37.9260482788086,136.107727050781,-131.748657226562
343,82.5705360583961,116,vehicle.mitsubishi.fusorosa,83.8930909717627,-37.9260635375977,136.107757568359,-131.748245239258
343,82.582402959466,116,vehicle.mitsubishi.fusorosa,82.9363848233623,-37.9260787963867,136.107757568359,-131.747863769531
343,82.593456659466,116,vehicle.mitsubishi.fusorosa,83.3929929770401,-37.926097869873,136.107757568359,-131.747436523438
343,82.606117259711,116,vehicle.mitsubishi.fusorosa,87.2634445044828,-37.9261054992676,136.107772827148,-131.747161865234
344,82.6181944608688,116,vehicle.mitsubishi.fusorosa,85.1078963035481,-37.9261207580566,136.107757568359,-131.746658325195
344,82.6311505585909,116,vehicle.mitsubishi.fusorosa,89.7722504166187,-37.9261360168457,136.107772827148,-131.74626159668
344,82.6429350599647,116,vehicle.mitsubishi.fusorosa,83.6653504848194,-37.9261474609375,136.107788085938,-131.745834350586
344,82.6542584598064,116,vehicle.mitsubishi.fusorosa,80.4258587244104,-37.9261627197266,136.107803344727,-131.745346069336
344,82.6660496592522,116,vehicle.mitsubishi.fusorosa,82.8405907197622,-37.9261741638184,136.107803344727,-131.745010375977
344,82.6786530576646,116,vehicle.mitsubishi.fusorosa,87.0338121776336,-37.9261894226074,136.107818603516,-131.744644165039
344,82.6913726590574,116,vehicle.mitsubishi.fusorosa,88.9903085380173,-37.9262084960938,136.107818603516,-131.744186401367
344,82.7040438577533,116,vehicle.mitsubishi.fusorosa,87.3277008914099,-37.9262237548828,136.107833862305,-131.74365234375
345,82.7173187583685,116,vehicle.mitsubishi.fusorosa,90.3056597441069,-37.9262351989746,136.107849121094,-131.743209838867
345,82.7312601581216,116,vehicle.mitsubishi.fusorosa,95.5984888921183,-37.9262580871582,136.107849121094,-131.742736816406
345,82.7441826574504,116,vehicle.mitsubishi.fusorosa,89.2223004941655,-37.9262733459473,136.107864379883,-131.742218017578
345,82.7572335600853,116,vehicle.mitsubishi.fusorosa,89.7969812225705,-37.9262924194336,136.107879638672,-131.741836547852
345,82.7685469575226,116,vehicle.mitsubishi.fusorosa,86.7029295097844,-37.9263076782227,136.107894897461,-131.74137878418
345,82.7805488593876,116,vehicle.mitsubishi.fusorosa,83.1580590154097,-37.9263229370117,136.107894897461,-131.741195678711
345,82.7921345606446,116,vehicle.mitsubishi.fusorosa,80.8150089578568,-37.9263343811035,136.10791015625,-131.740783691406
345,82.8043628595769,116,vehicle.mitsubishi.fusorosa,84.1920836895911,-37.9263496398926,136.10791015625,-131.740386962891
345,82.8171952590346,116,vehicle.mitsubishi.fusorosa,88.3926619222605,-37.9263648986816,136.107925415039,-131.739959716797
346,82.8295325599611,116,vehicle.mitsubishi.fusorosa,87.5552779634043,-37.926383972168,136.107940673828,-131.739395141602
346,82.8413435593247,116,vehicle.mitsubishi.fusorosa,82.9988934569983,-37.9263954162598,136.107940673828,-131.738967895508
346,82.854672960937,116,vehicle.mitsubishi.fusorosa,91.7792536088511,-37.9264106750488,136.107955932617,-131.738555908203
346,82.8667189590633,116,vehicle.mitsubishi.fusorosa,85.3632081989074,-37.9264297485352,136.107955932617,-131.738082885742
346,82.8780824579298,116,vehicle.mitsubishi.fusorosa,80.0280267908081,-37.926441192627,136.107986450195,-131.737655639648
346,82.8904744572937,116,vehicle.mitsubishi.fusorosa,87.2542712003198,-37.9264602661133,136.107986450195,-131.737289428711
346,82.9031869582832,116,vehicle.mitsubishi.fusorosa,88.6512355443434,-37.9264755249023,136.107971191406,-131.736785888672
346,82.9142780601978,116,vehicle.mitsubishi.fusorosa,89.4681124851396,-37.9264907836914,136.108001708984,-131.736282348633
346,82.9268242605031,116,vehicle.mitsubishi.fusorosa,86.1132564904648,-37.9265022277832,136.108016967773,-131.736083984375
347,82.9389431588352,116,vehicle.mitsubishi.fusorosa,84.6083567555567,-37.9265174865723,136.108016967773,-131.735610961914
347,82.9511710591614,116,vehicle.mitsubishi.fusorosa,83.6379353826959,-37.9265365600586,136.108032226562,-131.73518371582
347,82.9642480574548,116,vehicle.mitsubishi.fusorosa,90.3575687452039,-37.9265518188477,136.108032226562,-131.734664916992
347,82.97620216012,116,vehicle.mitsubishi.fusorosa,83.4484024303506,-37.9265670776367,136.108047485352,-131.734146118164
347,82.9885305576026,116,vehicle.mitsubishi.fusorosa,85.6892121747466,-37.926586151123,136.108047485352,-131.733749389648
347,83.0003688596189,116,vehicle.mitsubishi.fusorosa,83.341377949221,-37.9266014099121,136.108062744141,-131.733352661133
347,83.0128628574312,116,vehicle.mitsubishi.fusorosa,86.177796219828,-37.9266166687012,136.10807800293,-131.732971191406
347,83.0251515582204,116,vehicle.mitsubishi.fusorosa,84.717515668781,-37.926628112793,136.10807800293,-131.732482910156
347,83.0373262576759,116,vehicle.mitsubishi.fusorosa,83.6767700252613,-37.926643371582,136.108108520508,-131.732086181641
347,83.0502763576806,116,vehicle.mitsubishi.fusorosa,89.447822311305,-37.9266624450684,136.108108520508,-131.731658935547
348,83.0637872591615,116,vehicle.mitsubishi.fusorosa,92.7268465316699,-37.9266777038574,136.108108520508,-131.73127746582
348,83.0765556581318,116,vehicle.mitsubishi.fusorosa,87.8953770783647,-37.9266929626465,136.108123779297,-131.730743408203
348,83.0892699584365,116,vehicle.mitsubishi.fusorosa,86.9597019492998,-37.9267120361328,136.108139038086,-131.730117797852
348,83.1014850586653,116,vehicle.mitsubishi.fusorosa,84.9053715772586,-37.9267272949219,136.108154296875,-131.729751586914
348,83.1135849580169,116,vehicle.mitsubishi.fusorosa,83.5051197585479,-37.9267425537109,136.108154296875,-131.729309082031
348,83.125594060868,116,vehicle.mitsubishi.fusorosa,83.2441728640424,-37.9267578125,136.108169555664,-131.728942871094
348,83.1376317590475,116,vehicle.mitsubishi.fusorosa,85.0014319728236,-37.9267730712891,136.108169555664,-131.728530883789
348,83.1508417576551,116,vehicle.mitsubishi.fusorosa,91.7884801126147,-37.9267883300781,136.108184814453,-131.728057861328
349,83.1638310588896,116,vehicle.mitsubishi.fusorosa,90.533254211086,-37.9267997741699,136.108184814453,-131.727630615234
349,83.1767062582076,116,vehicle.mitsubishi.fusorosa,90.5053559727721,-37.9268226623535,136.108215332031,-131.727111816406
349,83.1884262599051,116,vehicle.mitsubishi.fusorosa,82.3406042995479,-37.9268341064453,136.108215332031,-131.726684570312
349,83.2000044584274,116,vehicle.mitsubishi.fusorosa,81.0087763289359,-37.9268531799316,136.10823059082,-131.726318359375
349,83.2115413583815,116,vehicle.mitsubishi.fusorosa,80.9308871367458,-37.9268646240234,136.108245849609,-131.725921630859
349,83.2239880599082,116,vehicle.mitsubishi.fusorosa,87.6086217606939,-37.9268798828125,136.108245849609,-131.725448608398
349,83.2356048598886,116,vehicle.mitsubishi.fusorosa,82.5836187161683,-37.9268951416016,136.108261108398,-131.725021362305
349,83.2484573572874,116,vehicle.mitsubishi.fusorosa,89.1800066089853,-37.9269142150879,136.108261108398,-131.724624633789
349,83.2600236609578,116,vehicle.mitsubishi.fusorosa,83.2660715353467,-37.926929473877,136.108261108398,-131.724212646484
349,83.2735363580287,116,vehicle.mitsubishi.fusorosa,92.6313358853438,-37.9269409179688,136.108276367188,-131.723831176758
350,83.2860909588635,116,vehicle.mitsubishi.fusorosa,87.4939635819594,-37.9269561767578,136.108291625977,-131.723236083984
350,83.2989500574768,116,vehicle.mitsubishi.fusorosa,87.4951099752467,-37.9269714355469,136.108306884766,-131.72282409668
350,83.3115298599005,116,vehicle.mitsubishi.fusorosa,87.8695686551994,-37.9269905090332,136.108291625977,-131.722381591797
350,83.324301160872,116,vehicle.mitsubishi.fusorosa,89.1062590151654,-37.9270057678223,136.108322143555,-131.721908569336
350,83.3375455588102,116,vehicle.mitsubishi.fusorosa,91.8930422022672,-37.9270248413086,136.108322143555,-131.721481323242
350,83.3505494594574,116,vehicle.mitsubishi.fusorosa,90.5006404660354,-37.9270401000977,136.108337402344,-131.720977783203
350,83.3636849597096,116,vehicle.mitsubishi.fusorosa,87.7180386129045,-37.9270553588867,136.108367919922,-131.720520019531
350,83.3773949593306,116,vehicle.mitsubishi.fusorosa,94.3407074342353,-37.9270782470703,136.108367919922,-131.719985961914
351,83.3920222595334,116,vehicle.mitsubishi.fusorosa,98.7670118789162,-37.9270896911621,136.108383178711,-131.719528198242
351,83.4050491601229,116,vehicle.mitsubishi.fusorosa,89.6864888013338,-37.9271087646484,136.108383178711,-131.719009399414
351,83.4193096607924,116,vehicle.mitsubishi.fusorosa,97.4532279606977,-37.927131652832,136.1083984375,-131.718551635742
351,83.4325975589454,116,vehicle.mitsubishi.fusorosa,91.5407142698038,-37.9271469116211,136.108413696289,-131.717895507812
351,83.445894960314,116,vehicle.mitsubishi.fusorosa,90.6592867391268,-37.9271659851074,136.108428955078,-131.717575073242
351,83.4586217589676,116,vehicle.mitsubishi.fusorosa,87.6379137004395,-37.9271850585938,136.108444213867,-131.717056274414
351,83.4716709591448,116,vehicle.mitsubishi.fusorosa,89.4493002504458,-37.9272003173828,136.108459472656,-131.716659545898
351,83.4872938580811,116,vehicle.mitsubishi.fusorosa,104.943966267224,-37.9272193908691,136.108459472656,-131.716171264648
352,83.5014112591743,116,vehicle.mitsubishi.fusorosa,95.6893939025423,-37.9272346496582,136.108474731445,-131.715545654297
352,83.5148425586522,116,vehicle.mitsubishi.fusorosa,90.5708084304018,-37.9272613525391,136.108505249023,-131.714965820312
352,83.5284361578524,116,vehicle.mitsubishi.fusorosa,93.719953741956,-37.9272842407227,136.108505249023,-131.714462280273
352,83.5421764589846,116,vehicle.mitsubishi.fusorosa,94.1111025590234,-37.927303314209,136.108520507812,-131.713989257812
352,83.5547948591411,116,vehicle.mitsubishi.fusorosa,88.6723867208418,-37.9273223876953,136.108535766602,-131.713409423828
352,83.5674295574427,116,vehicle.mitsubishi.fusorosa,87.5867987444441,-37.9273414611816,136.108551025391,-131.712951660156
352,83.5806725583971,116,vehicle.mitsubishi.fusorosa,92.5259112041917,-37.927360534668,136.108551025391,-131.712539672852
352,83.5939786583185,116,vehicle.mitsubishi.fusorosa,92.4498334808975,-37.927375793457,136.10856628418,-131.712020874023
353,83.6098396591842,116,vehicle.mitsubishi.fusorosa,107.261157994521,-37.9273910522461,136.10856628418,-131.711578369141
353,83.6227141581476,116,vehicle.mitsubishi.fusorosa,90.2497192957023,-37.9274101257324,136.108581542969,-131.710906982422
353,83.6356745585799,116,vehicle.mitsubishi.fusorosa,88.8353877995056,-37.9274291992188,136.108627319336,-131.710464477539
353,83.6478495597839,116,vehicle.mitsubishi.fusorosa,87.3860026727872,-37.9274482727051,136.108627319336,-131.709899902344
353,83.6610906608403,116,vehicle.mitsubishi.fusorosa,92.0395731657135,-37.9274711608887,136.108627319336,-131.709487915039
353,83.6747921593487,116,vehicle.mitsubishi.fusorosa,94.8565003680566,-37.9274826049805,136.108627319336,-131.708969116211
353,83.6877711601555,116,vehicle.mitsubishi.fusorosa,90.3276481086551,-37.9275016784668,136.108642578125,-131.708465576172
353,83.7016117610037,116,vehicle.mitsubishi.fusorosa,92.2039457200309,-37.9275169372559,136.108673095703,-131.707977294922
354,83.7146554589272,116,vehicle.mitsubishi.fusorosa,91.616293739786,-37.9275398254395,136.108657836914,-131.707321166992
354,83.7285270579159,116,vehicle.mitsubishi.fusorosa,95.7506788990006,-37.9275588989258,136.108673095703,-131.706787109375
354,83.7414459586143,116,vehicle.mitsubishi.fusorosa,90.7774645835712,-37.9275779724121,136.108688354492,-131.706237792969
354,83.7549784593284,116,vehicle.mitsubishi.fusorosa,93.0791830467878,-37.9275970458984,136.108703613281,-131.705780029297
354,83.7675087600946,116,vehicle.mitsubishi.fusorosa,90.1989978974912,-37.9276123046875,136.108703613281,-131.705184936523
354,83.7803906574845,116,vehicle.mitsubishi.fusorosa,89.5910144189752,-37.9276313781738,136.108734130859,-131.704727172852
354,83.7926009595394,116,vehicle.mitsubishi.fusorosa,88.1663084874438,-37.9276466369629,136.108734130859,-131.704177856445
354,83.8052256591618,116,vehicle.mitsubishi.fusorosa,89.3935985275311,-37.9276657104492,136.108749389648,-131.703720092773
354,83.8181174583733,116,vehicle.mitsubishi.fusorosa,90.4390271656813,-37.9276847839355,136.108749389648,-131.703201293945
355,83.8315887600183,116,vehicle.mitsubishi.fusorosa,93.4167264905561,-37.9277000427246,136.108749389648,-131.702713012695
355,83.8452455587685,116,vehicle.mitsubishi.fusorosa,94.8797001501049,-37.9277153015137,136.108764648438,-131.702209472656
355,83.8582313582301,116,vehicle.mitsubishi.fusorosa,90.8564878345329,-37.927734375,136.108779907227,-131.70166015625
355,83.871513158083,116,vehicle.mitsubishi.fusorosa,90.8723374910881,-37.9277496337891,136.108795166016,-131.701141357422
355,83.8844500593841,116,vehicle.mitsubishi.fusorosa,89.4836100231849,-37.9277687072754,136.108810424805,-131.700561523438
355,83.8965799584985,116,vehicle.mitsubishi.fusorosa,89.0605642622781,-37.927791595459,136.108810424805,-131.700042724609
355,83.9089241586626,116,vehicle.mitsubishi.fusorosa,85.7868228077116,-37.927806854248,136.108825683594,-131.69970703125
355,83.9226671606302,116,vehicle.mitsubishi.fusorosa,94.115926232921,-37.9278221130371,136.108840942383,-131.699188232422
356,83.9368441589177,116,vehicle.mitsubishi.fusorosa,97.7947759100401,-37.9278411865234,136.108840942383,-131.698669433594
356,83.9517370574176,116,vehicle.mitsubishi.fusorosa,100.914945480905,-37.9278564453125,136.108856201172,-131.698089599609
356,83.9656946584582,116,vehicle.mitsubishi.fusorosa,96.2664667723526,-37.9278755187988,136.108871459961,-131.697387695312
356,83.978815857321,116,vehicle.mitsubishi.fusorosa,91.3467509716695,-37.9278984069824,136.10888671875,-131.696914672852
356,83.9916585609317,116,vehicle.mitsubishi.fusorosa,89.8668588506822,-37.9279174804688,136.10888671875,-131.696441650391
356,84.0043381601572,116,vehicle.mitsubishi.fusorosa,89.0661836849512,-37.9279403686523,136.108901977539,-131.695922851562
356,84.0175585597754,116,vehicle.mitsubishi.fusorosa,92.5507314737117,-37.9279594421387,136.108917236328,-131.695449829102
356,84.0304418578744,116,vehicle.mitsubishi.fusorosa,90.1498179243499,-37.9279747009277,136.108932495117,-131.694915771484
357,84.043996758759,116,vehicle.mitsubishi.fusorosa,93.9979670512137,-37.9279937744141,136.108932495117,-131.694488525391
357,84.0583362579346,116,vehicle.mitsubishi.fusorosa,98.8255799522586,-37.9280128479004,136.108947753906,-131.693969726562
357,84.0719812586904,116,vehicle.mitsubishi.fusorosa,92.7627217737684,-37.9280242919922,136.108963012695,-131.693344116211
357,84.0846390575171,116,vehicle.mitsubishi.fusorosa,88.4221340977505,-37.9280471801758,136.108978271484,-131.692840576172
357,84.0966277606785,116,vehicle.mitsubishi.fusorosa,88.8211742068953,-37.9280662536621,136.108993530273,-131.692352294922
357,84.1093215607107,116,vehicle.mitsubishi.fusorosa,88.9453321751771,-37.9280853271484,136.108993530273,-131.692016601562
357,84.1215711608529,116,vehicle.mitsubishi.fusorosa,86.5238001480848,-37.9281005859375,136.108993530273,-131.691497802734
357,84.1351087577641,116,vehicle.mitsubishi.fusorosa,93.4525503515655,-37.9281158447266,136.109008789062,-131.691101074219
358,84.1484978608787,116,vehicle.mitsubishi.fusorosa,92.6998713079509,-37.9281311035156,136.109024047852,-131.690490722656
358,84.1610590592027,116,vehicle.mitsubishi.fusorosa,87.8255287204018,-37.928150177002,136.109039306641,-131.689956665039
358,84.1744535602629,116,vehicle.mitsubishi.fusorosa,93.0738984624779,-37.9281692504883,136.109039306641,-131.689483642578
358,84.1870650574565,116,vehicle.mitsubishi.fusorosa,89.5589868019689,-37.9281883239746,136.109039306641,-131.688995361328
358,84.1997430585325,116,vehicle.mitsubishi.fusorosa,89.8482957426445,-37.9282035827637,136.109069824219,-131.688491821289
358,84.2121379598975,116,vehicle.mitsubishi.fusorosa,86.6866998237306,-37.9282188415527,136.109085083008,-131.68798828125
358,84.2249198593199,116,vehicle.mitsubishi.fusorosa,87.9319501378538,-37.9282379150391,136.109085083008,-131.687484741211
358,84.2378433607519,116,vehicle.mitsubishi.fusorosa,89.2113210618036,-37.9282531738281,136.109100341797,-131.686996459961
358,84.2521932609379,116,vehicle.mitsubishi.fusorosa,97.3664335748213,-37.9282722473145,136.109115600586,-131.686538696289
359,84.2658600583673,116,vehicle.mitsubishi.fusorosa,93.0414309670672,-37.9282875061035,136.109115600586,-131.685897827148
359,84.2803054600954,116,vehicle.mitsubishi.fusorosa,99.0393867816803,-37.9283103942871,136.109130859375,-131.685363769531
359,84.2935741581023,116,vehicle.mitsubishi.fusorosa,92.6690430036047,-37.9283332824707,136.109130859375,-131.684722900391
359,84.3064381591976,116,vehicle.mitsubishi.fusorosa,88.4304053044888,-37.928352355957,136.109161376953,-131.68424987793
359,84.3193174600601,116,vehicle.mitsubishi.fusorosa,90.1608507859882,-37.9283714294434,136.109161376953,-131.683746337891
359,84.3321771584451,116,vehicle.mitsubishi.fusorosa,89.2033077940517,-37.9283905029297,136.109176635742,-131.683303833008
359,84.3446874581277,116,vehicle.mitsubishi.fusorosa,87.9202024083538,-37.9284057617188,136.109191894531,-131.682891845703
359,84.3593980595469,116,vehicle.mitsubishi.fusorosa,100.478746299064,-37.9284210205078,136.109191894531,-131.682357788086
360,84.3740762583911,116,vehicle.mitsubishi.fusorosa,99.8043755237117,-37.9284362792969,136.10920715332,-131.681747436523
360,84.3887416608632,116,vehicle.mitsubishi.fusorosa,99.1742062795941,-37.9284591674805,136.109222412109,-131.681198120117
360,84.4015974588692,116,vehicle.mitsubishi.fusorosa,90.7358665824321,-37.9284820556641,136.109237670898,-131.6806640625
360,84.413680460304,116,vehicle.mitsubishi.fusorosa,92.1493695880712,-37.9285011291504,136.109252929688,-131.68017578125
360,84.4269260577857,116,vehicle.mitsubishi.fusorosa,91.6411826705419,-37.9285202026367,136.109268188477,-131.679779052734
360,84.4402335584164,116,vehicle.mitsubishi.fusorosa,92.7284034183749,-37.928539276123,136.109268188477,-131.679290771484
360,84.4537650607526,116,vehicle.mitsubishi.fusorosa,93.5442062641429,-37.9285545349121,136.109268188477,-131.678848266602
360,84.4687888585031,116,vehicle.mitsubishi.fusorosa,102.107047695118,-37.9285697937012,136.109298706055,-131.678329467773
361,84.4819328598678,116,vehicle.mitsubishi.fusorosa,90.7343096957272,-37.9285888671875,136.109313964844,-131.677673339844
361,84.4953814595938,116,vehicle.mitsubishi.fusorosa,90.9781574336984,-37.9286117553711,136.109329223633,-131.677261352539
361,84.5079641602933,116,vehicle.mitsubishi.fusorosa,89.0211541225104,-37.9286308288574,136.109329223633,-131.676696777344
361,84.5212418586016,116,vehicle.mitsubishi.fusorosa,90.6672040088436,-37.9286460876465,136.109359741211,-131.67626953125
361,84.534421660006,116,vehicle.mitsubishi.fusorosa,92.9228925362963,-37.9286689758301,136.109344482422,-131.675750732422
361,84.5470947586,116,vehicle.mitsubishi.fusorosa,90.2594408751062,-37.9286842346191,136.109359741211,-131.675308227539
361,84.5601415596902,116,vehicle.mitsubishi.fusorosa,91.5481827339481,-37.9286994934082,136.109375,-131.674835205078
361,84.5741059593856,116,vehicle.mitsubishi.fusorosa,96.3278481113597,-37.9287185668945,136.109375,-131.674331665039
362,84.5864690579474,116,vehicle.mitsubishi.fusorosa,92.7666897856992,-37.9287338256836,136.109390258789,-131.673706054688
362,84.5999198593199,116,vehicle.mitsubishi.fusorosa,91.9599139944542,-37.9287528991699,136.109405517578,-131.67333984375
362,84.6136458590627,116,vehicle.mitsubishi.fusorosa,95.5842717773226,-37.9287719726562,136.109405517578,-131.6728515625
362,84.6271388605237,116,vehicle.mitsubishi.fusorosa,94.2282093207212,-37.9287872314453,136.109436035156,-131.672241210938
362,84.640568960458,116,vehicle.mitsubishi.fusorosa,92.7188949313352,-37.9288063049316,136.109436035156,-131.671691894531
362,84.653183657676,116,vehicle.mitsubishi.fusorosa,90.0688749224936,-37.928825378418,136.109451293945,-131.671142578125
362,84.6657698601484,116,vehicle.mitsubishi.fusorosa,88.0839201733909,-37.9288482666016,136.109466552734,-131.670623779297
362,84.6785270608962,116,vehicle.mitsubishi.fusorosa,89.9788721243322,-37.9288673400879,136.109466552734,-131.670150756836
362,84.6921319589019,116,vehicle.mitsubishi.fusorosa,94.3287209792455,-37.928882598877,136.109481811523,-131.669662475586
363,84.7057972587645,116,vehicle.mitsubishi.fusorosa,95.216575391145,-37.928897857666,136.109481811523,-131.669189453125
363,84.7188196592033,116,vehicle.mitsubishi.fusorosa,91.3044019535391,-37.9289169311523,136.109497070312,-131.668640136719
363,84.7321230582893,116,vehicle.mitsubishi.fusorosa,91.0741578655199,-37.9289360046387,136.109512329102,-131.668151855469
363,84.7456369586289,116,vehicle.mitsubishi.fusorosa,94.2844970568424,-37.928955078125,136.109512329102,-131.667541503906
363,84.7585842609406,116,vehicle.mitsubishi.fusorosa,91.1869152771804,-37.9289779663086,136.10954284668,-131.666976928711
363,84.7709567584097,116,vehicle.mitsubishi.fusorosa,88.935339077949,-37.9289970397949,136.10954284668,-131.666458129883
363,84.7843702584505,116,vehicle.mitsubishi.fusorosa,93.8920765140179,-37.929012298584,136.109558105469,-131.666061401367
363,84.7975972592831,116,vehicle.mitsubishi.fusorosa,93.0708294208521,-37.929027557373,136.109573364258,-131.66552734375
364,84.8107263594866,116,vehicle.mitsubishi.fusorosa,91.0639705449102,-37.9290466308594,136.109588623047,-131.665023803711
364,84.8236477598548,116,vehicle.mitsubishi.fusorosa,89.8080312495178,-37.9290657043457,136.109603881836,-131.664505004883
364,84.8365305587649,116,vehicle.mitsubishi.fusorosa,89.5085763126691,-37.929084777832,136.109603881836,-131.664031982422
364,84.8496245592833,116,vehicle.mitsubishi.fusorosa,90.3436093397187,-37.9291000366211,136.109619140625,-131.663482666016
364,84.8623323589563,116,vehicle.mitsubishi.fusorosa,88.2918944877753,-37.9291191101074,136.109619140625,-131.662933349609
364,84.8755902573466,116,vehicle.mitsubishi.fusorosa,91.7560297825131,-37.9291305541992,136.109634399414,-131.662490844727
364,84.8883753605187,116,vehicle.mitsubishi.fusorosa,90.2496745639181,-37.9291496276855,136.109649658203,-131.661926269531
364,84.9020782597363,116,vehicle.mitsubishi.fusorosa,95.8840119899569,-37.9291725158691,136.109664916992,-131.661499023438
365,84.9146917574108,116,vehicle.mitsubishi.fusorosa,89.9911439699455,-37.9291915893555,136.109664916992,-131.660842895508
365,84.9287686608732,116,vehicle.mitsubishi.fusorosa,95.3435807260337,-37.9292068481445,136.109680175781,-131.660385131836
365,84.9423026591539,116,vehicle.mitsubishi.fusorosa,92.3905864591473,-37.9292221069336,136.10969543457,-131.659805297852
365,84.9548123590648,116,vehicle.mitsubishi.fusorosa,87.9126736359523,-37.9292449951172,136.109710693359,-131.659286499023
365,84.9674490578473,116,vehicle.mitsubishi.fusorosa,88.9340123340795,-37.9292678833008,136.109710693359,-131.658828735352
365,84.9809376597404,116,vehicle.mitsubishi.fusorosa,93.8530340692331,-37.9292831420898,136.109725952148,-131.658401489258
365,84.9934856593609,116,vehicle.mitsubishi.fusorosa,88.5525319473675,-37.9292984008789,136.109725952148,-131.657958984375
365,85.0080625601113,116,vehicle.mitsubishi.fusorosa,99.3665027053509,-37.929313659668,136.109741210938,-131.657562255859
366,85.0211427584291,116,vehicle.mitsubishi.fusorosa,91.9827373840271,-37.9293327331543,136.109756469727,-131.656829833984
366,85.0348732583225,116,vehicle.mitsubishi.fusorosa,94.6621847217366,-37.9293518066406,136.109771728516,-131.65641784668
366,85.0478404574096,116,vehicle.mitsubishi.fusorosa,90.4993824982397,-37.929370880127,136.109786987305,-131.655792236328
366,85.0601684600115,116,vehicle.mitsubishi.fusorosa,88.0884897750013,-37.9293899536133,136.109786987305,-131.655380249023
366,85.0738700591028,116,vehicle.mitsubishi.fusorosa,95.3482637206642,-37.9294090270996,136.109802246094,-131.654861450195
366,85.0875365585089,116,vehicle.mitsubishi.fusorosa,94.2561160268517,-37.9294242858887,136.109817504883,-131.654373168945
366,85.1000590585172,116,vehicle.mitsubishi.fusorosa,90.0294372162507,-37.929443359375,136.109817504883,-131.653854370117
366,85.1123496592045,116,vehicle.mitsubishi.fusorosa,85.8035094226409,-37.9294586181641,136.109848022461,-131.653472900391
366,85.1253486573696,116,vehicle.mitsubishi.fusorosa,89.7391195492733,-37.9294776916504,136.109848022461,-131.653015136719
367,85.1382416598499,116,vehicle.mitsubishi.fusorosa,89.2597345563184,-37.9294929504395,136.10986328125,-131.652496337891
367,85.1506372578442,116,vehicle.mitsubishi.fusorosa,85.0422805458072,-37.9295120239258,136.109878540039,-131.652008056641
367,85.1648583598435,116,vehicle.mitsubishi.fusorosa,97.7360342502583,-37.9295349121094,136.109878540039,-131.651458740234
367,85.1783550605178,116,vehicle.mitsubishi.fusorosa,92.8273235150625,-37.9295501708984,136.109893798828,-131.650939941406
367,85.1906975582242,116,vehicle.mitsubishi.fusorosa,88.3157384282619,-37.9295692443848,136.109909057617,-131.650314331055
367,85.2034094594419,116,vehicle.mitsubishi.fusorosa,87.779050323579,-37.9295883178711,136.109924316406,-131.649932861328
367,85.216308157891,116,vehicle.mitsubishi.fusorosa,90.1836104599564,-37.9296035766602,136.109924316406,-131.649429321289
367,85.230131059885,116,vehicle.mitsubishi.fusorosa,94.8534378608979,-37.9296188354492,136.109939575195,-131.648895263672
368,85.244045060128,116,vehicle.mitsubishi.fusorosa,96.2773449165343,-37.9296417236328,136.109939575195,-131.648376464844
368,85.2575964592397,116,vehicle.mitsubishi.fusorosa,93.1289901278964,-37.9296569824219,136.109954833984,-131.647842407227
368,85.2704696580768,116,vehicle.mitsubishi.fusorosa,89.2401041173954,-37.9296760559082,136.109970092773,-131.64729309082
368,85.2840313576162,116,vehicle.mitsubishi.fusorosa,94.2271095925675,-37.9297027587891,136.109970092773,-131.64680480957
368,85.2968718595803,116,vehicle.mitsubishi.fusorosa,90.8973707381345,-37.9297142028809,136.109985351562,-131.646301269531
368,85.3098299577832,116,vehicle.mitsubishi.fusorosa,88.9232150708114,-37.9297332763672,136.110000610352,-131.645843505859
368,85.3229752592742,116,vehicle.mitsubishi.fusorosa,90.4827129337816,-37.9297485351562,136.110015869141,-131.645324707031
368,85.3363951593637,116,vehicle.mitsubishi.fusorosa,89.7788786804315,-37.9297676086426,136.11003112793,-131.644821166992
368,85.3492517583072,116,vehicle.mitsubishi.fusorosa,90.5813152425772,-37.9297904968262,136.11003112793,-131.644271850586
369,85.3620733581483,116,vehicle.mitsubishi.fusorosa,88.4342339457603,-37.9298057556152,136.110061645508,-131.643753051758
369,85.3754389584064,116,vehicle.mitsubishi.fusorosa,91.4323560509861,-37.9298248291016,136.110061645508,-131.643249511719
369,85.3888258598745,116,vehicle.mitsubishi.fusorosa,91.5674247903938,-37.9298439025879,136.110076904297,-131.642715454102
369,85.4025629609823,116,vehicle.mitsubishi.fusorosa,95.3929497472496,-37.9298629760742,136.110092163086,-131.642135620117
369,85.4152778573334,116,vehicle.mitsubishi.fusorosa,90.578543301349,-37.9298858642578,136.110092163086,-131.6416015625
369,85.4283006601036,116,vehicle.mitsubishi.fusorosa,89.3432930782726,-37.9299011230469,136.110107421875,-131.641159057617
369,85.4410717599094,116,vehicle.mitsubishi.fusorosa,88.537912692133,-37.9299201965332,136.110122680664,-131.640579223633
369,85.4542794600129,116,vehicle.mitsubishi.fusorosa,88.6788052490856,-37.9299392700195,136.110137939453,-131.640106201172
370,85.4680152609944,116,vehicle.mitsubishi.fusorosa,95.0908483164806,-37.9299621582031,136.110137939453,-131.639495849609
370,85.4823745600879,116,vehicle.mitsubishi.fusorosa,97.2995891194336,-37.9299774169922,136.110153198242,-131.638961791992
370,85.4958666600287,116,vehicle.mitsubishi.fusorosa,93.0727970306504,-37.9299926757812,136.110168457031,-131.638442993164
370,85.5094265602529,116,vehicle.mitsubishi.fusorosa,92.2706010125061,-37.9300155639648,136.110198974609,-131.637893676758
370,85.5223842598498,116,vehicle.mitsubishi.fusorosa,90.5713668771332,-37.9300346374512,136.110198974609,-131.63737487793
370,85.5364059582353,116,vehicle.mitsubishi.fusorosa,96.1914011321557,-37.9300537109375,136.110198974609,-131.63688659668
370,85.5500304587185,116,vehicle.mitsubishi.fusorosa,95.1542815535471,-37.9300765991211,136.110214233398,-131.636337280273
370,85.5650829598308,116,vehicle.mitsubishi.fusorosa,99.2418292036103,-37.9300880432129,136.110244750977,-131.635803222656
371,85.5796046592295,116,vehicle.mitsubishi.fusorosa,99.8872104803117,-37.9301147460938,136.110244750977,-131.635147094727
371,85.5941695608199,116,vehicle.mitsubishi.fusorosa,97.6227935875696,-37.9301338195801,136.110275268555,-131.634536743164
371,85.607446860522,116,vehicle.mitsubishi.fusorosa,92.9835176830051,-37.9301605224609,136.110275268555,-131.633972167969
371,85.6219755597413,116,vehicle.mitsubishi.fusorosa,98.1252786632283,-37.9301795959473,136.110290527344,-131.633499145508
371,85.6350590586662,116,vehicle.mitsubishi.fusorosa,91.1657811511531,-37.9301986694336,136.110305786133,-131.632888793945
371,85.6471516601741,116,vehicle.mitsubishi.fusorosa,101.753714558538,-37.9302215576172,136.110321044922,-131.632415771484
371,85.6594975590706,116,vehicle.mitsubishi.fusorosa,86.3228666391182,-37.9302368164062,136.110321044922,-131.632293701172
371,85.6731925606728,116,vehicle.mitsubishi.fusorosa,93.9602217356359,-37.9302520751953,136.110336303711,-131.631942749023
372,85.6867296583951,116,vehicle.mitsubishi.fusorosa,94.3713601039548,-37.9302711486816,136.110336303711,-131.631500244141
372,85.7006264589727,116,vehicle.mitsubishi.fusorosa,94.0464492069644,-37.9302825927734,136.1103515625,-131.630981445312
372,85.7142722606659,116,vehicle.mitsubishi.fusorosa,94.7765662073399,-37.930305480957,136.1103515625,-131.630462646484
372,85.7266124598682,116,vehicle.mitsubishi.fusorosa,94.3376690862043,-37.9303245544434,136.110366821289,-131.629867553711
372,85.7403332591057,116,vehicle.mitsubishi.fusorosa,94.9921808686342,-37.9303398132324,136.110382080078,-131.629577636719
372,85.7531643584371,116,vehicle.mitsubishi.fusorosa,89.8657383201963,-37.9303588867188,136.110382080078,-131.629028320312
372,85.7656543590128,116,vehicle.mitsubishi.fusorosa,87.0195778975289,-37.9303741455078,136.110412597656,-131.628540039062
372,85.7792801596224,116,vehicle.mitsubishi.fusorosa,93.0256347397886,-37.9303894042969,136.110412597656,-131.628036499023
373,85.7926831580698,116,vehicle.mitsubishi.fusorosa,94.0712058757175,-37.9304122924805,136.110412597656,-131.627334594727
373,85.8060183599591,116,vehicle.mitsubishi.fusorosa,92.9169293480921,-37.9304275512695,136.110443115234,-131.626815795898
373,85.8192361593246,116,vehicle.mitsubishi.fusorosa,92.4373019926241,-37.9304504394531,136.110443115234,-131.626235961914
373,85.8323188573122,116,vehicle.mitsubishi.fusorosa,92.001503183263,-37.9304733276367,136.110458374023,-131.625762939453
373,85.8452010601759,116,vehicle.mitsubishi.fusorosa,90.7542046081036,-37.9304885864258,136.110458374023,-131.625137329102
373,85.857653260231,116,vehicle.mitsubishi.fusorosa,88.9927282458976,-37.9305076599121,136.110473632812,-131.624603271484
373,85.8701009601355,116,vehicle.mitsubishi.fusorosa,86.9568373025459,-37.9305229187012,136.110488891602,-131.624069213867
373,85.883163060993,116,vehicle.mitsubishi.fusorosa,89.6659047690592,-37.9305419921875,136.110504150391,-131.623672485352
374,85.8980645574629,116,vehicle.mitsubishi.fusorosa,102.167604180591,-37.9305572509766,136.110504150391,-131.623168945312
374,85.9110355600715,116,vehicle.mitsubishi.fusorosa,90.9225932629312,-37.9305763244629,136.11051940918,-131.622543334961
374,85.9245565608144,116,vehicle.mitsubishi.fusorosa,91.2191250632805,-37.930591583252,136.110549926758,-131.622131347656
374,85.9375243596733,116,vehicle.mitsubishi.fusorosa,90.0051704478308,-37.9306106567383,136.110549926758,-131.621597290039
374,85.9503097608685,116,vehicle.mitsubishi.fusorosa,88.1085994834158,-37.9306297302246,136.110565185547,-131.621078491211
374,85.9639506600797,116,vehicle.mitsubishi.fusorosa,94.9640679491201,-37.9306526184082,136.110565185547,-131.620574951172
374,85.9770855605602,116,vehicle.mitsubishi.fusorosa,92.4516240326232,-37.9306678771973,136.110580444336,-131.620025634766
374,85.9903283603489,116,vehicle.mitsubishi.fusorosa,90.354160998516,-37.9306869506836,136.110595703125,-131.619506835938
374,86.0047371573746,116,vehicle.mitsubishi.fusorosa,97.5997160108715,-37.9307060241699,136.110595703125,-131.618896484375
375,86.0177430585027,116,vehicle.mitsubishi.fusorosa,90.9263447751503,-37.930721282959,136.110610961914,-131.618316650391
375,86.0315169580281,116,vehicle.mitsubishi.fusorosa,95.5479066348908,-37.9307441711426,136.110626220703,-131.617797851562
375,86.0446892604232,116,vehicle.mitsubishi.fusorosa,91.4610033729418,-37.9307594299316,136.110641479492,-131.617218017578
375,86.057232260704,116,vehicle.mitsubishi.fusorosa,87.884284138145,-37.930778503418,136.110656738281,-131.616744995117
375,86.0701592601836,116,vehicle.mitsubishi.fusorosa,91.1823370929155,-37.9308052062988,136.110656738281,-131.616256713867
375,86.0828731581569,116,vehicle.mitsubishi.fusorosa,89.515123810406,-37.9308204650879,136.11067199707,-131.615737915039
375,86.0958506576717,116,vehicle.mitsubishi.fusorosa,90.3384899888693,-37.930835723877,136.110687255859,-131.615341186523
375,86.1087859608233,116,vehicle.mitsubishi.fusorosa,91.5022129916035,-37.9308547973633,136.110687255859,-131.614822387695
376,86.1230724602938,116,vehicle.mitsubishi.fusorosa,98.7683971125313,-37.9308700561523,136.110702514648,-131.614288330078
376,86.13637335971,116,vehicle.mitsubishi.fusorosa,93.1887456892869,-37.9308891296387,136.110702514648,-131.613662719727
376,86.1488742604852,116,vehicle.mitsubishi.fusorosa,89.8407755528974,-37.930908203125,136.110733032227,-131.613174438477
376,86.1617090590298,116,vehicle.mitsubishi.fusorosa,90.1149667553506,-37.9309272766113,136.110733032227,-131.612731933594
376,86.1740583591163,116,vehicle.mitsubishi.fusorosa,86.9938914500381,-37.9309425354004,136.110748291016,-131.612197875977
376,86.1871054582298,116,vehicle.mitsubishi.fusorosa,89.6433253308353,-37.9309616088867,136.110763549805,-131.611724853516
376,86.2008453607559,116,vehicle.mitsubishi.fusorosa,93.5195615144117,-37.9309768676758,136.110763549805,-131.611175537109
376,86.213601257652,116,vehicle.mitsubishi.fusorosa,89.6657947833866,-37.9309959411621,136.110778808594,-131.610656738281
376,86.2270918600261,116,vehicle.mitsubishi.fusorosa,94.4299712054075,-37.9310188293457,136.110794067383,-131.610122680664
377,86.2405454590917,116,vehicle.mitsubishi.fusorosa,93.8004289544193,-37.931037902832,136.110794067383,-131.609512329102
377,86.2534007579088,116,vehicle.mitsubishi.fusorosa,90.2924582345938,-37.9310569763184,136.110809326172,-131.608978271484
377,86.2657253593206,116,vehicle.mitsubishi.fusorosa,87.6593071246132,-37.9310722351074,136.110824584961,-131.608474731445
377,86.2794493585825,116,vehicle.mitsubishi.fusorosa,94.3429361606916,-37.9310913085938,136.11083984375,-131.608032226562
377,86.2927959598601,116,vehicle.mitsubishi.fusorosa,91.561951387685,-37.9311065673828,136.11083984375,-131.607498168945
377,86.3055975586176,116,vehicle.mitsubishi.fusorosa,90.2630995669617,-37.9311294555664,136.110855102539,-131.606918334961
377,86.319005060941,116,vehicle.mitsubishi.fusorosa,91.2559712937154,-37.9311447143555,136.110870361328,-131.606475830078
377,86.3324705585837,116,vehicle.mitsubishi.fusorosa,92.0845462865962,-37.9311637878418,136.110885620117,-131.605926513672
378,86.3461607582867,116,vehicle.mitsubishi.fusorosa,91.1731982342083,-37.9311828613281,136.110900878906,-131.605346679688
378,86.3605696596205,116,vehicle.mitsubishi.fusorosa,99.1178327169279,-37.9312057495117,136.110900878906,-131.604766845703
378,86.3738836608827,116,vehicle.mitsubishi.fusorosa,93.0568526203821,-37.9312286376953,136.110916137695,-131.604156494141
378,86.3865837603807,116,vehicle.mitsubishi.fusorosa,87.8161044710712,-37.9312438964844,136.110946655273,-131.603637695312
378,86.3999324589968,116,vehicle.mitsubishi.fusorosa,93.3174198299027,-37.931266784668,136.110946655273,-131.603210449219
378,86.4125385582447,116,vehicle.mitsubishi.fusorosa,89.7339897972578,-37.931282043457,136.110946655273,-131.602691650391
378,86.4263672605157,116,vehicle.mitsubishi.fusorosa,94.9574087620369,-37.9313011169434,136.110961914062,-131.602279663086
378,86.441303960979,116,vehicle.mitsubishi.fusorosa,102.812654026277,-37.9313163757324,136.110977172852,-131.60173034668
379,86.4552909582853,116,vehicle.mitsubishi.fusorosa,96.7270944338882,-37.931339263916,136.110977172852,-131.601104736328
379,86.468924857676,116,vehicle.mitsubishi.fusorosa,94.3049609319542,-37.9313621520996,136.11100769043,-131.600524902344
379,86.4816509597003,116,vehicle.mitsubishi.fusorosa,88.8539252744178,-37.9313774108887,136.111022949219,-131.599945068359
379,86.4949510581791,116,vehicle.mitsubishi.fusorosa,90.944873667408,-37.9314002990723,136.111038208008,-131.599502563477
379,86.50772126019,116,vehicle.mitsubishi.fusorosa,91.3350308086446,-37.9314231872559,136.111038208008,-131.598907470703
379,86.5200070589781,116,vehicle.mitsubishi.fusorosa,89.4775351456344,-37.9314460754395,136.111053466797,-131.598434448242
379,86.5328749604523,116,vehicle.mitsubishi.fusorosa,90.7790747847147,-37.9314613342285,136.111068725586,-131.598007202148
379,86.5477485582232,116,vehicle.mitsubishi.fusorosa,102.676774191296,-37.9314765930176,136.111068725586,-131.59748840332
380,86.560732960701,116,vehicle.mitsubishi.fusorosa,91.8521143372058,-37.9314918518066,136.111083984375,-131.59684753418
380,86.5739539600909,116,vehicle.mitsubishi.fusorosa,91.7865587728843,-37.9315147399902,136.111099243164,-131.596435546875
380,86.5876310579479,116,vehicle.mitsubishi.fusorosa,95.0235724505051,-37.9315338134766,136.111114501953,-131.595825195312
380,86.6012199595571,116,vehicle.mitsubishi.fusorosa,93.8553574345646,-37.9315528869629,136.111114501953,-131.595291137695
380,86.6141587607563,116,vehicle.mitsubishi.fusorosa,91.4266249389668,-37.9315719604492,136.111129760742,-131.594711303711
380,86.6277656592429,116,vehicle.mitsubishi.fusorosa,93.8704252656959,-37.9315948486328,136.111145019531,-131.594207763672
380,86.6406469605863,116,vehicle.mitsubishi.fusorosa,89.9064083611093,-37.9316101074219,136.11116027832,-131.593688964844
380,86.6546201594174,116,vehicle.mitsubishi.fusorosa,95.7774102219227,-37.9316291809082,136.111175537109,-131.593185424805
381,86.6675663590431,116,vehicle.mitsubishi.fusorosa,92.0810508948518,-37.9316444396973,136.111175537109,-131.592544555664
381,86.6814318597317,116,vehicle.mitsubishi.fusorosa,95.7049893719724,-37.9316635131836,136.111190795898,-131.592056274414
381,86.695771958679,116,vehicle.mitsubishi.fusorosa,99.4785435454759,-37.9316825866699,136.111190795898,-131.59147644043
381,86.7085632607341,116,vehicle.mitsubishi.fusorosa,91.4786353430818,-37.9317054748535,136.111221313477,-131.590850830078
381,86.7213196605444,116,vehicle.mitsubishi.fusorosa,87.5330148390745,-37.9317245483398,136.111236572266,-131.590438842773
381,86.7341324575245,116,vehicle.mitsubishi.fusorosa,88.8580118546756,-37.9317436218262,136.111251831055,-131.589950561523
381,86.747320458293,116,vehicle.mitsubishi.fusorosa,92.628307823641,-37.9317665100098,136.111251831055,-131.589385986328
381,86.7608487606049,116,vehicle.mitsubishi.fusorosa,92.879326925359,-37.9317855834961,136.111267089844,-131.588775634766
381,86.7746448591352,116,vehicle.mitsubishi.fusorosa,94.9429425205852,-37.9318008422852,136.111282348633,-131.588256835938
382,86.7880331575871,116,vehicle.mitsubishi.fusorosa,93.713050373848,-37.9318199157715,136.111282348633,-131.587692260742
382,86.8017608597875,116,vehicle.mitsubishi.fusorosa,95.1671805071277,-37.9318389892578,136.111297607422,-131.587188720703
382,86.8149892576039,116,vehicle.mitsubishi.fusorosa,90.7185699100066,-37.9318580627441,136.111312866211,-131.586654663086
382,86.828097358346,116,vehicle.mitsubishi.fusorosa,92.3386002141598,-37.931884765625,136.111328125,-131.58610534668
382,86.8410121574998,116,vehicle.mitsubishi.fusorosa,91.6677713302953,-37.9319038391113,136.111328125,-131.585540771484
382,86.8529844582081,116,vehicle.mitsubishi.fusorosa,97.8030073306255,-37.9319190979004,136.111343383789,-131.585083007812
382,86.8648760579526,116,vehicle.mitsubishi.fusorosa,83.9658743413892,-37.9319343566895,136.111358642578,-131.584716796875
382,86.8775415606797,116,vehicle.mitsubishi.fusorosa,88.9458993194008,-37.9319534301758,136.111358642578,-131.58430480957
383,86.8899618573487,116,vehicle.mitsubishi.fusorosa,86.20484544548,-37.9319686889648,136.111373901367,-131.583786010742
383,86.9025093577802,116,vehicle.mitsubishi.fusorosa,88.8640180709902,-37.9319877624512,136.111389160156,-131.583251953125
383,86.9147349596024,116,vehicle.mitsubishi.fusorosa,87.0755664850652,-37.9320030212402,136.111389160156,-131.582763671875
383,86.9263214580715,116,vehicle.mitsubishi.fusorosa,89.0291963801834,-37.9320220947266,136.111404418945,-131.582336425781
383,86.9378391578794,116,vehicle.mitsubishi.fusorosa,79.2831822026471,-37.9320335388184,136.111419677734,-131.58186340332
383,86.9496245607734,116,vehicle.mitsubishi.fusorosa,83.8535998362434,-37.9320526123047,136.111419677734,-131.581497192383
383,86.9611469581723,116,vehicle.mitsubishi.fusorosa,82.6100630596312,-37.9320678710938,136.111419677734,-131.581024169922
383,86.9743071608245,116,vehicle.mitsubishi.fusorosa,90.325640712704,-37.9320831298828,136.111434936523,-131.580520629883
383,86.9881490580738,116,vehicle.mitsubishi.fusorosa,94.2256711593517,-37.9320945739746,136.111434936523,-131.579925537109
384,87.001038659364,116,vehicle.mitsubishi.fusorosa,89.1458790053401,-37.9321136474609,136.111450195312,-131.579376220703
384,87.0136287584901,116,vehicle.mitsubishi.fusorosa,87.1231103942616,-37.9321327209473,136.111465454102,-131.578826904297
384,87.0253353603184,116,vehicle.mitsubishi.fusorosa,87.0046045904349,-37.9321517944336,136.111465454102,-131.578369140625
384,87.0371437594295,116,vehicle.mitsubishi.fusorosa,82.4064005227088,-37.9321670532227,136.11149597168,-131.577941894531
384,87.0488395579159,116,vehicle.mitsubishi.fusorosa,84.4595539227059,-37.932186126709,136.111480712891,-131.577529907227
384,87.0607707574964,116,vehicle.mitsubishi.fusorosa,84.3980437290436,-37.9322052001953,136.11149597168,-131.577133178711
384,87.0723194591701,116,vehicle.mitsubishi.fusorosa,81.9005196903641,-37.9322166442871,136.111511230469,-131.576614379883
384,87.0839614607394,116,vehicle.mitsubishi.fusorosa,81.0504497554537,-37.9322319030762,136.111526489258,-131.576232910156
384,87.0968654602766,116,vehicle.mitsubishi.fusorosa,90.579155062519,-37.9322471618652,136.111526489258,-131.575820922852
385,87.109563857317,116,vehicle.mitsubishi.fusorosa,89.4127374772849,-37.9322624206543,136.111526489258,-131.575332641602
385,87.1267622597516,116,vehicle.mitsubishi.fusorosa,115.51050602076,-37.9322776794434,136.111541748047,-131.574844360352
385,87.1387773603201,116,vehicle.mitsubishi.fusorosa,84.5585134104808,-37.9322929382324,136.111557006836,-131.57405090332
385,87.1500223577023,116,vehicle.mitsubishi.fusorosa,83.3522628575456,-37.9323196411133,136.111602783203,-131.573608398438
385,87.1620642580092,116,vehicle.mitsubishi.fusorosa,85.3788533457528,-37.9323348999023,136.111572265625,-131.573394775391
385,87.1741728596389,116,vehicle.mitsubishi.fusorosa,85.4463610582373,-37.9323539733887,136.111572265625,-131.57307434082
385,87.1859734579921,116,vehicle.mitsubishi.fusorosa,79.6824268215017,-37.9323654174805,136.111602783203,-131.572662353516
385,87.1983887590468,116,vehicle.mitsubishi.fusorosa,87.4282277818936,-37.9323883056641,136.111602783203,-131.572174072266
386,87.2107098586857,116,vehicle.mitsubishi.fusorosa,87.3146711498245,-37.9323997497559,136.111618041992,-131.571655273438
386,87.22296955809,116,vehicle.mitsubishi.fusorosa,86.3543700251733,-37.9324150085449,136.111633300781,-131.571243286133
386,87.2350738607347,116,vehicle.mitsubishi.fusorosa,85.0755506689741,-37.9324340820312,136.11164855957,-131.570739746094
386,87.2473376579583,116,vehicle.mitsubishi.fusorosa,86.5006864222573,-37.9324493408203,136.11164855957,-131.570343017578
386,87.2601362578571,116,vehicle.mitsubishi.fusorosa,89.8233051791947,-37.9324645996094,136.111663818359,-131.569869995117
386,87.2727355584502,116,vehicle.mitsubishi.fusorosa,88.7882477344218,-37.9324798583984,136.111663818359,-131.569427490234
386,87.2855220586061,116,vehicle.mitsubishi.fusorosa,86.9569317117453,-37.9324913024902,136.111679077148,-131.568939208984
386,87.2977206595242,116,vehicle.mitsubishi.fusorosa,84.2833254717276,-37.9325103759766,136.111694335938,-131.568481445312
386,87.3102035596967,116,vehicle.mitsubishi.fusorosa,86.7971906561314,-37.9325294494629,136.111709594727,-131.567993164062
387,87.3228224590421,116,vehicle.mitsubishi.fusorosa,86.5619730075513,-37.932544708252,136.111709594727,-131.56755065918
387,87.3349433578551,116,vehicle.mitsubishi.fusorosa,83.7642346620532,-37.932559967041,136.111724853516,-131.567092895508
387,87.3467341586947,116,vehicle.mitsubishi.fusorosa,82.0003076686964,-37.9325790405273,136.111740112305,-131.566650390625
387,87.3584441579878,116,vehicle.mitsubishi.fusorosa,82.9543105371046,-37.9325981140137,136.111740112305,-131.566223144531
387,87.3706796579063,116,vehicle.mitsubishi.fusorosa,84.8257621982525,-37.9326095581055,136.111755371094,-131.565856933594
387,87.3826579600573,116,vehicle.mitsubishi.fusorosa,83.0436861124608,-37.9326248168945,136.111770629883,-131.565322875977
387,87.3942570574582,116,vehicle.mitsubishi.fusorosa,81.2080240965423,-37.9326438903809,136.111770629883,-131.564895629883
387,87.4068201594055,116,vehicle.mitsubishi.fusorosa,86.1021634354072,-37.9326553344727,136.111785888672,-131.564483642578
387,87.4196659587324,116,vehicle.mitsubishi.fusorosa,88.2395473119477,-37.9326705932617,136.111801147461,-131.564010620117
388,87.4448610581458,116,vehicle.mitsubishi.fusorosa,5.62142172754624,-37.9328689575195,136.111923217773,-131.570419311523
388,87.4568761587143,116,vehicle.mitsubishi.fusorosa,37.0418191335075,-37.932975769043,136.111892700195,-131.570602416992
388,87.4690218605101,116,vehicle.mitsubishi.fusorosa,29.3493990161525,-37.9330978393555,136.11198425293,-131.572113037109
388,87.4807236604393,116,vehicle.mitsubishi.fusorosa,27.8235732318933,-37.9332084655762,136.112106323242,-131.574783325195
388,87.4926809594035,116,vehicle.mitsubishi.fusorosa,40.3999697115259,-37.9333000183105,136.112213134766,-131.577255249023
388,87.5045508593321,116,vehicle.mitsubishi.fusorosa,39.2171602216396,-37.9333877563477,136.112319946289,-131.579483032227
388,87.5165201574564,116,vehicle.mitsubishi.fusorosa,11.8525104662122,-37.9334716796875,136.112442016602,-131.581726074219
388,87.529961258173,116,vehicle.mitsubishi.fusorosa,38.7112914688587,-37.9335556030273,136.112533569336,-131.583374023438
389,87.542580857873,116,vehicle.mitsubishi.fusorosa,36.5245353038687,-37.933650970459,136.112640380859,-131.585601806641
389,87.5552873574197,116,vehicle.mitsubishi.fusorosa,32.9083833911552,-37.9337348937988,136.112747192383,-131.587707519531
389,87.568957157433,116,vehicle.mitsubishi.fusorosa,27.7968578792197,-37.9338111877441,136.112854003906,-131.589538574219
389,87.581010658294,116,vehicle.mitsubishi.fusorosa,28.6867002199124,-37.9338989257812,136.112945556641,-131.591613769531
389,87.5926449596882,116,vehicle.mitsubishi.fusorosa,32.0660445892591,-37.9339637756348,136.113037109375,-131.59342956543
389,87.6052695587277,116,vehicle.mitsubishi.fusorosa,24.8863684281427,-37.934024810791,136.113098144531,-131.594604492188
389,87.6167521588504,116,vehicle.mitsubishi.fusorosa,41.3617917138664,-37.9341011047363,136.113174438477,-131.595947265625
389,87.6289657577872,116,vehicle.mitsubishi.fusorosa,34.9562966275458,-37.9341583251953,136.113265991211,-131.597473144531
389,87.6410380601883,116,vehicle.mitsubishi.fusorosa,39.1009537388546,-37.9342193603516,136.113327026367,-131.598571777344
390,87.6539931595325,116,vehicle.mitsubishi.fusorosa,26.6674781854247,-37.9342803955078,136.113403320312,-131.599884033203
390,87.667596757412,116,vehicle.mitsubishi.fusorosa,40.6530613482456,-37.9343452453613,136.113479614258,-131.601348876953
390,87.6797537580132,116,vehicle.mitsubishi.fusorosa,33.8318129059076,-37.9344024658203,136.113540649414,-131.602691650391
390,87.691631257534,116,vehicle.mitsubishi.fusorosa,21.1443421970307,-37.934455871582,136.113616943359,-131.603790283203
390,87.7033902592957,116,vehicle.mitsubishi.fusorosa,22.4672134780294,-37.9345016479492,136.113662719727,-131.604949951172
390,87.7151493579149,116,vehicle.mitsubishi.fusorosa,6.89147169658902,-37.9345474243164,136.113723754883,-131.606063842773
390,87.7267218604684,116,vehicle.mitsubishi.fusorosa,17.7517978663043,-37.9345970153809,136.11376953125,-131.60676574707
390,87.7389701604843,116,vehicle.mitsubishi.fusorosa,12.8121280750763,-37.9346389770508,136.113830566406,-131.607635498047
390,87.7521651573479,116,vehicle.mitsubishi.fusorosa,32.8835609599002,-37.9346923828125,136.113861083984,-131.608322143555
391,87.7645218595862,116,vehicle.mitsubishi.fusorosa,21.8595462112075,-37.934741973877,136.11393737793,-131.60920715332
391,87.7773540578783,116,vehicle.mitsubishi.fusorosa,7.09902207030362,-37.9347801208496,136.113998413086,-131.610244750977
391,87.7903169579804,116,vehicle.mitsubishi.fusorosa,16.0199778100959,-37.9348297119141,136.114028930664,-131.610687255859
391,87.803196657449,116,vehicle.mitsubishi.fusorosa,13.6914903669699,-37.934871673584,136.114074707031,-131.611312866211
391,87.8147130608559,116,vehicle.mitsubishi.fusorosa,10.7523441083458,-37.9349136352539,136.114120483398,-131.611877441406
391,87.8268361575902,116,vehicle.mitsubishi.fusorosa,17.6382610859641,-37.9349517822266,136.114151000977,-131.612319946289
391,87.8382698595524,116,vehicle.mitsubishi.fusorosa,33.389322314662,-37.9349937438965,136.114181518555,-131.612869262695
391,87.8503618575633,116,vehicle.mitsubishi.fusorosa,15.642695416291,-37.9350242614746,136.114227294922,-131.613372802734
391,87.8627552576363,116,vehicle.mitsubishi.fusorosa,4.04027176133406,-37.93505859375,136.1142578125,-131.61376953125
392,87.8754064589739,116,vehicle.mitsubishi.fusorosa,14.7455642800944,-37.9350967407227,136.114288330078,-131.613952636719
392,87.8881542608142,116,vehicle.mitsubishi.fusorosa,12.9687202666278,-37.935131072998,136.114318847656,-131.614334106445
392,87.9001383595169,116,vehicle.mitsubishi.fusorosa,14.6065561617438,-37.9351654052734,136.114349365234,-131.614730834961
392,87.9115168601274,116,vehicle.mitsubishi.fusorosa,28.2787153410992,-37.9351959228516,136.114364624023,-131.615097045898
392,87.9238281585276,116,vehicle.mitsubishi.fusorosa,19.0742023826488,-37.9352188110352,136.114395141602,-131.615356445312
392,87.9358924590051,116,vehicle.mitsubishi.fusorosa,33.5884759267307,-37.9352493286133,136.11442565918,-131.615661621094
392,87.9476525597274,116,vehicle.mitsubishi.fusorosa,29.700119687554,-37.9352760314941,136.114456176758,-131.615875244141
392,87.9598346576095,116,vehicle.mitsubishi.fusorosa,27.2259461968422,-37.9352989196777,136.114456176758,-131.615982055664
392,87.9734018594027,116,vehicle.mitsubishi.fusorosa,36.9816718075682,-37.9353294372559,136.114486694336,-131.616073608398
393,87.9856688603759,116,vehicle.mitsubishi.fusorosa,26.7075444783565,-37.935359954834,136.114501953125,-131.61637878418
393,87.998510658741,116,vehicle.mitsubishi.fusorosa,16.4771486587681,-37.9353828430176,136.114532470703,-131.616500854492
393,88.0107867605984,116,vehicle.mitsubishi.fusorosa,22.6436910843732,-37.9354133605957,136.114547729492,-131.616622924805
393,88.0230460576713,116,vehicle.mitsubishi.fusorosa,12.7848503608793,-37.935432434082,136.11457824707,-131.616836547852
393,88.0359751582146,116,vehicle.mitsubishi.fusorosa,30.7040775042561,-37.9354553222656,136.114593505859,-131.617034912109
393,88.0520858578384,116,vehicle.mitsubishi.fusorosa,15.065097492402,-37.935474395752,136.114608764648,-131.617309570312
393,88.0662967599928,116,vehicle.mitsubishi.fusorosa,28.2871359785827,-37.9355087280273,136.114624023438,-131.617294311523
393,88.0828624591231,116,vehicle.mitsubishi.fusorosa,19.7769154638469,-37.9355278015137,136.114654541016,-131.617324829102
394,88.0967511609197,116,vehicle.mitsubishi.fusorosa,31.0524988385443,-37.9355621337891,136.114669799805,-131.617309570312
394,88.1098314598203,116,vehicle.mitsubishi.fusorosa,13.9271678231308,-37.9355850219727,136.114700317383,-131.617431640625
394,88.1221422590315,116,vehicle.mitsubishi.fusorosa,20.830671893841,-37.935604095459,136.114700317383,-131.617416381836
394,88.1349389590323,116,vehicle.mitsubishi.fusorosa,15.377505364857,-37.9356231689453,136.114715576172,-131.617462158203
394,88.1470478586853,116,vehicle.mitsubishi.fusorosa,26.9167508563877,-37.9356346130371,136.114730834961,-131.617431640625
394,88.1584137603641,116,vehicle.mitsubishi.fusorosa,15.1686755905438,-37.9356498718262,136.11474609375,-131.617568969727
394,88.1710464581847,116,vehicle.mitsubishi.fusorosa,9.70135918734252,-37.935661315918,136.11474609375,-131.617568969727
394,88.1844488605857,116,vehicle.mitsubishi.fusorosa,9.88530042639213,-37.935676574707,136.11474609375,-131.617340087891
395,88.1971304602921,116,vehicle.mitsubishi.fusorosa,9.2631644222673,-37.9356918334961,136.114761352539,-131.617233276367
395,88.2092428579926,116,vehicle.mitsubishi.fusorosa,15.1471318527168,-37.9357070922852,136.114761352539,-131.617172241211
395,88.2219489589334,116,vehicle.mitsubishi.fusorosa,27.6603392252077,-37.9357223510742,136.114776611328,-131.6171875
395,88.2341984584928,116,vehicle.mitsubishi.fusorosa,30.6853227030713,-37.935733795166,136.114776611328,-131.617050170898
395,88.2464020587504,116,vehicle.mitsubishi.fusorosa,3.93987868168966,-37.9357452392578,136.114807128906,-131.616912841797
395,88.2592294588685,116,vehicle.mitsubishi.fusorosa,14.0597296257676,-37.9357604980469,136.114791870117,-131.616806030273
395,88.2716150581837,116,vehicle.mitsubishi.fusorosa,24.7388281815668,-37.9357757568359,136.114776611328,-131.616607666016
395,88.2842546589673,116,vehicle.mitsubishi.fusorosa,12.310841050491,-37.9357948303223,136.114776611328,-131.616500854492
395,88.2979032583535,116,vehicle.mitsubishi.fusorosa,18.3795692443938,-37.9358062744141,136.114776611328,-131.616302490234
396,88.3103172592819,116,vehicle.mitsubishi.fusorosa,5.06177693888444,-37.9358177185059,136.114807128906,-131.616271972656
396,88.3238814584911,116,vehicle.mitsubishi.fusorosa,7.17358882200628,-37.9358291625977,136.114807128906,-131.616119384766
396,88.3355092592537,116,vehicle.mitsubishi.fusorosa,12.4421019783786,-37.9358444213867,136.114807128906,-131.61589050293
396,88.3480043597519,116,vehicle.mitsubishi.fusorosa,1.00838880702428,-37.9358520507812,136.114807128906,-131.615814208984
396,88.3602266609669,116,vehicle.mitsubishi.fusorosa,32.8493985997185,-37.9358673095703,136.114776611328,-131.615600585938
396,88.3738457597792,116,vehicle.mitsubishi.fusorosa,9.49975481097318,-37.9358787536621,136.114807128906,-131.615463256836
396,88.3859953582287,116,vehicle.mitsubishi.fusorosa,24.4276556980562,-37.9358940124512,136.114791870117,-131.615264892578
396,88.3983643576503,116,vehicle.mitsubishi.fusorosa,20.923746944733,-37.9359016418457,136.114807128906,-131.615203857422
397,88.4114443585277,116,vehicle.mitsubishi.fusorosa,29.3411617841707,-37.935905456543,136.114791870117,-131.615020751953
397,88.4252262599766,116,vehicle.mitsubishi.fusorosa,21.7335258154258,-37.935920715332,136.114807128906,-131.614822387695
397,88.4379476606846,116,vehicle.mitsubishi.fusorosa,19.102820930431,-37.9359321594238,136.114807128906,-131.614791870117
397,88.4509498588741,116,vehicle.mitsubishi.fusorosa,16.3725830619301,-37.9359397888184,136.114807128906,-131.614898681641
397,88.4626586586237,116,vehicle.mitsubishi.fusorosa,4.04214395754803,-37.9359474182129,136.114837646484,-131.615005493164
397,88.4749269597232,116,vehicle.mitsubishi.fusorosa,17.1566381857231,-37.9359588623047,136.114807128906,-131.61506652832
397,88.4868716597557,116,vehicle.mitsubishi.fusorosa,33.6907625352314,-37.9359703063965,136.114807128906,-131.615112304688
397,88.4991661608219,116,vehicle.mitsubishi.fusorosa,13.0928348382998,-37.935977935791,136.114837646484,-131.615203857422
397,88.5121480599046,116,vehicle.mitsubishi.fusorosa,34.6589459560253,-37.9359893798828,136.114807128906,-131.615203857422
398,88.5251593589783,116,vehicle.mitsubishi.fusorosa,20.7499025358429,-37.9359970092773,136.114822387695,-131.615280151367
398,88.5381242595613,116,vehicle.mitsubishi.fusorosa,15.9472854182143,-37.9360084533691,136.114837646484,-131.615371704102
398,88.5500085577369,116,vehicle.mitsubishi.fusorosa,2.06624349631182,-37.9360160827637,136.114852905273,-131.615509033203
398,88.5624954588711,116,vehicle.mitsubishi.fusorosa,22.5353527459939,-37.9360237121582,136.114837646484,-131.615493774414
398,88.5747989602387,116,vehicle.mitsubishi.fusorosa,26.6680263584658,-37.9360313415527,136.114807128906,-131.615585327148
398,88.5875219590962,116,vehicle.mitsubishi.fusorosa,32.7192581035504,-37.9360427856445,136.114807128906,-131.615661621094
398,88.5999289602041,116,vehicle.mitsubishi.fusorosa,7.56156201816713,-37.9360504150391,136.114837646484,-131.61572265625
398,88.6124851591885,116,vehicle.mitsubishi.fusorosa,21.6756459814354,-37.9360580444336,136.114807128906,-131.615768432617
399,88.626417260617,116,vehicle.mitsubishi.fusorosa,26.5515385066516,-37.9360618591309,136.114807128906,-131.615859985352
399,88.6391598582268,116,vehicle.mitsubishi.fusorosa,24.9633755456036,-37.9360733032227,136.114807128906,-131.615905761719
399,88.6518859602511,116,vehicle.mitsubishi.fusorosa,1.11074133354961,-37.9360733032227,136.114837646484,-131.615982055664
399,88.6644354574382,116,vehicle.mitsubishi.fusorosa,23.8190290104149,-37.9360771179199,136.114807128906,-131.616058349609
399,88.6772917583585,116,vehicle.mitsubishi.fusorosa,17.8305009357227,-37.9360847473145,136.114807128906,-131.616119384766
399,88.689552757889,116,vehicle.mitsubishi.fusorosa,33.6796816872136,-37.9360885620117,136.114807128906,-131.616195678711
399,88.7019711583853,116,vehicle.mitsubishi.fusorosa,2.67882026977789,-37.936092376709,136.114822387695,-131.616256713867
399,88.7143608592451,116,vehicle.mitsubishi.fusorosa,13.2897861594914,-37.9360961914062,136.114807128906,-131.616256713867
399,88.7289276607335,116,vehicle.mitsubishi.fusorosa,31.2231902826136,-37.9361000061035,136.114776611328,-131.616241455078
400,88.7425724603236,116,vehicle.mitsubishi.fusorosa,38.303914899087,-37.936107635498,136.114761352539,-131.616165161133
400,88.7558074593544,116,vehicle.mitsubishi.fusorosa,15.5835209091926,-37.9361152648926,136.114776611328,-131.616317749023
400,88.7685051597655,116,vehicle.mitsubishi.fusorosa,19.3074749869987,-37.9361190795898,136.114776611328,-131.616439819336
400,88.7806292586029,116,vehicle.mitsubishi.fusorosa,17.9502797367429,-37.9361228942871,136.114776611328,-131.616500854492
400,88.792626157403,116,vehicle.mitsubishi.fusorosa,32.352324686452,-37.9361228942871,136.114776611328,-131.616516113281
400,88.8067751601338,116,vehicle.mitsubishi.fusorosa,32.1992547091568,-37.9361228942871,136.114776611328,-131.616516113281
400,88.8193710595369,116,vehicle.mitsubishi.fusorosa,29.3191517506721,-37.9361305236816,136.114776611328,-131.616516113281
400,88.8327373601496,116,vehicle.mitsubishi.fusorosa,30.1547282174457,-37.9361343383789,136.114776611328,-131.61653137207
400,88.8462256602943,116,vehicle.mitsubishi.fusorosa,32.7542969693787,-37.9361343383789,136.11474609375,-131.616516113281
401,88.8596906587481,116,vehicle.mitsubishi.fusorosa,5.76676467086889,-37.9361381530762,136.114776611328,-131.616561889648
401,88.8730890601873,116,vehicle.mitsubishi.fusorosa,34.3763276216788,-37.9361457824707,136.11474609375,-131.61653137207
401,88.9118832573295,116,vehicle.mitsubishi.fusorosa,14.4749259149095,-37.936164855957,136.114501953125,-131.616638183594
401,88.9251575581729,116,vehicle.mitsubishi.fusorosa,15.1338164863342,-37.9361801147461,136.114440917969,-131.616592407227
401,88.9375266581774,116,vehicle.mitsubishi.fusorosa,12.3773393275968,-37.9361915588379,136.114440917969,-131.61669921875
401,88.9510872587562,116,vehicle.mitsubishi.fusorosa,13.104536690737,-37.9362030029297,136.114456176758,-131.616775512695
402,88.9640031605959,116,vehicle.mitsubishi.fusorosa,20.5571359896817,-37.9362106323242,136.114456176758,-131.616836547852
403,89.1771364584565,116,vehicle.mitsubishi.fusorosa,58.175719959868,-37.9370002746582,136.112930297852,-131.581298828125
404,89.1919980607927,116,vehicle.mitsubishi.fusorosa,36.0393970351139,-37.9370040893555,136.11279296875,-131.581558227539
404,89.2051991596818,116,vehicle.mitsubishi.fusorosa,29.7947809816814,-37.9368667602539,136.112731933594,-131.578170776367
404,89.2178736589849,116,vehicle.mitsubishi.fusorosa,45.3465214911014,-37.9369354248047,136.112731933594,-131.584899902344
404,89.2437371574342,116,vehicle.mitsubishi.fusorosa,1.34094746583782,-37.9371147155762,136.112823486328,-131.587829589844
404,89.2574482597411,116,vehicle.mitsubishi.fusorosa,19.4756999667072,-37.9372825622559,136.11279296875,-131.590469360352
404,89.2840808592737,116,vehicle.mitsubishi.fusorosa,23.2898914383259,-37.9375152587891,136.112823486328,-131.602813720703
405,89.3104579597712,116,vehicle.mitsubishi.fusorosa,20.3388407675301,-37.9376220703125,136.113021850586,-131.604644775391
405,89.3244670592248,116,vehicle.mitsubishi.fusorosa,29.0500968289442,-37.9377098083496,136.112854003906,-131.60041809082
405,89.3370251581073,116,vehicle.mitsubishi.fusorosa,42.7290512558762,-37.9377861022949,136.112854003906,-131.604156494141
405,89.3499027602375,116,vehicle.mitsubishi.fusorosa,19.4632074974324,-37.9377746582031,136.112884521484,-131.598663330078
405,89.3619849607348,116,vehicle.mitsubishi.fusorosa,47.4995036228575,-37.9377784729004,136.112823486328,-131.597625732422
405,89.3740517608821,116,vehicle.mitsubishi.fusorosa,14.7043771075878,-37.9377975463867,136.112869262695,-131.599426269531
405,89.3883907608688,116,vehicle.mitsubishi.fusorosa,19.0129341197931,-37.9378890991211,136.112838745117,-131.595794677734
406,89.4017896577716,116,vehicle.mitsubishi.fusorosa,70.5973106000341,-37.9378852844238,136.112823486328,-131.596160888672
406,89.4278493598104,116,vehicle.mitsubishi.fusorosa,39.735527990032,-37.9379081726074,136.112854003906,-131.591278076172
406,89.4398316591978,116,vehicle.mitsubishi.fusorosa,25.5912949251783,-37.937915802002,136.112838745117,-131.587844848633
406,89.451784260571,116,vehicle.mitsubishi.fusorosa,5.66337432248651,-37.9379768371582,136.112823486328,-131.586395263672
406,89.464305460453,116,vehicle.mitsubishi.fusorosa,38.8962950108208,-37.9379501342773,136.11279296875,-131.5849609375
406,89.4768146574497,116,vehicle.mitsubishi.fusorosa,3.76579193797419,-37.9379539489746,136.11279296875,-131.584945678711
406,89.4900711588562,116,vehicle.mitsubishi.fusorosa,23.0110065301457,-37.9378814697266,136.112762451172,-131.582366943359
407,89.5175843574107,116,vehicle.mitsubishi.fusorosa,67.6774690292671,-37.9379615783691,136.11279296875,-131.581680297852
407,89.5319689586759,116,vehicle.mitsubishi.fusorosa,58.8495619825893,-37.9380302429199,136.112777709961,-131.579742431641
407,89.5452754609287,116,vehicle.mitsubishi.fusorosa,19.411631325482,-37.9381103515625,136.112823486328,-131.57405090332
407,89.5587507598102,116,vehicle.mitsubishi.fusorosa,31.7152854814635,-37.9380989074707,136.112930297852,-131.577484130859
407,89.5710702575743,116,vehicle.mitsubishi.fusorosa,1.04388738750911,-37.9382362365723,136.112930297852,-131.587554931641
407,89.5839663594961,116,vehicle.mitsubishi.fusorosa,51.7482317086036,-37.9383201599121,136.112869262695,-131.582077026367
407,89.5972706601024,116,vehicle.mitsubishi.fusorosa,24.3585977598999,-37.9382934570312,136.112930297852,-131.584762573242
407,89.6104804575443,116,vehicle.mitsubishi.fusorosa,74.9937144586699,-37.9384346008301,136.112854003906,-131.590850830078
408,89.6233996599913,116,vehicle.mitsubishi.fusorosa,2.68814324858767,-37.9384231567383,136.112838745117,-131.590240478516
408,89.637732360512,116,vehicle.mitsubishi.fusorosa,27.4185159652922,-37.9385185241699,136.112899780273,-131.591979980469
408,89.6513159573078,116,vehicle.mitsubishi.fusorosa,53.6871705537854,-37.9386291503906,136.112930297852,-131.597366333008
408,89.6641921587288,116,vehicle.mitsubishi.fusorosa,59.7608956641633,-37.9386672973633,136.112915039062,-131.598052978516
408,89.6900243572891,116,vehicle.mitsubishi.fusorosa,8.79373638197096,-37.9389190673828,136.112991333008,-131.604415893555
408,89.7166332602501,116,vehicle.mitsubishi.fusorosa,42.9437764354604,-37.939094543457,136.113174438477,-131.607955932617
409,89.7302634604275,116,vehicle.mitsubishi.fusorosa,2.29319849019537,-37.9392433166504,136.113204956055,-131.610382080078
409,89.7443994581699,116,vehicle.mitsubishi.fusorosa,44.1142508139038,-37.9392509460449,136.113082885742,-131.608016967773
409,89.7710875608027,116,vehicle.mitsubishi.fusorosa,36.4186550550468,-37.9395141601562,136.113159179688,-131.620162963867
409,89.7840540595353,116,vehicle.mitsubishi.fusorosa,45.7681485584708,-37.9396095275879,136.113159179688,-131.622222900391
409,89.7965870574117,116,vehicle.mitsubishi.fusorosa,13.5940464522545,-37.9396553039551,136.11328125,-131.627365112305
409,89.8094461597502,116,vehicle.mitsubishi.fusorosa,34.1169380776854,-37.9398422241211,136.113220214844,-131.62858581543
409,89.822971560061,116,vehicle.mitsubishi.fusorosa,5.78860243215259,-37.9398384094238,136.113174438477,-131.629196166992
410,89.8366905599833,116,vehicle.mitsubishi.fusorosa,59.8076787193682,-37.9398536682129,136.113174438477,-131.626190185547
410,89.8498731590807,116,vehicle.mitsubishi.fusorosa,31.1941948710477,-37.9398422241211,136.113250732422,-131.621719360352
410,89.8758327588439,116,vehicle.mitsubishi.fusorosa,37.2182603949592,-37.9399147033691,136.113311767578,-131.626281738281
410,89.8880637586117,116,vehicle.mitsubishi.fusorosa,9.50699880526978,-37.9401054382324,136.113265991211,-131.630111694336
410,89.9010045602918,116,vehicle.mitsubishi.fusorosa,23.2680319362317,-37.9401512145996,136.113265991211,-131.63053894043
410,89.9130967594683,116,vehicle.mitsubishi.fusorosa,44.9012476455587,-37.9401512145996,136.113265991211,-131.629821777344
410,89.9258559606969,116,vehicle.mitsubishi.fusorosa,31.6960616689332,-37.9402008056641,136.11328125,-131.628952026367
410,89.9397638589144,116,vehicle.mitsubishi.fusorosa,53.3958195482072,-37.9401321411133,136.113265991211,-131.624755859375
411,89.9526351578534,116,vehicle.mitsubishi.fusorosa,22.8574090140542,-37.9400863647461,136.113342285156,-131.622711181641
411,89.965400557965,116,vehicle.mitsubishi.fusorosa,5.93727631357529,-37.9401359558105,136.113265991211,-131.622680664062
411,89.9787967577577,116,vehicle.mitsubishi.fusorosa,26.668987802419,-37.940113067627,136.11328125,-131.620468139648
411,89.9913612604141,116,vehicle.mitsubishi.fusorosa,84.6331063154823,-37.9400939941406,136.113235473633,-131.61833190918
411,90.0048984587193,116,vehicle.mitsubishi.fusorosa,10.3510347690354,-37.9401664733887,136.113296508789,-131.625305175781
411,90.0176060609519,116,vehicle.mitsubishi.fusorosa,55.0827951616315,-37.9402008056641,136.113311767578,-131.626892089844
411,90.0301941595972,116,vehicle.mitsubishi.fusorosa,1.63395778333687,-37.9403877258301,136.113311767578,-131.632034301758
411,90.0449300594628,116,vehicle.mitsubishi.fusorosa,96.1919616067956,-37.9404373168945,136.113327026367,-131.629028320312
412,90.0579466596246,116,vehicle.mitsubishi.fusorosa,10.2673152227964,-37.9405288696289,136.113388061523,-131.621978759766
412,90.0718330591917,116,vehicle.mitsubishi.fusorosa,35.6093007445425,-37.940544128418,136.113388061523,-131.621078491211
412,90.0877454578876,116,vehicle.mitsubishi.fusorosa,50.6263583391025,-37.9406204223633,136.113433837891,-131.619506835938
412,90.1004798598588,116,vehicle.mitsubishi.fusorosa,46.3471846266648,-37.9404640197754,136.113388061523,-131.615875244141
412,90.1253844574094,116,vehicle.mitsubishi.fusorosa,39.6009601286095,-37.9404296875,136.113372802734,-131.611557006836
412,90.1525905579329,116,vehicle.mitsubishi.fusorosa,37.5459700693098,-37.9404182434082,136.113372802734,-131.607788085938
413,90.1660774573684,116,vehicle.mitsubishi.fusorosa,73.6031946498449,-37.940502166748,136.113372802734,-131.614166259766
413,90.1789752580225,116,vehicle.mitsubishi.fusorosa,9.46094048004501,-37.940544128418,136.113372802734,-131.609100341797
413,90.1914133578539,116,vehicle.mitsubishi.fusorosa,52.0683067427315,-37.9405784606934,136.113388061523,-131.608810424805
413,90.2039506584406,116,vehicle.mitsubishi.fusorosa,2.27085965473417,-37.940544128418,136.113418579102,-131.600936889648
413,90.2162434607744,116,vehicle.mitsubishi.fusorosa,6.5755037421189,-37.9405860900879,136.113403320312,-131.603103637695
413,90.2289309576154,116,vehicle.mitsubishi.fusorosa,6.11888789364848,-37.9406089782715,136.113433837891,-131.598495483398
413,90.2416930608451,116,vehicle.mitsubishi.fusorosa,55.5767715652156,-37.9406471252441,136.11344909668,-131.597351074219
413,90.2546835578978,116,vehicle.mitsubishi.fusorosa,28.5852029939651,-37.9406280517578,136.113555908203,-131.594085693359
413,90.2681585587561,116,vehicle.mitsubishi.fusorosa,0.404423529137257,-37.9406890869141,136.113479614258,-131.59342956543
414,90.2817357592285,116,vehicle.mitsubishi.fusorosa,42.1715928305338,-37.9406814575195,136.113479614258,-131.590042114258
414,90.2948954589665,116,vehicle.mitsubishi.fusorosa,54.6049629112614,-37.9407348632812,136.113510131836,-131.588500976562
414,90.3079130575061,116,vehicle.mitsubishi.fusorosa,22.0172473106884,-37.9408340454102,136.113525390625,-131.596450805664
414,90.32090466097,116,vehicle.mitsubishi.fusorosa,42.0551928586812,-37.9409561157227,136.113525390625,-131.603469848633
414,90.3342489600182,116,vehicle.mitsubishi.fusorosa,33.1291592687258,-37.9410285949707,136.113662719727,-131.61051940918
414,90.3478089608252,116,vehicle.mitsubishi.fusorosa,14.2555749823778,-37.9411735534668,136.113647460938,-131.620162963867
414,90.3608372583985,116,vehicle.mitsubishi.fusorosa,44.7155739455333,-37.9413452148438,136.113632202148,-131.621200561523
414,90.3743672594428,116,vehicle.mitsubishi.fusorosa,31.7885856570562,-37.941349029541,136.113647460938,-131.618728637695
415,90.3893895596266,116,vehicle.mitsubishi.fusorosa,56.2811609483666,-37.9414215087891,136.113693237305,-131.616775512695
415,90.403179358691,116,vehicle.mitsubishi.fusorosa,7.86602690838592,-37.9414596557617,136.113693237305,-131.620254516602
415,90.4167912602425,116,vehicle.mitsubishi.fusorosa,19.9820048789465,-37.941463470459,136.113723754883,-131.616363525391
415,90.4448004588485,116,vehicle.mitsubishi.fusorosa,76.635881356293,-37.9414710998535,136.11376953125,-131.612075805664
415,90.4586759582162,116,vehicle.mitsubishi.fusorosa,33.4123469345639,-37.941577911377,136.11393737793,-131.616806030273
415,90.4726966582239,116,vehicle.mitsubishi.fusorosa,4.47705732673801,-37.941650390625,136.113815307617,-131.615280151367
415,90.487118460238,116,vehicle.mitsubishi.fusorosa,88.3478057940135,-37.9416809082031,136.113815307617,-131.612594604492
416,90.5011340603232,116,vehicle.mitsubishi.fusorosa,45.1780818656177,-37.9416732788086,136.113967895508,-131.626815795898
416,90.5276285596192,116,vehicle.mitsubishi.fusorosa,92.1953921181503,-37.9418067932129,136.113815307617,-131.62565612793
416,90.5408973582089,116,vehicle.mitsubishi.fusorosa,68.0131523136091,-37.9418296813965,136.113906860352,-131.636077880859
416,90.553773958236,116,vehicle.mitsubishi.fusorosa,11.8846224013535,-37.9418792724609,136.113784790039,-131.630035400391
416,90.5659747608006,116,vehicle.mitsubishi.fusorosa,54.747627194513,-37.9420051574707,136.113800048828,-131.637069702148
416,90.5792680606246,116,vehicle.mitsubishi.fusorosa,97.8258999486524,-37.9420394897461,136.11376953125,-131.640686035156
416,90.5940844602883,116,vehicle.mitsubishi.fusorosa,13.3964078541057,-37.9420280456543,136.113739013672,-131.638885498047
417,90.6078375577927,116,vehicle.mitsubishi.fusorosa,104.610082681394,-37.9421730041504,136.11376953125,-131.647216796875
417,90.6244757585227,116,vehicle.mitsubishi.fusorosa,14.9219202150953,-37.9421272277832,136.113693237305,-131.646545410156
417,90.6375488601625,116,vehicle.mitsubishi.fusorosa,68.4089116139831,-37.941967010498,136.113586425781,-131.64421081543
417,90.650796957314,116,vehicle.mitsubishi.fusorosa,39.647490532515,-37.942008972168,136.113616943359,-131.640289306641
417,90.6632996574044,116,vehicle.mitsubishi.fusorosa,82.8222801391319,-37.9419822692871,136.113540649414,-131.638458251953
417,90.6755483597517,116,vehicle.mitsubishi.fusorosa,42.7112952340007,-37.9420013427734,136.113525390625,-131.635879516602
417,90.6886678598821,116,vehicle.mitsubishi.fusorosa,109.968780081964,-37.9419784545898,136.113479614258,-131.635299682617
417,90.7016935609281,116,vehicle.mitsubishi.fusorosa,86.8698395677711,-37.9419288635254,136.113372802734,-131.634246826172
418,90.7156804576516,116,vehicle.mitsubishi.fusorosa,63.0390238109911,-37.9419059753418,136.113311767578,-131.631637573242
418,90.7286554574966,116,vehicle.mitsubishi.fusorosa,76.2728445255735,-37.9418182373047,136.113204956055,-131.630065917969
418,90.7417294606566,116,vehicle.mitsubishi.fusorosa,78.4226118878318,-37.9417953491211,136.113128662109,-131.627380371094
418,90.7540533579886,116,vehicle.mitsubishi.fusorosa,32.9091940454947,-37.9417839050293,136.113067626953,-131.624374389648
418,90.7661492601037,116,vehicle.mitsubishi.fusorosa,89.9532461802241,-37.9418869018555,136.113082885742,-131.628112792969
418,90.7787535600364,116,vehicle.mitsubishi.fusorosa,93.1295682190669,-37.9418601989746,136.112991333008,-131.627197265625
418,90.7919133603573,116,vehicle.mitsubishi.fusorosa,86.7024009113233,-37.9418296813965,136.112930297852,-131.624984741211
418,90.8054986596107,116,vehicle.mitsubishi.fusorosa,88.8413017776541,-37.9418144226074,136.112869262695,-131.622055053711
419,90.8188891597092,116,vehicle.mitsubishi.fusorosa,85.8896913170237,-37.9418106079102,136.112823486328,-131.618576049805
419,90.8326070606709,116,vehicle.mitsubishi.fusorosa,91.0200800001715,-37.9418182373047,136.112777709961,-131.614944458008
419,90.8456452600658,116,vehicle.mitsubishi.fusorosa,86.9345528868701,-37.941822052002,136.112716674805,-131.611068725586
419,90.8584284596145,116,vehicle.mitsubishi.fusorosa,85.3895140526775,-37.9418334960938,136.112686157227,-131.607513427734
419,90.8715812601149,116,vehicle.mitsubishi.fusorosa,86.6378227178381,-37.9418411254883,136.112655639648,-131.604156494141
419,90.88499455899,116,vehicle.mitsubishi.fusorosa,87.6937644136961,-37.9418525695801,136.112609863281,-131.600799560547
419,90.8977369591594,116,vehicle.mitsubishi.fusorosa,86.2123481117171,-37.9418678283691,136.112579345703,-131.597473144531
419,90.9110510610044,116,vehicle.mitsubishi.fusorosa,88.3001205173009,-37.9418754577637,136.112548828125,-131.594360351562
419,90.9243143573403,116,vehicle.mitsubishi.fusorosa,89.7179826598652,-37.9418907165527,136.112518310547,-131.591278076172
420,90.9374966584146,116,vehicle.mitsubishi.fusorosa,84.9115535994298,-37.9419021606445,136.112503051758,-131.588363647461
420,90.9510407596827,116,vehicle.mitsubishi.fusorosa,89.3579445744688,-37.9419212341309,136.11247253418,-131.585388183594
420,90.9658127576113,116,vehicle.mitsubishi.fusorosa,98.9723208975633,-37.9419403076172,136.112442016602,-131.582565307617
420,90.9792620576918,116,vehicle.mitsubishi.fusorosa,90.5033431713616,-37.9419593811035,136.112442016602,-131.579498291016
420,90.9927771575749,116,vehicle.mitsubishi.fusorosa,90.6842315915817,-37.9419822692871,136.112426757812,-131.576934814453
420,91.0089376606047,116,vehicle.mitsubishi.fusorosa,106.713741055121,-37.9420013427734,136.112411499023,-131.574264526367
420,91.0246580578387,116,vehicle.mitsubishi.fusorosa,104.823968888332,-37.9420318603516,136.112396240234,-131.571243286133
420,91.0399528592825,116,vehicle.mitsubishi.fusorosa,100.570500438743,-37.9420623779297,136.112411499023,-131.568389892578
421,91.0551404580474,116,vehicle.mitsubishi.fusorosa,98.4661770424504,-37.9420967102051,136.112411499023,-131.565719604492
421,91.0685456581414,116,vehicle.mitsubishi.fusorosa,88.3911006750385,-37.9421310424805,136.112411499023,-131.563171386719
421,91.0822452604771,116,vehicle.mitsubishi.fusorosa,92.0798495817989,-37.9421653747559,136.112411499023,-131.560989379883
421,91.0958934575319,116,vehicle.mitsubishi.fusorosa,92.7176032067967,-37.9421920776367,136.112411499023,-131.558929443359
421,91.1098160594702,116,vehicle.mitsubishi.fusorosa,95.6377648897104,-37.9422225952148,136.112411499023,-131.556915283203
421,91.1239072605968,116,vehicle.mitsubishi.fusorosa,95.9026854633318,-37.9422454833984,136.112411499023,-131.554809570312
421,91.1406575590372,116,vehicle.mitsubishi.fusorosa,111.932410394178,-37.9422760009766,136.112411499023,-131.552749633789
422,91.1587188579142,116,vehicle.mitsubishi.fusorosa,117.921303075342,-37.9423065185547,136.112426757812,-131.550277709961
422,91.174352157861,116,vehicle.mitsubishi.fusorosa,103.883096165389,-37.9423561096191,136.112457275391,-131.54753112793
422,91.1917477585375,116,vehicle.mitsubishi.fusorosa,113.54074857098,-37.9424057006836,136.112487792969,-131.545440673828
422,91.2077303603292,116,vehicle.mitsubishi.fusorosa,106.62834456157,-37.9424514770508,136.112487792969,-131.543045043945
422,91.2213312573731,116,vehicle.mitsubishi.fusorosa,93.9520193515263,-37.9425010681152,136.112518310547,-131.541015625
422,91.2363049574196,116,vehicle.mitsubishi.fusorosa,103.197758094274,-37.9425430297852,136.112533569336,-131.539459228516
422,91.2545327581465,116,vehicle.mitsubishi.fusorosa,121.064471783341,-37.9425735473633,136.112533569336,-131.537689208984
423,91.2693976573646,116,vehicle.mitsubishi.fusorosa,101.503996082671,-37.9426155090332,136.112548828125,-131.535400390625
423,91.2860283590853,116,vehicle.mitsubishi.fusorosa,111.331509720848,-37.9426574707031,136.112579345703,-131.533828735352
423,91.2994852587581,116,vehicle.mitsubishi.fusorosa,111.429566085799,-37.9426956176758,136.112579345703,-131.531784057617
423,91.3124341592193,116,vehicle.mitsubishi.fusorosa,90.697517175405,-37.9427375793457,136.11262512207,-131.530670166016
423,91.3257566578686,116,vehicle.mitsubishi.fusorosa,95.933734260061,-37.9427642822266,136.112609863281,-131.52946472168
423,91.3382251597941,116,vehicle.mitsubishi.fusorosa,105.42954027818,-37.9427909851074,136.11262512207,-131.528228759766
423,91.3508209586143,116,vehicle.mitsubishi.fusorosa,109.50612939664,-37.9427719116211,136.112609863281,-131.528884887695
423,91.3644143603742,116,vehicle.mitsubishi.fusorosa,95.1671079640626,-37.9427947998047,136.112609863281,-131.528228759766
424,91.3778033591807,116,vehicle.mitsubishi.fusorosa,95.0728281975228,-37.9428253173828,136.112609863281,-131.527130126953
424,91.3907808586955,116,vehicle.mitsubishi.fusorosa,93.2499729620997,-37.9428520202637,136.112640380859,-131.526016235352
424,91.4041232578456,116,vehicle.mitsubishi.fusorosa,96.4860640502589,-37.9428787231445,136.112640380859,-131.524703979492
424,91.416855558753,116,vehicle.mitsubishi.fusorosa,95.4095895537809,-37.9429016113281,136.112640380859,-131.523513793945
424,91.4295664578676,116,vehicle.mitsubishi.fusorosa,91.2183126986117,-37.9429321289062,136.112655639648,-131.522277832031
424,91.4421796575189,116,vehicle.mitsubishi.fusorosa,88.8651050706731,-37.9429550170898,136.112670898438,-131.521026611328
424,91.4551424607635,116,vehicle.mitsubishi.fusorosa,91.1574939560287,-37.9429740905762,136.112670898438,-131.519790649414
424,91.4681145586073,116,vehicle.mitsubishi.fusorosa,92.4953022358275,-37.943000793457,136.112686157227,-131.518615722656
425,91.4821944609284,116,vehicle.mitsubishi.fusorosa,97.6792333821047,-37.9430274963379,136.112686157227,-131.517272949219
425,91.4956018589437,116,vehicle.mitsubishi.fusorosa,94.7094169829436,-37.943058013916,136.112716674805,-131.515853881836
425,91.508157260716,116,vehicle.mitsubishi.fusorosa,97.14074482498,-37.9430885314941,136.112731933594,-131.514663696289
425,91.5209573581815,116,vehicle.mitsubishi.fusorosa,91.2713679163244,-37.9431190490723,136.112731933594,-131.513488769531
425,91.5340571589768,116,vehicle.mitsubishi.fusorosa,93.8756240780339,-37.9431457519531,136.112747192383,-131.512451171875
425,91.5471827574074,116,vehicle.mitsubishi.fusorosa,93.0721192022061,-37.943172454834,136.112762451172,-131.511291503906
425,91.5605624578893,116,vehicle.mitsubishi.fusorosa,93.5254027642643,-37.9431991577148,136.112777709961,-131.510116577148
425,91.5736156590283,116,vehicle.mitsubishi.fusorosa,90.6412580939718,-37.943229675293,136.11279296875,-131.508926391602
426,91.5866862609982,116,vehicle.mitsubishi.fusorosa,92.6372142786353,-37.9432640075684,136.112808227539,-131.507827758789
426,91.600847158581,116,vehicle.mitsubishi.fusorosa,98.5648026848857,-37.9432945251465,136.112823486328,-131.506729125977
426,91.6133923605084,116,vehicle.mitsubishi.fusorosa,105.23590306279,-37.9433250427246,136.112838745117,-131.505401611328
426,91.6265124604106,116,vehicle.mitsubishi.fusorosa,94.1973166997693,-37.9433555603027,136.112854003906,-131.504669189453
426,91.6406410597265,116,vehicle.mitsubishi.fusorosa,99.172376127235,-37.9433822631836,136.112854003906,-131.503753662109
426,91.6544231586158,116,vehicle.mitsubishi.fusorosa,95.6025052806314,-37.9434089660645,136.112884521484,-131.502777099609
426,91.6670188605785,116,vehicle.mitsubishi.fusorosa,96.9328150461039,-37.9434432983398,136.112899780273,-131.501754760742
426,91.6800039596856,116,vehicle.mitsubishi.fusorosa,91.1971080147579,-37.9434700012207,136.112930297852,-131.5009765625
426,91.6941276602447,116,vehicle.mitsubishi.fusorosa,98.9743245700487,-37.9435005187988,136.112930297852,-131.499908447266
427,91.7077763602138,116,vehicle.mitsubishi.fusorosa,95.0751294004163,-37.943531036377,136.11296081543,-131.499008178711
427,91.7210944592953,116,vehicle.mitsubishi.fusorosa,93.0554468072194,-37.9435653686523,136.112991333008,-131.497970581055
427,91.7340731583536,116,vehicle.mitsubishi.fusorosa,91.2985888272841,-37.9435920715332,136.113006591797,-131.496871948242
427,91.7473738603294,116,vehicle.mitsubishi.fusorosa,92.8149244632968,-37.9436264038086,136.113021850586,-131.495880126953
427,91.7606622576714,116,vehicle.mitsubishi.fusorosa,92.8667949241973,-37.9436531066895,136.113037109375,-131.494979858398
427,91.7727791592479,116,vehicle.mitsubishi.fusorosa,106.217501111928,-37.9436836242676,136.113052368164,-131.494064331055
427,91.7859157584608,116,vehicle.mitsubishi.fusorosa,91.3552308663316,-37.9437065124512,136.113067626953,-131.493560791016
427,91.7985990606248,116,vehicle.mitsubishi.fusorosa,91.2741033641901,-37.9437370300293,136.113067626953,-131.492828369141
428,91.8126417584717,116,vehicle.mitsubishi.fusorosa,96.8033440432842,-37.9437561035156,136.113098144531,-131.492111206055
428,91.8260113596916,116,vehicle.mitsubishi.fusorosa,92.8957988927542,-37.9437828063965,136.11311340332,-131.4912109375
428,91.8394221588969,116,vehicle.mitsubishi.fusorosa,92.582678486789,-37.9438171386719,136.113143920898,-131.490280151367
428,91.8518504574895,116,vehicle.mitsubishi.fusorosa,95.7442155691471,-37.9438552856445,136.113143920898,-131.489242553711
428,91.8647999577224,116,vehicle.mitsubishi.fusorosa,90.3835299305139,-37.9438819885254,136.113174438477,-131.488464355469
428,91.8776766583323,116,vehicle.mitsubishi.fusorosa,90.7988714671061,-37.9439125061035,136.113189697266,-131.487442016602
428,91.8911224603653,116,vehicle.mitsubishi.fusorosa,93.454765599036,-37.9439430236816,136.113204956055,-131.486511230469
428,91.9044933579862,116,vehicle.mitsubishi.fusorosa,94.985547691643,-37.943977355957,136.113235473633,-131.485473632812
429,91.9183388575912,116,vehicle.mitsubishi.fusorosa,95.6528832295383,-37.9440078735352,136.113250732422,-131.48454284668
429,91.9319694600999,116,vehicle.mitsubishi.fusorosa,94.7159477967149,-37.9440383911133,136.113265991211,-131.483413696289
429,91.9448841586709,116,vehicle.mitsubishi.fusorosa,91.8403599077698,-37.9440727233887,136.113296508789,-131.482421875
429,91.9578444585204,116,vehicle.mitsubishi.fusorosa,91.2296322070053,-37.9441070556641,136.113311767578,-131.481521606445
429,91.9712355583906,116,vehicle.mitsubishi.fusorosa,91.6702524942028,-37.9441375732422,136.113342285156,-131.480529785156
429,91.9839401580393,116,vehicle.mitsubishi.fusorosa,92.027893631624,-37.9441719055176,136.113357543945,-131.4794921875
429,91.9965116605163,116,vehicle.mitsubishi.fusorosa,89.4171374235652,-37.9442024230957,136.113372802734,-131.478561401367
429,92.0092662572861,116,vehicle.mitsubishi.fusorosa,90.1619520991021,-37.9442291259766,136.113388061523,-131.477844238281
429,92.0222242586315,116,vehicle.mitsubishi.fusorosa,91.206329818671,-37.9442558288574,136.113403320312,-131.476974487305
430,92.0354755595326,116,vehicle.mitsubishi.fusorosa,92.1290855185309,-37.9442825317383,136.113418579102,-131.475997924805
430,92.0490835607052,116,vehicle.mitsubishi.fusorosa,93.1207225121001,-37.9443168640137,136.11344909668,-131.475143432617
430,92.0625253580511,116,vehicle.mitsubishi.fusorosa,93.7570007415797,-37.9443473815918,136.11344909668,-131.474044799805
430,92.0754332579672,116,vehicle.mitsubishi.fusorosa,91.5535405113257,-37.9443740844727,136.113479614258,-131.473236083984
430,92.0880934596062,116,vehicle.mitsubishi.fusorosa,88.3959167419435,-37.9444046020508,136.113510131836,-131.472412109375
430,92.1008137576282,116,vehicle.mitsubishi.fusorosa,90.9232870206386,-37.9444389343262,136.113510131836,-131.471527099609
430,92.1136596575379,116,vehicle.mitsubishi.fusorosa,90.4460873660723,-37.944465637207,136.113525390625,-131.470581054688
430,92.1284840591252,116,vehicle.mitsubishi.fusorosa,101.878198497643,-37.9444961547852,136.113555908203,-131.469680786133
431,92.1419408582151,116,vehicle.mitsubishi.fusorosa,93.388202438491,-37.9445266723633,136.113571166992,-131.468612670898
431,92.15547195822,116,vehicle.mitsubishi.fusorosa,91.2366365842127,-37.9445648193359,136.113616943359,-131.467636108398
431,92.1685478575528,116,vehicle.mitsubishi.fusorosa,92.8527245955833,-37.9446029663086,136.113616943359,-131.466674804688
431,92.1813040599227,116,vehicle.mitsubishi.fusorosa,91.1446921914489,-37.9446334838867,136.113632202148,-131.465744018555
431,92.1941864602268,116,vehicle.mitsubishi.fusorosa,91.8444236876799,-37.9446640014648,136.113647460938,-131.46484375
431,92.2068653590977,116,vehicle.mitsubishi.fusorosa,88.1081006837115,-37.9446907043457,136.113677978516,-131.464126586914
431,92.2199092581868,116,vehicle.mitsubishi.fusorosa,91.4900461819896,-37.9447212219238,136.113693237305,-131.463317871094
431,92.2333617582917,116,vehicle.mitsubishi.fusorosa,93.3379767006391,-37.9447479248047,136.113708496094,-131.462371826172
432,92.2472402602434,116,vehicle.mitsubishi.fusorosa,95.771043235651,-37.9447784423828,136.113723754883,-131.46142578125
432,92.2613558582962,116,vehicle.mitsubishi.fusorosa,98.8605805567515,-37.9448165893555,136.113754272461,-131.460418701172
432,92.2744873575866,116,vehicle.mitsubishi.fusorosa,93.6251790236634,-37.9448509216309,136.11376953125,-131.45947265625
432,92.2879484593868,116,vehicle.mitsubishi.fusorosa,93.5499497705235,-37.944881439209,136.113800048828,-131.458572387695
432,92.3008068576455,116,vehicle.mitsubishi.fusorosa,92.4299580960795,-37.9449119567871,136.113815307617,-131.457611083984
432,92.3132551573217,116,vehicle.mitsubishi.fusorosa,90.1567206167868,-37.9449462890625,136.113845825195,-131.456771850586
432,92.3263469599187,116,vehicle.mitsubishi.fusorosa,92.8967341044792,-37.9449768066406,136.113845825195,-131.455993652344
432,92.34026895836,116,vehicle.mitsubishi.fusorosa,97.6791393501096,-37.9450035095215,136.113861083984,-131.45524597168
433,92.3542589582503,116,vehicle.mitsubishi.fusorosa,96.7059014756085,-37.9450302124023,136.113876342773,-131.45442199707
433,92.3705816604197,116,vehicle.mitsubishi.fusorosa,109.22088117183,-37.9450569152832,136.113906860352,-131.453521728516
433,92.3833684585989,116,vehicle.mitsubishi.fusorosa,95.2057680435729,-37.9450988769531,136.113922119141,-131.45231628418
433,92.3961400575936,116,vehicle.mitsubishi.fusorosa,88.5752955647288,-37.945140838623,136.113967895508,-131.451599121094
433,92.4083888605237,116,vehicle.mitsubishi.fusorosa,89.4787049338674,-37.9451675415039,136.113967895508,-131.450820922852
433,92.4201211594045,116,vehicle.mitsubishi.fusorosa,101.672390431425,-37.945198059082,136.113998413086,-131.450149536133
433,92.4321491606534,116,vehicle.mitsubishi.fusorosa,84.5695607298224,-37.9452209472656,136.113998413086,-131.449844360352
433,92.4450575597584,116,vehicle.mitsubishi.fusorosa,90.6687370927393,-37.945240020752,136.113998413086,-131.449325561523
434,92.4577281586826,116,vehicle.mitsubishi.fusorosa,89.5460698936103,-37.9452629089355,136.114013671875,-131.448699951172
434,92.470307957381,116,vehicle.mitsubishi.fusorosa,86.7254297774271,-37.9452896118164,136.114044189453,-131.447937011719
434,92.4821221604943,116,vehicle.mitsubishi.fusorosa,95.0118043365425,-37.9453201293945,136.114044189453,-131.447143554688
434,92.4942535609007,116,vehicle.mitsubishi.fusorosa,85.2862928651232,-37.9453430175781,136.114059448242,-131.446563720703
434,92.5061761587858,116,vehicle.mitsubishi.fusorosa,84.7675780230239,-37.9453659057617,136.114074707031,-131.445816040039
434,92.5180976577103,116,vehicle.mitsubishi.fusorosa,84.8045250066865,-37.9453964233398,136.11408996582,-131.445022583008
434,92.5299758575857,116,vehicle.mitsubishi.fusorosa,84.377609237998,-37.9454154968262,136.114105224609,-131.444305419922
434,92.5419276580215,116,vehicle.mitsubishi.fusorosa,84.599388792668,-37.945442199707,136.114105224609,-131.443588256836
434,92.5549809597433,116,vehicle.mitsubishi.fusorosa,91.0237899078366,-37.9454612731934,136.114120483398,-131.442855834961
435,92.567974857986,116,vehicle.mitsubishi.fusorosa,90.5137069874497,-37.9454879760742,136.114135742188,-131.442016601562
435,92.5815518572927,116,vehicle.mitsubishi.fusorosa,91.2624590151741,-37.9455184936523,136.114166259766,-131.44108581543
435,92.5943524576724,116,vehicle.mitsubishi.fusorosa,89.957525365373,-37.9455490112305,136.114181518555,-131.440155029297
435,92.607370659709,116,vehicle.mitsubishi.fusorosa,89.7824925115854,-37.9455833435059,136.114212036133,-131.439224243164
435,92.620746858418,116,vehicle.mitsubishi.fusorosa,93.2298300418302,-37.945613861084,136.114212036133,-131.438415527344
435,92.6334588602185,116,vehicle.mitsubishi.fusorosa,89.227198177981,-37.9456443786621,136.114242553711,-131.437561035156
435,92.6462044604123,116,vehicle.mitsubishi.fusorosa,88.1681603096657,-37.945671081543,136.1142578125,-131.436676025391
435,92.659005459398,116,vehicle.mitsubishi.fusorosa,90.3576203282255,-37.9457054138184,136.114273071289,-131.435897827148
435,92.6738490574062,116,vehicle.mitsubishi.fusorosa,101.153497719074,-37.9457321166992,136.114288330078,-131.435043334961
436,92.6870567575097,116,vehicle.mitsubishi.fusorosa,89.9532051486735,-37.9457664489746,136.114318847656,-131.433990478516
436,92.699557159096,116,vehicle.mitsubishi.fusorosa,87.9332147692613,-37.94580078125,136.114349365234,-131.433151245117
436,92.712687458843,116,vehicle.mitsubishi.fusorosa,92.6615390189877,-37.9458351135254,136.114349365234,-131.432388305664
436,92.7250684574246,116,vehicle.mitsubishi.fusorosa,90.4481662409909,-37.945858001709,136.114364624023,-131.431655883789
436,92.7379263602197,116,vehicle.mitsubishi.fusorosa,88.9547739507734,-37.9458847045898,136.114395141602,-131.430862426758
436,92.7501877583563,116,vehicle.mitsubishi.fusorosa,89.9870747894407,-37.945915222168,136.114410400391,-131.430145263672
436,92.7624397575855,116,vehicle.mitsubishi.fusorosa,88.214766768387,-37.9459457397461,136.11442565918,-131.429275512695
436,92.7779428586364,116,vehicle.mitsubishi.fusorosa,103.510307540702,-37.9459648132324,136.114456176758,-131.428604125977
437,92.791717659682,116,vehicle.mitsubishi.fusorosa,94.9196906783164,-37.9459991455078,136.114456176758,-131.42756652832
437,92.8039325587451,116,vehicle.mitsubishi.fusorosa,96.2769238553746,-37.9460334777832,136.114501953125,-131.426666259766
437,92.816269159317,116,vehicle.mitsubishi.fusorosa,86.3462744568502,-37.9460639953613,136.114501953125,-131.426132202148
437,92.828931260854,116,vehicle.mitsubishi.fusorosa,89.1801249854577,-37.9460945129395,136.114517211914,-131.42546081543
437,92.8419580608606,116,vehicle.mitsubishi.fusorosa,89.4242273210811,-37.9461250305176,136.114547729492,-131.424575805664
437,92.8546673581004,116,vehicle.mitsubishi.fusorosa,89.4804522316317,-37.9461555480957,136.114562988281,-131.423675537109
437,92.8674101606011,116,vehicle.mitsubishi.fusorosa,87.169322239076,-37.9461822509766,136.114593505859,-131.422805786133
437,92.8804556578398,116,vehicle.mitsubishi.fusorosa,91.4742354473135,-37.946216583252,136.114593505859,-131.421951293945
437,92.8945866599679,116,vehicle.mitsubishi.fusorosa,96.7285525006454,-37.9462471008301,136.114608764648,-131.420974731445
438,92.907376460731,116,vehicle.mitsubishi.fusorosa,90.714035739352,-37.9462776184082,136.114639282227,-131.419982910156
438,92.9228565581143,116,vehicle.mitsubishi.fusorosa,104.780718402962,-37.9463119506836,136.114669799805,-131.419097900391
438,92.9356965608895,116,vehicle.mitsubishi.fusorosa,88.5588573424749,-37.946346282959,136.114685058594,-131.417938232422
438,92.9482530578971,116,vehicle.mitsubishi.fusorosa,87.0911951332761,-37.9463844299316,136.114715576172,-131.417175292969
438,92.9605011604726,116,vehicle.mitsubishi.fusorosa,87.0819545929033,-37.9464073181152,136.114730834961,-131.416412353516
438,92.9734033606946,116,vehicle.mitsubishi.fusorosa,89.5502636205188,-37.9464340209961,136.114730834961,-131.415725708008
438,92.9858485609293,116,vehicle.mitsubishi.fusorosa,89.9314875912411,-37.9464645385742,136.11474609375,-131.4150390625
438,92.9989747591317,116,vehicle.mitsubishi.fusorosa,91.8092068232382,-37.9464950561523,136.114776611328,-131.414138793945
439,93.0122990608215,116,vehicle.mitsubishi.fusorosa,93.1760105599072,-37.9465217590332,136.114791870117,-131.413223266602
439,93.0258947573602,116,vehicle.mitsubishi.fusorosa,91.5830711368655,-37.9465522766113,136.114822387695,-131.412216186523
439,93.0391654595733,116,vehicle.mitsubishi.fusorosa,92.3410295340801,-37.9465866088867,136.114837646484,-131.411254882812
439,93.0526405572891,116,vehicle.mitsubishi.fusorosa,93.3866757866491,-37.9466209411621,136.114852905273,-131.41032409668
439,93.0653225593269,116,vehicle.mitsubishi.fusorosa,93.3665977426157,-37.9466590881348,136.114868164062,-131.409362792969
439,93.0785225592554,116,vehicle.mitsubishi.fusorosa,92.1904153905717,-37.9466896057129,136.114883422852,-131.408569335938
439,93.0915224589407,116,vehicle.mitsubishi.fusorosa,91.674947094762,-37.9467163085938,136.11491394043,-131.407608032227
439,93.1059964597225,116,vehicle.mitsubishi.fusorosa,100.842975922274,-37.9467506408691,136.114929199219,-131.406707763672
440,93.1059964597225,116,vehicle.mitsubishi.fusorosa,100.842975922274,-37.9467506408691,136.114929199219,-131.406707763672
440,93.1194712594151,116,vehicle.mitsubishi.fusorosa,93.3319946754497,-37.9467849731445,136.114944458008,-131.405624389648
440,93.1330660581589,116,vehicle.mitsubishi.fusorosa,93.4076872278972,-37.9468193054199,136.114974975586,-131.404724121094
440,93.1461223587394,116,vehicle.mitsubishi.fusorosa,93.327706885512,-37.9468536376953,136.114990234375,-131.40380859375
440,93.1587317585945,116,vehicle.mitsubishi.fusorosa,89.9877467037083,-37.9468803405762,136.115020751953,-131.403030395508
440,93.1718455590308,116,vehicle.mitsubishi.fusorosa,91.7146723329957,-37.946907043457,136.115020751953,-131.402328491211
440,93.1843379586935,116,vehicle.mitsubishi.fusorosa,91.823890949128,-37.9469375610352,136.115051269531,-131.401473999023
440,93.1973600573838,116,vehicle.mitsubishi.fusorosa,89.1112350559254,-37.946964263916,136.115081787109,-131.400695800781
440,93.2102505601943,116,vehicle.mitsubishi.fusorosa,90.4757461634556,-37.9469947814941,136.115081787109,-131.399780273438
441,93.224263459444,116,vehicle.mitsubishi.fusorosa,96.2449193973739,-37.947021484375,136.115097045898,-131.399032592773
441,93.2370112575591,116,vehicle.mitsubishi.fusorosa,93.2498259917282,-37.9470558166504,136.115112304688,-131.398071289062
441,93.2501416578889,116,vehicle.mitsubishi.fusorosa,90.4449282063879,-37.9470825195312,136.115142822266,-131.397232055664
441,93.2626566588879,116,vehicle.mitsubishi.fusorosa,92.363393284516,-37.9471168518066,136.115142822266,-131.396392822266
441,93.2755778580904,116,vehicle.mitsubishi.fusorosa,90.884414993097,-37.9471397399902,136.115158081055,-131.395797729492
441,93.2887388579547,116,vehicle.mitsubishi.fusorosa,93.015431023382,-37.9471664428711,136.115173339844,-131.394989013672
441,93.3010809607804,116,vehicle.mitsubishi.fusorosa,92.8691730426105,-37.947193145752,136.115188598633,-131.394165039062
441,93.3132593594491,116,vehicle.mitsubishi.fusorosa,86.4650055156014,-37.9472198486328,136.115219116211,-131.393539428711
441,93.3264996595681,116,vehicle.mitsubishi.fusorosa,91.8821297569373,-37.9472465515137,136.115219116211,-131.392868041992
442,93.3399226590991,116,vehicle.mitsubishi.fusorosa,93.2662248024161,-37.9472732543945,136.115234375,-131.391983032227
442,93.3531834594905,116,vehicle.mitsubishi.fusorosa,90.23950986535,-37.9473037719727,136.115264892578,-131.391052246094
442,93.3666793592274,116,vehicle.mitsubishi.fusorosa,93.8318060365888,-37.9473419189453,136.115280151367,-131.390151977539
442,93.3801786601543,116,vehicle.mitsubishi.fusorosa,93.5460791401167,-37.9473724365234,136.115295410156,-131.389221191406
442,93.3926589600742,116,vehicle.mitsubishi.fusorosa,92.7838415267191,-37.9474029541016,136.115325927734,-131.38818359375
442,93.4049372598529,116,vehicle.mitsubishi.fusorosa,85.8559584218548,-37.9474334716797,136.115341186523,-131.387557983398
442,93.4176819585264,116,vehicle.mitsubishi.fusorosa,89.7437229966913,-37.9474601745605,136.115341186523,-131.386871337891
442,93.431461058557,116,vehicle.mitsubishi.fusorosa,96.167594121806,-37.9474830627441,136.115356445312,-131.386108398438
443,93.4448711574078,116,vehicle.mitsubishi.fusorosa,92.5168813035409,-37.947509765625,136.115386962891,-131.385299682617
443,93.4573868587613,116,vehicle.mitsubishi.fusorosa,91.0487181275893,-37.9475440979004,136.11540222168,-131.384384155273
443,93.4701912589371,116,vehicle.mitsubishi.fusorosa,89.2611088502988,-37.9475708007812,136.115432739258,-131.383682250977
443,93.482866358012,116,vehicle.mitsubishi.fusorosa,89.184388798252,-37.9475975036621,136.115432739258,-131.382949829102
443,93.4962198585272,116,vehicle.mitsubishi.fusorosa,92.1796172674433,-37.9476280212402,136.115463256836,-131.382110595703
443,93.5093015581369,116,vehicle.mitsubishi.fusorosa,91.7975145820034,-37.9476585388184,136.115478515625,-131.381256103516
443,93.5217889584601,116,vehicle.mitsubishi.fusorosa,91.7198285508097,-37.947696685791,136.115493774414,-131.380325317383
443,93.5355941578746,116,vehicle.mitsubishi.fusorosa,95.3454079998906,-37.9477195739746,136.115509033203,-131.379486083984
443,93.5497538596392,116,vehicle.mitsubishi.fusorosa,97.6233230874033,-37.9477500915527,136.115524291992,-131.378616333008
444,93.5635167583823,116,vehicle.mitsubishi.fusorosa,93.5435402989618,-37.9477767944336,136.11555480957,-131.377716064453
444,93.5767134577036,116,vehicle.mitsubishi.fusorosa,91.8996177034919,-37.9478149414062,136.115585327148,-131.376831054688
444,93.5899451598525,116,vehicle.mitsubishi.fusorosa,92.4306402351204,-37.9478492736816,136.115600585938,-131.375930786133
444,93.6026203595102,116,vehicle.mitsubishi.fusorosa,91.107702432115,-37.947883605957,136.115615844727,-131.375015258789
444,93.6151299588382,116,vehicle.mitsubishi.fusorosa,91.8309671253078,-37.9479179382324,136.115646362305,-131.374130249023
444,93.6273082606494,116,vehicle.mitsubishi.fusorosa,90.2923770811407,-37.9479446411133,136.115646362305,-131.373428344727
444,93.6406478583813,116,vehicle.mitsubishi.fusorosa,93.4142317630045,-37.9479675292969,136.115661621094,-131.372787475586
444,93.6549671590328,116,vehicle.mitsubishi.fusorosa,98.6958500069208,-37.9479942321777,136.115676879883,-131.371932983398
445,93.6693961583078,116,vehicle.mitsubishi.fusorosa,98.7593528479435,-37.9480285644531,136.115707397461,-131.37092590332
445,93.6853724606335,116,vehicle.mitsubishi.fusorosa,105.679557948246,-37.9480667114258,136.115737915039,-131.369903564453
445,93.6984294578433,116,vehicle.mitsubishi.fusorosa,91.7155168768308,-37.9481086730957,136.115753173828,-131.368682861328
445,93.7110891602933,116,vehicle.mitsubishi.fusorosa,89.2483926060275,-37.9481468200684,136.115798950195,-131.367858886719
445,93.7236498594284,116,vehicle.mitsubishi.fusorosa,89.9802481893821,-37.9481735229492,136.115798950195,-131.367172241211
445,93.7364037595689,116,vehicle.mitsubishi.fusorosa,90.7847498201002,-37.9482040405273,136.115814208984,-131.366516113281
445,93.7493311576545,116,vehicle.mitsubishi.fusorosa,88.1994073641242,-37.9482231140137,136.115829467773,-131.365753173828
445,93.7624254599214,116,vehicle.mitsubishi.fusorosa,91.556556311056,-37.9482574462891,136.115844726562,-131.364944458008
446,93.7760330587626,116,vehicle.mitsubishi.fusorosa,94.8223369329863,-37.9482841491699,136.115859985352,-131.364059448242
446,93.7891255579889,116,vehicle.mitsubishi.fusorosa,90.7950025187519,-37.9483184814453,136.11589050293,-131.36311340332
446,93.8026760593057,116,vehicle.mitsubishi.fusorosa,94.4894855255989,-37.9483489990234,136.115905761719,-131.36213684082
446,93.8150595575571,116,vehicle.mitsubishi.fusorosa,101.779128323394,-37.9483795166016,136.115921020508,-131.361175537109
446,93.8273326605558,116,vehicle.mitsubishi.fusorosa,85.9963027192019,-37.9484100341797,136.115951538086,-131.360656738281
446,93.8397416584194,116,vehicle.mitsubishi.fusorosa,88.2016316514979,-37.9484329223633,136.115951538086,-131.360000610352
446,93.852155059576,116,vehicle.mitsubishi.fusorosa,88.4399536541561,-37.9484596252441,136.115966796875,-131.359298706055
446,93.8661052584648,116,vehicle.mitsubishi.fusorosa,96.6007056388699,-37.9484901428223,136.115982055664,-131.358459472656
447,93.8798089586198,116,vehicle.mitsubishi.fusorosa,95.1040325383781,-37.9485206604004,136.115997314453,-131.357513427734
447,93.8936298601329,116,vehicle.mitsubishi.fusorosa,92.8300103142948,-37.9485511779785,136.116027832031,-131.356475830078
447,93.9066356606781,116,vehicle.mitsubishi.fusorosa,92.4720255066891,-37.9485893249512,136.11604309082,-131.355438232422
447,93.9191616587341,116,vehicle.mitsubishi.fusorosa,88.9884983342558,-37.9486198425293,136.116073608398,-131.354553222656
447,93.9318559579551,116,vehicle.mitsubishi.fusorosa,90.8814401938832,-37.9486541748047,136.116073608398,-131.353881835938
447,93.9439391605556,116,vehicle.mitsubishi.fusorosa,91.6341653956959,-37.9486770629883,136.116088867188,-131.353134155273
447,93.956718057394,116,vehicle.mitsubishi.fusorosa,89.7764164233669,-37.9486999511719,136.116104125977,-131.352569580078
447,93.9693025574088,116,vehicle.mitsubishi.fusorosa,89.7592243251677,-37.9487228393555,136.116119384766,-131.351791381836
447,93.9833460599184,116,vehicle.mitsubishi.fusorosa,95.0264918265374,-37.9487533569336,136.116149902344,-131.350997924805
448,93.996343459934,116,vehicle.mitsubishi.fusorosa,91.5892343343429,-37.9487838745117,136.116165161133,-131.349960327148
448,94.0099060609937,116,vehicle.mitsubishi.fusorosa,92.3935325597502,-37.9488143920898,136.116195678711,-131.349044799805
448,94.0236272588372,116,vehicle.mitsubishi.fusorosa,95.9205170490369,-37.9488487243652,136.116195678711,-131.348266601562
448,94.0366652607918,116,vehicle.mitsubishi.fusorosa,92.0302033462041,-37.9488792419434,136.1162109375,-131.347274780273
448,94.0489801578224,116,vehicle.mitsubishi.fusorosa,90.7698349476511,-37.9489097595215,136.116241455078,-131.346435546875
448,94.0625733584166,116,vehicle.mitsubishi.fusorosa,94.677710024317,-37.9489402770996,136.116256713867,-131.345733642578
448,94.0762180574238,116,vehicle.mitsubishi.fusorosa,94.6675889236821,-37.9489707946777,136.116271972656,-131.344863891602
448,94.0892966575921,116,vehicle.mitsubishi.fusorosa,89.9577374065066,-37.9490051269531,136.116302490234,-131.343963623047
449,94.103444557637,116,vehicle.mitsubishi.fusorosa,97.359354686812,-37.9490356445312,136.116317749023,-131.34294128418
449,94.1169168576598,116,vehicle.mitsubishi.fusorosa,94.0355010570058,-37.9490699768066,136.116333007812,-131.342102050781
449,94.1293973587453,116,vehicle.mitsubishi.fusorosa,94.7469076779963,-37.949104309082,136.116363525391,-131.341232299805
449,94.1415475606918,116,vehicle.mitsubishi.fusorosa,85.0579158059355,-37.9491310119629,136.11637878418,-131.340515136719
449,94.1546453610063,116,vehicle.mitsubishi.fusorosa,92.6496245739142,-37.9491577148438,136.11637878418,-131.339797973633
449,94.1680455580354,116,vehicle.mitsubishi.fusorosa,94.0972754298261,-37.9491844177246,136.116409301758,-131.339126586914
449,94.1813048608601,116,vehicle.mitsubishi.fusorosa,92.6437792943232,-37.9492149353027,136.116424560547,-131.33821105957
449,94.1938578598201,116,vehicle.mitsubishi.fusorosa,90.7599993774962,-37.9492454528809,136.116455078125,-131.33723449707
449,94.2086613588035,116,vehicle.mitsubishi.fusorosa,99.623797839598,-37.949275970459,136.116470336914,-131.33642578125
450,94.2219011597335,116,vehicle.mitsubishi.fusorosa,93.0690760301931,-37.9493141174316,136.116485595703,-131.335327148438
450,94.2345780581236,116,vehicle.mitsubishi.fusorosa,90.2487744449344,-37.949348449707,136.116516113281,-131.334442138672
450,94.2487644590437,116,vehicle.mitsubishi.fusorosa,99.0592458181113,-37.9493751525879,136.116516113281,-131.33366394043
450,94.2613419592381,116,vehicle.mitsubishi.fusorosa,99.534094726547,-37.9494094848633,136.116546630859,-131.332763671875
450,94.2743016593158,116,vehicle.mitsubishi.fusorosa,89.9584110028268,-37.9494400024414,136.116561889648,-131.332077026367
450,94.2876241579652,116,vehicle.mitsubishi.fusorosa,92.4660263960585,-37.9494705200195,136.116577148438,-131.331192016602
450,94.300459060818,116,vehicle.mitsubishi.fusorosa,89.4821327765814,-37.9495048522949,136.116607666016,-131.330352783203
450,94.313928257674,116,vehicle.mitsubishi.fusorosa,93.6445868975498,-37.9495315551758,136.116622924805,-131.329452514648
451,94.3274767585099,116,vehicle.mitsubishi.fusorosa,94.6660946986019,-37.9495620727539,136.116638183594,-131.328659057617
451,94.3404681608081,116,vehicle.mitsubishi.fusorosa,93.5850110287709,-37.9496002197266,136.116653442383,-131.327606201172
451,94.3538762591779,116,vehicle.mitsubishi.fusorosa,93.4310221050614,-37.9496269226074,136.116683959961,-131.326858520508
451,94.3661958575249,116,vehicle.mitsubishi.fusorosa,98.9913526124352,-37.9496612548828,136.11669921875,-131.325881958008
451,94.3796096593142,116,vehicle.mitsubishi.fusorosa,94.1101199700773,-37.9496917724609,136.116714477539,-131.325317382812
451,94.3929660581052,116,vehicle.mitsubishi.fusorosa,92.5200783376273,-37.9497184753418,136.116729736328,-131.324401855469
451,94.4061389602721,116,vehicle.mitsubishi.fusorosa,91.1417516251858,-37.9497489929199,136.116760253906,-131.323486328125
451,94.4205318577588,116,vehicle.mitsubishi.fusorosa,98.9091394709899,-37.9497833251953,136.116775512695,-131.322647094727
452,94.4330325573683,116,vehicle.mitsubishi.fusorosa,98.5241919333345,-37.9498176574707,136.116790771484,-131.32160949707
452,94.4466772601008,116,vehicle.mitsubishi.fusorosa,97.1317606903624,-37.9498558044434,136.116806030273,-131.320755004883
452,94.4596367590129,116,vehicle.mitsubishi.fusorosa,92.0657775711324,-37.9498863220215,136.116821289062,-131.319885253906
452,94.4728853590786,116,vehicle.mitsubishi.fusorosa,90.7748014504564,-37.9499130249023,136.116851806641,-131.319183349609
452,94.4863993600011,116,vehicle.mitsubishi.fusorosa,93.5311642366335,-37.9499435424805,136.11686706543,-131.318405151367
452,94.4991707578301,116,vehicle.mitsubishi.fusorosa,91.8001901997906,-37.9499740600586,136.116882324219,-131.317459106445
452,94.5114322602749,116,vehicle.mitsubishi.fusorosa,91.2262813418793,-37.9500045776367,136.116912841797,-131.316711425781
452,94.5250949598849,116,vehicle.mitsubishi.fusorosa,95.6836242710863,-37.9500350952148,136.116912841797,-131.315948486328
453,94.5378652587533,116,vehicle.mitsubishi.fusorosa,92.1251909109807,-37.9500617980957,136.116928100586,-131.315185546875
453,94.5516081601381,116,vehicle.mitsubishi.fusorosa,93.8971673238462,-37.9500885009766,136.116958618164,-131.314270019531
453,94.5649984590709,116,vehicle.mitsubishi.fusorosa,94.1272419823907,-37.9501190185547,136.116958618164,-131.3134765625
453,94.5773430578411,116,vehicle.mitsubishi.fusorosa,95.4684011273155,-37.9501457214355,136.116989135742,-131.312530517578
453,94.589785259217,116,vehicle.mitsubishi.fusorosa,87.6749549647309,-37.9501762390137,136.117004394531,-131.311935424805
453,94.6027291603386,116,vehicle.mitsubishi.fusorosa,91.5036138928322,-37.9502029418945,136.117004394531,-131.311248779297
453,94.6149686574936,116,vehicle.mitsubishi.fusorosa,91.6262069772015,-37.9502296447754,136.117034912109,-131.31037902832
453,94.627623360604,116,vehicle.mitsubishi.fusorosa,88.7069565909375,-37.9502563476562,136.117050170898,-131.309646606445
453,94.6422945596278,116,vehicle.mitsubishi.fusorosa,99.874536967169,-37.9502830505371,136.117065429688,-131.30876159668
454,94.6555856578052,116,vehicle.mitsubishi.fusorosa,92.3656534248248,-37.9503173828125,136.117080688477,-131.307723999023
454,94.669471360743,116,vehicle.mitsubishi.fusorosa,94.9699591918395,-37.9503517150879,136.117126464844,-131.306823730469
454,94.6825452595949,116,vehicle.mitsubishi.fusorosa,91.4639399729904,-37.9503860473633,136.117141723633,-131.305755615234
454,94.695011459291,116,vehicle.mitsubishi.fusorosa,92.318128901888,-37.9504203796387,136.117156982422,-131.30485534668
454,94.7074290588498,116,vehicle.mitsubishi.fusorosa,90.0560570378813,-37.9504508972168,136.117172241211,-131.30419921875
454,94.7204695604742,116,vehicle.mitsubishi.fusorosa,90.4708292349216,-37.9504737854004,136.1171875,-131.303405761719
454,94.7336713597178,116,vehicle.mitsubishi.fusorosa,92.4821602582705,-37.9505043029785,136.117202758789,-131.302612304688
454,94.7468520589173,116,vehicle.mitsubishi.fusorosa,92.1324859579281,-37.9505348205566,136.117218017578,-131.301712036133
455,94.7600830607116,116,vehicle.mitsubishi.fusorosa,90.4622297399709,-37.9505653381348,136.117248535156,-131.300796508789
455,94.7734289579093,116,vehicle.mitsubishi.fusorosa,92.4628823313825,-37.9505958557129,136.117263793945,-131.299774169922
455,94.7860406599939,116,vehicle.mitsubishi.fusorosa,90.7008424434031,-37.9506301879883,136.117279052734,-131.298843383789
455,94.7987965606153,116,vehicle.mitsubishi.fusorosa,87.9506257692621,-37.9506607055664,136.117309570312,-131.298034667969
455,94.8108855597675,116,vehicle.mitsubishi.fusorosa,93.1386737269282,-37.9506950378418,136.117324829102,-131.297149658203
455,94.8241698592901,116,vehicle.mitsubishi.fusorosa,92.8432634403222,-37.9507217407227,136.117340087891,-131.296478271484
455,94.8367193602026,116,vehicle.mitsubishi.fusorosa,89.1664119552621,-37.9507484436035,136.11735534668,-131.295516967773
455,94.8506745584309,116,vehicle.mitsubishi.fusorosa,98.1905045248327,-37.9507827758789,136.117370605469,-131.294799804688
456,94.8634351603687,116,vehicle.mitsubishi.fusorosa,91.2181861467526,-37.950813293457,136.117385864258,-131.293746948242
456,94.8763118609786,116,vehicle.mitsubishi.fusorosa,88.9894865153913,-37.9508399963379,136.117416381836,-131.292907714844
456,94.8895906582475,116,vehicle.mitsubishi.fusorosa,93.4335267442997,-37.9508743286133,136.117416381836,-131.292205810547
456,94.9025694578886,116,vehicle.mitsubishi.fusorosa,91.3303539029027,-37.9508972167969,136.117446899414,-131.29133605957
456,94.9154105596244,116,vehicle.mitsubishi.fusorosa,89.875050670591,-37.950927734375,136.117462158203,-131.290374755859
456,94.9285487607121,116,vehicle.mitsubishi.fusorosa,92.6570802815352,-37.9509620666504,136.117477416992,-131.289581298828
456,94.941381059587,116,vehicle.mitsubishi.fusorosa,90.5573438876408,-37.9509887695312,136.117492675781,-131.28874206543
456,94.9542821608484,116,vehicle.mitsubishi.fusorosa,90.3669686529636,-37.9510192871094,136.117523193359,-131.287887573242
456,94.9680843576789,116,vehicle.mitsubishi.fusorosa,93.5711270820946,-37.9510498046875,136.117538452148,-131.287048339844
457,94.9813913591206,116,vehicle.mitsubishi.fusorosa,92.8208654259015,-37.9510841369629,136.117553710938,-131.285980224609
457,94.9956844598055,116,vehicle.mitsubishi.fusorosa,96.5767039950194,-37.9511108398438,136.117584228516,-131.285140991211
457,95.0086441598833,116,vehicle.mitsubishi.fusorosa,91.8957060415346,-37.9511451721191,136.117599487305,-131.284240722656
457,95.0211008600891,116,vehicle.mitsubishi.fusorosa,88.8253730648736,-37.9511756896973,136.117630004883,-131.283416748047
457,95.0342963598669,116,vehicle.mitsubishi.fusorosa,92.7137838947818,-37.9512062072754,136.117630004883,-131.282791137695
457,95.0468460582197,116,vehicle.mitsubishi.fusorosa,92.7288953739417,-37.9512329101562,136.117645263672,-131.281951904297
457,95.0594692602754,116,vehicle.mitsubishi.fusorosa,89.6918611095455,-37.9512596130371,136.117660522461,-131.281280517578
457,95.0730038583279,116,vehicle.mitsubishi.fusorosa,94.9458583994466,-37.951286315918,136.11767578125,-131.280578613281
458,95.086308658123,116,vehicle.mitsubishi.fusorosa,93.0330829636812,-37.9513092041016,136.117691040039,-131.279693603516
458,95.0999602600932,116,vehicle.mitsubishi.fusorosa,94.4972319339938,-37.9513397216797,136.117721557617,-131.278961181641
458,95.1126988604665,116,vehicle.mitsubishi.fusorosa,91.980413535377,-37.9513702392578,136.117736816406,-131.277954101562
458,95.1251369602978,116,vehicle.mitsubishi.fusorosa,91.3368813215347,-37.9514045715332,136.117767333984,-131.277069091797
458,95.1373192593455,116,vehicle.mitsubishi.fusorosa,88.9733287381041,-37.9514312744141,136.117767333984,-131.276351928711
458,95.1503206603229,116,vehicle.mitsubishi.fusorosa,90.9114221498365,-37.9514579772949,136.117782592773,-131.275756835938
458,95.1625790596008,116,vehicle.mitsubishi.fusorosa,93.3200630828669,-37.9514846801758,136.117782592773,-131.274978637695
458,95.1756313592196,116,vehicle.mitsubishi.fusorosa,91.4534906676279,-37.9515113830566,136.117813110352,-131.274337768555
458,95.1892313584685,116,vehicle.mitsubishi.fusorosa,96.0155029007269,-37.9515419006348,136.117828369141,-131.273300170898
459,95.203177459538,116,vehicle.mitsubishi.fusorosa,96.3685947259078,-37.9515724182129,136.11784362793,-131.272369384766
459,95.2175811603665,116,vehicle.mitsubishi.fusorosa,97.4140956901579,-37.9515991210938,136.117874145508,-131.271453857422
459,95.2308858595788,116,vehicle.mitsubishi.fusorosa,92.7133838206921,-37.9516410827637,136.117904663086,-131.270538330078
459,95.2444522604346,116,vehicle.mitsubishi.fusorosa,95.9240115204292,-37.9516792297363,136.117919921875,-131.269638061523
459,95.2569593600929,116,vehicle.mitsubishi.fusorosa,94.6474921121549,-37.9517021179199,136.117935180664,-131.26872253418
459,95.2692081592977,116,vehicle.mitsubishi.fusorosa,85.3650884506961,-37.9517364501953,136.117950439453,-131.268096923828
459,95.2820309586823,116,vehicle.mitsubishi.fusorosa,90.298251415067,-37.9517631530762,136.117965698242,-131.267486572266
459,95.2958747595549,116,vehicle.mitsubishi.fusorosa,95.7607495054487,-37.951789855957,136.117980957031,-131.266632080078
460,95.3111271597445,116,vehicle.mitsubishi.fusorosa,103.555888221232,-37.9518203735352,136.118011474609,-131.265686035156
460,95.324394159019,116,vehicle.mitsubishi.fusorosa,94.4492081573908,-37.9518623352051,136.118026733398,-131.264572143555
460,95.3373450599611,116,vehicle.mitsubishi.fusorosa,90.0897301029718,-37.9518928527832,136.118057250977,-131.263748168945
460,95.3504357598722,116,vehicle.mitsubishi.fusorosa,91.0018005412603,-37.9519233703613,136.118072509766,-131.262847900391
460,95.3633026592433,116,vehicle.mitsubishi.fusorosa,91.3901143474303,-37.9519577026367,136.118087768555,-131.262084960938
460,95.3758946582675,116,vehicle.mitsubishi.fusorosa,91.7269047580236,-37.9519882202148,136.118118286133,-131.261154174805
460,95.3887187577784,116,vehicle.mitsubishi.fusorosa,90.4777755261712,-37.952018737793,136.118133544922,-131.260360717773
460,95.4030439592898,116,vehicle.mitsubishi.fusorosa,98.5038318243499,-37.9520454406738,136.118148803711,-131.259475708008
461,95.4161430597305,116,vehicle.mitsubishi.fusorosa,94.8246894232377,-37.9520797729492,136.1181640625,-131.258422851562
461,95.4296808578074,116,vehicle.mitsubishi.fusorosa,93.5926804906121,-37.9521102905273,136.118194580078,-131.257598876953
461,95.4419436603785,116,vehicle.mitsubishi.fusorosa,104.09551030988,-37.9521446228027,136.118209838867,-131.256576538086
461,95.4547818601131,116,vehicle.mitsubishi.fusorosa,90.8926810736704,-37.9521751403809,136.118225097656,-131.256072998047
461,95.4677683599293,116,vehicle.mitsubishi.fusorosa,92.3296381563245,-37.9522018432617,136.118225097656,-131.255416870117
461,95.4809683598578,116,vehicle.mitsubishi.fusorosa,92.1479804257364,-37.9522285461426,136.118255615234,-131.254730224609
461,95.4938821606338,116,vehicle.mitsubishi.fusorosa,93.0747247030734,-37.9522590637207,136.118270874023,-131.253982543945
461,95.5070232599974,116,vehicle.mitsubishi.fusorosa,91.5901712281205,-37.9522895812988,136.118286132812,-131.253067016602
461,95.5214930586517,116,vehicle.mitsubishi.fusorosa,99.3298697781441,-37.952320098877,136.118301391602,-131.252166748047
462,95.5346285589039,116,vehicle.mitsubishi.fusorosa,89.825695073702,-37.9523506164551,136.11833190918,-131.251083374023
462,95.5477167591453,116,vehicle.mitsubishi.fusorosa,90.0049542363303,-37.9523849487305,136.118362426758,-131.250198364258
462,95.5610181577504,116,vehicle.mitsubishi.fusorosa,92.3160431352673,-37.9524116516113,136.118362426758,-131.249481201172
462,95.5739995576441,116,vehicle.mitsubishi.fusorosa,93.213860297499,-37.9524459838867,136.118392944336,-131.248504638672
462,95.5870123580098,116,vehicle.mitsubishi.fusorosa,90.9594578642993,-37.9524765014648,136.118408203125,-131.247650146484
462,95.600042860955,116,vehicle.mitsubishi.fusorosa,91.2169655059712,-37.952507019043,136.118423461914,-131.246719360352
462,95.613311458379,116,vehicle.mitsubishi.fusorosa,94.343413926765,-37.9525413513184,136.118438720703,-131.245788574219
462,95.6264659576118,116,vehicle.mitsubishi.fusorosa,92.1796070426702,-37.9525756835938,136.118469238281,-131.244857788086
463,95.6403230577707,116,vehicle.mitsubishi.fusorosa,93.4165072446338,-37.9526023864746,136.118499755859,-131.243942260742
463,95.6539590582252,116,vehicle.mitsubishi.fusorosa,94.5153507011975,-37.95263671875,136.118499755859,-131.242919921875
463,95.6680483594537,116,vehicle.mitsubishi.fusorosa,96.8546503432481,-37.9526710510254,136.118515014648,-131.242004394531
463,95.680965360254,116,vehicle.mitsubishi.fusorosa,92.5334425810911,-37.9527015686035,136.118545532227,-131.241149902344
463,95.6936951577663,116,vehicle.mitsubishi.fusorosa,90.4325606867803,-37.9527320861816,136.118560791016,-131.240264892578
463,95.7064672596753,116,vehicle.mitsubishi.fusorosa,91.663118107929,-37.952766418457,136.118576049805,-131.239532470703
463,95.7192439585924,116,vehicle.mitsubishi.fusorosa,89.5957571297217,-37.9527854919434,136.118606567383,-131.238739013672
463,95.7329742573202,116,vehicle.mitsubishi.fusorosa,94.9846774575778,-37.9528160095215,136.118606567383,-131.238006591797
464,95.7472872585058,116,vehicle.mitsubishi.fusorosa,98.297144950312,-37.9528465270996,136.118637084961,-131.237045288086
464,95.7611254602671,116,vehicle.mitsubishi.fusorosa,95.4843469565714,-37.952880859375,136.11865234375,-131.236022949219
464,95.7740222588181,116,vehicle.mitsubishi.fusorosa,93.3049601464276,-37.9529190063477,136.118682861328,-131.235076904297
464,95.7880955599248,116,vehicle.mitsubishi.fusorosa,96.7881795636798,-37.952953338623,136.118713378906,-131.234146118164
464,95.8005048595369,116,vehicle.mitsubishi.fusorosa,110.351019575071,-37.9529876708984,136.118713378906,-131.233200073242
464,95.8138754591346,116,vehicle.mitsubishi.fusorosa,91.7917377372796,-37.953010559082,136.118743896484,-131.23291015625
464,95.8267814591527,116,vehicle.mitsubishi.fusorosa,91.8278059441564,-37.9530410766602,136.118728637695,-131.232345581055
464,95.8397854603827,116,vehicle.mitsubishi.fusorosa,93.1403851096891,-37.9530639648438,136.118759155273,-131.231796264648
465,95.8525188602507,116,vehicle.mitsubishi.fusorosa,90.9802881332593,-37.9530944824219,136.118759155273,-131.231033325195
465,95.864699460566,116,vehicle.mitsubishi.fusorosa,90.8429425191671,-37.9531173706055,136.118789672852,-131.230270385742
465,95.8761026598513,116,vehicle.mitsubishi.fusorosa,93.9846290330481,-37.9531440734863,136.118804931641,-131.229721069336
465,95.8887410573661,116,vehicle.mitsubishi.fusorosa,89.6979131895866,-37.9531669616699,136.118804931641,-131.229156494141
465,95.9009938575327,116,vehicle.mitsubishi.fusorosa,87.2690660406792,-37.9531936645508,136.11882019043,-131.228469848633
465,95.9137891605496,116,vehicle.mitsubishi.fusorosa,88.8413787242079,-37.9532203674316,136.118850708008,-131.227554321289
465,95.9273222573102,116,vehicle.mitsubishi.fusorosa,93.0002271322114,-37.9532432556152,136.118850708008,-131.22673034668
465,95.9400279596448,116,vehicle.mitsubishi.fusorosa,89.5814217905637,-37.9532737731934,136.118881225586,-131.225799560547
465,95.95345665887,116,vehicle.mitsubishi.fusorosa,92.5788506010195,-37.9533081054688,136.118896484375,-131.224899291992
466,95.9669859595597,116,vehicle.mitsubishi.fusorosa,93.0123792776145,-37.9533348083496,136.118911743164,-131.223968505859
466,95.9805286601186,116,vehicle.mitsubishi.fusorosa,92.7847373579121,-37.953369140625,136.118942260742,-131.222961425781
466,95.9935146607459,116,vehicle.mitsubishi.fusorosa,90.140894447688,-37.9534034729004,136.118957519531,-131.222030639648
466,96.0066044591367,116,vehicle.mitsubishi.fusorosa,89.1267141203451,-37.9534378051758,136.118988037109,-131.221145629883
466,96.0196716599166,116,vehicle.mitsubishi.fusorosa,91.7368138485589,-37.9534721374512,136.119003295898,-131.220245361328
466,96.0325155593455,116,vehicle.mitsubishi.fusorosa,90.3454494463628,-37.953498840332,136.119018554688,-131.219345092773
466,96.0461224578321,116,vehicle.mitsubishi.fusorosa,95.9185030586761,-37.9535331726074,136.119033813477,-131.21842956543
466,96.0596982575953,116,vehicle.mitsubishi.fusorosa,93.9188078416225,-37.9535636901855,136.119064331055,-131.217514038086
467,96.0728199593723,116,vehicle.mitsubishi.fusorosa,91.1006125656332,-37.9535942077637,136.119094848633,-131.216537475586
467,96.0862614586949,116,vehicle.mitsubishi.fusorosa,95.3040449613445,-37.9536361694336,136.119094848633,-131.215621948242
467,96.0996888577938,116,vehicle.mitsubishi.fusorosa,92.7421827018857,-37.9536590576172,136.119125366211,-131.214736938477
467,96.1123367585242,116,vehicle.mitsubishi.fusorosa,90.9348954856856,-37.9536895751953,136.119140625,-131.213821411133
467,96.1250574588776,116,vehicle.mitsubishi.fusorosa,89.5105469870739,-37.9537239074707,136.119155883789,-131.21305847168
467,96.1375068575144,116,vehicle.mitsubishi.fusorosa,89.2490833188231,-37.9537506103516,136.119171142578,-131.212219238281
467,96.1500522606075,116,vehicle.mitsubishi.fusorosa,88.1636690833832,-37.9537734985352,136.119201660156,-131.211486816406
467,96.1635518595576,116,vehicle.mitsubishi.fusorosa,93.7240611649562,-37.9538040161133,136.119201660156,-131.210800170898
467,96.1769792586565,116,vehicle.mitsubishi.fusorosa,93.6702143417847,-37.9538307189941,136.119232177734,-131.209838867188
468,96.1900195591152,116,vehicle.mitsubishi.fusorosa,89.0288030437125,-37.9538650512695,136.119247436523,-131.208847045898
468,96.2033471576869,116,vehicle.mitsubishi.fusorosa,92.7317180241686,-37.9538993835449,136.119262695312,-131.207946777344
468,96.2169762589037,116,vehicle.mitsubishi.fusorosa,94.5212916948362,-37.9539337158203,136.119277954102,-131.206970214844
468,96.2297692596912,116,vehicle.mitsubishi.fusorosa,91.7149201960303,-37.9539642333984,136.11930847168,-131.206024169922
468,96.2426564581692,116,vehicle.mitsubishi.fusorosa,91.5017640824203,-37.9539947509766,136.119323730469,-131.205093383789
468,96.2560375593603,116,vehicle.mitsubishi.fusorosa,93.3629083155311,-37.9540252685547,136.119338989258,-131.204376220703
468,96.2688551582396,116,vehicle.mitsubishi.fusorosa,92.2335171220934,-37.9540557861328,136.119354248047,-131.203384399414
468,96.2828870601952,116,vehicle.mitsubishi.fusorosa,96.8316317639858,-37.9540863037109,136.119384765625,-131.202667236328
469,96.2964662574232,116,vehicle.mitsubishi.fusorosa,93.9147765505423,-37.9541168212891,136.119400024414,-131.201583862305
469,96.3098578602076,116,vehicle.mitsubishi.fusorosa,92.9383074400382,-37.9541511535645,136.119430541992,-131.200622558594
469,96.3229457587004,116,vehicle.mitsubishi.fusorosa,91.3322122870693,-37.9541854858398,136.119445800781,-131.199783325195
469,96.3357972577214,116,vehicle.mitsubishi.fusorosa,91.177325788046,-37.954216003418,136.11946105957,-131.198944091797
469,96.3484099581838,116,vehicle.mitsubishi.fusorosa,91.9226721667235,-37.9542503356934,136.119476318359,-131.198043823242
469,96.3618571609259,116,vehicle.mitsubishi.fusorosa,93.7218625367784,-37.9542770385742,136.119491577148,-131.197265625
469,96.3750454597175,116,vehicle.mitsubishi.fusorosa,93.6248473534069,-37.9543075561523,136.119506835938,-131.196350097656
469,96.3884165585041,116,vehicle.mitsubishi.fusorosa,92.4945004055955,-37.9543342590332,136.119537353516,-131.195556640625
470,96.4023804590106,116,vehicle.mitsubishi.fusorosa,97.28416478317,-37.9543647766113,136.119552612305,-131.19465637207
470,96.4199757575989,116,vehicle.mitsubishi.fusorosa,117.51236072347,-37.9543952941895,136.119567871094,-131.19384765625
470,96.4331606589258,116,vehicle.mitsubishi.fusorosa,92.7644268231987,-37.9544410705566,136.119583129883,-131.192474365234
470,96.4459025599062,116,vehicle.mitsubishi.fusorosa,87.0284821535915,-37.9544792175293,136.119644165039,-131.191650390625
470,96.4585510604084,116,vehicle.mitsubishi.fusorosa,90.800695618322,-37.954517364502,136.11962890625,-131.190826416016
470,96.4709948599339,116,vehicle.mitsubishi.fusorosa,86.5004788168325,-37.9545402526855,136.119659423828,-131.190216064453
470,96.4828514605761,116,vehicle.mitsubishi.fusorosa,82.5746850141687,-37.9545631408691,136.119674682617,-131.189559936523
470,96.4965883605182,116,vehicle.mitsubishi.fusorosa,93.5318891203117,-37.9545822143555,136.119689941406,-131.189041137695
471,96.5099681578577,116,vehicle.mitsubishi.fusorosa,92.9283128602283,-37.9546165466309,136.119689941406,-131.18815612793
471,96.5233835577965,116,vehicle.mitsubishi.fusorosa,91.8218564388311,-37.9546432495117,136.119720458984,-131.187210083008
471,96.5354118607938,116,vehicle.mitsubishi.fusorosa,107.053603700384,-37.9546775817871,136.119735717773,-131.186386108398
471,96.5467809587717,116,vehicle.mitsubishi.fusorosa,81.5001458484111,-37.9547080993652,136.119735717773,-131.186019897461
471,96.5581022575498,116,vehicle.mitsubishi.fusorosa,83.9823286289639,-37.9547271728516,136.119750976562,-131.185653686523
471,96.5697516575456,116,vehicle.mitsubishi.fusorosa,85.8783222343588,-37.9547462463379,136.119766235352,-131.185134887695
471,96.5817111581564,116,vehicle.mitsubishi.fusorosa,85.4325627527205,-37.954761505127,136.119766235352,-131.184524536133
471,96.5936151593924,116,vehicle.mitsubishi.fusorosa,85.7519114579592,-37.9547843933105,136.119781494141,-131.183929443359
471,96.6074710600078,116,vehicle.mitsubishi.fusorosa,96.3967798718937,-37.9548072814941,136.11979675293,-131.183197021484
472,96.6203996576369,116,vehicle.mitsubishi.fusorosa,91.0426078995224,-37.9548301696777,136.11979675293,-131.182266235352
472,96.6336738578975,116,vehicle.mitsubishi.fusorosa,91.6771628394151,-37.9548606872559,136.119827270508,-131.181503295898
472,96.6465367600322,116,vehicle.mitsubishi.fusorosa,90.4527429565479,-37.954891204834,136.119857788086,-131.180633544922
472,96.6588555574417,116,vehicle.mitsubishi.fusorosa,87.2443754281538,-37.9549217224121,136.119873046875,-131.179672241211
472,96.6724851578474,116,vehicle.mitsubishi.fusorosa,94.8773172566462,-37.9549522399902,136.119873046875,-131.178909301758
472,96.6856544576585,116,vehicle.mitsubishi.fusorosa,91.7105982352101,-37.9549827575684,136.119903564453,-131.178085327148
472,96.6985785588622,116,vehicle.mitsubishi.fusorosa,88.9999870770776,-37.9550094604492,136.119934082031,-131.177169799805
472,96.7129177600145,116,vehicle.mitsubishi.fusorosa,97.9064940572793,-37.9550399780273,136.11994934082,-131.176376342773
473,96.7263313606381,116,vehicle.mitsubishi.fusorosa,92.5511595921525,-37.9550743103027,136.119964599609,-131.175354003906
473,96.7395659573376,116,vehicle.mitsubishi.fusorosa,91.3014456173594,-37.9551124572754,136.119995117188,-131.174438476562
473,96.7525054588914,116,vehicle.mitsubishi.fusorosa,90.113032460272,-37.9551391601562,136.120010375977,-131.173583984375
473,96.7654504589736,116,vehicle.mitsubishi.fusorosa,90.3084511132742,-37.9551734924316,136.120040893555,-131.172698974609
473,96.7785021588206,116,vehicle.mitsubishi.fusorosa,90.4728568845504,-37.9552040100098,136.120040893555,-131.171920776367
473,96.791753757745,116,vehicle.mitsubishi.fusorosa,91.764113388125,-37.9552345275879,136.120071411133,-131.171051025391
473,96.8045677579939,116,vehicle.mitsubishi.fusorosa,90.4841747108915,-37.955265045166,136.120101928711,-131.170135498047
473,96.8181971609592,116,vehicle.mitsubishi.fusorosa,92.2911730014723,-37.9552955627441,136.1201171875,-131.169219970703
473,96.8318599574268,116,vehicle.mitsubishi.fusorosa,94.6419409367985,-37.9553298950195,136.120132446289,-131.168197631836
474,96.8452696576715,116,vehicle.mitsubishi.fusorosa,92.7338037907893,-37.9553642272949,136.120147705078,-131.167266845703
474,96.8583314605057,116,vehicle.mitsubishi.fusorosa,94.0805021421764,-37.9554023742676,136.120178222656,-131.166351318359
474,96.8726984597743,116,vehicle.mitsubishi.fusorosa,98.8568296175357,-37.9554290771484,136.120193481445,-131.165573120117
474,96.8852307572961,116,vehicle.mitsubishi.fusorosa,101.15301736536,-37.9554672241211,136.120208740234,-131.164428710938
474,96.8981338590384,116,vehicle.mitsubishi.fusorosa,87.8661388282399,-37.9554977416992,136.120254516602,-131.163726806641
474,96.9111387580633,116,vehicle.mitsubishi.fusorosa,92.2966267496944,-37.9555320739746,136.120239257812,-131.162933349609
474,96.9243828579783,116,vehicle.mitsubishi.fusorosa,92.3689530646612,-37.9555625915527,136.120269775391,-131.162094116211
474,96.9385277591646,116,vehicle.mitsubishi.fusorosa,97.5480647178601,-37.9555969238281,136.12028503418,-131.161178588867
475,96.9516180604696,116,vehicle.mitsubishi.fusorosa,91.2635942287491,-37.9556274414062,136.120315551758,-131.160095214844
475,96.965189859271,116,vehicle.mitsubishi.fusorosa,93.8405183620625,-37.9556617736816,136.120346069336,-131.159240722656
475,96.9783862605691,116,vehicle.mitsubishi.fusorosa,92.4086679539853,-37.955696105957,136.120361328125,-131.158218383789
475,96.992140058428,116,vehicle.mitsubishi.fusorosa,97.1551468238504,-37.9557342529297,136.120376586914,-131.157348632812
475,97.004753459245,116,vehicle.mitsubishi.fusorosa,95.841714602796,-37.9557647705078,136.120391845703,-131.156219482422
475,97.0180555582047,116,vehicle.mitsubishi.fusorosa,94.8648044176856,-37.9557991027832,136.120422363281,-131.155532836914
475,97.0310291573405,116,vehicle.mitsubishi.fusorosa,92.4964527907231,-37.9558296203613,136.12043762207,-131.154739379883
475,97.0447956584394,116,vehicle.mitsubishi.fusorosa,95.9933254701604,-37.9558601379395,136.120452880859,-131.153747558594
476,97.0581666603684,116,vehicle.mitsubishi.fusorosa,92.7542339546255,-37.9558868408203,136.120468139648,-131.152923583984
476,97.0728463605046,116,vehicle.mitsubishi.fusorosa,99.8706492823551,-37.9559211730957,136.120498657227,-131.151977539062
476,97.0867168605328,116,vehicle.mitsubishi.fusorosa,95.9098728190161,-37.9559516906738,136.120498657227,-131.150985717773
476,97.0994316600263,116,vehicle.mitsubishi.fusorosa,96.5067831707485,-37.9559860229492,136.120529174805,-131.150177001953
476,97.1124268583953,116,vehicle.mitsubishi.fusorosa,90.184360338296,-37.9560203552246,136.120559692383,-131.149322509766
476,97.1250067576766,116,vehicle.mitsubishi.fusorosa,92.8501054127354,-37.9560508728027,136.120559692383,-131.148513793945
476,97.1381954587996,116,vehicle.mitsubishi.fusorosa,94.7255251859596,-37.9560813903809,136.120590209961,-131.147827148438
476,97.1524127610028,116,vehicle.mitsubishi.fusorosa,98.6019377635726,-37.9561080932617,136.12060546875,-131.147033691406
477,97.1654041595757,116,vehicle.mitsubishi.fusorosa,92.8931130812278,-37.9561424255371,136.120620727539,-131.145904541016
477,97.1786935590208,116,vehicle.mitsubishi.fusorosa,92.4962134704091,-37.9561767578125,136.120651245117,-131.145080566406
477,97.1917392574251,116,vehicle.mitsubishi.fusorosa,92.0815541038919,-37.9562072753906,136.120666503906,-131.144073486328
477,97.2044960595667,116,vehicle.mitsubishi.fusorosa,88.1581982497198,-37.9562377929688,136.120697021484,-131.143264770508
477,97.2172090597451,116,vehicle.mitsubishi.fusorosa,91.0514877773716,-37.9562721252441,136.120697021484,-131.142379760742
477,97.2309228591621,116,vehicle.mitsubishi.fusorosa,94.7073277901496,-37.956298828125,136.120712280273,-131.141448974609
477,97.2436357587576,116,vehicle.mitsubishi.fusorosa,94.0762656706306,-37.9563331604004,136.120742797852,-131.140441894531
477,97.255197558552,116,vehicle.mitsubishi.fusorosa,101.666372491232,-37.9563674926758,136.120758056641,-131.139617919922
477,97.2683594599366,116,vehicle.mitsubishi.fusorosa,93.0925647383969,-37.9563903808594,136.120758056641,-131.139221191406
478,97.2807735577226,116,vehicle.mitsubishi.fusorosa,89.3372100816246,-37.9564170837402,136.12077331543,-131.138580322266
478,97.2925969585776,116,vehicle.mitsubishi.fusorosa,88.6350064349852,-37.9564437866211,136.120803833008,-131.137924194336
478,97.3041547574103,116,vehicle.mitsubishi.fusorosa,82.7539116258989,-37.9564666748047,136.120803833008,-131.137390136719
478,97.3168717585504,116,vehicle.mitsubishi.fusorosa,89.0797622700313,-37.956485748291,136.120803833008,-131.136734008789
478,97.3293530605733,116,vehicle.mitsubishi.fusorosa,88.2119595525828,-37.9565086364746,136.120834350586,-131.135879516602
478,97.3414046578109,116,vehicle.mitsubishi.fusorosa,88.6824967870395,-37.95654296875,136.120849609375,-131.135055541992
478,97.3541739583015,116,vehicle.mitsubishi.fusorosa,88.7183017585272,-37.9565658569336,136.120864868164,-131.13427734375
478,97.3677594587207,116,vehicle.mitsubishi.fusorosa,94.6991284003227,-37.9565925598145,136.120864868164,-131.133453369141
478,97.3817492574453,116,vehicle.mitsubishi.fusorosa,95.8201082248681,-37.9566192626953,136.120880126953,-131.132583618164
479,97.3954743593931,116,vehicle.mitsubishi.fusorosa,93.3224309144389,-37.9566459655762,136.120910644531,-131.131698608398
479,97.4085854589939,116,vehicle.mitsubishi.fusorosa,91.6550366651725,-37.9566841125488,136.120941162109,-131.130722045898
479,97.4214889593422,116,vehicle.mitsubishi.fusorosa,90.1486579415241,-37.956714630127,136.120956420898,-131.1298828125
479,97.4340744577348,116,vehicle.mitsubishi.fusorosa,88.7170554585497,-37.9567451477051,136.120971679688,-131.129119873047
479,97.4470719583333,116,vehicle.mitsubishi.fusorosa,90.7755194734665,-37.9567756652832,136.120986938477,-131.128402709961
479,97.4603427574039,116,vehicle.mitsubishi.fusorosa,90.5591936359845,-37.9568023681641,136.121017456055,-131.12760925293
479,97.4729808606207,116,vehicle.mitsubishi.fusorosa,90.0793850854116,-37.9568290710449,136.121017456055,-131.126724243164
479,97.4874237589538,116,vehicle.mitsubishi.fusorosa,97.8882385134434,-37.9568557739258,136.121047973633,-131.125930786133
480,97.500083360821,116,vehicle.mitsubishi.fusorosa,91.5924296553427,-37.9568901062012,136.121063232422,-131.125015258789
480,97.5137129575014,116,vehicle.mitsubishi.fusorosa,92.6787123807271,-37.956916809082,136.12109375,-131.124237060547
480,97.5270879603922,116,vehicle.mitsubishi.fusorosa,93.5283604470028,-37.9569511413574,136.12109375,-131.123474121094
480,97.5400654599071,116,vehicle.mitsubishi.fusorosa,91.2634403356414,-37.9569816589355,136.121124267578,-131.122604370117
480,97.5534640587866,116,vehicle.mitsubishi.fusorosa,93.0599038005512,-37.9570083618164,136.121139526367,-131.12174987793
480,97.5662693604827,116,vehicle.mitsubishi.fusorosa,91.1997169417986,-37.9570388793945,136.121154785156,-131.120971679688
480,97.579207457602,116,vehicle.mitsubishi.fusorosa,90.0948180100548,-37.9570693969727,136.121185302734,-131.120056152344
480,97.5929421596229,116,vehicle.mitsubishi.fusorosa,95.288507779933,-37.9570999145508,136.121200561523,-131.119262695312
481,97.6064816601574,116,vehicle.mitsubishi.fusorosa,93.4873478772411,-37.9571342468262,136.121215820312,-131.118225097656
481,97.6206179596484,116,vehicle.mitsubishi.fusorosa,96.8145764113848,-37.9571647644043,136.121246337891,-131.117324829102
481,97.6333910599351,116,vehicle.mitsubishi.fusorosa,94.7034007558376,-37.9571990966797,136.12126159668,-131.116302490234
481,97.6460884585977,116,vehicle.mitsubishi.fusorosa,87.1422381357827,-37.9572372436523,136.121292114258,-131.115493774414
481,97.6589864604175,116,vehicle.mitsubishi.fusorosa,90.4458736428862,-37.9572677612305,136.121307373047,-131.11457824707
481,97.6721084602177,116,vehicle.mitsubishi.fusorosa,91.1079246980218,-37.9572982788086,136.121322631836,-131.113800048828
481,97.6851777583361,116,vehicle.mitsubishi.fusorosa,91.3687644062918,-37.9573287963867,136.121337890625,-131.112884521484
481,97.7001161575317,116,vehicle.mitsubishi.fusorosa,104.162976069183,-37.9573631286621,136.121353149414,-131.111968994141
482,97.7141893580556,116,vehicle.mitsubishi.fusorosa,96.6654000663388,-37.957389831543,136.121368408203,-131.110977172852
482,97.7286135591567,116,vehicle.mitsubishi.fusorosa,98.5009254289693,-37.9574279785156,136.121398925781,-131.110015869141
482,97.7413600608706,116,vehicle.mitsubishi.fusorosa,99.4896048018683,-37.957462310791,136.121429443359,-131.108978271484
482,97.7552248574793,116,vehicle.mitsubishi.fusorosa,96.090768037836,-37.9574966430664,136.121444702148,-131.108322143555
482,97.7674016579986,116,vehicle.mitsubishi.fusorosa,98.1288429515012,-37.9575309753418,136.121459960938,-131.107437133789
482,97.7805137597024,116,vehicle.mitsubishi.fusorosa,90.8006785018466,-37.9575614929199,136.121475219727,-131.106887817383
482,97.7936604581773,116,vehicle.mitsubishi.fusorosa,91.8016484788334,-37.957592010498,136.121490478516,-131.106109619141
482,97.8062453605235,116,vehicle.mitsubishi.fusorosa,90.7441732083974,-37.9576225280762,136.121505737305,-131.10530090332
482,97.8197631575167,116,vehicle.mitsubishi.fusorosa,92.8741583749778,-37.957649230957,136.121536254883,-131.104370117188
483,97.8330438584089,116,vehicle.mitsubishi.fusorosa,93.468929959645,-37.9576835632324,136.121551513672,-131.103561401367
483,97.8468158580363,116,vehicle.mitsubishi.fusorosa,94.8241013161919,-37.9577140808105,136.121566772461,-131.102554321289
483,97.859888959676,116,vehicle.mitsubishi.fusorosa,92.2979739113008,-37.9577484130859,136.12158203125,-131.101547241211
483,97.8728617578745,116,vehicle.mitsubishi.fusorosa,93.1197275013307,-37.9577865600586,136.121612548828,-131.100631713867
483,97.8853130601346,116,vehicle.mitsubishi.fusorosa,90.8922997981087,-37.9578132629395,136.121612548828,-131.099761962891
483,97.8982205577195,116,vehicle.mitsubishi.fusorosa,90.0618270840052,-37.9578323364258,136.121643066406,-131.099105834961
483,97.9112597592175,116,vehicle.mitsubishi.fusorosa,91.7135388325072,-37.9578590393066,136.121643066406,-131.098327636719
483,97.9255272597075,116,vehicle.mitsubishi.fusorosa,97.9971596612357,-37.9578857421875,136.121673583984,-131.097518920898
484,97.9390819594264,116,vehicle.mitsubishi.fusorosa,93.5660648342075,-37.9579200744629,136.121688842773,-131.096450805664
484,97.953087259084,116,vehicle.mitsubishi.fusorosa,95.8821202359499,-37.9579544067383,136.121719360352,-131.095458984375
484,97.9659636579454,116,vehicle.mitsubishi.fusorosa,95.2815614886834,-37.9579925537109,136.121734619141,-131.094497680664
484,97.9785835593939,116,vehicle.mitsubishi.fusorosa,90.3072851239558,-37.9580268859863,136.12174987793,-131.093597412109
484,97.9914433583617,116,vehicle.mitsubishi.fusorosa,91.9046474625491,-37.9580535888672,136.121765136719,-131.092803955078
484,98.0034088604152,116,vehicle.mitsubishi.fusorosa,99.3484415888479,-37.9580841064453,136.121795654297,-131.092025756836
484,98.0156769603491,116,vehicle.mitsubishi.fusorosa,87.4634965125459,-37.9581108093262,136.121795654297,-131.091537475586
484,98.0305828601122,116,vehicle.mitsubishi.fusorosa,102.552752135932,-37.9581336975098,136.121810913086,-131.090881347656
485,98.0446423590183,116,vehicle.mitsubishi.fusorosa,96.082348095189,-37.9581642150879,136.121826171875,-131.089797973633
485,98.0572517588735,116,vehicle.mitsubishi.fusorosa,92.539749446903,-37.9582023620605,136.121871948242,-131.088790893555
485,98.0702381581068,116,vehicle.mitsubishi.fusorosa,90.8886856355253,-37.9582366943359,136.121887207031,-131.088104248047
485,98.0823147594929,116,vehicle.mitsubishi.fusorosa,97.37762906021,-37.9582672119141,136.121887207031,-131.087127685547
485,98.0949461609125,116,vehicle.mitsubishi.fusorosa,88.6459515284851,-37.9582939147949,136.12190246582,-131.086578369141
485,98.1076466590166,116,vehicle.mitsubishi.fusorosa,88.9605610823386,-37.9583206176758,136.121917724609,-131.085922241211
485,98.120638359338,116,vehicle.mitsubishi.fusorosa,88.6404191516567,-37.9583511352539,136.121948242188,-131.085037231445
485,98.1331867575645,116,vehicle.mitsubishi.fusorosa,89.6182491451034,-37.958381652832,136.121963500977,-131.084197998047
485,98.1466022580862,116,vehicle.mitsubishi.fusorosa,92.8296855047063,-37.9584121704102,136.121978759766,-131.083236694336
486,98.1593147590756,116,vehicle.mitsubishi.fusorosa,90.450893146136,-37.958438873291,136.121994018555,-131.082366943359
486,98.1722118593752,116,vehicle.mitsubishi.fusorosa,90.0499467787803,-37.9584655761719,136.122024536133,-131.081588745117
486,98.1846337579191,116,vehicle.mitsubishi.fusorosa,88.4811371403986,-37.95849609375,136.122024536133,-131.080795288086
486,98.197168957442,116,vehicle.mitsubishi.fusorosa,89.1795641886263,-37.9585227966309,136.122039794922,-131.079895019531
486,98.2105816602707,116,vehicle.mitsubishi.fusorosa,92.0836090637353,-37.9585456848145,136.122055053711,-131.079223632812
486,98.2232571579516,116,vehicle.mitsubishi.fusorosa,90.2292999423696,-37.9585723876953,136.1220703125,-131.078384399414
486,98.2358007580042,116,vehicle.mitsubishi.fusorosa,88.2679040802348,-37.9585990905762,136.122100830078,-131.077667236328
486,98.2501411587,116,vehicle.mitsubishi.fusorosa,98.0688431245914,-37.958625793457,136.122100830078,-131.076889038086
487,98.2632416598499,116,vehicle.mitsubishi.fusorosa,91.459082936603,-37.9586601257324,136.122131347656,-131.075836181641
487,98.2759044580162,116,vehicle.mitsubishi.fusorosa,88.575509287915,-37.9586944580078,136.122161865234,-131.074935913086
487,98.2889175601304,116,vehicle.mitsubishi.fusorosa,91.1137288839942,-37.9587249755859,136.122161865234,-131.074157714844
487,98.3020855598152,116,vehicle.mitsubishi.fusorosa,92.4302453086122,-37.9587554931641,136.122177124023,-131.073379516602
487,98.3146624602377,116,vehicle.mitsubishi.fusorosa,89.2159726705484,-37.9587860107422,136.122207641602,-131.072418212891
487,98.3275985606015,116,vehicle.mitsubishi.fusorosa,87.4097505510035,-37.9588088989258,136.12223815918,-131.071655273438
487,98.3397747576237,116,vehicle.mitsubishi.fusorosa,93.5142045980803,-37.9588432312012,136.12223815918,-131.070861816406
487,98.3528833575547,116,vehicle.mitsubishi.fusorosa,90.7942024016066,-37.9588661193848,136.122253417969,-131.070251464844
487,98.3660001605749,116,vehicle.mitsubishi.fusorosa,91.8619389444491,-37.9588928222656,136.122268676758,-131.069427490234
488,98.3791072592139,116,vehicle.mitsubishi.fusorosa,90.1001469505384,-37.9589157104492,136.122299194336,-131.068618774414
488,98.3927233591676,116,vehicle.mitsubishi.fusorosa,93.464643882794,-37.9589462280273,136.122299194336,-131.067901611328
488,98.4060909599066,116,vehicle.mitsubishi.fusorosa,92.7094294451316,-37.9589767456055,136.122314453125,-131.066955566406
488,98.4189358577132,116,vehicle.mitsubishi.fusorosa,89.5349042162562,-37.9590110778809,136.122344970703,-131.066024780273
488,98.432106859982,116,vehicle.mitsubishi.fusorosa,91.3692191628786,-37.959041595459,136.122375488281,-131.065170288086
488,98.4446049593389,116,vehicle.mitsubishi.fusorosa,91.5897455258689,-37.9590759277344,136.122375488281,-131.064239501953
488,98.4573908597231,116,vehicle.mitsubishi.fusorosa,90.4774677399558,-37.9591064453125,136.122406005859,-131.063461303711
488,98.4714928604662,116,vehicle.mitsubishi.fusorosa,96.9328731941298,-37.9591331481934,136.122421264648,-131.062683105469
489,98.4845410585403,116,vehicle.mitsubishi.fusorosa,91.3521637482094,-37.9591636657715,136.122436523438,-131.061676025391
489,98.4989805594087,116,vehicle.mitsubishi.fusorosa,100.623463337547,-37.9592018127441,136.122451782227,-131.060852050781
489,98.5116333588958,116,vehicle.mitsubishi.fusorosa,94.2977665554886,-37.9592323303223,136.122482299805,-131.059814453125
489,98.5240335576236,116,vehicle.mitsubishi.fusorosa,86.7581573749852,-37.9592628479004,136.122512817383,-131.059036254883
489,98.5372809581459,116,vehicle.mitsubishi.fusorosa,91.7589314490469,-37.9592895507812,136.122512817383,-131.058380126953
489,98.550785060972,116,vehicle.mitsubishi.fusorosa,93.4557383457487,-37.9593200683594,136.122528076172,-131.057601928711
489,98.5635512582958,116,vehicle.mitsubishi.fusorosa,89.9804174548444,-37.9593467712402,136.12255859375,-131.056686401367
489,98.5778018608689,116,vehicle.mitsubishi.fusorosa,97.8446837384216,-37.9593772888184,136.12255859375,-131.05598449707
490,98.5913713574409,116,vehicle.mitsubishi.fusorosa,93.9248258128492,-37.9594078063965,136.122589111328,-131.055023193359
490,98.6036449596286,116,vehicle.mitsubishi.fusorosa,101.363311510279,-37.9594421386719,136.122619628906,-131.054122924805
490,98.6165471598506,116,vehicle.mitsubishi.fusorosa,89.6449075771792,-37.95947265625,136.122634887695,-131.053558349609
490,98.6298096589744,116,vehicle.mitsubishi.fusorosa,93.5697559123107,-37.9595031738281,136.122619628906,-131.05290222168
490,98.6426311582327,116,vehicle.mitsubishi.fusorosa,90.4484979733156,-37.9595260620117,136.122665405273,-131.052124023438
490,98.6554529592395,116,vehicle.mitsubishi.fusorosa,89.4776039532431,-37.9595565795898,136.122680664062,-131.051239013672
490,98.6681519597769,116,vehicle.mitsubishi.fusorosa,89.9471769216396,-37.959587097168,136.122695922852,-131.050552368164
490,98.6812153607607,116,vehicle.mitsubishi.fusorosa,91.08961100616,-37.9596176147461,136.122711181641,-131.049652099609
490,98.6942929588258,116,vehicle.mitsubishi.fusorosa,91.3599870721241,-37.959644317627,136.12272644043,-131.048858642578
491,98.7070541605353,116,vehicle.mitsubishi.fusorosa,87.3675207666337,-37.9596786499023,136.122756958008,-131.047821044922
491,98.7208731584251,116,vehicle.mitsubishi.fusorosa,96.0603518679447,-37.9597091674805,136.122756958008,-131.046951293945
491,98.7342735603452,116,vehicle.mitsubishi.fusorosa,93.4585421353795,-37.9597396850586,136.122787475586,-131.046112060547
491,98.7470364607871,116,vehicle.mitsubishi.fusorosa,89.2923029353469,-37.9597702026367,136.122802734375,-131.045074462891
491,98.7602890580893,116,vehicle.mitsubishi.fusorosa,91.4805594296007,-37.9598007202148,136.122817993164,-131.044372558594
491,98.7728855609894,116,vehicle.mitsubishi.fusorosa,90.5371786412463,-37.959831237793,136.122833251953,-131.043487548828
491,98.7857060581446,116,vehicle.mitsubishi.fusorosa,88.2028061525029,-37.9598617553711,136.122863769531,-131.042694091797
492,98.8001155592501,116,vehicle.mitsubishi.fusorosa,98.8685047422951,-37.9598922729492,136.12287902832,-131.041732788086
492,98.8130480609834,116,vehicle.mitsubishi.fusorosa,91.4936073751625,-37.9599266052246,136.122894287109,-131.040634155273
492,98.8258248604834,116,vehicle.mitsubishi.fusorosa,89.6855969883709,-37.9599609375,136.122924804688,-131.03987121582
492,98.8388932608068,116,vehicle.mitsubishi.fusorosa,93.6179626053225,-37.9599914550781,136.122940063477,-131.038986206055
492,98.8514361605048,116,vehicle.mitsubishi.fusorosa,90.2740873664222,-37.9600219726562,136.122955322266,-131.038070678711
492,98.8644876591861,116,vehicle.mitsubishi.fusorosa,91.104192557334,-37.9600486755371,136.122970581055,-131.03727722168
492,98.8781281597912,116,vehicle.mitsubishi.fusorosa,94.3514167719492,-37.9600791931152,136.122985839844,-131.036499023438
492,98.8908585608006,116,vehicle.mitsubishi.fusorosa,91.1899737215863,-37.9601097106934,136.123001098633,-131.035537719727
492,98.9040762595832,116,vehicle.mitsubishi.fusorosa,91.0841965764019,-37.9601364135742,136.123031616211,-131.034683227539
492,98.9180841594934,116,vehicle.mitsubishi.fusorosa,97.5318641338674,-37.9601707458496,136.123031616211,-131.033981323242
493,98.9322272576392,116,vehicle.mitsubishi.fusorosa,97.1271993471601,-37.9602012634277,136.123062133789,-131.032913208008
493,98.945160459727,116,vehicle.mitsubishi.fusorosa,91.0176865094036,-37.9602317810059,136.123092651367,-131.03190612793
493,98.9589971601963,116,vehicle.mitsubishi.fusorosa,95.4442029077881,-37.9602661132812,136.123107910156,-131.03125
493,98.9722294583917,116,vehicle.mitsubishi.fusorosa,94.277609944917,-37.9602966308594,136.123107910156,-131.030334472656
493,98.9856209605932,116,vehicle.mitsubishi.fusorosa,92.4043477372858,-37.9603271484375,136.123138427734,-131.029571533203
493,98.9984227605164,116,vehicle.mitsubishi.fusorosa,91.6798229917455,-37.9603614807129,136.123153686523,-131.02864074707
493,99.0117738582194,116,vehicle.mitsubishi.fusorosa,90.964945845472,-37.9603881835938,136.123184204102,-131.027862548828
493,99.0246045589447,116,vehicle.mitsubishi.fusorosa,91.7284537049563,-37.9604225158691,136.123199462891,-131.026931762695
494,99.0379017591476,116,vehicle.mitsubishi.fusorosa,92.3792911905192,-37.96044921875,136.12321472168,-131.026123046875
494,99.0512798577547,116,vehicle.mitsubishi.fusorosa,93.4999958107814,-37.9604759216309,136.123229980469,-131.025207519531
494,99.0640447586775,116,vehicle.mitsubishi.fusorosa,88.4648904786977,-37.9605026245117,136.123260498047,-131.024444580078
494,99.0763354599476,116,vehicle.mitsubishi.fusorosa,93.116607413798,-37.9605369567871,136.123275756836,-131.023559570312
494,99.0891950577497,116,vehicle.mitsubishi.fusorosa,90.4302081965289,-37.960563659668,136.123275756836,-131.022918701172
494,99.1019381582737,116,vehicle.mitsubishi.fusorosa,91.8265613572657,-37.9605941772461,136.123291015625,-131.022125244141
494,99.1149448603392,116,vehicle.mitsubishi.fusorosa,90.0150975306323,-37.9606170654297,136.123321533203,-131.021347045898
494,99.1294273585081,116,vehicle.mitsubishi.fusorosa,99.8293495000608,-37.9606475830078,136.123321533203,-131.020568847656
495,99.1424785591662,116,vehicle.mitsubishi.fusorosa,92.0064530846637,-37.9606819152832,136.123352050781,-131.019485473633
495,99.1563480608165,116,vehicle.mitsubishi.fusorosa,94.9154319427139,-37.9607162475586,136.123382568359,-131.018585205078
495,99.1686666607857,116,vehicle.mitsubishi.fusorosa,104.940785096943,-37.9607467651367,136.123382568359,-131.017684936523
495,99.1816243603826,116,vehicle.mitsubishi.fusorosa,90.2947551685199,-37.9607772827148,136.123397827148,-131.017288208008
495,99.1942409574986,116,vehicle.mitsubishi.fusorosa,89.2893623690838,-37.9608039855957,136.123413085938,-131.016647338867
495,99.2066125608981,116,vehicle.mitsubishi.fusorosa,87.6408459415816,-37.9608345031738,136.123428344727,-131.01594543457
495,99.2196396589279,116,vehicle.mitsubishi.fusorosa,91.1136092548712,-37.9608573913574,136.123443603516,-131.015258789062
495,99.2337862588465,116,vehicle.mitsubishi.fusorosa,98.1569955465889,-37.9608840942383,136.123458862305,-131.014465332031
496,99.2486312575638,116,vehicle.mitsubishi.fusorosa,100.500198307876,-37.9609107971191,136.123489379883,-131.013626098633
496,99.2622505575418,116,vehicle.mitsubishi.fusorosa,93.6748166855036,-37.9609527587891,136.123519897461,-131.012496948242
496,99.2750533595681,116,vehicle.mitsubishi.fusorosa,91.0801071683297,-37.9609870910645,136.12353515625,-131.011566162109
496,99.2878657579422,116,vehicle.mitsubishi.fusorosa,90.7481361887466,-37.9610176086426,136.123550415039,-131.010803222656
496,99.3001106604934,116,vehicle.mitsubishi.fusorosa,90.529890423933,-37.9610481262207,136.123565673828,-131.010131835938
496,99.3123435601592,116,vehicle.mitsubishi.fusorosa,87.0721292475216,-37.9610748291016,136.123580932617,-131.00944519043
496,99.3254478573799,116,vehicle.mitsubishi.fusorosa,92.5803944314049,-37.9611015319824,136.123596191406,-131.008666992188
496,99.3386550582945,116,vehicle.mitsubishi.fusorosa,92.1961084901418,-37.961124420166,136.123611450195,-131.007858276367
496,99.3518085591495,116,vehicle.mitsubishi.fusorosa,93.2007507467039,-37.9611587524414,136.123626708984,-131.006896972656
497,99.3651072606444,116,vehicle.mitsubishi.fusorosa,91.1039104613487,-37.961181640625,136.123641967773,-131.005966186523
497,99.3812905587256,116,vehicle.mitsubishi.fusorosa,109.060111827194,-37.9612159729004,136.123657226562,-131.005172729492
497,99.3939850591123,116,vehicle.mitsubishi.fusorosa,91.2306545590233,-37.9612464904785,136.123672485352,-131.003997802734
497,99.4059533588588,116,vehicle.mitsubishi.fusorosa,93.5989479758919,-37.9612884521484,136.123718261719,-131.003295898438
497,99.4178798608482,116,vehicle.mitsubishi.fusorosa,85.2399189281162,-37.9613151550293,136.123733520508,-131.002639770508
497,99.4302705600858,116,vehicle.mitsubishi.fusorosa,88.2480107671206,-37.9613418579102,136.123733520508,-131.001983642578
497,99.442454058677,116,vehicle.mitsubishi.fusorosa,88.5697306680363,-37.9613647460938,136.123748779297,-131.001266479492
497,99.4557161591947,116,vehicle.mitsubishi.fusorosa,92.3451394848008,-37.9613876342773,136.123764038086,-131.000564575195
498,99.4682462587953,116,vehicle.mitsubishi.fusorosa,90.4792235804408,-37.9614143371582,136.123779296875,-130.999694824219
498,99.4813397601247,116,vehicle.mitsubishi.fusorosa,91.1137288839942,-37.9614410400391,136.123809814453,-130.998916625977
498,99.4939033575356,116,vehicle.mitsubishi.fusorosa,90.4586326938629,-37.9614677429199,136.123809814453,-130.998077392578
498,99.5060708597302,116,vehicle.mitsubishi.fusorosa,87.9660860661879,-37.9614944458008,136.123825073242,-130.997375488281
498,99.5180085599422,116,vehicle.mitsubishi.fusorosa,88.0624361959597,-37.9615173339844,136.123840332031,-130.996688842773
498,99.5296421609819,116,vehicle.mitsubishi.fusorosa,87.0737226521783,-37.9615364074707,136.12385559082,-130.996032714844
498,99.54227906093,116,vehicle.mitsubishi.fusorosa,87.6979923735553,-37.9615592956543,136.123870849609,-130.995422363281
498,99.5544438585639,116,vehicle.mitsubishi.fusorosa,88.1020929993262,-37.9615821838379,136.123870849609,-130.994720458984
498,99.5680032595992,116,vehicle.mitsubishi.fusorosa,95.8609685835747,-37.961612701416,136.123886108398,-130.994064331055
499,99.5808674581349,116,vehicle.mitsubishi.fusorosa,89.7730586975728,-37.9616394042969,136.123916625977,-130.993041992188
499,99.59354345873,116,vehicle.mitsubishi.fusorosa,88.1510057774882,-37.961669921875,136.123947143555,-130.992156982422
499,99.6051297597587,116,vehicle.mitsubishi.fusorosa,96.991380509046,-37.9617004394531,136.123947143555,-130.991333007812
499,99.6167999580503,116,vehicle.mitsubishi.fusorosa,81.6121443080648,-37.961727142334,136.123962402344,-130.990829467773
499,99.6289318576455,116,vehicle.mitsubishi.fusorosa,85.3129615530063,-37.9617538452148,136.123977661133,-130.990234375
499,99.6412469595671,116,vehicle.mitsubishi.fusorosa,86.9151621604932,-37.9617729187012,136.123977661133,-130.989639282227
499,99.6525193601847,116,vehicle.mitsubishi.fusorosa,95.9699392746042,-37.961799621582,136.124008178711,-130.988922119141
499,99.6642038598657,116,vehicle.mitsubishi.fusorosa,81.6808034600037,-37.9618186950684,136.124008178711,-130.988525390625
499,99.6790337599814,116,vehicle.mitsubishi.fusorosa,101.492508990868,-37.9618453979492,136.1240234375,-130.98796081543
500,99.6925623603165,116,vehicle.mitsubishi.fusorosa,92.6706685039923,-37.9618759155273,136.124038696289,-130.986953735352
500,99.7056904584169,116,vehicle.mitsubishi.fusorosa,89.3147778963214,-37.9619102478027,136.124084472656,-130.986114501953
500,99.7179913595319,116,vehicle.mitsubishi.fusorosa,86.3237585263932,-37.9619407653809,136.124084472656,-130.985305786133
500,99.7300855591893,116,vehicle.mitsubishi.fusorosa,85.3838209531074,-37.9619750976562,136.124114990234,-130.984558105469
500,99.742245759815,116,vehicle.mitsubishi.fusorosa,84.929162888194,-37.9619979858398,136.124114990234,-130.983779907227
500,99.7542247585952,116,vehicle.mitsubishi.fusorosa,83.902768872283,-37.9620208740234,136.124130249023,-130.983139038086
500,99.7657368592918,116,vehicle.mitsubishi.fusorosa,83.7968891523828,-37.962043762207,136.124145507812,-130.982635498047
500,99.7775521576405,116,vehicle.mitsubishi.fusorosa,83.433084724382,-37.9620628356934,136.124160766602,-130.982040405273
500,99.7909794598818,116,vehicle.mitsubishi.fusorosa,92.9799012561776,-37.962085723877,136.124160766602,-130.981338500977
501,99.8052574582398,116,vehicle.mitsubishi.fusorosa,97.1998316731873,-37.9621124267578,136.12419128418,-130.980514526367
501,99.817612759769,116,vehicle.mitsubishi.fusorosa,87.1446316575846,-37.9621467590332,136.124221801758,-130.979537963867
501,99.8299841582775,116,vehicle.mitsubishi.fusorosa,88.1541258339868,-37.9621810913086,136.124237060547,-130.978698730469
501,99.842020560056,116,vehicle.mitsubishi.fusorosa,86.3691836317629,-37.9622077941895,136.124252319336,-130.977920532227
501,99.8537014573812,116,vehicle.mitsubishi.fusorosa,84.2548023994086,-37.962230682373,136.124267578125,-130.977264404297
501,99.8657774589956,116,vehicle.mitsubishi.fusorosa,85.4726623748138,-37.9622535705566,136.124267578125,-130.976623535156
501,99.8780054599047,116,vehicle.mitsubishi.fusorosa,86.9776699597123,-37.962272644043,136.124282836914,-130.975967407227
501,99.890088159591,116,vehicle.mitsubishi.fusorosa,85.9806202184375,-37.9622993469238,136.124298095703,-130.975296020508
501,99.9050143584609,116,vehicle.mitsubishi.fusorosa,101.96124595815,-37.9623222351074,136.124313354492,-130.974533081055
502,99.9197541587055,116,vehicle.mitsubishi.fusorosa,100.130606779345,-37.9623565673828,136.124328613281,-130.973480224609
502,99.9333422593772,116,vehicle.mitsubishi.fusorosa,92.0455884096627,-37.9623908996582,136.124374389648,-130.972503662109
502,99.9474204592407,116,vehicle.mitsubishi.fusorosa,95.8305404137553,-37.9624290466309,136.124404907227,-130.971664428711
502,99.9608498588204,116,vehicle.mitsubishi.fusorosa,93.5502232927541,-37.9624671936035,136.124404907227,-130.970520019531
502,99.974283259362,116,vehicle.mitsubishi.fusorosa,92.4622258205035,-37.9624977111816,136.124435424805,-130.969833374023
502,99.9868975579739,116,vehicle.mitsubishi.fusorosa,87.9663083320947,-37.962532043457,136.124465942383,-130.968933105469
502,100.000650458038,116,vehicle.mitsubishi.fusorosa,94.7644075313767,-37.9625663757324,136.124481201172,-130.968139648438
502,100.014488860965,116,vehicle.mitsubishi.fusorosa,96.5370659901809,-37.9625930786133,136.124496459961,-130.967346191406
503,100.027892358601,116,vehicle.mitsubishi.fusorosa,93.5261259348559,-37.9626274108887,136.12451171875,-130.966445922852
503,100.042155958712,116,vehicle.mitsubishi.fusorosa,97.6515167140417,-37.9626579284668,136.124542236328,-130.965576171875
503,100.055416159332,116,vehicle.mitsubishi.fusorosa,92.8493839552306,-37.9626922607422,136.124572753906,-130.964569091797
503,100.068587660789,116,vehicle.mitsubishi.fusorosa,93.7567357620698,-37.9627304077148,136.124588012695,-130.96369934082
503,100.081402458251,116,vehicle.mitsubishi.fusorosa,90.7437543668138,-37.9627571105957,136.124603271484,-130.962783813477
503,100.094098359346,116,vehicle.mitsubishi.fusorosa,89.6367696684493,-37.9627876281738,136.124618530273,-130.961959838867
503,100.107359960675,116,vehicle.mitsubishi.fusorosa,92.2298858120006,-37.962818145752,136.124649047852,-130.961090087891
503,100.122222360224,116,vehicle.mitsubishi.fusorosa,101.465206025129,-37.9628448486328,136.124664306641,-130.960205078125
504,100.135589960963,116,vehicle.mitsubishi.fusorosa,92.5750671419397,-37.9628791809082,136.12467956543,-130.959014892578
504,100.149778660387,116,vehicle.mitsubishi.fusorosa,96.8309837647933,-37.9629173278809,136.124710083008,-130.958221435547
504,100.163643859327,116,vehicle.mitsubishi.fusorosa,95.6625495342309,-37.9629516601562,136.124740600586,-130.957061767578
504,100.176982257515,116,vehicle.mitsubishi.fusorosa,91.0905393572169,-37.9629898071289,136.124755859375,-130.956024169922
504,100.19079335779,116,vehicle.mitsubishi.fusorosa,95.7854213194462,-37.9630279541016,136.124771118164,-130.955123901367
504,100.203803759068,116,vehicle.mitsubishi.fusorosa,94.0744346587467,-37.963062286377,136.124786376953,-130.954177856445
504,100.218062460423,116,vehicle.mitsubishi.fusorosa,100.142333222496,-37.9630966186523,136.124816894531,-130.953155517578
504,100.231459159404,116,vehicle.mitsubishi.fusorosa,94.7623251682167,-37.9631271362305,136.12483215332,-130.952224731445
505,100.244648259133,116,vehicle.mitsubishi.fusorosa,91.6082472506869,-37.9631614685059,136.124862670898,-130.951309204102
505,100.25860625878,116,vehicle.mitsubishi.fusorosa,95.9267811391774,-37.9631881713867,136.124862670898,-130.950485229492
505,100.271530859172,116,vehicle.mitsubishi.fusorosa,97.2787366631099,-37.9632225036621,136.124893188477,-130.949508666992
505,100.284228257835,116,vehicle.mitsubishi.fusorosa,86.9798446417807,-37.9632568359375,136.124923706055,-130.948715209961
505,100.296559859067,116,vehicle.mitsubishi.fusorosa,89.9383842461514,-37.9632911682129,136.124923706055,-130.947830200195
505,100.309168260545,116,vehicle.mitsubishi.fusorosa,89.8346877820744,-37.9633140563965,136.124938964844,-130.947143554688
505,100.321848157793,116,vehicle.mitsubishi.fusorosa,89.8490795561716,-37.9633407592773,136.124954223633,-130.946365356445
505,100.336088560522,116,vehicle.mitsubishi.fusorosa,98.8952742918073,-37.9633674621582,136.124954223633,-130.945571899414
506,100.349469657987,116,vehicle.mitsubishi.fusorosa,92.7974023768937,-37.9633941650391,136.124984741211,-130.944580078125
506,100.362113758922,116,vehicle.mitsubishi.fusorosa,90.1504633252462,-37.9634208679199,136.125,-130.943649291992
506,100.375376060605,116,vehicle.mitsubishi.fusorosa,92.4885098376855,-37.9634552001953,136.125015258789,-130.943008422852
506,100.388860259205,116,vehicle.mitsubishi.fusorosa,92.3437751756849,-37.9634819030762,136.125030517578,-130.942153930664
506,100.401573259383,116,vehicle.mitsubishi.fusorosa,93.3058286363721,-37.9635162353516,136.125045776367,-130.941268920898
506,100.414131559432,116,vehicle.mitsubishi.fusorosa,88.3565847791996,-37.9635391235352,136.125061035156,-130.940490722656
506,100.426719158888,116,vehicle.mitsubishi.fusorosa,89.6843609131667,-37.963565826416,136.125076293945,-130.939743041992
506,100.440097358078,116,vehicle.mitsubishi.fusorosa,92.7849749961735,-37.9635887145996,136.125091552734,-130.93896484375
506,100.45379576087,116,vehicle.mitsubishi.fusorosa,94.6909152270916,-37.9636192321777,136.125106811523,-130.938278198242
507,100.46653926,116,vehicle.mitsubishi.fusorosa,92.8821440726526,-37.9636497497559,136.125122070312,-130.937255859375
507,100.479989457875,116,vehicle.mitsubishi.fusorosa,90.5129821348057,-37.9636764526367,136.125152587891,-130.936584472656
507,100.493283759803,116,vehicle.mitsubishi.fusorosa,93.1516174157217,-37.9637107849121,136.12516784668,-130.935668945312
507,100.506076660007,116,vehicle.mitsubishi.fusorosa,90.738880182917,-37.9637451171875,136.125183105469,-130.934753417969
507,100.51862385869,116,vehicle.mitsubishi.fusorosa,89.5235607307192,-37.9637718200684,136.125198364258,-130.933898925781
507,100.531569059938,116,vehicle.mitsubishi.fusorosa,91.9641702688153,-37.9638061523438,136.125213623047,-130.933166503906
507,100.545122660697,116,vehicle.mitsubishi.fusorosa,94.0126773403335,-37.9638290405273,136.125228881836,-130.932357788086
507,100.560163658112,116,vehicle.mitsubishi.fusorosa,102.292167182399,-37.9638595581055,136.125244140625,-130.931442260742
508,100.574332859367,116,vehicle.mitsubishi.fusorosa,94.9614605895521,-37.9638938903809,136.125274658203,-130.930328369141
508,100.587274160236,116,vehicle.mitsubishi.fusorosa,92.644613582351,-37.9639358520508,136.125305175781,-130.929397583008
508,100.600271757692,116,vehicle.mitsubishi.fusorosa,90.5551110575464,-37.9639701843262,136.125335693359,-130.928466796875
508,100.612420160323,116,vehicle.mitsubishi.fusorosa,98.9661166375012,-37.9640007019043,136.125335693359,-130.927658081055
508,100.624999057502,116,vehicle.mitsubishi.fusorosa,87.949244374705,-37.9640312194824,136.125350952148,-130.927185058594
508,100.637343659997,116,vehicle.mitsubishi.fusorosa,88.1145767839516,-37.9640579223633,136.125366210938,-130.926406860352
508,100.65036245808,116,vehicle.mitsubishi.fusorosa,90.8926657013158,-37.9640846252441,136.125381469727,-130.925704956055
508,100.662922360003,116,vehicle.mitsubishi.fusorosa,89.2824759389467,-37.964111328125,136.125396728516,-130.924835205078
508,100.67648595944,116,vehicle.mitsubishi.fusorosa,93.5142729708794,-37.9641418457031,136.125427246094,-130.923934936523
509,100.68974616006,116,vehicle.mitsubishi.fusorosa,93.4547501646132,-37.9641761779785,136.125427246094,-130.92301940918
509,100.703328657895,116,vehicle.mitsubishi.fusorosa,93.7033505251191,-37.9642028808594,136.125442504883,-130.922286987305
509,100.71668945998,116,vehicle.mitsubishi.fusorosa,92.9237857499766,-37.9642295837402,136.125473022461,-130.921340942383
509,100.730067260563,116,vehicle.mitsubishi.fusorosa,92.9308875853524,-37.9642601013184,136.12548828125,-130.920532226562
509,100.742577757686,116,vehicle.mitsubishi.fusorosa,92.2228181785414,-37.9642944335938,136.125518798828,-130.919525146484
509,100.756141360849,116,vehicle.mitsubishi.fusorosa,94.931495688006,-37.9643249511719,136.125518798828,-130.918838500977
509,100.768912158906,116,vehicle.mitsubishi.fusorosa,91.1020366737935,-37.96435546875,136.125549316406,-130.91796875
509,100.782803557813,116,vehicle.mitsubishi.fusorosa,95.2726560137063,-37.9643859863281,136.125579833984,-130.917144775391
510,100.79764135927,116,vehicle.mitsubishi.fusorosa,100.939666265023,-37.9644165039062,136.125579833984,-130.916107177734
510,100.811179958284,116,vehicle.mitsubishi.fusorosa,93.1175015939724,-37.9644546508789,136.125610351562,-130.915054321289
510,100.824499860406,116,vehicle.mitsubishi.fusorosa,91.873043047604,-37.9644927978516,136.125640869141,-130.914123535156
510,100.837372660637,116,vehicle.mitsubishi.fusorosa,90.5810616603512,-37.964527130127,136.12565612793,-130.913269042969
510,100.850542258471,116,vehicle.mitsubishi.fusorosa,91.3221886839583,-37.9645538330078,136.125671386719,-130.912567138672
510,100.863136060536,116,vehicle.mitsubishi.fusorosa,91.5356593823835,-37.9645881652832,136.125686645508,-130.911712646484
510,100.876102559268,116,vehicle.mitsubishi.fusorosa,90.7957770077353,-37.9646148681641,136.125717163086,-130.910888671875
510,100.890044860542,116,vehicle.mitsubishi.fusorosa,95.7231733521557,-37.9646415710449,136.125717163086,-130.910110473633
511,100.904332257807,116,vehicle.mitsubishi.fusorosa,99.1919702278886,-37.9646759033203,136.125732421875,-130.909088134766
511,100.918174359947,116,vehicle.mitsubishi.fusorosa,94.5794638429332,-37.9647102355957,136.125762939453,-130.908126831055
511,100.931496057659,116,vehicle.mitsubishi.fusorosa,95.2694093432805,-37.9647483825684,136.125793457031,-130.907104492188
511,100.944133657962,116,vehicle.mitsubishi.fusorosa,93.1212508511356,-37.9647789001465,136.12580871582,-130.906188964844
511,100.957196559757,116,vehicle.mitsubishi.fusorosa,89.4436761334158,-37.9648094177246,136.125839233398,-130.905410766602
511,100.970553960651,116,vehicle.mitsubishi.fusorosa,93.5778442157353,-37.96484375,136.125839233398,-130.904602050781
511,100.983674660325,116,vehicle.mitsubishi.fusorosa,92.5235061493073,-37.9648704528809,136.125869750977,-130.903686523438
511,100.997157759964,116,vehicle.mitsubishi.fusorosa,91.7114240115514,-37.9649047851562,136.125900268555,-130.902679443359
512,101.01050036028,116,vehicle.mitsubishi.fusorosa,93.3858944369976,-37.9649391174316,136.125900268555,-130.901702880859
512,101.02455496043,116,vehicle.mitsubishi.fusorosa,96.2648041988016,-37.964973449707,136.125930786133,-130.900726318359
512,101.037238657475,116,vehicle.mitsubishi.fusorosa,98.7084961653064,-37.9650077819824,136.125961303711,-130.899703979492
512,101.050694957376,116,vehicle.mitsubishi.fusorosa,94.3090912114636,-37.9650421142578,136.125961303711,-130.899002075195
512,101.064039457589,116,vehicle.mitsubishi.fusorosa,93.9507268413829,-37.9650764465332,136.1259765625,-130.898101806641
512,101.076841659844,116,vehicle.mitsubishi.fusorosa,91.6372854832285,-37.9651069641113,136.126007080078,-130.89729309082
512,101.089725259691,116,vehicle.mitsubishi.fusorosa,90.8546535589298,-37.9651374816895,136.126022338867,-130.896408081055
512,101.103148058057,116,vehicle.mitsubishi.fusorosa,93.5523500909254,-37.9651679992676,136.126037597656,-130.895538330078
513,101.116735458374,116,vehicle.mitsubishi.fusorosa,92.0675333495492,-37.9651985168457,136.126068115234,-130.894668579102
513,101.130258560181,116,vehicle.mitsubishi.fusorosa,94.4132664092708,-37.9652328491211,136.126068115234,-130.893676757812
513,101.142459560186,116,vehicle.mitsubishi.fusorosa,106.897963255026,-37.965259552002,136.126083374023,-130.892776489258
513,101.155928958207,116,vehicle.mitsubishi.fusorosa,94.9479886237912,-37.9652938842773,136.126113891602,-130.892395019531
513,101.169041957706,116,vehicle.mitsubishi.fusorosa,92.3031712227336,-37.9653205871582,136.126113891602,-130.891723632812
513,101.181979257613,116,vehicle.mitsubishi.fusorosa,89.4334148920435,-37.9653434753418,136.12614440918,-130.891082763672
513,101.194916158915,116,vehicle.mitsubishi.fusorosa,90.3247542409485,-37.9653739929199,136.12614440918,-130.890441894531
513,101.207682158798,116,vehicle.mitsubishi.fusorosa,90.6357461666898,-37.9654006958008,136.126159667969,-130.889633178711
513,101.220808558166,116,vehicle.mitsubishi.fusorosa,91.4214024334394,-37.9654235839844,136.126174926758,-130.888900756836
514,101.235449958593,116,vehicle.mitsubishi.fusorosa,100.279396709569,-37.9654502868652,136.126205444336,-130.888137817383
514,101.249183360487,116,vehicle.mitsubishi.fusorosa,92.539704958145,-37.9654846191406,136.126220703125,-130.887023925781
514,101.261675260961,116,vehicle.mitsubishi.fusorosa,96.5186053279475,-37.9655227661133,136.126251220703,-130.886001586914
514,101.274354260415,116,vehicle.mitsubishi.fusorosa,89.6057893065873,-37.9655532836914,136.126251220703,-130.885482788086
514,101.287668060511,116,vehicle.mitsubishi.fusorosa,93.9600512200117,-37.9655838012695,136.126266479492,-130.884689331055
514,101.300153259188,116,vehicle.mitsubishi.fusorosa,92.7049040479666,-37.9656028747559,136.126281738281,-130.883895874023
514,101.312854360789,116,vehicle.mitsubishi.fusorosa,89.8126983844639,-37.965633392334,136.126312255859,-130.883255004883
514,101.327132359147,116,vehicle.mitsubishi.fusorosa,98.2544193778048,-37.9656600952148,136.126327514648,-130.882461547852
515,101.340498957783,116,vehicle.mitsubishi.fusorosa,92.2781831418682,-37.965690612793,136.126342773438,-130.881301879883
515,101.354382459074,116,vehicle.mitsubishi.fusorosa,94.7945860940408,-37.9657287597656,136.126373291016,-130.88037109375
515,101.36753615737,116,vehicle.mitsubishi.fusorosa,91.7480906123153,-37.965763092041,136.126388549805,-130.879333496094
515,101.38070525974,116,vehicle.mitsubishi.fusorosa,89.5036690996575,-37.9657974243164,136.126419067383,-130.87841796875
515,101.393382959068,116,vehicle.mitsubishi.fusorosa,91.0253388237353,-37.9658355712891,136.126434326172,-130.877502441406
515,101.406577058136,116,vehicle.mitsubishi.fusorosa,92.7499906224117,-37.9658622741699,136.126449584961,-130.876617431641
515,101.419760260731,116,vehicle.mitsubishi.fusorosa,91.570467630015,-37.9658889770508,136.12646484375,-130.875930786133
515,101.434056960046,116,vehicle.mitsubishi.fusorosa,100.404699582608,-37.9659233093262,136.126480102539,-130.874938964844
516,101.447802659124,116,vehicle.mitsubishi.fusorosa,95.3534262174294,-37.9659538269043,136.126495361328,-130.873992919922
516,101.483649458736,116,vehicle.mitsubishi.fusorosa,118.517336394409,-37.9659843444824,136.126525878906,-130.873077392578
516,101.49619165808,116,vehicle.mitsubishi.fusorosa,102.108697238454,-37.9660911560059,136.126586914062,-130.870071411133
516,101.508535359055,116,vehicle.mitsubishi.fusorosa,86.0959097441728,-37.9661445617676,136.12663269043,-130.869644165039
516,101.52080655843,116,vehicle.mitsubishi.fusorosa,89.4031235298905,-37.9661674499512,136.12663269043,-130.869064331055
516,101.533466059715,116,vehicle.mitsubishi.fusorosa,87.7416206689575,-37.9661903381348,136.126647949219,-130.868637084961
516,101.547411557287,116,vehicle.mitsubishi.fusorosa,97.0001936340806,-37.9662170410156,136.126663208008,-130.867889404297
517,101.56090765819,116,vehicle.mitsubishi.fusorosa,94.1792133049202,-37.966236114502,136.126678466797,-130.867065429688
517,101.574941460043,116,vehicle.mitsubishi.fusorosa,95.5996929172459,-37.9662628173828,136.126708984375,-130.866195678711
517,101.589459057897,116,vehicle.mitsubishi.fusorosa,98.6638814018552,-37.9662933349609,136.126724243164,-130.865249633789
517,101.602409157902,116,vehicle.mitsubishi.fusorosa,100.309558155757,-37.9663314819336,136.126739501953,-130.864074707031
517,101.615437760949,116,vehicle.mitsubishi.fusorosa,90.1480886019722,-37.966365814209,136.126770019531,-130.863296508789
517,101.627611860633,116,vehicle.mitsubishi.fusorosa,107.067470623687,-37.9664001464844,136.126770019531,-130.862487792969
517,101.640519257635,116,vehicle.mitsubishi.fusorosa,90.2970392549381,-37.9664268493652,136.12678527832,-130.862106323242
517,101.654596157372,116,vehicle.mitsubishi.fusorosa,98.0373515712034,-37.9664535522461,136.126800537109,-130.861419677734
518,101.667982060462,116,vehicle.mitsubishi.fusorosa,93.1756772075981,-37.9664726257324,136.126815795898,-130.860626220703
518,101.681595958769,116,vehicle.mitsubishi.fusorosa,93.5860949549882,-37.9665069580078,136.126846313477,-130.859771728516
518,101.6942329593,116,vehicle.mitsubishi.fusorosa,92.9870509527379,-37.9665336608887,136.126846313477,-130.858856201172
518,101.706551559269,116,vehicle.mitsubishi.fusorosa,87.2567925530667,-37.9665641784668,136.126861572266,-130.858200073242
518,101.719351757318,116,vehicle.mitsubishi.fusorosa,89.3611159803934,-37.9665870666504,136.126876831055,-130.857543945312
518,101.732226260006,116,vehicle.mitsubishi.fusorosa,89.8704141249555,-37.9666137695312,136.126892089844,-130.856674194336
518,101.745040260255,116,vehicle.mitsubishi.fusorosa,87.7690654968426,-37.9666404724121,136.126922607422,-130.855743408203
518,101.759651459754,116,vehicle.mitsubishi.fusorosa,100.044576007937,-37.9666748046875,136.126937866211,-130.854919433594
519,101.772595960647,116,vehicle.mitsubishi.fusorosa,91.8808150841608,-37.9667053222656,136.126953125,-130.853775024414
519,101.786637060344,116,vehicle.mitsubishi.fusorosa,95.0422085602525,-37.9667358398438,136.126983642578,-130.85285949707
519,101.799429859966,116,vehicle.mitsubishi.fusorosa,93.6773930926804,-37.9667739868164,136.126983642578,-130.851821899414
519,101.811746958643,116,vehicle.mitsubishi.fusorosa,91.0366241612464,-37.9668045043945,136.127014160156,-130.85107421875
519,101.824962459505,116,vehicle.mitsubishi.fusorosa,93.2155306176754,-37.9668312072754,136.127014160156,-130.85026550293
519,101.83777185902,116,vehicle.mitsubishi.fusorosa,90.8126186681841,-37.9668579101562,136.127044677734,-130.849456787109
519,101.850164357573,116,vehicle.mitsubishi.fusorosa,89.8226091880859,-37.9668884277344,136.127059936523,-130.848571777344
519,101.862739760429,116,vehicle.mitsubishi.fusorosa,89.3326589942295,-37.966911315918,136.127059936523,-130.847900390625
519,101.876302860677,116,vehicle.mitsubishi.fusorosa,94.8972601750657,-37.9669418334961,136.127075195312,-130.847122192383
520,101.889717057347,116,vehicle.mitsubishi.fusorosa,93.2418129217709,-37.9669609069824,136.127090454102,-130.846221923828
520,101.90301315859,116,vehicle.mitsubishi.fusorosa,91.4130064369017,-37.9669876098633,136.12712097168,-130.845428466797
520,101.917383059859,116,vehicle.mitsubishi.fusorosa,96.0387351721414,-37.9670219421387,136.127151489258,-130.844512939453
520,101.930168759078,116,vehicle.mitsubishi.fusorosa,92.9987209609501,-37.9670562744141,136.127151489258,-130.843444824219
520,101.943502858281,116,vehicle.mitsubishi.fusorosa,91.8888965579514,-37.9670906066895,136.127182006836,-130.842681884766
520,101.956107858568,116,vehicle.mitsubishi.fusorosa,91.1691109948304,-37.9671173095703,136.127197265625,-130.841781616211
520,101.969161357731,116,vehicle.mitsubishi.fusorosa,91.1414626685325,-37.9671478271484,136.127197265625,-130.841094970703
520,101.98355256021,116,vehicle.mitsubishi.fusorosa,98.2078265389961,-37.9671745300293,136.127227783203,-130.84033203125
521,101.996528360993,116,vehicle.mitsubishi.fusorosa,92.2056551346774,-37.9672088623047,136.127258300781,-130.839263916016
521,102.010107457638,116,vehicle.mitsubishi.fusorosa,93.529690523168,-37.9672431945801,136.127288818359,-130.83837890625
521,102.02347606048,116,vehicle.mitsubishi.fusorosa,93.6003858053882,-37.9672775268555,136.127288818359,-130.837463378906
521,102.036546058953,116,vehicle.mitsubishi.fusorosa,91.861068741418,-37.9673118591309,136.127304077148,-130.836563110352
521,102.049319259822,116,vehicle.mitsubishi.fusorosa,90.7409932907862,-37.967342376709,136.127334594727,-130.835632324219
521,102.062092158943,116,vehicle.mitsubishi.fusorosa,92.0514952013849,-37.9673728942871,136.127349853516,-130.834732055664
521,102.075085259974,116,vehicle.mitsubishi.fusorosa,90.5870129097973,-37.9674034118652,136.127365112305,-130.83381652832
521,102.090108457953,116,vehicle.mitsubishi.fusorosa,102.467244555978,-37.9674301147461,136.127380371094,-130.832962036133
522,102.102997660637,116,vehicle.mitsubishi.fusorosa,92.9697135041518,-37.9674644470215,136.127410888672,-130.831970214844
522,102.116578757763,116,vehicle.mitsubishi.fusorosa,93.3563621604393,-37.9674987792969,136.12744140625,-130.831176757812
522,102.129426557571,116,vehicle.mitsubishi.fusorosa,92.5384193397037,-37.967529296875,136.12744140625,-130.830200195312
522,102.14210556075,116,vehicle.mitsubishi.fusorosa,90.0279830403659,-37.9675598144531,136.127471923828,-130.829406738281
522,102.155046358705,116,vehicle.mitsubishi.fusorosa,90.6648493768913,-37.967586517334,136.127471923828,-130.828735351562
522,102.167896158993,116,vehicle.mitsubishi.fusorosa,91.5083529821493,-37.9676170349121,136.127487182617,-130.827850341797
522,102.1807718575,116,vehicle.mitsubishi.fusorosa,90.1936488019215,-37.967643737793,136.127517700195,-130.827041625977
522,102.194453760982,116,vehicle.mitsubishi.fusorosa,94.1398369465206,-37.9676742553711,136.127532958984,-130.826278686523
522,102.208178758621,116,vehicle.mitsubishi.fusorosa,94.6153850794384,-37.9677047729492,136.127548217773,-130.825225830078
523,102.221376359463,116,vehicle.mitsubishi.fusorosa,91.0131764845932,-37.9677352905273,136.127578735352,-130.824264526367
523,102.234219159931,116,vehicle.mitsubishi.fusorosa,90.3695707193363,-37.9677658081055,136.127578735352,-130.823501586914
523,102.247063860297,116,vehicle.mitsubishi.fusorosa,90.3780744692052,-37.9677963256836,136.12760925293,-130.822601318359
523,102.259874459356,116,vehicle.mitsubishi.fusorosa,90.5490178838866,-37.9678268432617,136.12760925293,-130.821823120117
523,102.272728860378,116,vehicle.mitsubishi.fusorosa,90.5414903462593,-37.9678573608398,136.127639770508,-130.821044921875
523,102.285811960697,116,vehicle.mitsubishi.fusorosa,91.2381103287124,-37.9678840637207,136.127655029297,-130.820220947266
523,102.298782657832,116,vehicle.mitsubishi.fusorosa,91.9977151310281,-37.9679145812988,136.127670288086,-130.819259643555
523,102.313791658729,116,vehicle.mitsubishi.fusorosa,101.501021283458,-37.9679374694824,136.127685546875,-130.818542480469
524,102.326600760221,116,vehicle.mitsubishi.fusorosa,93.1880190680098,-37.9679756164551,136.127716064453,-130.817398071289
524,102.340319357812,116,vehicle.mitsubishi.fusorosa,94.0174250034053,-37.9680099487305,136.127746582031,-130.816604614258
524,102.352840159088,116,vehicle.mitsubishi.fusorosa,99.3275702883373,-37.9680442810059,136.127731323242,-130.815719604492
524,102.365568958223,116,vehicle.mitsubishi.fusorosa,89.7544270257565,-37.9680709838867,136.12776184082,-130.815139770508
524,102.378017760813,116,vehicle.mitsubishi.fusorosa,90.5748745167645,-37.9681015014648,136.127777099609,-130.814392089844
524,102.390675760806,116,vehicle.mitsubishi.fusorosa,90.0232781219313,-37.9681282043457,136.127792358398,-130.813720703125
524,102.403625357896,116,vehicle.mitsubishi.fusorosa,91.1045071111152,-37.9681549072266,136.127807617188,-130.812850952148
524,102.416708059609,116,vehicle.mitsubishi.fusorosa,91.0765784329527,-37.9681854248047,136.127822875977,-130.811996459961
525,102.42949976027,116,vehicle.mitsubishi.fusorosa,88.0113504488159,-37.9682159423828,136.127853393555,-130.811096191406
525,102.442751858383,116,vehicle.mitsubishi.fusorosa,92.3707908751451,-37.9682502746582,136.127868652344,-130.810241699219
525,102.455558657646,116,vehicle.mitsubishi.fusorosa,90.520389981242,-37.9682769775391,136.127883911133,-130.809234619141
525,102.467741258442,116,vehicle.mitsubishi.fusorosa,88.8928645144074,-37.9683113098145,136.127914428711,-130.808303833008
525,102.480403959751,116,vehicle.mitsubishi.fusorosa,89.393809407069,-37.9683418273926,136.127914428711,-130.807601928711
525,102.494364257902,116,vehicle.mitsubishi.fusorosa,97.1583626564649,-37.9683685302734,136.1279296875,-130.806854248047
525,102.506845559925,116,vehicle.mitsubishi.fusorosa,93.928457091908,-37.968391418457,136.127944946289,-130.805999755859
525,102.520858060569,116,vehicle.mitsubishi.fusorosa,95.0352708117235,-37.9684181213379,136.127975463867,-130.805267333984
526,102.53459046036,116,vehicle.mitsubishi.fusorosa,95.6623768425954,-37.9684524536133,136.127975463867,-130.804473876953
526,102.547568157315,116,vehicle.mitsubishi.fusorosa,89.6152932064857,-37.9684867858887,136.128021240234,-130.803527832031
526,102.560148160905,116,vehicle.mitsubishi.fusorosa,89.3367228362079,-37.9685173034668,136.128021240234,-130.802764892578
526,102.574569359422,116,vehicle.mitsubishi.fusorosa,99.5804157251777,-37.9685440063477,136.128036499023,-130.802001953125
526,102.587155759335,116,vehicle.mitsubishi.fusorosa,93.4917724438111,-37.9685745239258,136.128051757812,-130.801223754883
526,102.600467260927,116,vehicle.mitsubishi.fusorosa,91.2708139801611,-37.9686050415039,136.12809753418,-130.800415039062
526,102.613158859313,116,vehicle.mitsubishi.fusorosa,90.4617527503615,-37.968635559082,136.12809753418,-130.799667358398
526,102.625825759023,116,vehicle.mitsubishi.fusorosa,89.1295264837305,-37.9686660766602,136.128128051758,-130.798873901367
526,102.639139760286,116,vehicle.mitsubishi.fusorosa,92.1070892602525,-37.968692779541,136.128128051758,-130.798202514648
527,102.652561958879,116,vehicle.mitsubishi.fusorosa,94.0069414961262,-37.9687232971191,136.128143310547,-130.797225952148
527,102.66616595909,116,vehicle.mitsubishi.fusorosa,94.4090657906602,-37.9687538146973,136.128173828125,-130.796478271484
527,102.680064957589,116,vehicle.mitsubishi.fusorosa,95.3964561189445,-37.9687843322754,136.128189086914,-130.79541015625
527,102.692768160254,116,vehicle.mitsubishi.fusorosa,91.7291529604725,-37.9688186645508,136.128219604492,-130.794479370117
527,102.705781660974,116,vehicle.mitsubishi.fusorosa,90.6222605499824,-37.9688529968262,136.128234863281,-130.793655395508
527,102.717998560518,116,vehicle.mitsubishi.fusorosa,95.340752593659,-37.968879699707,136.128234863281,-130.792877197266
527,102.730278860778,116,vehicle.mitsubishi.fusorosa,85.8749729892173,-37.9689064025879,136.128265380859,-130.792236328125
527,102.744977857918,116,vehicle.mitsubishi.fusorosa,101.964636203808,-37.9689407348633,136.128265380859,-130.791534423828
528,102.759654559195,116,vehicle.mitsubishi.fusorosa,99.1317139952236,-37.9689636230469,136.128280639648,-130.79052734375
528,102.772960457951,116,vehicle.mitsubishi.fusorosa,91.0369114048131,-37.9690017700195,136.128326416016,-130.78955078125
528,102.786204759032,116,vehicle.mitsubishi.fusorosa,89.6510366348081,-37.9690361022949,136.128356933594,-130.788604736328
528,102.799728758633,116,vehicle.mitsubishi.fusorosa,94.0002175018174,-37.9690742492676,136.128372192383,-130.78776550293
528,102.812692757696,116,vehicle.mitsubishi.fusorosa,91.8867475040448,-37.9691047668457,136.128387451172,-130.786743164062
528,102.824989058077,116,vehicle.mitsubishi.fusorosa,92.1375584616224,-37.9691390991211,136.12841796875,-130.785873413086
528,102.838068157434,116,vehicle.mitsubishi.fusorosa,92.015255984925,-37.9691734313965,136.12841796875,-130.785079956055
528,102.851356357336,116,vehicle.mitsubishi.fusorosa,92.2553936581466,-37.9691963195801,136.128433227539,-130.78434753418
529,102.865378059447,116,vehicle.mitsubishi.fusorosa,94.4129347079803,-37.9692268371582,136.128463745117,-130.783386230469
529,102.88572825864,116,vehicle.mitsubishi.fusorosa,93.1618547420188,-37.9692611694336,136.128479003906,-130.782440185547
529,102.898320257664,116,vehicle.mitsubishi.fusorosa,92.9187063856142,-37.9693069458008,136.128509521484,-130.781005859375
529,102.912224158645,116,vehicle.mitsubishi.fusorosa,95.5976071506253,-37.9693412780762,136.128524780273,-130.780334472656
529,102.925170660019,116,vehicle.mitsubishi.fusorosa,91.5723430996228,-37.9693717956543,136.128540039062,-130.779342651367
529,102.938187960535,116,vehicle.mitsubishi.fusorosa,90.8826249506954,-37.9694061279297,136.128570556641,-130.778518676758
529,102.951620660722,116,vehicle.mitsubishi.fusorosa,94.1806528785374,-37.9694404602051,136.128570556641,-130.777740478516
529,102.965244557709,116,vehicle.mitsubishi.fusorosa,94.3709340191512,-37.9694633483887,136.12858581543,-130.776824951172
530,102.979455657303,116,vehicle.mitsubishi.fusorosa,97.4326418416657,-37.9694900512695,136.128616333008,-130.77604675293
530,102.992599058896,116,vehicle.mitsubishi.fusorosa,93.0037387200791,-37.9695243835449,136.128646850586,-130.775085449219
530,103.005281958729,116,vehicle.mitsubishi.fusorosa,88.5589924060205,-37.9695587158203,136.128662109375,-130.774215698242
530,103.018205858767,116,vehicle.mitsubishi.fusorosa,91.850559605977,-37.9695930480957,136.128662109375,-130.773315429688
530,103.031453058124,116,vehicle.mitsubishi.fusorosa,92.8603701113151,-37.9696197509766,136.128692626953,-130.772567749023
530,103.044139057398,116,vehicle.mitsubishi.fusorosa,91.1313894911503,-37.9696502685547,136.128707885742,-130.771606445312
530,103.05691576004,116,vehicle.mitsubishi.fusorosa,89.7798767238767,-37.9696769714355,136.128723144531,-130.770874023438
530,103.071245860308,116,vehicle.mitsubishi.fusorosa,98.6434341525777,-37.9696998596191,136.128723144531,-130.770126342773
531,103.085446160287,116,vehicle.mitsubishi.fusorosa,96.4301724920173,-37.9697265625,136.128753662109,-130.769134521484
531,103.098508160561,116,vehicle.mitsubishi.fusorosa,92.4886722424798,-37.9697647094727,136.128784179688,-130.768218994141
531,103.111558057368,116,vehicle.mitsubishi.fusorosa,91.5719498862012,-37.9698028564453,136.128799438477,-130.767318725586
531,103.124690458179,116,vehicle.mitsubishi.fusorosa,91.6954969808234,-37.9698295593262,136.128814697266,-130.766525268555
531,103.136766560376,116,vehicle.mitsubishi.fusorosa,104.318038632269,-37.9698638916016,136.128829956055,-130.765625
531,103.150317758322,116,vehicle.mitsubishi.fusorosa,94.787749269209,-37.9698905944824,136.128845214844,-130.765090942383
531,103.163203760982,116,vehicle.mitsubishi.fusorosa,91.3028424153052,-37.9699172973633,136.128860473633,-130.764450073242
531,103.17808656022,116,vehicle.mitsubishi.fusorosa,100.242340228454,-37.9699401855469,136.128890991211,-130.763900756836
532,103.191256660968,116,vehicle.mitsubishi.fusorosa,92.0194651462563,-37.9699745178223,136.128890991211,-130.762878417969
532,103.205794557929,116,vehicle.mitsubishi.fusorosa,97.5796879313331,-37.9700050354004,136.128921508789,-130.76220703125
532,103.218561660498,116,vehicle.mitsubishi.fusorosa,93.6309234105914,-37.9700393676758,136.128921508789,-130.761215209961
532,103.231469757855,116,vehicle.mitsubishi.fusorosa,90.3529512937602,-37.9700698852539,136.128952026367,-130.760513305664
532,103.243966758251,116,vehicle.mitsubishi.fusorosa,90.703355594328,-37.970100402832,136.128967285156,-130.759735107422
532,103.256461657584,116,vehicle.mitsubishi.fusorosa,87.9270669441385,-37.9701194763184,136.128997802734,-130.759078979492
532,103.269819557667,116,vehicle.mitsubishi.fusorosa,92.9997672590773,-37.9701499938965,136.128997802734,-130.758331298828
532,103.2834116593,116,vehicle.mitsubishi.fusorosa,93.9358769155596,-37.9701805114746,136.129013061523,-130.757385253906
533,103.296530958265,116,vehicle.mitsubishi.fusorosa,91.6825840988072,-37.9702110290527,136.129043579102,-130.756362915039
533,103.310213260353,116,vehicle.mitsubishi.fusorosa,95.8532461212891,-37.9702453613281,136.129058837891,-130.755462646484
533,103.322822157294,116,vehicle.mitsubishi.fusorosa,95.1901214267776,-37.9702758789062,136.12907409668,-130.754531860352
533,103.335367359221,116,vehicle.mitsubishi.fusorosa,86.8577524310622,-37.9703025817871,136.129104614258,-130.753875732422
533,103.348122760653,116,vehicle.mitsubishi.fusorosa,90.691109447964,-37.970329284668,136.129089355469,-130.75309753418
533,103.361318659037,116,vehicle.mitsubishi.fusorosa,91.783510944136,-37.9703559875488,136.129119873047,-130.752319335938
533,103.374148458242,116,vehicle.mitsubishi.fusorosa,90.2412742485556,-37.970386505127,136.129135131836,-130.751419067383
533,103.386772058904,116,vehicle.mitsubishi.fusorosa,89.222501802267,-37.9704170227051,136.129150390625,-130.750534057617
533,103.400363057852,116,vehicle.mitsubishi.fusorosa,94.3441097871422,-37.9704475402832,136.129180908203,-130.749725341797
534,103.41377735883,116,vehicle.mitsubishi.fusorosa,92.8858351507558,-37.9704780578613,136.129196166992,-130.748672485352
534,103.427369657904,116,vehicle.mitsubishi.fusorosa,93.586563401877,-37.9705123901367,136.129211425781,-130.747756958008
534,103.439561359584,116,vehicle.mitsubishi.fusorosa,102.431268636976,-37.9705467224121,136.129241943359,-130.746719360352
534,103.451586160809,116,vehicle.mitsubishi.fusorosa,84.7021142231189,-37.9705772399902,136.129241943359,-130.746185302734
534,103.463704459369,116,vehicle.mitsubishi.fusorosa,88.4008080112817,-37.9706039428711,136.129257202148,-130.745651245117
534,103.476678360254,116,vehicle.mitsubishi.fusorosa,91.4692416032596,-37.9706268310547,136.129257202148,-130.745025634766
534,103.489413958043,116,vehicle.mitsubishi.fusorosa,88.5173490466439,-37.9706497192383,136.129287719727,-130.744277954102
534,103.502530958503,116,vehicle.mitsubishi.fusorosa,90.0968216515062,-37.9706764221191,136.129302978516,-130.743576049805
535,103.517280060798,116,vehicle.mitsubishi.fusorosa,100.423832159109,-37.970703125,136.129318237305,-130.742767333984
535,103.53031225875,116,vehicle.mitsubishi.fusorosa,90.9326798031006,-37.9707298278809,136.129333496094,-130.74186706543
535,103.542051058263,116,vehicle.mitsubishi.fusorosa,102.639959152465,-37.9707641601562,136.129364013672,-130.740997314453
535,103.553988259286,116,vehicle.mitsubishi.fusorosa,84.2446539885593,-37.9707908630371,136.129379272461,-130.740615844727
535,103.566447060555,116,vehicle.mitsubishi.fusorosa,87.1834524288025,-37.9708137512207,136.129379272461,-130.740051269531
535,103.578777257353,116,vehicle.mitsubishi.fusorosa,88.001584995581,-37.9708442687988,136.12939453125,-130.739410400391
535,103.591019358486,116,vehicle.mitsubishi.fusorosa,85.7093140572956,-37.9708595275879,136.129409790039,-130.738861083984
535,103.603543560952,116,vehicle.mitsubishi.fusorosa,87.1904670618172,-37.9708862304688,136.129425048828,-130.738204956055
535,103.617518160492,116,vehicle.mitsubishi.fusorosa,95.9287489276937,-37.9709091186523,136.129425048828,-130.737457275391
536,103.631354860961,116,vehicle.mitsubishi.fusorosa,91.8162727746447,-37.9709358215332,136.129455566406,-130.736541748047
536,103.644034460187,116,vehicle.mitsubishi.fusorosa,88.193917731933,-37.9709701538086,136.129486083984,-130.735610961914
536,103.657261360437,116,vehicle.mitsubishi.fusorosa,93.0496340474923,-37.971004486084,136.129501342773,-130.734741210938
536,103.669667959213,116,vehicle.mitsubishi.fusorosa,88.938547769653,-37.9710350036621,136.129516601562,-130.733795166016
536,103.682866059244,116,vehicle.mitsubishi.fusorosa,89.4750411970129,-37.9710655212402,136.129547119141,-130.733001708984
536,103.694983758032,116,vehicle.mitsubishi.fusorosa,93.9576628768251,-37.9710960388184,136.12956237793,-130.732025146484
536,103.70764086023,116,vehicle.mitsubishi.fusorosa,88.1145272096803,-37.9711227416992,136.12956237793,-130.7314453125
536,103.721193458885,116,vehicle.mitsubishi.fusorosa,94.5595448395888,-37.9711532592773,136.129577636719,-130.730651855469
537,103.734781160951,116,vehicle.mitsubishi.fusorosa,92.6159173069072,-37.9711799621582,136.129608154297,-130.729766845703
537,103.747398059815,116,vehicle.mitsubishi.fusorosa,88.5666789533028,-37.9712104797363,136.129623413086,-130.72883605957
537,103.75965385884,116,vehicle.mitsubishi.fusorosa,87.6273637510475,-37.9712448120117,136.129638671875,-130.728149414062
537,103.77146165818,116,vehicle.mitsubishi.fusorosa,88.8408829360706,-37.9712677001953,136.129653930664,-130.727325439453
537,103.784469660372,116,vehicle.mitsubishi.fusorosa,91.2457045570862,-37.9712944030762,136.129669189453,-130.726760864258
537,103.796925857663,116,vehicle.mitsubishi.fusorosa,88.3042031578072,-37.9713172912598,136.129684448242,-130.725952148438
537,103.809086658061,116,vehicle.mitsubishi.fusorosa,86.3351258959714,-37.9713478088379,136.12971496582,-130.72509765625
537,103.821997657418,116,vehicle.mitsubishi.fusorosa,90.637619954245,-37.9713745117188,136.12971496582,-130.724319458008
537,103.835660457611,116,vehicle.mitsubishi.fusorosa,94.2775484017519,-37.9713973999023,136.129730224609,-130.7236328125
538,103.849545057863,116,vehicle.mitsubishi.fusorosa,95.0409451127657,-37.9714279174805,136.129745483398,-130.722595214844
538,103.862017057836,116,vehicle.mitsubishi.fusorosa,89.8033996960652,-37.9714622497559,136.129776000977,-130.721633911133
538,103.874752659351,116,vehicle.mitsubishi.fusorosa,89.0075898792062,-37.9714965820312,136.129806518555,-130.720779418945
538,103.887114759535,116,vehicle.mitsubishi.fusorosa,87.3364976291005,-37.9715232849121,136.129806518555,-130.719970703125
538,103.89970735833,116,vehicle.mitsubishi.fusorosa,90.1122306921082,-37.9715576171875,136.129837036133,-130.719192504883
538,103.912597559392,116,vehicle.mitsubishi.fusorosa,90.584906631562,-37.9715843200684,136.129837036133,-130.718276977539
538,103.925236258656,116,vehicle.mitsubishi.fusorosa,88.7494086722482,-37.9716110229492,136.129867553711,-130.717498779297
538,103.939240157604,116,vehicle.mitsubishi.fusorosa,96.2068662544714,-37.9716377258301,136.1298828125,-130.716781616211
539,103.952391460538,116,vehicle.mitsubishi.fusorosa,90.850511088345,-37.9716682434082,136.129898071289,-130.715805053711
539,103.965550560504,116,vehicle.mitsubishi.fusorosa,90.5595851673535,-37.9717025756836,136.129928588867,-130.714920043945
539,103.978133860976,116,vehicle.mitsubishi.fusorosa,88.8543924678532,-37.9717330932617,136.129943847656,-130.714111328125
539,103.991888158023,116,vehicle.mitsubishi.fusorosa,94.5829139186696,-37.9717636108398,136.129959106445,-130.71321105957
539,104.005342759192,116,vehicle.mitsubishi.fusorosa,93.0527797631869,-37.971794128418,136.129974365234,-130.712265014648
539,104.018628660589,116,vehicle.mitsubishi.fusorosa,94.1453197490779,-37.9718284606934,136.129989624023,-130.711364746094
539,104.032231859863,116,vehicle.mitsubishi.fusorosa,93.7518804077349,-37.9718551635742,136.130020141602,-130.71044921875
539,104.045093860477,116,vehicle.mitsubishi.fusorosa,92.9869740061841,-37.9718894958496,136.130035400391,-130.709671020508
539,104.058875057846,116,vehicle.mitsubishi.fusorosa,94.7591401030242,-37.9719200134277,136.13005065918,-130.708801269531
540,104.072354160249,116,vehicle.mitsubishi.fusorosa,94.4500612439466,-37.9719505310059,136.130065917969,-130.707931518555
540,104.087359059602,116,vehicle.mitsubishi.fusorosa,102.055686478466,-37.9719848632812,136.130096435547,-130.707061767578
540,104.100772157311,116,vehicle.mitsubishi.fusorosa,93.3690442338281,-37.9720191955566,136.130111694336,-130.706024169922
540,104.113604757935,116,vehicle.mitsubishi.fusorosa,90.1233364773156,-37.9720573425293,136.130157470703,-130.705108642578
540,104.126755058765,116,vehicle.mitsubishi.fusorosa,92.680410042152,-37.9720916748047,136.130142211914,-130.704330444336
540,104.139751460403,116,vehicle.mitsubishi.fusorosa,92.2504408146093,-37.9721145629883,136.130172729492,-130.703536987305
540,104.152942258865,116,vehicle.mitsubishi.fusorosa,91.8922696561001,-37.9721450805664,136.130187988281,-130.702758789062
540,104.166438359767,116,vehicle.mitsubishi.fusorosa,94.3507517183496,-37.9721755981445,136.13020324707,-130.701843261719
541,104.179630659521,116,vehicle.mitsubishi.fusorosa,92.3233039802981,-37.9722061157227,136.130233764648,-130.700958251953
541,104.193530358374,116,vehicle.mitsubishi.fusorosa,95.6394676676827,-37.9722366333008,136.130249023438,-130.700042724609
541,104.206595759839,116,vehicle.mitsubishi.fusorosa,92.5061259560837,-37.9722709655762,136.130264282227,-130.699035644531
541,104.21956525743,116,vehicle.mitsubishi.fusorosa,93.2537119944896,-37.9723052978516,136.130294799805,-130.698181152344
541,104.232041757554,116,vehicle.mitsubishi.fusorosa,92.3125998891647,-37.9723358154297,136.130294799805,-130.697280883789
541,104.245209958404,116,vehicle.mitsubishi.fusorosa,91.0207023091339,-37.9723587036133,136.130325317383,-130.696640014648
541,104.25820126012,116,vehicle.mitsubishi.fusorosa,91.8809022554878,-37.9723854064941,136.130325317383,-130.695846557617
541,104.272343058139,116,vehicle.mitsubishi.fusorosa,96.3228704391116,-37.972412109375,136.130355834961,-130.695068359375
542,104.2857327573,116,vehicle.mitsubishi.fusorosa,94.8867766677866,-37.9724464416504,136.13037109375,-130.694030761719
542,104.299605458975,116,vehicle.mitsubishi.fusorosa,94.6883576184428,-37.9724807739258,136.130401611328,-130.693115234375
542,104.312330558896,116,vehicle.mitsubishi.fusorosa,97.2446208413606,-37.9725151062012,136.130401611328,-130.692077636719
542,104.326353758574,116,vehicle.mitsubishi.fusorosa,97.3346692529022,-37.9725494384766,136.130432128906,-130.691421508789
542,104.339673258364,116,vehicle.mitsubishi.fusorosa,94.3505995693627,-37.9725761413574,136.130432128906,-130.690490722656
542,104.352367158979,116,vehicle.mitsubishi.fusorosa,90.2043442882661,-37.9726104736328,136.130462646484,-130.689743041992
542,104.365159459412,116,vehicle.mitsubishi.fusorosa,90.6227734545951,-37.9726371765137,136.130477905273,-130.689041137695
542,104.378715761006,116,vehicle.mitsubishi.fusorosa,94.6197326994546,-37.9726638793945,136.130477905273,-130.688247680664
543,104.392291959375,116,vehicle.mitsubishi.fusorosa,94.2357699167615,-37.9726905822754,136.130508422852,-130.687469482422
543,104.405327357352,116,vehicle.mitsubishi.fusorosa,91.8792063071495,-37.9727210998535,136.13053894043,-130.686584472656
543,104.41838786006,116,vehicle.mitsubishi.fusorosa,91.6587893174747,-37.9727516174316,136.130554199219,-130.685699462891
543,104.431394658983,116,vehicle.mitsubishi.fusorosa,91.5361893724375,-37.9727821350098,136.130569458008,-130.684844970703
543,104.444448560476,116,vehicle.mitsubishi.fusorosa,93.6276169411211,-37.9728126525879,136.130584716797,-130.68408203125
543,104.456749357283,116,vehicle.mitsubishi.fusorosa,93.7116594123979,-37.972843170166,136.130599975586,-130.683181762695
543,104.469048157334,116,vehicle.mitsubishi.fusorosa,86.5946714120453,-37.9728698730469,136.130615234375,-130.682418823242
543,104.482067860663,116,vehicle.mitsubishi.fusorosa,92.3072897782431,-37.9728965759277,136.130615234375,-130.681732177734
544,104.496059857309,116,vehicle.mitsubishi.fusorosa,95.7051109888572,-37.9729232788086,136.130645751953,-130.680908203125
544,104.509219359607,116,vehicle.mitsubishi.fusorosa,90.3245439439356,-37.9729537963867,136.130676269531,-130.679946899414
544,104.522024258971,116,vehicle.mitsubishi.fusorosa,90.1427682352432,-37.9729843139648,136.130676269531,-130.678939819336
544,104.534533858299,116,vehicle.mitsubishi.fusorosa,88.4933832867625,-37.9730110168457,136.130706787109,-130.678253173828
544,104.547835357487,116,vehicle.mitsubishi.fusorosa,93.6950741887383,-37.9730453491211,136.130706787109,-130.677490234375
544,104.560306057334,116,vehicle.mitsubishi.fusorosa,92.7394199748396,-37.973072052002,136.130722045898,-130.676681518555
544,104.574186958373,116,vehicle.mitsubishi.fusorosa,95.5650043297714,-37.9731025695801,136.130752563477,-130.675903320312
544,104.587229959667,116,vehicle.mitsubishi.fusorosa,91.7573448740243,-37.9731292724609,136.130752563477,-130.674987792969
544,104.601666357368,116,vehicle.mitsubishi.fusorosa,98.5611987781097,-37.9731597900391,136.130783081055,-130.674270629883
545,104.614505559206,116,vehicle.mitsubishi.fusorosa,91.4488986107504,-37.9731941223145,136.130813598633,-130.673156738281
545,104.62861905992,116,vehicle.mitsubishi.fusorosa,98.7939217442269,-37.9732322692871,136.130828857422,-130.67236328125
545,104.641413260251,116,vehicle.mitsubishi.fusorosa,94.4375244278426,-37.9732627868652,136.130844116211,-130.671401977539
545,104.654359959066,116,vehicle.mitsubishi.fusorosa,89.0626402577179,-37.9732933044434,136.130859375,-130.670715332031
545,104.666902758181,116,vehicle.mitsubishi.fusorosa,89.5915206581759,-37.9733200073242,136.130874633789,-130.670013427734
545,104.679917059839,116,vehicle.mitsubishi.fusorosa,91.7128207784632,-37.9733505249023,136.130889892578,-130.669250488281
545,104.692773457617,116,vehicle.mitsubishi.fusorosa,90.648956579114,-37.9733734130859,136.130905151367,-130.668472290039
545,104.707381758839,116,vehicle.mitsubishi.fusorosa,99.9480634113026,-37.9734039306641,136.130935668945,-130.667739868164
546,104.720629360527,116,vehicle.mitsubishi.fusorosa,94.3527383364279,-37.9734382629395,136.130950927734,-130.666625976562
546,104.736287660897,116,vehicle.mitsubishi.fusorosa,105.750913136485,-37.9734725952148,136.130966186523,-130.665725708008
546,104.748614259064,116,vehicle.mitsubishi.fusorosa,106.2360797833,-37.9735107421875,136.130996704102,-130.664581298828
546,104.76126145944,116,vehicle.mitsubishi.fusorosa,87.0282530580507,-37.9735488891602,136.13102722168,-130.664138793945
546,104.774888858199,116,vehicle.mitsubishi.fusorosa,94.5093926221175,-37.973575592041,136.13102722168,-130.663482666016
546,104.788456458598,116,vehicle.mitsubishi.fusorosa,93.2320149176377,-37.9736061096191,136.131057739258,-130.662734985352
546,104.801866859198,116,vehicle.mitsubishi.fusorosa,92.4936815209564,-37.9736366271973,136.131072998047,-130.66194152832
546,104.815200559795,116,vehicle.mitsubishi.fusorosa,93.4779824670617,-37.9736671447754,136.131088256836,-130.661026000977
547,104.830751657486,116,vehicle.mitsubishi.fusorosa,104.694677375748,-37.9736938476562,136.131103515625,-130.660339355469
547,104.844194557518,116,vehicle.mitsubishi.fusorosa,94.0927312030991,-37.9737319946289,136.131118774414,-130.659210205078
547,104.856814559549,116,vehicle.mitsubishi.fusorosa,89.6182064004661,-37.9737701416016,136.131164550781,-130.658218383789
547,104.86910885945,116,vehicle.mitsubishi.fusorosa,91.9897379140057,-37.973804473877,136.131164550781,-130.657470703125
547,104.881700158119,116,vehicle.mitsubishi.fusorosa,88.9023683832717,-37.9738273620605,136.13117980957,-130.656845092773
547,104.893637459725,116,vehicle.mitsubishi.fusorosa,91.7945210463299,-37.9738502502441,136.131195068359,-130.65608215332
547,104.906611159444,116,vehicle.mitsubishi.fusorosa,90.8019830119181,-37.973876953125,136.131210327148,-130.65544128418
547,104.920275557786,116,vehicle.mitsubishi.fusorosa,95.2749913564483,-37.9739036560059,136.131210327148,-130.654647827148
548,104.933216460049,116,vehicle.mitsubishi.fusorosa,91.2314375907274,-37.9739303588867,136.131240844727,-130.65364074707
548,104.946790657938,116,vehicle.mitsubishi.fusorosa,93.8416227771817,-37.9739608764648,136.131271362305,-130.652908325195
548,104.960367359221,116,vehicle.mitsubishi.fusorosa,95.6390949658756,-37.9739990234375,136.131271362305,-130.651840209961
548,104.972337760031,116,vehicle.mitsubishi.fusorosa,105.564986445521,-37.9740257263184,136.131301879883,-130.650863647461
548,104.985717657954,116,vehicle.mitsubishi.fusorosa,81.0768972117165,-37.9740676879883,136.131317138672,-130.65007019043
548,104.998745758086,116,vehicle.mitsubishi.fusorosa,90.9949379951644,-37.9740905761719,136.131332397461,-130.649810791016
548,105.011169858277,116,vehicle.mitsubishi.fusorosa,87.5666459011278,-37.97412109375,136.13134765625,-130.649047851562
548,105.024552360177,116,vehicle.mitsubishi.fusorosa,92.6107268251085,-37.9741477966309,136.131362915039,-130.648315429688
548,105.03817686066,116,vehicle.mitsubishi.fusorosa,95.1648409941197,-37.9741744995117,136.131378173828,-130.647552490234
549,105.051880460232,116,vehicle.mitsubishi.fusorosa,94.7578527714962,-37.9742050170898,136.131408691406,-130.64665222168
549,105.065712157637,116,vehicle.mitsubishi.fusorosa,94.8760213203294,-37.974235534668,136.131423950195,-130.645645141602
549,105.07896495983,116,vehicle.mitsubishi.fusorosa,90.3652401537273,-37.9742698669434,136.131454467773,-130.644683837891
549,105.09203466028,116,vehicle.mitsubishi.fusorosa,91.4086690726928,-37.9743041992188,136.131454467773,-130.643692016602
549,105.105864360929,116,vehicle.mitsubishi.fusorosa,96.2358258273725,-37.9743309020996,136.131469726562,-130.642913818359
549,105.11848365888,116,vehicle.mitsubishi.fusorosa,96.6964249479928,-37.9743576049805,136.131484985352,-130.642013549805
549,105.131806258112,116,vehicle.mitsubishi.fusorosa,92.4383267824027,-37.9743881225586,136.13151550293,-130.641464233398
549,105.145717460662,116,vehicle.mitsubishi.fusorosa,95.2562058225583,-37.9744186401367,136.131530761719,-130.640502929688
550,105.159531660378,116,vehicle.mitsubishi.fusorosa,94.79120096493,-37.9744529724121,136.131561279297,-130.639511108398
550,105.172649558634,116,vehicle.mitsubishi.fusorosa,91.9908201271363,-37.9744873046875,136.131576538086,-130.638565063477
550,105.185449257493,116,vehicle.mitsubishi.fusorosa,88.2864314332147,-37.9745216369629,136.131607055664,-130.637573242188
550,105.198289960623,116,vehicle.mitsubishi.fusorosa,90.4744246610451,-37.9745559692383,136.131622314453,-130.636657714844
550,105.211179759353,116,vehicle.mitsubishi.fusorosa,90.5269259425946,-37.9745826721191,136.131622314453,-130.635894775391
550,105.223834957927,116,vehicle.mitsubishi.fusorosa,89.8982846550921,-37.9746131896973,136.131652832031,-130.635040283203
550,105.236565757543,116,vehicle.mitsubishi.fusorosa,89.3887813610985,-37.9746398925781,136.13166809082,-130.63410949707
550,105.251039758325,116,vehicle.mitsubishi.fusorosa,98.7616693921576,-37.974666595459,136.131683349609,-130.633392333984
551,105.263828359544,116,vehicle.mitsubishi.fusorosa,93.42716859113,-37.9747009277344,136.131698608398,-130.632217407227
551,105.279541958123,116,vehicle.mitsubishi.fusorosa,105.086065152386,-37.9747314453125,136.131729125977,-130.631423950195
551,105.292576760054,116,vehicle.mitsubishi.fusorosa,91.9301809058229,-37.9747657775879,136.131729125977,-130.63037109375
551,105.305783759803,116,vehicle.mitsubishi.fusorosa,90.3956649594415,-37.9748001098633,136.131774902344,-130.629608154297
551,105.319150257856,116,vehicle.mitsubishi.fusorosa,94.0407444771809,-37.9748344421387,136.131759643555,-130.628692626953
551,105.331993360072,116,vehicle.mitsubishi.fusorosa,90.2183154993717,-37.9748611450195,136.131790161133,-130.627899169922
551,105.344863459468,116,vehicle.mitsubishi.fusorosa,90.7197544981181,-37.9748878479004,136.131805419922,-130.627227783203
551,105.358664359897,116,vehicle.mitsubishi.fusorosa,95.1273144150979,-37.9749145507812,136.131820678711,-130.62646484375
552,105.371594358236,116,vehicle.mitsubishi.fusorosa,92.5641579634431,-37.9749450683594,136.1318359375,-130.625503540039
552,105.384522560984,116,vehicle.mitsubishi.fusorosa,90.3651974401241,-37.9749755859375,136.131866455078,-130.624526977539
552,105.397591158748,116,vehicle.mitsubishi.fusorosa,90.9424281708944,-37.9750061035156,136.131881713867,-130.623733520508
552,105.410985257477,116,vehicle.mitsubishi.fusorosa,93.7920569143139,-37.9750366210938,136.131896972656,-130.622817993164
552,105.423167258501,116,vehicle.mitsubishi.fusorosa,106.059827908715,-37.9750671386719,136.131912231445,-130.621994018555
552,105.436193458736,116,vehicle.mitsubishi.fusorosa,91.1168062268896,-37.9750938415527,136.131927490234,-130.621566772461
552,105.449146959931,116,vehicle.mitsubishi.fusorosa,91.6921734259119,-37.9751205444336,136.131927490234,-130.621002197266
552,105.461977560073,116,vehicle.mitsubishi.fusorosa,88.7421905408206,-37.9751434326172,136.131958007812,-130.620223999023
552,105.474866457283,116,vehicle.mitsubishi.fusorosa,89.6034197308947,-37.9751739501953,136.131973266602,-130.619567871094
553,105.487972959876,116,vehicle.mitsubishi.fusorosa,91.9154711517713,-37.9752006530762,136.131973266602,-130.618759155273
553,105.500714860857,116,vehicle.mitsubishi.fusorosa,89.7876812492635,-37.975227355957,136.13200378418,-130.617904663086
553,105.513635858893,116,vehicle.mitsubishi.fusorosa,88.2914185097027,-37.9752540588379,136.132034301758,-130.617172241211
553,105.526595357805,116,vehicle.mitsubishi.fusorosa,90.6237958066131,-37.9752883911133,136.132034301758,-130.616195678711
553,105.539786059409,116,vehicle.mitsubishi.fusorosa,91.5665970306423,-37.9753189086914,136.132064819336,-130.615295410156
553,105.552643559873,116,vehicle.mitsubishi.fusorosa,89.954918182453,-37.9753494262695,136.132080078125,-130.614349365234
553,105.56537655741,116,vehicle.mitsubishi.fusorosa,89.3806673674439,-37.9753799438477,136.132095336914,-130.613479614258
553,105.580167859793,116,vehicle.mitsubishi.fusorosa,100.627927222581,-37.9754104614258,136.132110595703,-130.612655639648
554,105.594541657716,116,vehicle.mitsubishi.fusorosa,97.8388128617027,-37.9754447937012,136.132125854492,-130.61149597168
554,105.610463060439,116,vehicle.mitsubishi.fusorosa,106.774065691619,-37.9754829406738,136.13215637207,-130.61051940918
554,105.623308558017,116,vehicle.mitsubishi.fusorosa,92.3420296530755,-37.9755172729492,136.132171630859,-130.609359741211
554,105.636008657515,116,vehicle.mitsubishi.fusorosa,87.6895296552369,-37.9755516052246,136.132217407227,-130.608703613281
554,105.649143759161,116,vehicle.mitsubishi.fusorosa,92.8745840461953,-37.9755859375,136.132202148438,-130.607986450195
554,105.662797760218,116,vehicle.mitsubishi.fusorosa,96.7923408327924,-37.9756164550781,136.132232666016,-130.607177734375
554,105.675372358412,116,vehicle.mitsubishi.fusorosa,97.9565711116731,-37.9756393432617,136.132247924805,-130.606353759766
554,105.690230257809,116,vehicle.mitsubishi.fusorosa,104.371521358422,-37.9756736755371,136.132278442383,-130.605697631836
555,105.704122759402,116,vehicle.mitsubishi.fusorosa,96.0195342228412,-37.9757080078125,136.132293701172,-130.604690551758
555,105.717579159886,116,vehicle.mitsubishi.fusorosa,93.0870323926025,-37.9757423400879,136.13232421875,-130.603698730469
555,105.729730159044,116,vehicle.mitsubishi.fusorosa,107.943192379098,-37.9757766723633,136.13232421875,-130.602890014648
555,105.742439158261,116,vehicle.mitsubishi.fusorosa,88.5971823876235,-37.9758033752441,136.132354736328,-130.602523803711
555,105.754484459758,116,vehicle.mitsubishi.fusorosa,93.4219524811693,-37.9758262634277,136.132354736328,-130.601959228516
555,105.767890259624,116,vehicle.mitsubishi.fusorosa,93.0756274259685,-37.9758529663086,136.132369995117,-130.601516723633
555,105.781168859452,116,vehicle.mitsubishi.fusorosa,93.1120222175885,-37.9758796691895,136.132385253906,-130.600784301758
555,105.794259957969,116,vehicle.mitsubishi.fusorosa,90.8491827252665,-37.9759063720703,136.132415771484,-130.599960327148
555,105.80833195895,116,vehicle.mitsubishi.fusorosa,96.0867777162383,-37.9759407043457,136.132431030273,-130.598999023438
556,105.822226859629,116,vehicle.mitsubishi.fusorosa,95.3686983882969,-37.9759712219238,136.132431030273,-130.597961425781
556,105.835067860782,116,vehicle.mitsubishi.fusorosa,90.9070762429069,-37.9760055541992,136.132461547852,-130.597045898438
556,105.847611557692,116,vehicle.mitsubishi.fusorosa,89.3010392069298,-37.9760398864746,136.13249206543,-130.59619140625
556,105.860261060297,116,vehicle.mitsubishi.fusorosa,90.0883161885506,-37.9760665893555,136.13249206543,-130.595260620117
556,105.873324759305,116,vehicle.mitsubishi.fusorosa,91.2529414249736,-37.9760971069336,136.132522583008,-130.594528198242
556,105.886419460177,116,vehicle.mitsubishi.fusorosa,91.4812159094456,-37.9761276245117,136.132537841797,-130.593597412109
556,105.899043459445,116,vehicle.mitsubishi.fusorosa,89.5844478461013,-37.9761581420898,136.132553100586,-130.592697143555
556,105.913561057299,116,vehicle.mitsubishi.fusorosa,99.1801857298136,-37.9761848449707,136.132568359375,-130.591781616211
557,105.92666945979,116,vehicle.mitsubishi.fusorosa,90.9310094829242,-37.9762115478516,136.132583618164,-130.590835571289
557,105.940333358943,116,vehicle.mitsubishi.fusorosa,91.6296502233041,-37.9762496948242,136.132629394531,-130.589950561523
557,105.952889259905,116,vehicle.mitsubishi.fusorosa,94.9501940505689,-37.9762802124023,136.132629394531,-130.588912963867
557,105.965476058424,116,vehicle.mitsubishi.fusorosa,88.2389940816049,-37.9763107299805,136.132659912109,-130.588272094727
557,105.978451158851,116,vehicle.mitsubishi.fusorosa,90.1388582863726,-37.9763412475586,136.132659912109,-130.587387084961
557,105.990517258644,116,vehicle.mitsubishi.fusorosa,95.8683200344274,-37.9763679504395,136.132675170898,-130.586486816406
557,106.00303965807,116,vehicle.mitsubishi.fusorosa,88.7164587777492,-37.9763984680176,136.132690429688,-130.585922241211
557,106.017705958337,116,vehicle.mitsubishi.fusorosa,100.656300401523,-37.9764251708984,136.132705688477,-130.585144042969
558,106.031335659325,116,vehicle.mitsubishi.fusorosa,93.5104040845934,-37.9764595031738,136.132736206055,-130.584014892578
558,106.044627260417,116,vehicle.mitsubishi.fusorosa,91.1573999240337,-37.9764938354492,136.132766723633,-130.583053588867
558,106.057593058795,116,vehicle.mitsubishi.fusorosa,90.4004639098712,-37.9765281677246,136.132781982422,-130.582046508789
558,106.07051185891,116,vehicle.mitsubishi.fusorosa,91.0535410551624,-37.9765625,136.132797241211,-130.581100463867
558,106.083507359028,116,vehicle.mitsubishi.fusorosa,88.955577463058,-37.9765892028809,136.1328125,-130.580429077148
558,106.096053060144,116,vehicle.mitsubishi.fusorosa,89.7602295917445,-37.9766235351562,136.132827758789,-130.579437255859
558,106.108828958124,116,vehicle.mitsubishi.fusorosa,89.6519068068052,-37.9766502380371,136.132843017578,-130.578674316406
558,106.122667659074,116,vehicle.mitsubishi.fusorosa,95.4574987784528,-37.976676940918,136.132858276367,-130.577835083008
559,106.135709159076,116,vehicle.mitsubishi.fusorosa,89.1400424798396,-37.9767074584961,136.132888793945,-130.57682800293
559,106.149479560554,116,vehicle.mitsubishi.fusorosa,94.4356284776543,-37.9767379760742,136.132904052734,-130.575973510742
559,106.161923859268,116,vehicle.mitsubishi.fusorosa,98.1930039854554,-37.9767684936523,136.132904052734,-130.575073242188
559,106.174672659487,116,vehicle.mitsubishi.fusorosa,88.6230731603499,-37.9767990112305,136.132934570312,-130.574447631836
559,106.187140859663,116,vehicle.mitsubishi.fusorosa,89.1455406547515,-37.9768295288086,136.132949829102,-130.573593139648
559,106.200140558183,116,vehicle.mitsubishi.fusorosa,91.2880386292584,-37.9768562316895,136.132949829102,-130.572891235352
559,106.212940160185,116,vehicle.mitsubishi.fusorosa,90.0637025536131,-37.9768829345703,136.13298034668,-130.572113037109
559,106.225686360151,116,vehicle.mitsubishi.fusorosa,91.801802340907,-37.9769096374512,136.132995605469,-130.571319580078
559,106.238917857409,116,vehicle.mitsubishi.fusorosa,92.6378639598803,-37.976936340332,136.133010864258,-130.570526123047
560,106.252687260509,116,vehicle.mitsubishi.fusorosa,94.7336203810864,-37.9769630432129,136.133026123047,-130.569702148438
560,106.267526958138,116,vehicle.mitsubishi.fusorosa,100.941642627294,-37.9769897460938,136.133041381836,-130.568832397461
560,106.280072059482,116,vehicle.mitsubishi.fusorosa,96.8203805973572,-37.9770317077637,136.133071899414,-130.567779541016
560,106.292549457401,116,vehicle.mitsubishi.fusorosa,86.420260805152,-37.9770660400391,136.133102416992,-130.566940307617
560,106.305358760059,116,vehicle.mitsubishi.fusorosa,89.6839693817977,-37.9770965576172,136.133117675781,-130.566116333008
560,106.318883959204,116,vehicle.mitsubishi.fusorosa,92.8989430194983,-37.9771270751953,136.133117675781,-130.565399169922
560,106.331516958773,116,vehicle.mitsubishi.fusorosa,90.9421050433585,-37.9771575927734,136.133148193359,-130.564514160156
560,106.345103759319,116,vehicle.mitsubishi.fusorosa,93.2421479871665,-37.9771881103516,136.133163452148,-130.563613891602
561,106.359093960375,116,vehicle.mitsubishi.fusorosa,95.2614561344356,-37.9772148132324,136.133178710938,-130.562713623047
561,106.377693157643,116,vehicle.mitsubishi.fusorosa,121.581157324793,-37.9772491455078,136.133209228516,-130.561767578125
561,106.390388857573,116,vehicle.mitsubishi.fusorosa,89.2103565175321,-37.9772987365723,136.133224487305,-130.560256958008
561,106.403134360909,116,vehicle.mitsubishi.fusorosa,86.7190784538914,-37.9773445129395,136.133285522461,-130.5595703125
561,106.416443157941,116,vehicle.mitsubishi.fusorosa,93.2482940992027,-37.9773635864258,136.133270263672,-130.558929443359
561,106.429001759738,116,vehicle.mitsubishi.fusorosa,95.1608455559746,-37.9773902893066,136.133285522461,-130.558166503906
561,106.442478258163,116,vehicle.mitsubishi.fusorosa,93.417768979034,-37.9774208068848,136.13330078125,-130.5576171875
561,106.455415260047,116,vehicle.mitsubishi.fusorosa,90.8900909761917,-37.9774436950684,136.133316040039,-130.556838989258
562,106.469177357852,116,vehicle.mitsubishi.fusorosa,96.9748721698722,-37.9774780273438,136.133331298828,-130.555969238281
562,106.483819559216,116,vehicle.mitsubishi.fusorosa,99.2465932220961,-37.9775047302246,136.133361816406,-130.555099487305
562,106.496953159571,116,vehicle.mitsubishi.fusorosa,92.787642040206,-37.9775428771973,136.133392333984,-130.554061889648
562,106.509603757411,116,vehicle.mitsubishi.fusorosa,88.4826280013736,-37.9775772094727,136.133407592773,-130.553192138672
562,106.522616159171,116,vehicle.mitsubishi.fusorosa,92.4648073752615,-37.977611541748,136.133407592773,-130.552307128906
562,106.535389959812,116,vehicle.mitsubishi.fusorosa,90.454269670458,-37.9776344299316,136.133438110352,-130.551467895508
562,106.549060758203,116,vehicle.mitsubishi.fusorosa,94.555409198638,-37.9776611328125,136.133438110352,-130.550750732422
562,106.563899159431,116,vehicle.mitsubishi.fusorosa,100.449646016315,-37.9776878356934,136.13346862793,-130.549896240234
563,106.577603559941,116,vehicle.mitsubishi.fusorosa,95.1744542673337,-37.9777221679688,136.133483886719,-130.548858642578
563,106.590667258948,116,vehicle.mitsubishi.fusorosa,93.7901985611814,-37.9777603149414,136.133514404297,-130.547836303711
563,106.604056559503,116,vehicle.mitsubishi.fusorosa,93.9416640781589,-37.9777908325195,136.133529663086,-130.546905517578
563,106.617088757455,116,vehicle.mitsubishi.fusorosa,91.4296788318883,-37.9778175354004,136.133544921875,-130.546142578125
563,106.630217958242,116,vehicle.mitsubishi.fusorosa,92.7956380247222,-37.9778518676758,136.133560180664,-130.545227050781
563,106.643232658505,116,vehicle.mitsubishi.fusorosa,92.3413645994758,-37.9778823852539,136.133575439453,-130.544448852539
563,106.655871558934,116,vehicle.mitsubishi.fusorosa,90.5170732869985,-37.9779052734375,136.133590698242,-130.543670654297
563,106.668923858553,116,vehicle.mitsubishi.fusorosa,91.5245364807007,-37.9779319763184,136.133605957031,-130.542892456055
564,106.682776160538,116,vehicle.mitsubishi.fusorosa,95.7891123975493,-37.9779586791992,136.133605957031,-130.542190551758
564,106.696102257818,116,vehicle.mitsubishi.fusorosa,93.0951719523509,-37.9779891967773,136.133636474609,-130.541198730469
564,106.70960585773,116,vehicle.mitsubishi.fusorosa,93.430134816589,-37.9780197143555,136.133651733398,-130.540328979492
564,106.722858659923,116,vehicle.mitsubishi.fusorosa,92.6076409394924,-37.9780502319336,136.133682250977,-130.53938293457
564,106.73651175946,116,vehicle.mitsubishi.fusorosa,95.7897603657077,-37.978084564209,136.133697509766,-130.538452148438
564,106.749285358936,116,vehicle.mitsubishi.fusorosa,94.6392567762906,-37.9781188964844,136.133712768555,-130.537551879883
564,106.762365859002,116,vehicle.mitsubishi.fusorosa,89.0738452225018,-37.9781494140625,136.133743286133,-130.536727905273
564,106.775262460113,116,vehicle.mitsubishi.fusorosa,91.5458351655155,-37.9781837463379,136.133758544922,-130.535827636719
564,106.790186658502,116,vehicle.mitsubishi.fusorosa,101.53217777145,-37.978214263916,136.133773803711,-130.534927368164
565,106.804037060589,116,vehicle.mitsubishi.fusorosa,94.4968250302701,-37.9782447814941,136.1337890625,-130.533874511719
565,106.817949760705,116,vehicle.mitsubishi.fusorosa,95.4894399802017,-37.9782829284668,136.133819580078,-130.532974243164
565,106.831337757409,116,vehicle.mitsubishi.fusorosa,92.9415130478793,-37.9783134460449,136.133834838867,-130.532043457031
565,106.844055257738,116,vehicle.mitsubishi.fusorosa,95.0586296349971,-37.9783554077148,136.133850097656,-130.531112670898
565,106.856732759625,116,vehicle.mitsubishi.fusorosa,89.8974828558942,-37.9783821105957,136.133865356445,-130.530456542969
565,106.869298860431,116,vehicle.mitsubishi.fusorosa,88.9424765170516,-37.9784049987793,136.133880615234,-130.529708862305
565,106.883257560432,116,vehicle.mitsubishi.fusorosa,96.4428203945236,-37.9784317016602,136.133895874023,-130.52897644043
565,106.896533757448,116,vehicle.mitsubishi.fusorosa,94.121200158157,-37.9784622192383,136.133895874023,-130.528045654297
566,106.910356357694,116,vehicle.mitsubishi.fusorosa,94.8986671977848,-37.9784889221191,136.133926391602,-130.52734375
566,106.923818659037,116,vehicle.mitsubishi.fusorosa,93.4785278605044,-37.978515625,136.13395690918,-130.526382446289
566,106.93611105904,116,vehicle.mitsubishi.fusorosa,107.654131702941,-37.9785575866699,136.133972167969,-130.525482177734
566,106.94878295809,116,vehicle.mitsubishi.fusorosa,89.4034141375623,-37.9785842895508,136.133987426758,-130.524993896484
566,106.961249757558,116,vehicle.mitsubishi.fusorosa,90.9154397816488,-37.9786071777344,136.133987426758,-130.524337768555
566,106.974526058882,116,vehicle.mitsubishi.fusorosa,89.654445616926,-37.978630065918,136.134017944336,-130.523818969727
566,106.987315457314,116,vehicle.mitsubishi.fusorosa,91.640072187418,-37.9786643981934,136.134017944336,-130.522964477539
566,107.000688057393,116,vehicle.mitsubishi.fusorosa,92.4830201744602,-37.978687286377,136.134033203125,-130.522262573242
567,107.013297259808,116,vehicle.mitsubishi.fusorosa,91.3474417443336,-37.9787139892578,136.134048461914,-130.521362304688
567,107.027123257518,116,vehicle.mitsubishi.fusorosa,94.1789397826897,-37.9787406921387,136.134078979492,-130.52067565918
567,107.040693558753,116,vehicle.mitsubishi.fusorosa,93.6645725295725,-37.9787712097168,136.134094238281,-130.519805908203
567,107.053209260106,116,vehicle.mitsubishi.fusorosa,94.2350621495587,-37.9788055419922,136.13410949707,-130.518890380859
567,107.066275559366,116,vehicle.mitsubishi.fusorosa,91.4316551941593,-37.978832244873,136.134124755859,-130.518096923828
567,107.079286757857,116,vehicle.mitsubishi.fusorosa,92.1058173010791,-37.9788627624512,136.134140014648,-130.51741027832
567,107.091936558485,116,vehicle.mitsubishi.fusorosa,88.748803448727,-37.978889465332,136.134155273438,-130.516662597656
567,107.104582857341,116,vehicle.mitsubishi.fusorosa,89.1762560371035,-37.9789161682129,136.134170532227,-130.515884399414
567,107.11798715964,116,vehicle.mitsubishi.fusorosa,90.1609126616428,-37.9789390563965,136.134201049805,-130.515182495117
568,107.132039360702,116,vehicle.mitsubishi.fusorosa,96.4621923223726,-37.9789733886719,136.134201049805,-130.514282226562
568,107.145706560463,116,vehicle.mitsubishi.fusorosa,94.4793850069682,-37.97900390625,136.134231567383,-130.513244628906
568,107.159389257431,116,vehicle.mitsubishi.fusorosa,94.3374319326098,-37.9790382385254,136.134262084961,-130.51237487793
568,107.172040957958,116,vehicle.mitsubishi.fusorosa,93.3245799683454,-37.9790725708008,136.13427734375,-130.511322021484
568,107.185478758067,116,vehicle.mitsubishi.fusorosa,93.3378911803306,-37.9791069030762,136.134292602539,-130.510620117188
568,107.19828055799,116,vehicle.mitsubishi.fusorosa,91.4798533444505,-37.9791412353516,136.134307861328,-130.509628295898
568,107.211156558245,116,vehicle.mitsubishi.fusorosa,88.0467793233572,-37.9791679382324,136.134338378906,-130.508850097656
568,107.226218659431,116,vehicle.mitsubishi.fusorosa,103.104179296337,-37.9792022705078,136.134338378906,-130.507934570312
569,107.240345060825,116,vehicle.mitsubishi.fusorosa,96.891494752195,-37.9792327880859,136.134368896484,-130.50700378418
569,107.254602558911,116,vehicle.mitsubishi.fusorosa,95.842138591961,-37.9792709350586,136.134399414062,-130.505981445312
569,107.26739775762,116,vehicle.mitsubishi.fusorosa,97.3348316887304,-37.9793090820312,136.134414672852,-130.504943847656
569,107.280086558312,116,vehicle.mitsubishi.fusorosa,88.5535557742738,-37.9793434143066,136.13444519043,-130.504272460938
569,107.293513558805,116,vehicle.mitsubishi.fusorosa,93.280763639987,-37.9793739318848,136.13444519043,-130.503479003906
569,107.306383859366,116,vehicle.mitsubishi.fusorosa,92.0310136881226,-37.9794044494629,136.134475708008,-130.502563476562
569,107.319558560848,116,vehicle.mitsubishi.fusorosa,92.6704103541163,-37.9794387817383,136.134490966797,-130.501663208008
569,107.334722757339,116,vehicle.mitsubishi.fusorosa,103.825038498834,-37.9794654846191,136.134506225586,-130.50080871582
570,107.347752258182,116,vehicle.mitsubishi.fusorosa,92.8097014926681,-37.9794960021973,136.134521484375,-130.499847412109
570,107.361170258373,116,vehicle.mitsubishi.fusorosa,91.0895665794701,-37.9795265197754,136.134552001953,-130.499069213867
570,107.37485165894,116,vehicle.mitsubishi.fusorosa,95.0644184796489,-37.9795570373535,136.134552001953,-130.498245239258
570,107.38734376058,116,vehicle.mitsubishi.fusorosa,101.531993071565,-37.9795837402344,136.134582519531,-130.49739074707
570,107.400513160974,116,vehicle.mitsubishi.fusorosa,92.2847293590281,-37.9796180725098,136.13459777832,-130.496887207031
570,107.413215458393,116,vehicle.mitsubishi.fusorosa,90.4412456399713,-37.9796485900879,136.134613037109,-130.496063232422
570,107.426150459796,116,vehicle.mitsubishi.fusorosa,90.2310215188698,-37.9796752929688,136.134628295898,-130.495376586914
570,107.44042865932,116,vehicle.mitsubishi.fusorosa,97.4463035534693,-37.9797058105469,136.134643554688,-130.494506835938
571,107.453183460981,116,vehicle.mitsubishi.fusorosa,93.1936882525047,-37.979736328125,136.134658813477,-130.493469238281
571,107.466682258993,116,vehicle.mitsubishi.fusorosa,92.7325163971932,-37.9797706604004,136.134689331055,-130.492660522461
571,107.478849060833,116,vehicle.mitsubishi.fusorosa,107.16885054355,-37.9798049926758,136.134689331055,-130.491760253906
571,107.491446360946,116,vehicle.mitsubishi.fusorosa,86.7005835897415,-37.9798278808594,136.134719848633,-130.49137878418
571,107.503700260073,116,vehicle.mitsubishi.fusorosa,87.7338828032833,-37.979850769043,136.134719848633,-130.490814208984
571,107.51556006074,116,vehicle.mitsubishi.fusorosa,90.4891275233947,-37.9798812866211,136.134735107422,-130.490203857422
571,107.528332259506,116,vehicle.mitsubishi.fusorosa,88.6570727481153,-37.9799003601074,136.134750366211,-130.489685058594
571,107.540238060057,116,vehicle.mitsubishi.fusorosa,92.0751531750509,-37.9799270629883,136.134765625,-130.488876342773
571,107.552689258009,116,vehicle.mitsubishi.fusorosa,86.7587797149816,-37.9799499511719,136.134765625,-130.488250732422
572,107.564821258187,116,vehicle.mitsubishi.fusorosa,87.2297494502899,-37.9799766540527,136.134780883789,-130.487442016602
572,107.579450957477,116,vehicle.mitsubishi.fusorosa,99.0516105581869,-37.9800033569336,136.134811401367,-130.486770629883
572,107.591548260301,116,vehicle.mitsubishi.fusorosa,90.4374775842803,-37.9800300598145,136.134811401367,-130.485733032227
572,107.603427760303,116,vehicle.mitsubishi.fusorosa,82.5961375610571,-37.9800605773926,136.134857177734,-130.485122680664
572,107.616303257644,116,vehicle.mitsubishi.fusorosa,89.2468778299773,-37.9800872802734,136.134857177734,-130.484329223633
572,107.628212157637,116,vehicle.mitsubishi.fusorosa,90.973656426825,-37.980110168457,136.134857177734,-130.483535766602
572,107.640197560191,116,vehicle.mitsubishi.fusorosa,83.2709476671693,-37.9801368713379,136.134887695312,-130.482894897461
572,107.653039157391,116,vehicle.mitsubishi.fusorosa,90.32466192204,-37.980167388916,136.134887695312,-130.482131958008
573,107.665315959603,116,vehicle.mitsubishi.fusorosa,86.4559307130939,-37.9801902770996,136.134902954102,-130.481338500977
573,107.677929960191,116,vehicle.mitsubishi.fusorosa,87.4495355572476,-37.9802169799805,136.13493347168,-130.480545043945
573,107.689796760678,116,vehicle.mitsubishi.fusorosa,87.7490456008351,-37.9802474975586,136.13493347168,-130.479766845703
573,107.701886959374,116,vehicle.mitsubishi.fusorosa,84.2888003051215,-37.9802703857422,136.134963989258,-130.479095458984
573,107.713737457991,116,vehicle.mitsubishi.fusorosa,83.7038796629638,-37.9802932739258,136.134963989258,-130.478332519531
573,107.725101858377,116,vehicle.mitsubishi.fusorosa,85.1118310329401,-37.9803123474121,136.134979248047,-130.477676391602
573,107.737819060683,116,vehicle.mitsubishi.fusorosa,89.1044854024207,-37.9803352355957,136.134994506836,-130.477035522461
573,107.749981660396,116,vehicle.mitsubishi.fusorosa,85.5924243593378,-37.9803581237793,136.135009765625,-130.476379394531
573,107.762048959732,116,vehicle.mitsubishi.fusorosa,86.3221907498985,-37.9803886413574,136.135025024414,-130.475509643555
573,107.775233160704,116,vehicle.mitsubishi.fusorosa,90.2773271141119,-37.980411529541,136.135040283203,-130.474853515625
574,107.789963360876,116,vehicle.mitsubishi.fusorosa,99.6751382794104,-37.9804420471191,136.135055541992,-130.473983764648
574,107.802204459906,116,vehicle.mitsubishi.fusorosa,85.2320100838929,-37.98046875,136.13508605957,-130.472854614258
574,107.814664658159,116,vehicle.mitsubishi.fusorosa,85.3869564440287,-37.9805068969727,136.135116577148,-130.472091674805
574,107.826499659568,116,vehicle.mitsubishi.fusorosa,86.9662752178514,-37.9805374145508,136.135101318359,-130.471298217773
574,107.838835958391,116,vehicle.mitsubishi.fusorosa,86.7610193126419,-37.9805641174316,136.135131835938,-130.470733642578
574,107.850438959897,116,vehicle.mitsubishi.fusorosa,88.1507578834195,-37.9805908203125,136.135147094727,-130.469863891602
574,107.862440358847,116,vehicle.mitsubishi.fusorosa,83.5469073662857,-37.9806137084961,136.135162353516,-130.469329833984
574,107.874892059714,116,vehicle.mitsubishi.fusorosa,86.1897022342618,-37.9806327819824,136.135177612305,-130.468643188477
575,107.887249659747,116,vehicle.mitsubishi.fusorosa,86.5475417845827,-37.9806594848633,136.135177612305,-130.468002319336
575,107.899509157985,116,vehicle.mitsubishi.fusorosa,85.7660176705424,-37.9806785583496,136.135208129883,-130.467254638672
575,107.911565460265,116,vehicle.mitsubishi.fusorosa,85.6545560616106,-37.9807052612305,136.135208129883,-130.46647644043
575,107.924001559615,116,vehicle.mitsubishi.fusorosa,87.4988911541365,-37.9807281494141,136.135238647461,-130.4658203125
575,107.9360691607,116,vehicle.mitsubishi.fusorosa,86.1395636367029,-37.9807548522949,136.135238647461,-130.46516418457
575,107.947504658252,116,vehicle.mitsubishi.fusorosa,84.3816832737155,-37.9807739257812,136.13525390625,-130.464508056641
575,107.959326159209,116,vehicle.mitsubishi.fusorosa,83.1632027645026,-37.9807968139648,136.135269165039,-130.4638671875
575,107.971236158162,116,vehicle.mitsubishi.fusorosa,85.2296149110725,-37.9808235168457,136.135284423828,-130.46321105957
575,107.984181959182,116,vehicle.mitsubishi.fusorosa,89.6103061299977,-37.980842590332,136.135299682617,-130.462509155273
576,107.996642358601,116,vehicle.mitsubishi.fusorosa,86.9364967292771,-37.9808692932129,136.135314941406,-130.461776733398
576,108.009299658239,116,vehicle.mitsubishi.fusorosa,88.3012044435182,-37.9808959960938,136.135314941406,-130.461120605469
576,108.021029360592,116,vehicle.mitsubishi.fusorosa,86.1562258069163,-37.9809188842773,136.135345458984,-130.460342407227
576,108.033235359937,116,vehicle.mitsubishi.fusorosa,86.702681325256,-37.9809455871582,136.135360717773,-130.459686279297
576,108.045125760138,116,vehicle.mitsubishi.fusorosa,84.5698667408829,-37.9809722900391,136.135360717773,-130.458984375
576,108.056857157499,116,vehicle.mitsubishi.fusorosa,83.7745254019469,-37.9809951782227,136.135375976562,-130.458358764648
576,108.068395059556,116,vehicle.mitsubishi.fusorosa,81.9196657085231,-37.981014251709,136.135391235352,-130.457733154297
576,108.079486958683,116,vehicle.mitsubishi.fusorosa,84.459837751798,-37.9810409545898,136.135406494141,-130.457077026367
576,108.092429559678,116,vehicle.mitsubishi.fusorosa,90.4737698322187,-37.9810600280762,136.13542175293,-130.456619262695
577,108.105330258608,116,vehicle.mitsubishi.fusorosa,89.8702773793572,-37.9810829162598,136.13542175293,-130.455871582031
577,108.117405060679,116,vehicle.mitsubishi.fusorosa,84.6236195010252,-37.9811058044434,136.135452270508,-130.455123901367
577,108.130064360797,116,vehicle.mitsubishi.fusorosa,88.1262809940803,-37.9811325073242,136.135467529297,-130.454452514648
577,108.142272159457,116,vehicle.mitsubishi.fusorosa,86.4733930004526,-37.9811592102051,136.135482788086,-130.453689575195
577,108.154303558171,116,vehicle.mitsubishi.fusorosa,84.2819395031464,-37.9811820983887,136.135498046875,-130.453018188477
577,108.166363257915,116,vehicle.mitsubishi.fusorosa,84.3637765476455,-37.9812088012695,136.135513305664,-130.452377319336
577,108.178272459656,116,vehicle.mitsubishi.fusorosa,83.9299828915406,-37.9812316894531,136.135528564453,-130.451675415039
577,108.189907159656,116,vehicle.mitsubishi.fusorosa,83.5183820693909,-37.9812545776367,136.135528564453,-130.451049804688
577,108.203025858849,116,vehicle.mitsubishi.fusorosa,89.8216039215092,-37.9812774658203,136.135559082031,-130.450531005859
578,108.215425159782,116,vehicle.mitsubishi.fusorosa,85.8121420934964,-37.9813003540039,136.135559082031,-130.449676513672
578,108.228865060955,116,vehicle.mitsubishi.fusorosa,91.4362506772101,-37.981330871582,136.135589599609,-130.448867797852
578,108.241006057709,116,vehicle.mitsubishi.fusorosa,85.6517847297757,-37.9813575744629,136.135604858398,-130.448165893555
578,108.253624759614,116,vehicle.mitsubishi.fusorosa,87.6465920415962,-37.981388092041,136.135620117188,-130.447387695312
578,108.265490658581,116,vehicle.mitsubishi.fusorosa,86.1972622607191,-37.9814147949219,136.135635375977,-130.44660949707
578,108.277424059808,116,vehicle.mitsubishi.fusorosa,83.0943111218838,-37.9814376831055,136.135665893555,-130.446105957031
578,108.289153657854,116,vehicle.mitsubishi.fusorosa,84.2421647527096,-37.9814682006836,136.135665893555,-130.445343017578
578,108.301402159035,116,vehicle.mitsubishi.fusorosa,85.1337348792079,-37.9814872741699,136.135681152344,-130.444808959961
579,108.316149160266,116,vehicle.mitsubishi.fusorosa,99.2514332351104,-37.9815063476562,136.135696411133,-130.444152832031
579,108.328890457749,116,vehicle.mitsubishi.fusorosa,87.4347489187102,-37.9815368652344,136.135711669922,-130.443115234375
579,108.342257257551,116,vehicle.mitsubishi.fusorosa,90.2969554787502,-37.9815711975098,136.1357421875,-130.442337036133
579,108.354440059513,116,vehicle.mitsubishi.fusorosa,88.094746665021,-37.9816055297852,136.1357421875,-130.441528320312
579,108.366274859756,116,vehicle.mitsubishi.fusorosa,85.3472312678631,-37.9816284179688,136.135772705078,-130.440811157227
579,108.377981159836,116,vehicle.mitsubishi.fusorosa,84.8865569137757,-37.9816551208496,136.135772705078,-130.440246582031
579,108.390406060964,116,vehicle.mitsubishi.fusorosa,86.3923492434648,-37.9816780090332,136.135803222656,-130.439605712891
579,108.401618860662,116,vehicle.mitsubishi.fusorosa,98.8441303966375,-37.9817008972168,136.135803222656,-130.438949584961
579,108.413826260716,116,vehicle.mitsubishi.fusorosa,84.7605975608918,-37.9817199707031,136.135818481445,-130.438690185547
579,108.426590759307,116,vehicle.mitsubishi.fusorosa,88.4384628552493,-37.9817390441895,136.135833740234,-130.438262939453
580,108.439162157476,116,vehicle.mitsubishi.fusorosa,86.1026850258394,-37.9817657470703,136.135848999023,-130.437652587891
580,108.45216935873,116,vehicle.mitsubishi.fusorosa,89.2301627213875,-37.9817924499512,136.135848999023,-130.436996459961
580,108.46452235803,116,vehicle.mitsubishi.fusorosa,86.9393005189079,-37.981819152832,136.135864257812,-130.436218261719
580,108.477278858423,116,vehicle.mitsubishi.fusorosa,88.6122254629501,-37.9818458557129,136.135879516602,-130.435562133789
580,108.49041005969,116,vehicle.mitsubishi.fusorosa,89.5311703624818,-37.9818687438965,136.13591003418,-130.434783935547
580,108.503441259265,116,vehicle.mitsubishi.fusorosa,89.0879343806778,-37.9818992614746,136.135925292969,-130.433959960938
580,108.515208158642,116,vehicle.mitsubishi.fusorosa,90.3183721416694,-37.98193359375,136.135955810547,-130.433090209961
580,108.527339659631,116,vehicle.mitsubishi.fusorosa,83.919798565688,-37.9819602966309,136.135971069336,-130.432479858398
580,108.541189558804,116,vehicle.mitsubishi.fusorosa,94.922843223645,-37.9819869995117,136.135971069336,-130.431777954102
581,108.555609360337,116,vehicle.mitsubishi.fusorosa,95.6677211864677,-37.9820175170898,136.136001586914,-130.430755615234
581,108.569324057549,116,vehicle.mitsubishi.fusorosa,90.2365453840117,-37.9820518493652,136.136032104492,-130.429824829102
581,108.583120860159,116,vehicle.mitsubishi.fusorosa,93.6172360706258,-37.9820899963379,136.136047363281,-130.428909301758
581,108.595924559981,116,vehicle.mitsubishi.fusorosa,87.8058996810162,-37.9821166992188,136.136077880859,-130.427978515625
581,108.608927059919,116,vehicle.mitsubishi.fusorosa,89.7596345929965,-37.9821510314941,136.136077880859,-130.427291870117
581,108.620632957667,116,vehicle.mitsubishi.fusorosa,100.166425441134,-37.982177734375,136.136093139648,-130.426452636719
581,108.632398560643,116,vehicle.mitsubishi.fusorosa,82.9050301002652,-37.9822044372559,136.136108398438,-130.426162719727
581,108.645942959934,116,vehicle.mitsubishi.fusorosa,94.3225409752359,-37.9822273254395,136.136123657227,-130.425659179688
582,108.658922959119,116,vehicle.mitsubishi.fusorosa,90.6143021935561,-37.9822540283203,136.136123657227,-130.424880981445
582,108.672386258841,116,vehicle.mitsubishi.fusorosa,92.5433379813244,-37.9822807312012,136.136154174805,-130.424224853516
582,108.684842057526,116,vehicle.mitsubishi.fusorosa,88.8904709926055,-37.9823112487793,136.136169433594,-130.423217773438
582,108.696973260492,116,vehicle.mitsubishi.fusorosa,86.5320643711815,-37.9823417663574,136.136199951172,-130.422653198242
582,108.708969358355,116,vehicle.mitsubishi.fusorosa,85.1436986832745,-37.982364654541,136.136215209961,-130.421798706055
582,108.72116626054,116,vehicle.mitsubishi.fusorosa,85.9765649191798,-37.9823875427246,136.136215209961,-130.421081542969
582,108.733288060874,116,vehicle.mitsubishi.fusorosa,86.1217423688733,-37.9824142456055,136.13623046875,-130.420349121094
582,108.74577916041,116,vehicle.mitsubishi.fusorosa,86.1945610768381,-37.9824333190918,136.136245727539,-130.419662475586
582,108.758768960834,116,vehicle.mitsubishi.fusorosa,89.9715375769951,-37.9824562072754,136.136260986328,-130.418899536133
583,108.770830459893,116,vehicle.mitsubishi.fusorosa,89.0987666126206,-37.9824867248535,136.136260986328,-130.418090820312
583,108.784063160419,116,vehicle.mitsubishi.fusorosa,91.7797941758028,-37.9825096130371,136.136291503906,-130.417343139648
583,108.796068757772,116,vehicle.mitsubishi.fusorosa,90.8251298250921,-37.982536315918,136.136291503906,-130.416549682617
583,108.807674158365,116,vehicle.mitsubishi.fusorosa,81.4103248193238,-37.9825592041016,136.136322021484,-130.415985107422
583,108.820216558874,116,vehicle.mitsubishi.fusorosa,87.8370681068683,-37.9825859069824,136.136322021484,-130.415252685547
583,108.831794958562,116,vehicle.mitsubishi.fusorosa,91.7702048486983,-37.982608795166,136.136337280273,-130.414535522461
583,108.843655757606,116,vehicle.mitsubishi.fusorosa,82.1960169700426,-37.9826316833496,136.136367797852,-130.414031982422
583,108.855532359332,116,vehicle.mitsubishi.fusorosa,84.9159781349658,-37.9826583862305,136.136367797852,-130.41325378418
583,108.868693359196,116,vehicle.mitsubishi.fusorosa,91.447354780365,-37.9826812744141,136.136367797852,-130.412612915039
584,108.880511857569,116,vehicle.mitsubishi.fusorosa,87.4453503730597,-37.9827079772949,136.13639831543,-130.411727905273
584,108.893048860133,116,vehicle.mitsubishi.fusorosa,85.8969538751411,-37.9827346801758,136.136428833008,-130.410995483398
584,108.90456455946,116,vehicle.mitsubishi.fusorosa,88.4971838312835,-37.9827613830566,136.136428833008,-130.410217285156
584,108.916529759765,116,vehicle.mitsubishi.fusorosa,84.217583575568,-37.9827880859375,136.136428833008,-130.409652709961
584,108.928489558399,116,vehicle.mitsubishi.fusorosa,83.6240121511017,-37.9828071594238,136.136459350586,-130.408966064453
584,108.939866758883,116,vehicle.mitsubishi.fusorosa,82.4070240918142,-37.9828300476074,136.136459350586,-130.408309936523
584,108.95132265985,116,vehicle.mitsubishi.fusorosa,81.4105453411099,-37.982852935791,136.136474609375,-130.407699584961
584,108.963051557541,116,vehicle.mitsubishi.fusorosa,83.4408328458636,-37.9828720092773,136.136474609375,-130.40705871582
584,108.97586305812,116,vehicle.mitsubishi.fusorosa,88.9529668539647,-37.9828948974609,136.136489868164,-130.406372070312
585,108.988197557628,116,vehicle.mitsubishi.fusorosa,86.5979539043722,-37.9829177856445,136.136505126953,-130.405654907227
585,109.000321459025,116,vehicle.mitsubishi.fusorosa,84.9713242687306,-37.9829444885254,136.136535644531,-130.405029296875
585,109.012277361006,116,vehicle.mitsubishi.fusorosa,84.4275786011288,-37.9829711914062,136.136535644531,-130.40412902832
585,109.023704458028,116,vehicle.mitsubishi.fusorosa,82.900656821053,-37.9829940795898,136.13655090332,-130.40348815918
585,109.036012459546,116,vehicle.mitsubishi.fusorosa,84.4446834969668,-37.9830131530762,136.136566162109,-130.402847290039
585,109.048080358654,116,vehicle.mitsubishi.fusorosa,83.7008809486748,-37.9830360412598,136.136581420898,-130.40217590332
585,109.05980585888,116,vehicle.mitsubishi.fusorosa,83.6706767268147,-37.9830627441406,136.136581420898,-130.401519775391
585,109.072742957622,116,vehicle.mitsubishi.fusorosa,88.5781763009134,-37.983081817627,136.136611938477,-130.400955200195
585,109.086078960449,116,vehicle.mitsubishi.fusorosa,91.3984248857276,-37.9831085205078,136.136611938477,-130.400192260742
586,109.0992901586,116,vehicle.mitsubishi.fusorosa,88.7605213491578,-37.9831314086914,136.136642456055,-130.399307250977
586,109.11236526072,116,vehicle.mitsubishi.fusorosa,89.5073499840215,-37.9831657409668,136.136657714844,-130.398544311523
586,109.124145660549,116,vehicle.mitsubishi.fusorosa,86.9149860033288,-37.9831924438477,136.136688232422,-130.397735595703
586,109.136314660311,116,vehicle.mitsubishi.fusorosa,84.6302768666556,-37.9832191467285,136.136703491211,-130.397232055664
586,109.148295260966,116,vehicle.mitsubishi.fusorosa,85.3455694904074,-37.9832458496094,136.136703491211,-130.396560668945
586,109.159585457295,116,vehicle.mitsubishi.fusorosa,85.6837549548258,-37.9832725524902,136.13671875,-130.395812988281
586,109.171464357525,116,vehicle.mitsubishi.fusorosa,83.1871940904777,-37.9832954406738,136.136734008789,-130.39533996582
586,109.183585159481,116,vehicle.mitsubishi.fusorosa,85.7508549040246,-37.9833183288574,136.136749267578,-130.394638061523
586,109.196067158133,116,vehicle.mitsubishi.fusorosa,87.2498633782924,-37.983341217041,136.136749267578,-130.393966674805
587,109.209823958576,116,vehicle.mitsubishi.fusorosa,93.7108763806938,-37.9833641052246,136.136779785156,-130.393280029297
587,109.22250976041,116,vehicle.mitsubishi.fusorosa,87.2781168660433,-37.9833946228027,136.136810302734,-130.392272949219
587,109.234250057489,116,vehicle.mitsubishi.fusorosa,84.4238789182368,-37.9834251403809,136.136825561523,-130.391464233398
587,109.246489759535,116,vehicle.mitsubishi.fusorosa,86.0025497549353,-37.983455657959,136.136825561523,-130.390747070312
587,109.258976060897,116,vehicle.mitsubishi.fusorosa,87.5754522275624,-37.9834823608398,136.136840820312,-130.390045166016
587,109.271025359631,116,vehicle.mitsubishi.fusorosa,85.0465056606861,-37.9835052490234,136.136856079102,-130.389419555664
587,109.283210158348,116,vehicle.mitsubishi.fusorosa,87.7084587643591,-37.9835357666016,136.13688659668,-130.388732910156
587,109.295302160084,116,vehicle.mitsubishi.fusorosa,85.4736847268318,-37.9835586547852,136.13688659668,-130.387878417969
587,109.309050358832,116,vehicle.mitsubishi.fusorosa,93.1126872091201,-37.9835815429688,136.136917114258,-130.387222290039
588,109.322302058339,116,vehicle.mitsubishi.fusorosa,90.9750138752728,-37.9836082458496,136.136917114258,-130.38639831543
588,109.334686659276,116,vehicle.mitsubishi.fusorosa,87.212422288545,-37.9836387634277,136.136947631836,-130.385559082031
588,109.347285360098,116,vehicle.mitsubishi.fusorosa,87.3775341449715,-37.9836692810059,136.136962890625,-130.384826660156
588,109.358448360115,116,vehicle.mitsubishi.fusorosa,99.4166151774226,-37.9836959838867,136.136978149414,-130.384048461914
588,109.370195060968,116,vehicle.mitsubishi.fusorosa,77.0760331655676,-37.9837341308594,136.136993408203,-130.383407592773
588,109.381948459893,116,vehicle.mitsubishi.fusorosa,82.0984393077872,-37.9837760925293,136.137023925781,-130.382354736328
588,109.394084360451,116,vehicle.mitsubishi.fusorosa,84.6602759390841,-37.983814239502,136.13703918457,-130.381561279297
588,109.40617666021,116,vehicle.mitsubishi.fusorosa,85.6227738074486,-37.9838371276855,136.137054443359,-130.380844116211
588,109.418937459588,116,vehicle.mitsubishi.fusorosa,84.9489964022639,-37.9838600158691,136.137069702148,-130.380142211914
589,109.431351259351,116,vehicle.mitsubishi.fusorosa,86.305101226415,-37.9838905334473,136.137084960938,-130.379364013672
589,109.444390360266,116,vehicle.mitsubishi.fusorosa,90.0327990762368,-37.9839172363281,136.137100219727,-130.378494262695
589,109.456131059676,116,vehicle.mitsubishi.fusorosa,86.209339203689,-37.9839401245117,136.137115478516,-130.377670288086
589,109.468339260668,116,vehicle.mitsubishi.fusorosa,85.5955016711992,-37.9839706420898,136.137130737305,-130.377090454102
589,109.480603758246,116,vehicle.mitsubishi.fusorosa,86.171029561929,-37.9839973449707,136.137145996094,-130.376342773438
589,109.492462258786,116,vehicle.mitsubishi.fusorosa,84.5742126478125,-37.9840240478516,136.137161254883,-130.375579833984
589,109.504987057298,116,vehicle.mitsubishi.fusorosa,85.8415717953389,-37.9840431213379,136.137191772461,-130.374923706055
589,109.51688535884,116,vehicle.mitsubishi.fusorosa,85.5007363723293,-37.984073638916,136.137191772461,-130.374237060547
589,109.529731858522,116,vehicle.mitsubishi.fusorosa,88.4463716374043,-37.9840927124023,136.13720703125,-130.373580932617
590,109.544661059976,116,vehicle.mitsubishi.fusorosa,101.464159727001,-37.9841194152832,136.13720703125,-130.372741699219
590,109.558433458209,116,vehicle.mitsubishi.fusorosa,93.3148025462165,-37.9841461181641,136.137237548828,-130.371795654297
590,109.571069259197,116,vehicle.mitsubishi.fusorosa,85.9499150608588,-37.9841804504395,136.137268066406,-130.371017456055
590,109.583485759795,116,vehicle.mitsubishi.fusorosa,86.6503167582708,-37.9842147827148,136.137283325195,-130.370269775391
590,109.595475558192,116,vehicle.mitsubishi.fusorosa,86.0085078650494,-37.9842414855957,136.137298583984,-130.369567871094
590,109.608585160226,116,vehicle.mitsubishi.fusorosa,89.3250135095318,-37.984260559082,136.137313842773,-130.368957519531
590,109.620219260454,116,vehicle.mitsubishi.fusorosa,98.8368524971996,-37.9842872619629,136.137329101562,-130.368148803711
590,109.633500859141,116,vehicle.mitsubishi.fusorosa,90.9936096320859,-37.9843139648438,136.137344360352,-130.367874145508
591,109.645975459367,116,vehicle.mitsubishi.fusorosa,86.867794832701,-37.9843406677246,136.137344360352,-130.367141723633
591,109.659380957484,116,vehicle.mitsubishi.fusorosa,92.1391672386337,-37.9843673706055,136.13737487793,-130.366455078125
591,109.672142159194,116,vehicle.mitsubishi.fusorosa,87.368951704428,-37.9843940734863,136.137390136719,-130.365661621094
591,109.684994857758,116,vehicle.mitsubishi.fusorosa,88.2522386959457,-37.9844245910645,136.137420654297,-130.364883422852
591,109.697202559561,116,vehicle.mitsubishi.fusorosa,85.339953306357,-37.9844512939453,136.137435913086,-130.364105224609
591,109.709754258394,116,vehicle.mitsubishi.fusorosa,86.3633041812892,-37.9844779968262,136.137451171875,-130.36344909668
591,109.72251945734,116,vehicle.mitsubishi.fusorosa,87.9019181405315,-37.984504699707,136.137451171875,-130.362670898438
591,109.735000260174,116,vehicle.mitsubishi.fusorosa,87.3224854485124,-37.9845314025879,136.137466430664,-130.361892700195
591,109.748379860073,116,vehicle.mitsubishi.fusorosa,91.7976513586357,-37.9845542907715,136.137481689453,-130.361129760742
592,109.761982560158,116,vehicle.mitsubishi.fusorosa,94.0703931118591,-37.9845848083496,136.137496948242,-130.360305786133
592,109.77459526062,116,vehicle.mitsubishi.fusorosa,88.0968854320862,-37.9846153259277,136.13752746582,-130.359405517578
592,109.787046760321,116,vehicle.mitsubishi.fusorosa,86.6148878837295,-37.9846458435059,136.137557983398,-130.358520507812
592,109.799529857934,116,vehicle.mitsubishi.fusorosa,88.4628132547976,-37.984676361084,136.137557983398,-130.357727050781
592,109.811505958438,116,vehicle.mitsubishi.fusorosa,86.3803151072003,-37.9847030639648,136.137573242188,-130.357070922852
592,109.824087157845,116,vehicle.mitsubishi.fusorosa,88.4800276170535,-37.9847297668457,136.137588500977,-130.35627746582
592,109.836471159011,116,vehicle.mitsubishi.fusorosa,87.816272070859,-37.984748840332,136.137588500977,-130.355499267578
592,109.849772658199,116,vehicle.mitsubishi.fusorosa,91.4727788192891,-37.9847717285156,136.137619018555,-130.354827880859
593,109.862904459238,116,vehicle.mitsubishi.fusorosa,91.6211088763793,-37.9847984313965,136.137619018555,-130.353927612305
593,109.874975457788,116,vehicle.mitsubishi.fusorosa,88.9322306790679,-37.9848289489746,136.137649536133,-130.353149414062
593,109.88797615841,116,vehicle.mitsubishi.fusorosa,89.9725342698172,-37.9848556518555,136.137664794922,-130.352493286133
593,109.900682657957,116,vehicle.mitsubishi.fusorosa,89.8939883224337,-37.9848823547363,136.137680053711,-130.351684570312
593,109.913197360933,116,vehicle.mitsubishi.fusorosa,86.4536962630151,-37.9849090576172,136.1376953125,-130.350936889648
593,109.92592876032,116,vehicle.mitsubishi.fusorosa,87.9610067018255,-37.984935760498,136.137710571289,-130.350234985352
593,109.938154660165,116,vehicle.mitsubishi.fusorosa,87.7411094463974,-37.9849662780762,136.137725830078,-130.349365234375
593,109.950283758342,116,vehicle.mitsubishi.fusorosa,86.5366411177726,-37.9849891662598,136.137725830078,-130.348709106445
593,109.963848158717,116,vehicle.mitsubishi.fusorosa,93.3291053655104,-37.9850120544434,136.137756347656,-130.348022460938
594,109.976634059101,116,vehicle.mitsubishi.fusorosa,90.1994359645208,-37.9850387573242,136.137756347656,-130.347152709961
594,109.989846158773,116,vehicle.mitsubishi.fusorosa,90.8644959587186,-37.9850692749023,136.137786865234,-130.346420288086
594,110.002064358443,116,vehicle.mitsubishi.fusorosa,88.7559377729328,-37.9850959777832,136.137802124023,-130.345581054688
594,110.013710260391,116,vehicle.mitsubishi.fusorosa,85.6477875785439,-37.9851264953613,136.137832641602,-130.344833374023
594,110.02612445876,116,vehicle.mitsubishi.fusorosa,87.3543103542095,-37.9851531982422,136.137832641602,-130.344131469727
594,110.038518760353,116,vehicle.mitsubishi.fusorosa,87.873510790707,-37.9851760864258,136.137832641602,-130.343475341797
594,110.050833258778,116,vehicle.mitsubishi.fusorosa,86.3820811414245,-37.9851951599121,136.13786315918,-130.342742919922
594,110.063074160367,116,vehicle.mitsubishi.fusorosa,87.0626783480678,-37.985221862793,136.13786315918,-130.342071533203
594,110.076234459877,116,vehicle.mitsubishi.fusorosa,87.9760925838576,-37.9852447509766,136.137893676758,-130.341323852539
595,110.089366160333,116,vehicle.mitsubishi.fusorosa,90.2271184306672,-37.9852752685547,136.137908935547,-130.340408325195
595,110.112017259002,116,vehicle.mitsubishi.fusorosa,101.547461973279,-37.9853096008301,136.137924194336,-130.339584350586
595,110.125214260072,116,vehicle.mitsubishi.fusorosa,90.2775305814907,-37.9853668212891,136.137969970703,-130.337753295898
595,110.137676659971,116,vehicle.mitsubishi.fusorosa,89.5178163748253,-37.985408782959,136.137985229492,-130.336990356445
595,110.150019660592,116,vehicle.mitsubishi.fusorosa,86.6862072190328,-37.9854354858398,136.138000488281,-130.336273193359
595,110.162846960127,116,vehicle.mitsubishi.fusorosa,89.4974135522376,-37.9854621887207,136.13801574707,-130.335525512695
595,110.17557425797,116,vehicle.mitsubishi.fusorosa,89.2019108846551,-37.9854888916016,136.138031005859,-130.33479309082
595,110.188474059105,116,vehicle.mitsubishi.fusorosa,89.6099573742999,-37.9855155944824,136.138046264648,-130.334106445312
596,110.201480757445,116,vehicle.mitsubishi.fusorosa,90.3142809894766,-37.985538482666,136.138061523438,-130.333312988281
596,110.21435315907,116,vehicle.mitsubishi.fusorosa,89.7348585222307,-37.9855690002441,136.138076782227,-130.332550048828
596,110.226210460067,116,vehicle.mitsubishi.fusorosa,96.112109467288,-37.9855995178223,136.138107299805,-130.331695556641
596,110.238650958985,116,vehicle.mitsubishi.fusorosa,87.033691402884,-37.9856262207031,136.138107299805,-130.3310546875
596,110.251553758979,116,vehicle.mitsubishi.fusorosa,91.0181788713677,-37.985652923584,136.138122558594,-130.330429077148
596,110.263558659703,116,vehicle.mitsubishi.fusorosa,91.7225981695579,-37.9856834411621,136.138137817383,-130.32958984375
596,110.275642860681,116,vehicle.mitsubishi.fusorosa,83.757285380495,-37.985710144043,136.138168334961,-130.328887939453
596,110.288373857737,116,vehicle.mitsubishi.fusorosa,88.2889805301768,-37.9857330322266,136.138168334961,-130.328201293945
596,110.301341257989,116,vehicle.mitsubishi.fusorosa,89.5944697671596,-37.9857635498047,136.13818359375,-130.327331542969
597,110.314392860979,116,vehicle.mitsubishi.fusorosa,91.0182660426947,-37.9857940673828,136.138198852539,-130.326446533203
597,110.327177360654,116,vehicle.mitsubishi.fusorosa,88.5302961305767,-37.9858207702637,136.138214111328,-130.325744628906
597,110.339850358665,116,vehicle.mitsubishi.fusorosa,88.9322494775958,-37.9858474731445,136.138229370117,-130.324844360352
597,110.351802557707,116,vehicle.mitsubishi.fusorosa,87.3713212801206,-37.9858741760254,136.138244628906,-130.324066162109
597,110.363837558776,116,vehicle.mitsubishi.fusorosa,85.7405269408717,-37.9859008789062,136.138275146484,-130.323440551758
597,110.37591175735,116,vehicle.mitsubishi.fusorosa,84.9347345834864,-37.9859237670898,136.138275146484,-130.322799682617
597,110.388238757849,116,vehicle.mitsubishi.fusorosa,86.4326796431515,-37.9859504699707,136.138290405273,-130.322113037109
597,110.40141395852,116,vehicle.mitsubishi.fusorosa,90.0805596174506,-37.985969543457,136.138305664062,-130.321426391602
598,110.415262658149,116,vehicle.mitsubishi.fusorosa,94.6109793734644,-37.9859962463379,136.138320922852,-130.320541381836
598,110.42844485864,116,vehicle.mitsubishi.fusorosa,89.5545325808946,-37.9860229492188,136.13835144043,-130.319610595703
598,110.440107360482,116,vehicle.mitsubishi.fusorosa,102.492906233164,-37.9860610961914,136.138366699219,-130.318832397461
598,110.45253586024,116,vehicle.mitsubishi.fusorosa,86.5476187001024,-37.9860877990723,136.138381958008,-130.318435668945
598,110.465047359467,116,vehicle.mitsubishi.fusorosa,86.8124298693741,-37.9861106872559,136.138381958008,-130.317932128906
598,110.477219458669,116,vehicle.mitsubishi.fusorosa,85.8345571312902,-37.9861373901367,136.138397216797,-130.317413330078
598,110.489141959697,116,vehicle.mitsubishi.fusorosa,84.8892752762002,-37.9861602783203,136.138412475586,-130.316757202148
598,110.501312159002,116,vehicle.mitsubishi.fusorosa,85.0667802803961,-37.9861869812012,136.138427734375,-130.316131591797
598,110.514616061002,116,vehicle.mitsubishi.fusorosa,91.667549535167,-37.9862060546875,136.138427734375,-130.315460205078
599,110.527770258486,116,vehicle.mitsubishi.fusorosa,90.411706471711,-37.9862327575684,136.138458251953,-130.314651489258
599,110.539897959679,116,vehicle.mitsubishi.fusorosa,86.5898827174229,-37.9862670898438,136.138488769531,-130.313751220703
599,110.551553558558,116,vehicle.mitsubishi.fusorosa,84.63088037709,-37.9862899780273,136.138488769531,-130.312973022461
599,110.563739858568,116,vehicle.mitsubishi.fusorosa,78.0141323521081,-37.9863166809082,136.13850402832,-130.312316894531
599,110.576190859079,116,vehicle.mitsubishi.fusorosa,88.1934163385251,-37.9863548278809,136.138488769531,-130.311645507812
599,110.588046159595,116,vehicle.mitsubishi.fusorosa,83.0900733159783,-37.9863815307617,136.138519287109,-130.310852050781
599,110.599948458374,116,vehicle.mitsubishi.fusorosa,84.0029794792681,-37.9864120483398,136.138519287109,-130.310028076172
599,110.612078160048,116,vehicle.mitsubishi.fusorosa,85.8161170577811,-37.9864349365234,136.138519287109,-130.309371948242
600,110.624984961003,116,vehicle.mitsubishi.fusorosa,89.9402801284274,-37.9864540100098,136.138534545898,-130.308746337891
600,110.637941159308,116,vehicle.mitsubishi.fusorosa,89.8716594536649,-37.9864768981934,136.138549804688,-130.308013916016
600,110.650755759329,116,vehicle.mitsubishi.fusorosa,86.555942352189,-37.9865074157715,136.138580322266,-130.307083129883
600,110.662932958454,116,vehicle.mitsubishi.fusorosa,86.415128397824,-37.9865379333496,136.138595581055,-130.306228637695
600,110.674909058958,116,vehicle.mitsubishi.fusorosa,84.6412316845899,-37.9865646362305,136.138610839844,-130.305435180664
600,110.687012758106,116,vehicle.mitsubishi.fusorosa,85.8770133529868,-37.9865951538086,136.138610839844,-130.304702758789
600,110.699170257896,116,vehicle.mitsubishi.fusorosa,84.9282901204172,-37.9866104125977,136.138626098633,-130.304107666016
600,110.710789658129,116,vehicle.mitsubishi.fusorosa,82.2125775056364,-37.9866371154785,136.138656616211,-130.303466796875
600,110.722888357937,116,vehicle.mitsubishi.fusorosa,85.1615373519642,-37.9866638183594,136.138656616211,-130.302810668945
600,110.735920660198,116,vehicle.mitsubishi.fusorosa,89.9429210166541,-37.9866828918457,136.138671875,-130.302093505859
601,110.748473759741,116,vehicle.mitsubishi.fusorosa,87.3304890884798,-37.9867095947266,136.138687133789,-130.30126953125
601,110.760799758136,116,vehicle.mitsubishi.fusorosa,83.8219314545114,-37.9867362976074,136.138717651367,-130.30046081543
601,110.773301057518,116,vehicle.mitsubishi.fusorosa,87.3559580334325,-37.9867706298828,136.138717651367,-130.299606323242
601,110.785118859261,116,vehicle.mitsubishi.fusorosa,85.4068164565699,-37.9867973327637,136.138732910156,-130.298873901367
601,110.797189857811,116,vehicle.mitsubishi.fusorosa,82.7702557658627,-37.9868202209473,136.138763427734,-130.298233032227
601,110.809609360993,116,vehicle.mitsubishi.fusorosa,87.4909380387057,-37.9868469238281,136.138763427734,-130.297439575195
601,110.822050757706,116,vehicle.mitsubishi.fusorosa,88.7364832967351,-37.986873626709,136.138778686523,-130.296783447266
601,110.833553560078,116,vehicle.mitsubishi.fusorosa,87.878617409212,-37.9869003295898,136.138793945312,-130.295928955078
601,110.847114160657,116,vehicle.mitsubishi.fusorosa,93.3676689614028,-37.9869232177734,136.138809204102,-130.295455932617
602,110.859553258866,116,vehicle.mitsubishi.fusorosa,86.2783142316549,-37.986946105957,136.138809204102,-130.29460144043
602,110.875883359462,116,vehicle.mitsubishi.fusorosa,108.889854044486,-37.9869766235352,136.13883972168,-130.293899536133
602,110.887755457312,116,vehicle.mitsubishi.fusorosa,85.4340784532521,-37.9870109558105,136.138854980469,-130.292770385742
602,110.899439159781,116,vehicle.mitsubishi.fusorosa,80.4463368319757,-37.9870452880859,136.138900756836,-130.292251586914
602,110.911605458707,116,vehicle.mitsubishi.fusorosa,86.0458909001254,-37.9870681762695,136.138885498047,-130.291702270508
602,110.923243559897,116,vehicle.mitsubishi.fusorosa,84.3357211716732,-37.9870948791504,136.138900756836,-130.291046142578
602,110.934774957597,116,vehicle.mitsubishi.fusorosa,85.116334283204,-37.9871215820312,136.138916015625,-130.290298461914
602,110.947263959795,116,vehicle.mitsubishi.fusorosa,87.4587138659085,-37.9871444702148,136.138916015625,-130.289764404297
602,110.959899459034,116,vehicle.mitsubishi.fusorosa,87.8021406018173,-37.9871597290039,136.138946533203,-130.289138793945
603,110.973333459347,116,vehicle.mitsubishi.fusorosa,89.8663810882067,-37.9871864318848,136.138977050781,-130.288299560547
603,110.985708657652,116,vehicle.mitsubishi.fusorosa,87.6100709648804,-37.9872207641602,136.138977050781,-130.287445068359
603,110.997658059001,116,vehicle.mitsubishi.fusorosa,84.8187823544339,-37.987247467041,136.139007568359,-130.286636352539
603,111.00959905982,116,vehicle.mitsubishi.fusorosa,84.4356874529695,-37.9872703552246,136.139007568359,-130.285995483398
603,111.02221275866,116,vehicle.mitsubishi.fusorosa,86.0960749210104,-37.9872970581055,136.139022827148,-130.285354614258
603,111.03445635736,116,vehicle.mitsubishi.fusorosa,86.7672880246933,-37.9873237609863,136.139038085938,-130.284576416016
603,111.046073559672,116,vehicle.mitsubishi.fusorosa,84.3710049320155,-37.9873466491699,136.139053344727,-130.283767700195
603,111.057797659189,116,vehicle.mitsubishi.fusorosa,83.1706319255526,-37.9873733520508,136.139068603516,-130.283233642578
603,111.070700660348,116,vehicle.mitsubishi.fusorosa,89.0072194509976,-37.9873924255371,136.139083862305,-130.282592773438
604,111.083736557513,116,vehicle.mitsubishi.fusorosa,89.7752160670843,-37.9874153137207,136.139083862305,-130.281829833984
604,111.096034560353,116,vehicle.mitsubishi.fusorosa,86.191735429049,-37.9874420166016,136.139114379883,-130.281021118164
604,111.107915759087,116,vehicle.mitsubishi.fusorosa,79.8036847689983,-37.9874725341797,136.139144897461,-130.280227661133
604,111.120175458491,116,vehicle.mitsubishi.fusorosa,86.1657725348506,-37.9875030517578,136.139144897461,-130.279525756836
604,111.131806958467,116,vehicle.mitsubishi.fusorosa,85.0974138259019,-37.9875297546387,136.13916015625,-130.278671264648
604,111.14457185939,116,vehicle.mitsubishi.fusorosa,88.2406859358688,-37.9875564575195,136.139175415039,-130.278015136719
604,111.157377459109,116,vehicle.mitsubishi.fusorosa,88.7382730248971,-37.9875755310059,136.139190673828,-130.277359008789
604,111.16981896013,116,vehicle.mitsubishi.fusorosa,84.7452268512946,-37.987606048584,136.139221191406,-130.276473999023
604,111.182633459568,116,vehicle.mitsubishi.fusorosa,88.4036390358946,-37.9876365661621,136.139221191406,-130.275680541992
605,111.194606158882,116,vehicle.mitsubishi.fusorosa,83.7870492792614,-37.987663269043,136.139251708984,-130.27490234375
605,111.206488460302,116,vehicle.mitsubishi.fusorosa,83.7700056953447,-37.9876937866211,136.139266967773,-130.274154663086
605,111.218242257833,116,vehicle.mitsubishi.fusorosa,84.5786619618554,-37.987720489502,136.139266967773,-130.273468017578
605,111.230250358582,116,vehicle.mitsubishi.fusorosa,84.8491023645682,-37.9877395629883,136.139266967773,-130.27294921875
605,111.241906158626,116,vehicle.mitsubishi.fusorosa,82.9492166491237,-37.9877586364746,136.139297485352,-130.27229309082
605,111.254147060215,116,vehicle.mitsubishi.fusorosa,85.2076872977407,-37.9877815246582,136.139297485352,-130.271774291992
605,111.266027860343,116,vehicle.mitsubishi.fusorosa,84.241411050336,-37.9878005981445,136.139312744141,-130.271072387695
605,111.278416357934,116,vehicle.mitsubishi.fusorosa,88.3705670558304,-37.9878273010254,136.13932800293,-130.270431518555
605,111.290633559227,116,vehicle.mitsubishi.fusorosa,83.613583910283,-37.9878540039062,136.139358520508,-130.269561767578
606,111.303289558738,116,vehicle.mitsubishi.fusorosa,87.3795432242856,-37.9878807067871,136.139358520508,-130.268829345703
606,111.316252660006,116,vehicle.mitsubishi.fusorosa,90.0575174052068,-37.987907409668,136.139373779297,-130.267990112305
606,111.328242059797,116,vehicle.mitsubishi.fusorosa,86.0032433238432,-37.9879341125488,136.139404296875,-130.267242431641
606,111.340062458068,116,vehicle.mitsubishi.fusorosa,85.6651668505225,-37.987964630127,136.139404296875,-130.266540527344
606,111.35142596066,116,vehicle.mitsubishi.fusorosa,82.9815176751718,-37.9879875183105,136.139419555664,-130.265899658203
606,111.363495059311,116,vehicle.mitsubishi.fusorosa,85.1636962154711,-37.9880142211914,136.139434814453,-130.265350341797
606,111.375432658941,116,vehicle.mitsubishi.fusorosa,84.9520787278967,-37.9880332946777,136.139450073242,-130.264724731445
606,111.38741805777,116,vehicle.mitsubishi.fusorosa,84.0600895779557,-37.9880561828613,136.139465332031,-130.263977050781
607,111.400976259261,116,vehicle.mitsubishi.fusorosa,93.5235642305502,-37.9880790710449,136.139465332031,-130.263336181641
607,111.414377260953,116,vehicle.mitsubishi.fusorosa,91.4847841466157,-37.9881019592285,136.139495849609,-130.26252746582
607,111.426763359457,116,vehicle.mitsubishi.fusorosa,88.1120099216839,-37.9881401062012,136.139511108398,-130.261672973633
607,111.438547860831,116,vehicle.mitsubishi.fusorosa,83.2032440971322,-37.9881591796875,136.139541625977,-130.260955810547
607,111.450841058046,116,vehicle.mitsubishi.fusorosa,86.3723167646072,-37.9881858825684,136.139541625977,-130.260391235352
607,111.462963860482,116,vehicle.mitsubishi.fusorosa,85.8512641089266,-37.9882125854492,136.139541625977,-130.259796142578
607,111.47488655895,116,vehicle.mitsubishi.fusorosa,84.2582153566206,-37.9882354736328,136.139572143555,-130.259262084961
607,111.487021360546,116,vehicle.mitsubishi.fusorosa,85.0288204111868,-37.9882583618164,136.139587402344,-130.258499145508
607,111.498923160136,116,vehicle.mitsubishi.fusorosa,86.396905277164,-37.9882888793945,136.139602661133,-130.2578125
607,111.511644657701,116,vehicle.mitsubishi.fusorosa,88.3509150042041,-37.9883079528809,136.139602661133,-130.257080078125
608,111.523634158075,116,vehicle.mitsubishi.fusorosa,85.5295338536503,-37.9883346557617,136.139633178711,-130.256378173828
608,111.537250258029,116,vehicle.mitsubishi.fusorosa,94.8753712476965,-37.9883651733398,136.1396484375,-130.25569152832
608,111.550124857575,116,vehicle.mitsubishi.fusorosa,87.0941651259314,-37.9883918762207,136.139663696289,-130.25471496582
608,111.56214215979,116,vehicle.mitsubishi.fusorosa,85.1210314957326,-37.9884223937988,136.139678955078,-130.253921508789
608,111.573846060783,116,vehicle.mitsubishi.fusorosa,83.5889201185683,-37.9884490966797,136.139709472656,-130.25325012207
608,111.585839159787,116,vehicle.mitsubishi.fusorosa,85.0242223558352,-37.9884719848633,136.139709472656,-130.252639770508
608,111.597864158452,116,vehicle.mitsubishi.fusorosa,85.0936157048579,-37.9884948730469,136.139709472656,-130.252075195312
608,111.610342558473,116,vehicle.mitsubishi.fusorosa,87.3154778339248,-37.9885177612305,136.139724731445,-130.251510620117
608,111.623124659061,116,vehicle.mitsubishi.fusorosa,85.407715606515,-37.9885330200195,136.139755249023,-130.250778198242
609,111.635982260108,116,vehicle.mitsubishi.fusorosa,88.7221506320424,-37.9885635375977,136.139755249023,-130.250106811523
609,111.647808559239,116,vehicle.mitsubishi.fusorosa,87.3540811892773,-37.9885940551758,136.139785766602,-130.249237060547
609,111.660012360662,116,vehicle.mitsubishi.fusorosa,85.5886216739144,-37.9886207580566,136.139785766602,-130.248641967773
609,111.672549560666,116,vehicle.mitsubishi.fusorosa,87.8461146283213,-37.9886436462402,136.139801025391,-130.247924804688
609,111.684467859566,116,vehicle.mitsubishi.fusorosa,85.3151985369074,-37.9886703491211,136.13981628418,-130.247375488281
609,111.696601759642,116,vehicle.mitsubishi.fusorosa,82.8259369335839,-37.9886932373047,136.139846801758,-130.246612548828
609,111.708507459611,116,vehicle.mitsubishi.fusorosa,82.199213992656,-37.9887199401855,136.139862060547,-130.245849609375
609,111.72015555948,116,vehicle.mitsubishi.fusorosa,83.5955813497057,-37.9887466430664,136.139877319336,-130.245208740234
609,111.732978958637,116,vehicle.mitsubishi.fusorosa,86.6969357867007,-37.98876953125,136.139892578125,-130.244522094727
610,111.744870658964,116,vehicle.mitsubishi.fusorosa,86.6124132207059,-37.9887962341309,136.139892578125,-130.243637084961
610,111.757423259318,116,vehicle.mitsubishi.fusorosa,88.9450667657976,-37.9888229370117,136.139907836914,-130.243087768555
610,111.76967035979,116,vehicle.mitsubishi.fusorosa,86.4534342813824,-37.9888458251953,136.139923095703,-130.242294311523
610,111.781805858016,116,vehicle.mitsubishi.fusorosa,85.1911034346177,-37.9888687133789,136.139938354492,-130.241744995117
610,111.793623458594,116,vehicle.mitsubishi.fusorosa,84.4883618914563,-37.9888954162598,136.139953613281,-130.240966796875
610,111.805299159139,116,vehicle.mitsubishi.fusorosa,84.966927616531,-37.9889183044434,136.13996887207,-130.240341186523
610,111.817187860608,116,vehicle.mitsubishi.fusorosa,83.3038769855674,-37.988941192627,136.139984130859,-130.239715576172
610,111.829245757312,116,vehicle.mitsubishi.fusorosa,84.2775768756276,-37.9889640808105,136.139999389648,-130.239044189453
610,111.842111758888,116,vehicle.mitsubishi.fusorosa,89.0971537096194,-37.9889869689941,136.139999389648,-130.238372802734
611,111.854245059192,116,vehicle.mitsubishi.fusorosa,85.6280078785786,-37.989013671875,136.140029907227,-130.237579345703
611,111.866907659918,116,vehicle.mitsubishi.fusorosa,89.4423067898281,-37.9890441894531,136.140045166016,-130.236709594727
611,111.880299858749,116,vehicle.mitsubishi.fusorosa,91.9876803598357,-37.989070892334,136.140060424805,-130.235992431641
611,111.893398359418,116,vehicle.mitsubishi.fusorosa,88.16397839334,-37.9891014099121,136.140090942383,-130.235214233398
611,111.906693357974,116,vehicle.mitsubishi.fusorosa,90.9666288002505,-37.9891357421875,136.140090942383,-130.234313964844
611,111.919431459159,116,vehicle.mitsubishi.fusorosa,86.0883607457354,-37.9891624450684,136.140121459961,-130.233428955078
611,111.931703258306,116,vehicle.mitsubishi.fusorosa,86.5765618937437,-37.9891967773438,136.14013671875,-130.232727050781
611,111.945042159408,116,vehicle.mitsubishi.fusorosa,91.840401768706,-37.9892234802246,136.140151977539,-130.231964111328
612,111.958120759577,116,vehicle.mitsubishi.fusorosa,91.994580868605,-37.9892578125,136.140167236328,-130.231094360352
612,111.971271760762,116,vehicle.mitsubishi.fusorosa,88.3738711983984,-37.9892845153809,136.140197753906,-130.230316162109
612,111.9857198596,116,vehicle.mitsubishi.fusorosa,97.8338041510373,-37.9893188476562,136.140213012695,-130.229476928711
612,111.998276360333,116,vehicle.mitsubishi.fusorosa,88.598486387176,-37.9893531799316,136.140228271484,-130.228469848633
612,112.010958559811,116,vehicle.mitsubishi.fusorosa,87.8923808747311,-37.989387512207,136.140258789062,-130.227783203125
612,112.024402759969,116,vehicle.mitsubishi.fusorosa,93.2415757289734,-37.9894142150879,136.140258789062,-130.226928710938
612,112.036771260202,116,vehicle.mitsubishi.fusorosa,87.3577613479043,-37.9894371032715,136.140289306641,-130.226257324219
612,112.049796059728,116,vehicle.mitsubishi.fusorosa,90.1810176515991,-37.9894676208496,136.14030456543,-130.225677490234
612,112.063152559102,116,vehicle.mitsubishi.fusorosa,92.209801603095,-37.9894943237305,136.140319824219,-130.224838256836
613,112.07685836032,116,vehicle.mitsubishi.fusorosa,95.4314529921054,-37.9895286560059,136.140335083008,-130.223922729492
613,112.090538460761,116,vehicle.mitsubishi.fusorosa,93.7655614965141,-37.989559173584,136.140365600586,-130.223007202148
613,112.103621557355,116,vehicle.mitsubishi.fusorosa,92.5868626667576,-37.9895973205566,136.140380859375,-130.22216796875
613,112.116385560483,116,vehicle.mitsubishi.fusorosa,89.4104724237485,-37.9896240234375,136.140396118164,-130.221267700195
613,112.129320260137,116,vehicle.mitsubishi.fusorosa,90.6050012768379,-37.9896545410156,136.140411376953,-130.22053527832
613,112.14169375971,116,vehicle.mitsubishi.fusorosa,87.3093430894714,-37.9896850585938,136.140441894531,-130.219741821289
613,112.155270058662,116,vehicle.mitsubishi.fusorosa,93.9012799475955,-37.9897155761719,136.140441894531,-130.219039916992
613,112.168711457402,116,vehicle.mitsubishi.fusorosa,93.0969824295741,-37.9897384643555,136.140472412109,-130.218048095703
614,112.182711858302,116,vehicle.mitsubishi.fusorosa,97.3323847709733,-37.9897766113281,136.140487670898,-130.217132568359
614,112.195903658867,116,vehicle.mitsubishi.fusorosa,91.6237127143277,-37.9898071289062,136.140502929688,-130.216171264648
614,112.209827657789,116,vehicle.mitsubishi.fusorosa,93.5330441390472,-37.9898414611816,136.140533447266,-130.215347290039
614,112.222637057304,116,vehicle.mitsubishi.fusorosa,91.9999071070227,-37.989875793457,136.140548706055,-130.214324951172
614,112.235974159092,116,vehicle.mitsubishi.fusorosa,92.1031142054853,-37.9899063110352,136.140579223633,-130.213562011719
614,112.248923558742,116,vehicle.mitsubishi.fusorosa,91.5349390995186,-37.9899368286133,136.140579223633,-130.212768554688
614,112.26254875958,116,vehicle.mitsubishi.fusorosa,93.8935743148185,-37.9899673461914,136.140609741211,-130.2119140625
614,112.276018660516,116,vehicle.mitsubishi.fusorosa,91.5407678881405,-37.9899978637695,136.140625,-130.211013793945
615,112.290127959102,116,vehicle.mitsubishi.fusorosa,96.3322451516949,-37.9900321960449,136.140640258789,-130.210052490234
615,112.303837958723,116,vehicle.mitsubishi.fusorosa,94.5739289214195,-37.990062713623,136.140655517578,-130.209091186523
615,112.316627658904,116,vehicle.mitsubishi.fusorosa,90.5119662922746,-37.9900970458984,136.140686035156,-130.208129882812
615,112.329312957823,116,vehicle.mitsubishi.fusorosa,89.8037617430383,-37.9901313781738,136.140701293945,-130.20735168457
615,112.341716159135,116,vehicle.mitsubishi.fusorosa,90.3993920288019,-37.990161895752,136.140701293945,-130.206649780273
615,112.355035960674,116,vehicle.mitsubishi.fusorosa,92.5233989545479,-37.9901809692383,136.140716552734,-130.2060546875
615,112.367940559983,116,vehicle.mitsubishi.fusorosa,91.2631756578422,-37.9902076721191,136.140731811523,-130.205123901367
615,112.38174835965,116,vehicle.mitsubishi.fusorosa,96.6738958624094,-37.9902420043945,136.140762329102,-130.204299926758
615,112.394563358277,116,vehicle.mitsubishi.fusorosa,90.3401589276129,-37.9902725219727,136.140777587891,-130.203338623047
616,112.408276259899,116,vehicle.mitsubishi.fusorosa,93.7888561255175,-37.9903030395508,136.14079284668,-130.202514648438
616,112.421296257526,116,vehicle.mitsubishi.fusorosa,92.2532457316568,-37.9903297424316,136.14079284668,-130.201736450195
616,112.434125058353,116,vehicle.mitsubishi.fusorosa,90.6106676703089,-37.9903564453125,136.140823364258,-130.200958251953
616,112.446915257722,116,vehicle.mitsubishi.fusorosa,92.0894259898937,-37.9903907775879,136.140838623047,-130.200180053711
616,112.459786757827,116,vehicle.mitsubishi.fusorosa,90.5598734580053,-37.9904174804688,136.140853881836,-130.199310302734
616,112.472589258105,116,vehicle.mitsubishi.fusorosa,90.4929791275428,-37.9904441833496,136.140869140625,-130.198364257812
616,112.486090660095,116,vehicle.mitsubishi.fusorosa,95.4221662959533,-37.9904747009277,136.140884399414,-130.197708129883
616,112.499480858445,116,vehicle.mitsubishi.fusorosa,93.1808657069378,-37.9905052185059,136.140899658203,-130.196792602539
617,112.512845158577,116,vehicle.mitsubishi.fusorosa,92.0659450292598,-37.9905319213867,136.140930175781,-130.195877075195
617,112.528902057558,116,vehicle.mitsubishi.fusorosa,106.013608716284,-37.9905662536621,136.140960693359,-130.194961547852
617,112.540928259492,116,vehicle.mitsubishi.fusorosa,76.3154321197947,-37.990608215332,136.140960693359,-130.193756103516
617,112.553572759032,116,vehicle.mitsubishi.fusorosa,81.6407289758685,-37.9906539916992,136.141006469727,-130.193130493164
617,112.566318660975,116,vehicle.mitsubishi.fusorosa,88.9247463285905,-37.9906845092773,136.141006469727,-130.192581176758
617,112.58016525954,116,vehicle.mitsubishi.fusorosa,94.2573744339359,-37.9907073974609,136.141021728516,-130.192047119141
617,112.593606557697,116,vehicle.mitsubishi.fusorosa,92.7989108948343,-37.9907379150391,136.141036987305,-130.19140625
617,112.607241760939,116,vehicle.mitsubishi.fusorosa,91.8031744275487,-37.9907646179199,136.141067504883,-130.190643310547
618,112.620274659246,116,vehicle.mitsubishi.fusorosa,91.1676416547186,-37.9907989501953,136.141067504883,-130.189727783203
618,112.634945560247,116,vehicle.mitsubishi.fusorosa,97.881948903386,-37.9908294677734,136.141098022461,-130.18896484375
618,112.648520957679,116,vehicle.mitsubishi.fusorosa,93.5378028693054,-37.9908638000488,136.14111328125,-130.187896728516
618,112.661397758871,116,vehicle.mitsubishi.fusorosa,90.6335880034977,-37.9908981323242,136.141143798828,-130.186996459961
618,112.67474295944,116,vehicle.mitsubishi.fusorosa,90.9265623147097,-37.9909286499023,136.141159057617,-130.186218261719
618,112.687682360411,116,vehicle.mitsubishi.fusorosa,91.983562550762,-37.9909629821777,136.141174316406,-130.185241699219
618,112.701072458178,116,vehicle.mitsubishi.fusorosa,92.8605490178762,-37.9909896850586,136.141189575195,-130.184509277344
618,112.715144459158,116,vehicle.mitsubishi.fusorosa,96.9052662790316,-37.9910202026367,136.141204833984,-130.183486938477
619,112.728475660086,116,vehicle.mitsubishi.fusorosa,94.8110341007261,-37.9910545349121,136.141220092773,-130.182601928711
619,112.742575358599,116,vehicle.mitsubishi.fusorosa,95.9009456711663,-37.991081237793,136.141250610352,-130.181655883789
619,112.755581460893,116,vehicle.mitsubishi.fusorosa,93.0305376740842,-37.9911117553711,136.141250610352,-130.180740356445
619,112.768516357988,116,vehicle.mitsubishi.fusorosa,90.7102271475827,-37.9911422729492,136.14128112793,-130.179977416992
619,112.782241959125,116,vehicle.mitsubishi.fusorosa,95.8860796390756,-37.9911727905273,136.14128112793,-130.179183959961
619,112.795343160629,116,vehicle.mitsubishi.fusorosa,92.7779887502458,-37.9911994934082,136.141311645508,-130.178344726562
619,112.808022759855,116,vehicle.mitsubishi.fusorosa,91.1293015719383,-37.9912338256836,136.141342163086,-130.177490234375
619,112.821105860174,116,vehicle.mitsubishi.fusorosa,92.9443331380628,-37.9912605285645,136.141342163086,-130.176651000977
620,112.834608659148,116,vehicle.mitsubishi.fusorosa,93.8075390254318,-37.9912872314453,136.141357421875,-130.175888061523
620,112.847740858793,116,vehicle.mitsubishi.fusorosa,92.4692134544529,-37.9913177490234,136.141372680664,-130.174987792969
620,112.861808858812,116,vehicle.mitsubishi.fusorosa,98.5652281085796,-37.9913482666016,136.141387939453,-130.174102783203
620,112.874515160918,116,vehicle.mitsubishi.fusorosa,98.5433077735271,-37.991382598877,136.141418457031,-130.173126220703
620,112.887361757457,116,vehicle.mitsubishi.fusorosa,87.2583010278075,-37.9914131164551,136.141448974609,-130.172378540039
620,112.899726960808,116,vehicle.mitsubishi.fusorosa,92.8711758964482,-37.9914436340332,136.141448974609,-130.171493530273
620,112.912228360772,116,vehicle.mitsubishi.fusorosa,89.8198618319668,-37.9914779663086,136.141464233398,-130.170715332031
620,112.925068657845,116,vehicle.mitsubishi.fusorosa,89.9583818754119,-37.9915008544922,136.141464233398,-130.169921875
620,112.938232857734,116,vehicle.mitsubishi.fusorosa,91.0645558714709,-37.991527557373,136.141494750977,-130.169143676758
621,112.95160016045,116,vehicle.mitsubishi.fusorosa,92.6416071032838,-37.9915580749512,136.141510009766,-130.168243408203
621,112.965359959751,116,vehicle.mitsubishi.fusorosa,92.6961840426497,-37.991584777832,136.141540527344,-130.167282104492
621,112.97888476029,116,vehicle.mitsubishi.fusorosa,93.6938674143179,-37.9916191101074,136.141555786133,-130.166412353516
621,112.992142759264,116,vehicle.mitsubishi.fusorosa,91.5998659419163,-37.9916496276855,136.141571044922,-130.165420532227
621,113.005384158343,116,vehicle.mitsubishi.fusorosa,89.5949321156295,-37.9916801452637,136.141586303711,-130.164581298828
621,113.017832558602,116,vehicle.mitsubishi.fusorosa,93.5069803674273,-37.9917144775391,136.1416015625,-130.163787841797
621,113.031067159027,116,vehicle.mitsubishi.fusorosa,91.80302229514,-37.9917411804199,136.141616821289,-130.163101196289
621,113.044826760888,116,vehicle.mitsubishi.fusorosa,94.4536490251696,-37.9917678833008,136.141632080078,-130.162231445312
622,113.058359060436,116,vehicle.mitsubishi.fusorosa,91.6358198080836,-37.9917984008789,136.141662597656,-130.16145324707
622,113.072097659111,116,vehicle.mitsubishi.fusorosa,94.8410583008501,-37.9918365478516,136.141662597656,-130.16047668457
622,113.086268458515,116,vehicle.mitsubishi.fusorosa,95.3695891777411,-37.9918632507324,136.141693115234,-130.159622192383
622,113.099140360951,116,vehicle.mitsubishi.fusorosa,95.4430575941176,-37.9919052124023,136.141708374023,-130.158676147461
622,113.112121157348,116,vehicle.mitsubishi.fusorosa,89.9183956836108,-37.9919319152832,136.141738891602,-130.157821655273
622,113.1254077591,116,vehicle.mitsubishi.fusorosa,94.0328617843634,-37.9919662475586,136.141738891602,-130.156997680664
622,113.13866546005,116,vehicle.mitsubishi.fusorosa,92.2153483723652,-37.9919929504395,136.14176940918,-130.156127929688
622,113.152405560017,116,vehicle.mitsubishi.fusorosa,92.5706172969042,-37.9920272827148,136.141799926758,-130.1552734375
623,113.165529258549,116,vehicle.mitsubishi.fusorosa,92.6955635592586,-37.992057800293,136.141799926758,-130.154342651367
623,113.180409159511,116,vehicle.mitsubishi.fusorosa,100.974630217676,-37.9920883178711,136.141830444336,-130.15348815918
623,113.194069560617,116,vehicle.mitsubishi.fusorosa,94.2894549583617,-37.9921226501465,136.141845703125,-130.152420043945
623,113.206463158131,116,vehicle.mitsubishi.fusorosa,100.153323285729,-37.9921607971191,136.141876220703,-130.151412963867
623,113.218980457634,116,vehicle.mitsubishi.fusorosa,87.8428087947393,-37.9921913146973,136.141876220703,-130.151016235352
623,113.231805559248,116,vehicle.mitsubishi.fusorosa,90.8487420013277,-37.9922142028809,136.141891479492,-130.150451660156
623,113.244380258024,116,vehicle.mitsubishi.fusorosa,90.042012201406,-37.9922409057617,136.141906738281,-130.149703979492
623,113.256978757679,116,vehicle.mitsubishi.fusorosa,90.1985962939278,-37.9922714233398,136.141906738281,-130.148956298828
624,113.271434858441,116,vehicle.mitsubishi.fusorosa,98.3212411965134,-37.9922904968262,136.141937255859,-130.14826965332
624,113.285351358354,116,vehicle.mitsubishi.fusorosa,95.6058602527486,-37.992317199707,136.141937255859,-130.147354125977
624,113.304130259901,116,vehicle.mitsubishi.fusorosa,122.966619384188,-37.9923515319824,136.141967773438,-130.146575927734
624,113.316914059222,116,vehicle.mitsubishi.fusorosa,89.9840490472909,-37.9923973083496,136.141983032227,-130.14501953125
624,113.33009506017,116,vehicle.mitsubishi.fusorosa,87.0277049472295,-37.9924392700195,136.142059326172,-130.144409179688
624,113.34334455803,116,vehicle.mitsubishi.fusorosa,93.3155329048956,-37.9924583435059,136.142028808594,-130.143829345703
624,113.356174360961,116,vehicle.mitsubishi.fusorosa,93.3271135704282,-37.9924926757812,136.142044067383,-130.143035888672
624,113.370353359729,116,vehicle.mitsubishi.fusorosa,95.7706251805138,-37.9925193786621,136.142074584961,-130.142303466797
625,113.383835658431,116,vehicle.mitsubishi.fusorosa,93.667029306654,-37.992546081543,136.14208984375,-130.141357421875
625,113.397595960647,116,vehicle.mitsubishi.fusorosa,94.5625977670309,-37.9925804138184,136.142120361328,-130.140472412109
625,113.409914657474,116,vehicle.mitsubishi.fusorosa,107.895447496878,-37.9926147460938,136.142135620117,-130.139541625977
625,113.422554560006,116,vehicle.mitsubishi.fusorosa,88.4860984553339,-37.9926414489746,136.142150878906,-130.139282226562
625,113.43563015759,116,vehicle.mitsubishi.fusorosa,91.2403134895853,-37.9926567077637,136.142150878906,-130.138870239258
625,113.448744159192,116,vehicle.mitsubishi.fusorosa,91.1380259788614,-37.99267578125,136.142166137695,-130.138244628906
625,113.462012659758,116,vehicle.mitsubishi.fusorosa,93.8573914045311,-37.9927062988281,136.142181396484,-130.137481689453
625,113.47588345781,116,vehicle.mitsubishi.fusorosa,95.5854458188343,-37.9927368164062,136.142196655273,-130.136672973633
626,113.489522259682,116,vehicle.mitsubishi.fusorosa,94.1289649866605,-37.9927635192871,136.142211914062,-130.1357421875
626,113.503199860454,116,vehicle.mitsubishi.fusorosa,95.9626350199654,-37.9927978515625,136.142227172852,-130.134719848633
626,113.516765657812,116,vehicle.mitsubishi.fusorosa,93.8182701342228,-37.9928321838379,136.14225769043,-130.133804321289
626,113.529873859137,116,vehicle.mitsubishi.fusorosa,89.4531046060489,-37.992862701416,136.142288208008,-130.132797241211
626,113.543396558613,116,vehicle.mitsubishi.fusorosa,93.8428809799361,-37.9928970336914,136.142288208008,-130.131973266602
626,113.556847959757,116,vehicle.mitsubishi.fusorosa,93.6418578334955,-37.9929275512695,136.142318725586,-130.131057739258
626,113.569647960365,116,vehicle.mitsubishi.fusorosa,89.5504299991184,-37.9929580688477,136.142333984375,-130.130035400391
626,113.583333257586,116,vehicle.mitsubishi.fusorosa,94.6491236820959,-37.992992401123,136.142349243164,-130.129241943359
626,113.597237657756,116,vehicle.mitsubishi.fusorosa,97.3264705573724,-37.9930267333984,136.142364501953,-130.128204345703
627,113.610944457352,116,vehicle.mitsubishi.fusorosa,94.9350282963642,-37.9930572509766,136.142379760742,-130.12727355957
627,113.623962659389,116,vehicle.mitsubishi.fusorosa,92.3284678400711,-37.9930877685547,136.14241027832,-130.126403808594
627,113.636379159987,116,vehicle.mitsubishi.fusorosa,96.5227097303166,-37.9931221008301,136.142425537109,-130.125473022461
627,113.649722859263,116,vehicle.mitsubishi.fusorosa,93.6250107854911,-37.9931488037109,136.142425537109,-130.124877929688
627,113.662233758718,116,vehicle.mitsubishi.fusorosa,95.8092969050797,-37.9931716918945,136.142440795898,-130.124160766602
627,113.675680659711,116,vehicle.mitsubishi.fusorosa,94.8963240635905,-37.9932060241699,136.142471313477,-130.123321533203
627,113.6886507608,116,vehicle.mitsubishi.fusorosa,91.412238816664,-37.9932289123535,136.142471313477,-130.12255859375
627,113.702660758048,116,vehicle.mitsubishi.fusorosa,96.2219460231322,-37.9932594299316,136.142501831055,-130.121688842773
628,113.716588757932,116,vehicle.mitsubishi.fusorosa,95.5716037505898,-37.993293762207,136.142517089844,-130.120651245117
628,113.729731459171,116,vehicle.mitsubishi.fusorosa,93.8035220937796,-37.9933280944824,136.142532348633,-130.119705200195
628,113.742927160114,116,vehicle.mitsubishi.fusorosa,91.5926013416139,-37.9933624267578,136.142562866211,-130.118835449219
628,113.755732558668,116,vehicle.mitsubishi.fusorosa,90.3754837678912,-37.9933891296387,136.142578125,-130.117889404297
628,113.769184559584,116,vehicle.mitsubishi.fusorosa,93.6624415140446,-37.9934234619141,136.142593383789,-130.117141723633
628,113.781522158533,116,vehicle.mitsubishi.fusorosa,102.538598264846,-37.9934577941895,136.142608642578,-130.116195678711
628,113.794444259256,116,vehicle.mitsubishi.fusorosa,88.3821802003405,-37.9934844970703,136.142639160156,-130.115615844727
628,113.807822458446,116,vehicle.mitsubishi.fusorosa,93.7429881990929,-37.9935188293457,136.142639160156,-130.114761352539
629,113.821332059801,116,vehicle.mitsubishi.fusorosa,93.1549968386767,-37.9935455322266,136.142654418945,-130.113952636719
629,113.834478758276,116,vehicle.mitsubishi.fusorosa,91.5583482214831,-37.9935760498047,136.142669677734,-130.113067626953
629,113.846861258149,116,vehicle.mitsubishi.fusorosa,93.3131620822643,-37.9936141967773,136.142684936523,-130.112152099609
629,113.85972365737,116,vehicle.mitsubishi.fusorosa,90.0456906105584,-37.9936408996582,136.142715454102,-130.111373901367
629,113.87311315909,116,vehicle.mitsubishi.fusorosa,90.8236799480884,-37.9936676025391,136.142730712891,-130.110458374023
629,113.885942857713,116,vehicle.mitsubishi.fusorosa,90.7360805926317,-37.9936981201172,136.14274597168,-130.10954284668
629,113.898293860257,116,vehicle.mitsubishi.fusorosa,90.7931805162679,-37.9937286376953,136.142761230469,-130.108749389648
629,113.912379760295,116,vehicle.mitsubishi.fusorosa,96.9789466545325,-37.9937553405762,136.142776489258,-130.108062744141
630,113.925450660288,116,vehicle.mitsubishi.fusorosa,90.9378523891622,-37.993782043457,136.142791748047,-130.107070922852
630,113.938988260925,116,vehicle.mitsubishi.fusorosa,92.5489635579914,-37.9938125610352,136.142822265625,-130.10627746582
630,113.952012758702,116,vehicle.mitsubishi.fusorosa,92.4053446000044,-37.9938468933105,136.142822265625,-130.105255126953
630,113.96429495886,116,vehicle.mitsubishi.fusorosa,91.5431472532695,-37.9938774108887,136.142852783203,-130.104553222656
630,113.977349359542,116,vehicle.mitsubishi.fusorosa,90.5755718741508,-37.9939041137695,136.142868041992,-130.10383605957
630,113.990168958902,116,vehicle.mitsubishi.fusorosa,91.8759898230959,-37.9939308166504,136.142883300781,-130.102996826172
630,114.003753360361,116,vehicle.mitsubishi.fusorosa,93.5099118759644,-37.9939613342285,136.14289855957,-130.102233886719
630,114.016666058451,116,vehicle.mitsubishi.fusorosa,90.4335255247317,-37.9939842224121,136.142913818359,-130.101303100586
630,114.030378557742,116,vehicle.mitsubishi.fusorosa,96.1010285292652,-37.9940223693848,136.142929077148,-130.100524902344
631,114.044120557606,116,vehicle.mitsubishi.fusorosa,93.039909853676,-37.9940528869629,136.142959594727,-130.099548339844
631,114.057562258095,116,vehicle.mitsubishi.fusorosa,92.545715860111,-37.9940872192383,136.142974853516,-130.098602294922
631,114.07083215937,116,vehicle.mitsubishi.fusorosa,92.3546939776116,-37.9941177368164,136.142990112305,-130.097808837891
631,114.083733558655,116,vehicle.mitsubishi.fusorosa,90.7259289457563,-37.9941482543945,136.143020629883,-130.09684753418
631,114.097459159791,116,vehicle.mitsubishi.fusorosa,96.576086753606,-37.9941825866699,136.143035888672,-130.096069335938
631,114.109517358243,116,vehicle.mitsubishi.fusorosa,107.261700953524,-37.9942169189453,136.143051147461,-130.095077514648
631,114.122686557472,116,vehicle.mitsubishi.fusorosa,76.7571448579873,-37.9942512512207,136.14306640625,-130.09455871582
631,114.135776460171,116,vehicle.mitsubishi.fusorosa,91.6039016788087,-37.994270324707,136.14306640625,-130.094161987305
632,114.150042358786,116,vehicle.mitsubishi.fusorosa,95.7565985008829,-37.9942970275879,136.143096923828,-130.093597412109
632,114.164066359401,116,vehicle.mitsubishi.fusorosa,95.5883926628926,-37.9943313598633,136.143112182617,-130.092590332031
632,114.177214458585,116,vehicle.mitsubishi.fusorosa,91.3144040803669,-37.9943580627441,136.143142700195,-130.091766357422
632,114.189632959664,116,vehicle.mitsubishi.fusorosa,92.3740486159045,-37.9943923950195,136.143157958984,-130.090896606445
632,114.201559759676,116,vehicle.mitsubishi.fusorosa,84.3865239264748,-37.9944190979004,136.143173217773,-130.090255737305
632,114.215556558222,116,vehicle.mitsubishi.fusorosa,96.2856370592177,-37.9944458007812,136.143173217773,-130.089630126953
632,114.228231757879,116,vehicle.mitsubishi.fusorosa,90.4097112605283,-37.9944686889648,136.143188476562,-130.088714599609
632,114.241442959756,116,vehicle.mitsubishi.fusorosa,90.5193898764696,-37.994499206543,136.143218994141,-130.087966918945
633,114.255523659289,116,vehicle.mitsubishi.fusorosa,96.8313055751931,-37.9945297241211,136.14323425293,-130.087249755859
633,114.269257158041,116,vehicle.mitsubishi.fusorosa,93.5584207490764,-37.994556427002,136.143249511719,-130.08610534668
633,114.28295955807,116,vehicle.mitsubishi.fusorosa,96.0941195072282,-37.9945945739746,136.143264770508,-130.085159301758
633,114.296204660088,116,vehicle.mitsubishi.fusorosa,91.8264588230402,-37.9946212768555,136.143295288086,-130.084350585938
633,114.309108160436,116,vehicle.mitsubishi.fusorosa,92.3441680056912,-37.9946594238281,136.143310546875,-130.083450317383
633,114.322276458144,116,vehicle.mitsubishi.fusorosa,91.7672547606033,-37.9946899414062,136.143325805664,-130.082672119141
633,114.335414558649,116,vehicle.mitsubishi.fusorosa,91.392061998598,-37.9947166442871,136.143341064453,-130.081680297852
633,114.348171457648,116,vehicle.mitsubishi.fusorosa,90.7772855057496,-37.9947509765625,136.143371582031,-130.080825805664
633,114.362914960831,116,vehicle.mitsubishi.fusorosa,102.317177827947,-37.9947814941406,136.143371582031,-130.079956054688
634,114.376048158854,116,vehicle.mitsubishi.fusorosa,93.2490608016677,-37.9948120117188,136.143402099609,-130.079025268555
634,114.389900557697,116,vehicle.mitsubishi.fusorosa,94.4490509698181,-37.9948425292969,136.143417358398,-130.078155517578
634,114.403151057661,116,vehicle.mitsubishi.fusorosa,94.5120907345489,-37.9948768615723,136.143432617188,-130.077163696289
634,114.415684759617,116,vehicle.mitsubishi.fusorosa,93.1872824707429,-37.9949111938477,136.143447875977,-130.076385498047
634,114.429007157683,116,vehicle.mitsubishi.fusorosa,90.2754132563758,-37.9949378967285,136.143478393555,-130.07551574707
634,114.442035559565,116,vehicle.mitsubishi.fusorosa,90.3578538705751,-37.9949722290039,136.143493652344,-130.074600219727
634,114.454541057348,116,vehicle.mitsubishi.fusorosa,92.1975338052022,-37.995002746582,136.143508911133,-130.073776245117
634,114.467854060233,116,vehicle.mitsubishi.fusorosa,93.0663274540867,-37.9950294494629,136.143524169922,-130.073150634766
635,114.482651758939,116,vehicle.mitsubishi.fusorosa,100.944954656642,-37.9950561523438,136.143539428711,-130.072128295898
635,114.495304457843,116,vehicle.mitsubishi.fusorosa,97.5513763079997,-37.9950904846191,136.1435546875,-130.071090698242
635,114.508774358779,116,vehicle.mitsubishi.fusorosa,92.2147706306938,-37.9951248168945,136.143585205078,-130.070404052734
635,114.521043557674,116,vehicle.mitsubishi.fusorosa,94.8000738893545,-37.9951591491699,136.143585205078,-130.069610595703
635,114.533590558916,116,vehicle.mitsubishi.fusorosa,87.2636717281893,-37.9951858520508,136.143615722656,-130.068984985352
635,114.546193860471,116,vehicle.mitsubishi.fusorosa,89.0358762086546,-37.9952125549316,136.143615722656,-130.068206787109
635,114.559802759439,116,vehicle.mitsubishi.fusorosa,93.3973445224361,-37.9952392578125,136.143646240234,-130.067428588867
635,114.573446657509,116,vehicle.mitsubishi.fusorosa,93.8551898285347,-37.9952659606934,136.143646240234,-130.066604614258
636,114.586952459067,116,vehicle.mitsubishi.fusorosa,95.0114521285273,-37.9953002929688,136.143661499023,-130.065612792969
636,114.600696258247,116,vehicle.mitsubishi.fusorosa,93.8348779338254,-37.9953269958496,136.143692016602,-130.064804077148
636,114.614655960351,116,vehicle.mitsubishi.fusorosa,93.6101858333364,-37.9953575134277,136.14372253418,-130.063873291016
636,114.628125458956,116,vehicle.mitsubishi.fusorosa,93.8609826976906,-37.9953956604004,136.14372253418,-130.062957763672
636,114.641205660999,116,vehicle.mitsubishi.fusorosa,91.6982357366255,-37.9954299926758,136.143753051758,-130.062072753906
636,114.654028259218,116,vehicle.mitsubishi.fusorosa,91.6697344641751,-37.9954643249512,136.143768310547,-130.061157226562
636,114.666736859828,116,vehicle.mitsubishi.fusorosa,90.1633723310709,-37.995491027832,136.143783569336,-130.060424804688
636,114.679867960513,116,vehicle.mitsubishi.fusorosa,91.3036815140738,-37.9955177307129,136.143798828125,-130.0595703125
637,114.693352259696,116,vehicle.mitsubishi.fusorosa,92.1861736412919,-37.9955444335938,136.143829345703,-130.058792114258
637,114.706654559821,116,vehicle.mitsubishi.fusorosa,92.6952148617074,-37.9955787658691,136.143829345703,-130.057876586914
637,114.719565957785,116,vehicle.mitsubishi.fusorosa,90.9530260388682,-37.99560546875,136.143859863281,-130.056976318359
637,114.732421860099,116,vehicle.mitsubishi.fusorosa,92.470861254488,-37.9956398010254,136.14387512207,-130.056076049805
637,114.745883658528,116,vehicle.mitsubishi.fusorosa,93.3138081931492,-37.9956665039062,136.143890380859,-130.055267333984
637,114.759351760149,116,vehicle.mitsubishi.fusorosa,91.4556777847559,-37.9956970214844,136.143905639648,-130.054336547852
637,114.772486157715,116,vehicle.mitsubishi.fusorosa,89.0736966854651,-37.9957275390625,136.143936157227,-130.053436279297
637,114.786050658673,116,vehicle.mitsubishi.fusorosa,93.6844610062742,-37.9957618713379,136.143936157227,-130.052597045898
638,114.800006058067,116,vehicle.mitsubishi.fusorosa,96.0388127230125,-37.9957885742188,136.143966674805,-130.051681518555
638,114.813892558217,116,vehicle.mitsubishi.fusorosa,95.1795160091602,-37.9958229064941,136.143981933594,-130.050659179688
638,114.827196057886,116,vehicle.mitsubishi.fusorosa,95.0231267615366,-37.9958648681641,136.143997192383,-130.049697875977
638,114.840110357851,116,vehicle.mitsubishi.fusorosa,90.7649066261537,-37.9958877563477,136.144027709961,-130.048904418945
638,114.853425260633,116,vehicle.mitsubishi.fusorosa,94.4964606583866,-37.995922088623,136.14404296875,-130.048110961914
638,114.866316258907,116,vehicle.mitsubishi.fusorosa,89.6661066503164,-37.9959526062012,136.144058227539,-130.047317504883
638,114.879499558359,116,vehicle.mitsubishi.fusorosa,92.0066435880877,-37.995979309082,136.144073486328,-130.046417236328
638,114.892535060644,116,vehicle.mitsubishi.fusorosa,91.5963327844586,-37.9960060119629,136.144088745117,-130.045639038086
638,114.906220760196,116,vehicle.mitsubishi.fusorosa,96.1852280544327,-37.9960403442383,136.144104003906,-130.044769287109
639,114.92013835907,116,vehicle.mitsubishi.fusorosa,95.1834646008292,-37.9960670471191,136.144134521484,-130.043807983398
639,114.933398358524,116,vehicle.mitsubishi.fusorosa,90.8224133538125,-37.9961013793945,136.144149780273,-130.042892456055
639,114.946891259402,116,vehicle.mitsubishi.fusorosa,93.412841183739,-37.9961357116699,136.144165039062,-130.042053222656
639,114.960033860058,116,vehicle.mitsubishi.fusorosa,91.9756945812945,-37.9961700439453,136.144180297852,-130.041076660156
639,114.973023157567,116,vehicle.mitsubishi.fusorosa,89.3147452375104,-37.9962005615234,136.14421081543,-130.04020690918
639,114.985508758575,116,vehicle.mitsubishi.fusorosa,89.8756438771093,-37.9962310791016,136.144226074219,-130.03938293457
639,114.998637858778,116,vehicle.mitsubishi.fusorosa,92.0018198414137,-37.996265411377,136.144241333008,-130.038681030273
639,115.01299905777,116,vehicle.mitsubishi.fusorosa,96.8522533472751,-37.9962921142578,136.144256591797,-130.037750244141
640,115.026342660189,116,vehicle.mitsubishi.fusorosa,93.8494054434162,-37.9963264465332,136.144271850586,-130.036758422852
640,115.040002658963,116,vehicle.mitsubishi.fusorosa,95.4312222569713,-37.9963607788086,136.144287109375,-130.035858154297
640,115.052952058613,116,vehicle.mitsubishi.fusorosa,92.5080646007051,-37.9963874816895,136.144302368164,-130.034942626953
640,115.065926957875,116,vehicle.mitsubishi.fusorosa,93.2104403905497,-37.9964218139648,136.144317626953,-130.0341796875
640,115.079254258424,116,vehicle.mitsubishi.fusorosa,92.8225986541227,-37.9964485168457,136.144348144531,-130.033462524414
640,115.092143557966,116,vehicle.mitsubishi.fusorosa,91.4092064891662,-37.9964790344238,136.14436340332,-130.032562255859
640,115.104984160513,116,vehicle.mitsubishi.fusorosa,88.524973567296,-37.996509552002,136.144393920898,-130.03173828125
640,115.119356859475,116,vehicle.mitsubishi.fusorosa,98.60536646202,-37.9965362548828,136.144393920898,-130.030899047852
641,115.134251460433,116,vehicle.mitsubishi.fusorosa,100.957051575347,-37.9965705871582,136.144409179688,-130.029968261719
641,115.149193659425,116,vehicle.mitsubishi.fusorosa,100.676644166375,-37.9966087341309,136.144439697266,-130.028915405273
641,115.16223976016,116,vehicle.mitsubishi.fusorosa,94.0688156797609,-37.9966468811035,136.144470214844,-130.027908325195
641,115.17583385855,116,vehicle.mitsubishi.fusorosa,93.8137763090903,-37.9966850280762,136.144485473633,-130.027130126953
641,115.189112558961,116,vehicle.mitsubishi.fusorosa,94.3271216409798,-37.9967155456543,136.144485473633,-130.026306152344
641,115.203216258436,116,vehicle.mitsubishi.fusorosa,96.3303836722913,-37.9967422485352,136.144515991211,-130.025619506836
641,115.217211257666,116,vehicle.mitsubishi.fusorosa,96.3144203802503,-37.9967765808105,136.14453125,-130.024658203125
641,115.230965360999,116,vehicle.mitsubishi.fusorosa,93.0593294791541,-37.9968109130859,136.144561767578,-130.02375793457
642,115.244185760617,116,vehicle.mitsubishi.fusorosa,93.7677887292345,-37.9968452453613,136.144577026367,-130.022918701172
642,115.257448960096,116,vehicle.mitsubishi.fusorosa,91.2708385781298,-37.9968757629395,136.144607543945,-130.022033691406
642,115.271228659898,116,vehicle.mitsubishi.fusorosa,95.4098813838344,-37.9969100952148,136.144622802734,-130.021133422852
642,115.284383460879,116,vehicle.mitsubishi.fusorosa,93.9462385490237,-37.996940612793,136.144638061523,-130.02018737793
642,115.29742095992,116,vehicle.mitsubishi.fusorosa,90.1751221847777,-37.9969711303711,136.144668579102,-130.019302368164
642,115.311443760991,116,vehicle.mitsubishi.fusorosa,94.8571566695343,-37.9970016479492,136.144668579102,-130.018493652344
642,115.324720658362,116,vehicle.mitsubishi.fusorosa,94.4126492196922,-37.9970359802246,136.144683837891,-130.017547607422
642,115.3374456577,116,vehicle.mitsubishi.fusorosa,91.8796101550073,-37.9970664978027,136.144714355469,-130.016708374023
643,115.35091516003,116,vehicle.mitsubishi.fusorosa,93.6081123948085,-37.9970970153809,136.144729614258,-130.015869140625
643,115.364518158138,116,vehicle.mitsubishi.fusorosa,96.3403063042769,-37.9971313476562,136.144729614258,-130.014953613281
643,115.377684958279,116,vehicle.mitsubishi.fusorosa,92.4994992069049,-37.9971618652344,136.144760131836,-130.014083862305
643,115.390072457492,116,vehicle.mitsubishi.fusorosa,98.1513379945146,-37.9971923828125,136.144775390625,-130.013168334961
643,115.40211385861,116,vehicle.mitsubishi.fusorosa,85.2882254402911,-37.9972229003906,136.144790649414,-130.012603759766
643,115.415955860168,116,vehicle.mitsubishi.fusorosa,97.2500108642038,-37.9972534179688,136.144790649414,-130.011825561523
643,115.428751960397,116,vehicle.mitsubishi.fusorosa,93.8020093411575,-37.9972763061523,136.144805908203,-130.010955810547
643,115.441908858716,116,vehicle.mitsubishi.fusorosa,91.3843836843287,-37.9973030090332,136.144836425781,-130.010284423828
643,115.455089557916,116,vehicle.mitsubishi.fusorosa,91.8615494294982,-37.9973335266113,136.14485168457,-130.00927734375
644,115.468581259251,116,vehicle.mitsubishi.fusorosa,89.2268741546743,-37.9973640441895,136.144882202148,-130.008422851562
644,115.481310360134,116,vehicle.mitsubishi.fusorosa,92.1741537219895,-37.9973983764648,136.144882202148,-130.007446289062
644,115.494942758232,116,vehicle.mitsubishi.fusorosa,94.0319935100725,-37.997428894043,136.144897460938,-130.006774902344
644,115.50865245983,116,vehicle.mitsubishi.fusorosa,94.7263901902863,-37.9974594116211,136.144912719727,-130.005752563477
644,115.521165460348,116,vehicle.mitsubishi.fusorosa,99.1749654843715,-37.9974937438965,136.144943237305,-130.004837036133
644,115.533746559173,116,vehicle.mitsubishi.fusorosa,85.1110217477541,-37.9975242614746,136.144973754883,-130.004165649414
644,115.546508658677,116,vehicle.mitsubishi.fusorosa,90.614202548011,-37.9975547790527,136.144958496094,-130.003372192383
644,115.560335960239,116,vehicle.mitsubishi.fusorosa,95.5071400694741,-37.9975814819336,136.144989013672,-130.002685546875
645,115.574075657874,116,vehicle.mitsubishi.fusorosa,94.4976384456554,-37.9976119995117,136.145004272461,-130.001693725586
645,115.588473860174,116,vehicle.mitsubishi.fusorosa,95.9526936412002,-37.9976425170898,136.145034790039,-130.000793457031
645,115.60200855881,116,vehicle.mitsubishi.fusorosa,93.646214920201,-37.9976806640625,136.145050048828,-129.999847412109
645,115.614570558071,116,vehicle.mitsubishi.fusorosa,93.5958617111418,-37.9977149963379,136.145080566406,-129.998840332031
645,115.626563560218,116,vehicle.mitsubishi.fusorosa,85.2329955385564,-37.9977493286133,136.145080566406,-129.998184204102
645,115.639772959054,116,vehicle.mitsubishi.fusorosa,91.7230004057615,-37.9977760314941,136.145095825195,-129.997482299805
645,115.652780357748,116,vehicle.mitsubishi.fusorosa,91.0684702931484,-37.997802734375,136.145111083984,-129.996612548828
645,115.666612759233,116,vehicle.mitsubishi.fusorosa,96.7828788034925,-37.9978370666504,136.145126342773,-129.995834350586
646,115.680008858442,116,vehicle.mitsubishi.fusorosa,92.6435967201559,-37.9978637695312,136.145156860352,-129.994842529297
646,115.693073358387,116,vehicle.mitsubishi.fusorosa,88.9534184802293,-37.9978981018066,136.14518737793,-129.993927001953
646,115.707335658371,116,vehicle.mitsubishi.fusorosa,97.6587353855275,-37.997932434082,136.14518737793,-129.993087768555
646,115.720608059317,116,vehicle.mitsubishi.fusorosa,93.0723613503489,-37.9979667663574,136.145217895508,-129.992065429688
646,115.734115060419,116,vehicle.mitsubishi.fusorosa,94.9497848793054,-37.9980010986328,136.145233154297,-129.991180419922
646,115.747070260346,116,vehicle.mitsubishi.fusorosa,92.2046514335657,-37.9980316162109,136.145248413086,-129.990432739258
646,115.759308058769,116,vehicle.mitsubishi.fusorosa,93.5023926040482,-37.9980621337891,136.145278930664,-129.989486694336
646,115.771207459271,116,vehicle.mitsubishi.fusorosa,84.3587184165733,-37.9980926513672,136.145278930664,-129.988800048828
646,115.786278858781,116,vehicle.mitsubishi.fusorosa,104.030217576437,-37.9981155395508,136.145294189453,-129.988159179688
647,115.800641257316,116,vehicle.mitsubishi.fusorosa,98.3591574195056,-37.9981460571289,136.145309448242,-129.987228393555
647,115.814047757536,116,vehicle.mitsubishi.fusorosa,92.4250616680465,-37.9981842041016,136.14533996582,-129.986282348633
647,115.827333159745,116,vehicle.mitsubishi.fusorosa,89.6383779936658,-37.9982109069824,136.145370483398,-129.9853515625
647,115.840264260769,116,vehicle.mitsubishi.fusorosa,91.4126045992111,-37.9982528686523,136.145370483398,-129.984497070312
647,115.85288605839,116,vehicle.mitsubishi.fusorosa,89.8207096976943,-37.9982795715332,136.145401000977,-129.983673095703
647,115.865676060319,116,vehicle.mitsubishi.fusorosa,90.1647073237906,-37.9983100891113,136.145416259766,-129.982894897461
647,115.879016559571,116,vehicle.mitsubishi.fusorosa,94.6575865074607,-37.9983406066895,136.145431518555,-129.982086181641
647,115.892642959952,116,vehicle.mitsubishi.fusorosa,93.9058950879431,-37.9983673095703,136.145446777344,-129.981170654297
648,115.905253458768,116,vehicle.mitsubishi.fusorosa,94.635989271696,-37.9983978271484,136.145462036133,-129.980270385742
648,115.920788258314,116,vehicle.mitsubishi.fusorosa,105.879213391857,-37.9984283447266,136.145492553711,-129.979614257812
648,115.933778557926,116,vehicle.mitsubishi.fusorosa,93.0433233869328,-37.9984664916992,136.145492553711,-129.978469848633
648,115.946862958372,116,vehicle.mitsubishi.fusorosa,89.3377014317047,-37.9984970092773,136.145538330078,-129.977661132812
648,115.959048558027,116,vehicle.mitsubishi.fusorosa,94.8585497979556,-37.9985313415527,136.145538330078,-129.97688293457
648,115.971414860338,116,vehicle.mitsubishi.fusorosa,86.4928205152769,-37.9985580444336,136.145553588867,-129.976226806641
648,115.984631258994,116,vehicle.mitsubishi.fusorosa,92.0153884328044,-37.9985847473145,136.145568847656,-129.975509643555
648,115.998251259327,116,vehicle.mitsubishi.fusorosa,94.1974798278804,-37.998607635498,136.145568847656,-129.974716186523
649,116.011186059564,116,vehicle.mitsubishi.fusorosa,91.0285678645423,-37.9986381530762,136.145599365234,-129.973876953125
649,116.024558957666,116,vehicle.mitsubishi.fusorosa,92.7466056209225,-37.9986686706543,136.145614624023,-129.973083496094
649,116.03796846047,116,vehicle.mitsubishi.fusorosa,94.6275879348305,-37.9986991882324,136.145629882812,-129.972045898438
649,116.050559557974,116,vehicle.mitsubishi.fusorosa,93.1284818303006,-37.9987335205078,136.145645141602,-129.971160888672
649,116.063222557306,116,vehicle.mitsubishi.fusorosa,89.0902650961456,-37.9987640380859,136.14567565918,-129.970489501953
649,116.076112560928,116,vehicle.mitsubishi.fusorosa,90.2299794524814,-37.9987869262695,136.14567565918,-129.969619750977
649,116.08932825923,116,vehicle.mitsubishi.fusorosa,89.5702854381409,-37.9988174438477,136.145706176758,-129.968826293945
649,116.102704457939,116,vehicle.mitsubishi.fusorosa,92.4789343315958,-37.9988479614258,136.145721435547,-129.967926025391
649,116.115636259317,116,vehicle.mitsubishi.fusorosa,90.9511219054355,-37.9988822937012,136.145736694336,-129.966995239258
650,116.128896359354,116,vehicle.mitsubishi.fusorosa,92.1602364038174,-37.998908996582,136.145751953125,-129.966201782227
650,116.142846960574,116,vehicle.mitsubishi.fusorosa,97.6651744240286,-37.9989433288574,136.145767211914,-129.965301513672
650,116.156426560134,116,vehicle.mitsubishi.fusorosa,93.9178450054784,-37.9989738464355,136.145782470703,-129.964416503906
650,116.16918835789,116,vehicle.mitsubishi.fusorosa,90.3083587315249,-37.9990043640137,136.145812988281,-129.963500976562
650,116.182534359396,116,vehicle.mitsubishi.fusorosa,93.01717249932,-37.9990348815918,136.14582824707,-129.962692260742
650,116.195966858417,116,vehicle.mitsubishi.fusorosa,93.0076344551216,-37.9990615844727,136.145843505859,-129.961898803711
650,116.209194559604,116,vehicle.mitsubishi.fusorosa,90.2155784478056,-37.999095916748,136.145874023438,-129.961013793945
650,116.222620159388,116,vehicle.mitsubishi.fusorosa,92.494429331115,-37.9991264343262,136.145889282227,-129.960113525391
651,116.236662358046,116,vehicle.mitsubishi.fusorosa,96.5376526448883,-37.9991607666016,136.145904541016,-129.959197998047
651,116.250235557556,116,vehicle.mitsubishi.fusorosa,95.490574982361,-37.999195098877,136.145919799805,-129.958236694336
651,116.263832759112,116,vehicle.mitsubishi.fusorosa,93.202463001163,-37.9992294311523,136.145950317383,-129.957336425781
651,116.276398457587,116,vehicle.mitsubishi.fusorosa,99.1269335339701,-37.9992637634277,136.145965576172,-129.956436157227
651,116.29120875895,116,vehicle.mitsubishi.fusorosa,101.338514129219,-37.9992942810059,136.145980834961,-129.955703735352
651,116.304711360484,116,vehicle.mitsubishi.fusorosa,92.8372099853693,-37.999324798584,136.14599609375,-129.954772949219
651,116.317143257707,116,vehicle.mitsubishi.fusorosa,94.9289858868343,-37.9993629455566,136.146026611328,-129.953948974609
651,116.333385657519,116,vehicle.mitsubishi.fusorosa,110.882860227933,-37.9993896484375,136.146026611328,-129.953338623047
652,116.346928257495,116,vehicle.mitsubishi.fusorosa,93.2883803281325,-37.9994239807129,136.146057128906,-129.952255249023
652,116.360791958869,116,vehicle.mitsubishi.fusorosa,93.9330784818998,-37.9994659423828,136.146087646484,-129.951431274414
652,116.373840160668,116,vehicle.mitsubishi.fusorosa,92.8533852657649,-37.9995002746582,136.146102905273,-129.950561523438
652,116.386713258922,116,vehicle.mitsubishi.fusorosa,90.8088020207021,-37.9995346069336,136.146118164062,-129.949768066406
652,116.399641759694,116,vehicle.mitsubishi.fusorosa,93.1015702514138,-37.9995651245117,136.146133422852,-129.948989868164
652,116.412467457354,116,vehicle.mitsubishi.fusorosa,88.4435175572512,-37.9995956420898,136.14616394043,-129.948104858398
652,116.425336960703,116,vehicle.mitsubishi.fusorosa,90.8072157676269,-37.9996223449707,136.14616394043,-129.947326660156
652,116.438732858747,116,vehicle.mitsubishi.fusorosa,92.7113491206275,-37.9996490478516,136.146194458008,-129.946411132812
653,116.452054958791,116,vehicle.mitsubishi.fusorosa,94.2143166716032,-37.9996795654297,136.146209716797,-129.945465087891
653,116.464961357415,116,vehicle.mitsubishi.fusorosa,91.1969531242189,-37.9997100830078,136.146224975586,-129.944580078125
653,116.478204358369,116,vehicle.mitsubishi.fusorosa,90.3697660902025,-37.9997406005859,136.146240234375,-129.943801879883
653,116.491490259767,116,vehicle.mitsubishi.fusorosa,92.8481701382804,-37.9997711181641,136.146255493164,-129.942764282227
653,116.504015859216,116,vehicle.mitsubishi.fusorosa,94.9719154824682,-37.9998054504395,136.146270751953,-129.941833496094
653,116.517438657582,116,vehicle.mitsubishi.fusorosa,93.1890242674852,-37.9998321533203,136.146301269531,-129.941070556641
653,116.530345458537,116,vehicle.mitsubishi.fusorosa,93.2910024988102,-37.9998664855957,136.146301269531,-129.94010925293
653,116.544051658362,116,vehicle.mitsubishi.fusorosa,92.1166298801047,-37.9998931884766,136.146331787109,-129.939315795898
653,116.560148958117,116,vehicle.mitsubishi.fusorosa,108.28389260247,-37.999927520752,136.146347045898,-129.938369750977
654,116.574196659029,116,vehicle.mitsubishi.fusorosa,95.6665445595997,-37.9999656677246,136.146362304688,-129.937149047852
654,116.589346960187,116,vehicle.mitsubishi.fusorosa,101.805092384738,-38.0000076293945,136.146408081055,-129.936248779297
654,116.602142758667,116,vehicle.mitsubishi.fusorosa,101.993230573462,-38.0000457763672,136.146408081055,-129.935180664062
654,116.61509725824,116,vehicle.mitsubishi.fusorosa,87.659719898123,-38.0000839233398,136.146453857422,-129.934539794922
654,116.628027360886,116,vehicle.mitsubishi.fusorosa,91.7229576932721,-38.000114440918,136.146438598633,-129.933746337891
654,116.640734460205,116,vehicle.mitsubishi.fusorosa,90.1527112825073,-38.0001449584961,136.146469116211,-129.932983398438
654,116.65502185747,116,vehicle.mitsubishi.fusorosa,97.8681956713788,-38.0001678466797,136.146484375,-129.932327270508
655,116.668053559959,116,vehicle.mitsubishi.fusorosa,93.5629589777124,-38.0001983642578,136.146499633789,-129.931396484375
655,116.682293757796,116,vehicle.mitsubishi.fusorosa,98.9788293225787,-38.0002326965332,136.146514892578,-129.930526733398
655,116.695885259658,116,vehicle.mitsubishi.fusorosa,94.4527140434491,-38.0002593994141,136.146545410156,-129.929565429688
655,116.708824157715,116,vehicle.mitsubishi.fusorosa,89.9055484238022,-38.0002937316895,136.146575927734,-129.928665161133
655,116.721217859536,116,vehicle.mitsubishi.fusorosa,95.9870595048178,-38.0003280639648,136.146575927734,-129.927871704102
655,116.734613757581,116,vehicle.mitsubishi.fusorosa,93.0397902002448,-38.0003547668457,136.146591186523,-129.927230834961
655,116.7475117594,116,vehicle.mitsubishi.fusorosa,91.1310262836847,-38.0003814697266,136.146591186523,-129.926452636719
655,116.760985158384,116,vehicle.mitsubishi.fusorosa,92.810688096279,-38.0004081726074,136.146621704102,-129.925643920898
655,116.776227459311,116,vehicle.mitsubishi.fusorosa,104.90499555761,-38.0004425048828,136.146636962891,-129.924758911133
656,116.789561558515,116,vehicle.mitsubishi.fusorosa,93.4417782697338,-38.0004768371582,136.14665222168,-129.923629760742
656,116.802758160979,116,vehicle.mitsubishi.fusorosa,91.1648127730774,-38.0005111694336,136.146682739258,-129.922653198242
656,116.815707959235,116,vehicle.mitsubishi.fusorosa,91.0925751192015,-38.0005416870117,136.146697998047,-129.921890258789
656,116.828144058585,116,vehicle.mitsubishi.fusorosa,90.8404911350871,-38.0005722045898,136.146713256836,-129.92106628418
656,116.841185558587,116,vehicle.mitsubishi.fusorosa,91.1020721126942,-38.0005989074707,136.146728515625,-129.920333862305
656,116.853873860091,116,vehicle.mitsubishi.fusorosa,91.7508828566047,-38.0006256103516,136.146728515625,-129.919509887695
656,116.867053858936,116,vehicle.mitsubishi.fusorosa,91.8669765745674,-38.0006523132324,136.146759033203,-129.918853759766
656,116.881245359778,116,vehicle.mitsubishi.fusorosa,99.2881362947556,-38.0006828308105,136.146774291992,-129.917861938477
657,116.89505635947,116,vehicle.mitsubishi.fusorosa,94.8975804535847,-38.0007133483887,136.146789550781,-129.916809082031
657,116.908401459455,116,vehicle.mitsubishi.fusorosa,94.7479207770817,-38.0007514953613,136.146820068359,-129.915893554688
657,116.921137858182,116,vehicle.mitsubishi.fusorosa,91.4556179872706,-38.0007820129395,136.146835327148,-129.915100097656
657,116.934131957591,116,vehicle.mitsubishi.fusorosa,90.8712811287574,-38.0008087158203,136.146850585938,-129.914276123047
657,116.946875557303,116,vehicle.mitsubishi.fusorosa,89.7695684203928,-38.0008354187012,136.146865844727,-129.913436889648
657,116.959130760282,116,vehicle.mitsubishi.fusorosa,92.6424412075829,-38.000862121582,136.146881103516,-129.912811279297
657,116.972040060908,116,vehicle.mitsubishi.fusorosa,90.4241891769154,-38.0008888244629,136.146896362305,-129.912155151367
657,116.985523160547,116,vehicle.mitsubishi.fusorosa,91.5058942553882,-38.0009155273438,136.146911621094,-129.911315917969
658,116.998619157821,116,vehicle.mitsubishi.fusorosa,92.0120074077553,-38.0009460449219,136.146926879883,-129.910369873047
658,117.012137759477,116,vehicle.mitsubishi.fusorosa,95.294367098557,-38.0009765625,136.146942138672,-129.909622192383
658,117.0250797607,116,vehicle.mitsubishi.fusorosa,90.7466493939626,-38.0010032653809,136.146957397461,-129.908630371094
658,117.0378119573,116,vehicle.mitsubishi.fusorosa,89.6679013638298,-38.0010375976562,136.14697265625,-129.907836914062
658,117.050427660346,116,vehicle.mitsubishi.fusorosa,88.9525245492145,-38.0010643005371,136.147003173828,-129.906967163086
658,117.062886860222,116,vehicle.mitsubishi.fusorosa,88.9774874452769,-38.001091003418,136.147003173828,-129.906372070312
658,117.075196057558,116,vehicle.mitsubishi.fusorosa,88.0225952690319,-38.0011177062988,136.147018432617,-129.905548095703
658,117.087909560651,116,vehicle.mitsubishi.fusorosa,88.8423895068168,-38.0011405944824,136.147033691406,-129.904937744141
658,117.101109858602,116,vehicle.mitsubishi.fusorosa,91.3908722868031,-38.0011672973633,136.147048950195,-129.904174804688
659,117.114591959864,116,vehicle.mitsubishi.fusorosa,92.4595984985431,-38.0011940002441,136.147064208984,-129.903213500977
659,117.127108059824,116,vehicle.mitsubishi.fusorosa,91.8053316000416,-38.0012245178223,136.147079467773,-129.90234375
659,117.140565358102,116,vehicle.mitsubishi.fusorosa,94.3344135597898,-38.0012550354004,136.147094726562,-129.901657104492
659,117.153817858547,116,vehicle.mitsubishi.fusorosa,91.9218577787508,-38.0012817382812,136.147109985352,-129.900848388672
659,117.166808959097,116,vehicle.mitsubishi.fusorosa,89.7713837760487,-38.0013084411621,136.14714050293,-129.900009155273
659,117.179368458688,116,vehicle.mitsubishi.fusorosa,91.2621620733964,-38.0013427734375,136.14714050293,-129.899322509766
659,117.19192045927,116,vehicle.mitsubishi.fusorosa,88.457655318585,-38.0013694763184,136.147171020508,-129.898468017578
659,117.206325359643,116,vehicle.mitsubishi.fusorosa,98.0068935039566,-38.0013961791992,136.147186279297,-129.897674560547
660,117.219748359174,116,vehicle.mitsubishi.fusorosa,93.3881004803129,-38.0014305114746,136.147201538086,-129.896865844727
660,117.233107957989,116,vehicle.mitsubishi.fusorosa,90.7755677039476,-38.0014572143555,136.147216796875,-129.895980834961
660,117.246906459332,116,vehicle.mitsubishi.fusorosa,94.3069294289319,-38.0014877319336,136.147232055664,-129.895278930664
660,117.259605459869,116,vehicle.mitsubishi.fusorosa,93.0229602080059,-38.0015182495117,136.147247314453,-129.894332885742
660,117.272528357804,116,vehicle.mitsubishi.fusorosa,91.3755054832131,-38.0015525817871,136.147277832031,-129.893615722656
660,117.284548457712,116,vehicle.mitsubishi.fusorosa,96.7120411002914,-38.0015830993652,136.14729309082,-129.892883300781
660,117.298069458455,116,vehicle.mitsubishi.fusorosa,94.025721997962,-38.0016098022461,136.147308349609,-129.892288208008
660,117.310489859432,116,vehicle.mitsubishi.fusorosa,86.4025016688681,-38.0016326904297,136.147308349609,-129.891586303711
660,117.324875857681,116,vehicle.mitsubishi.fusorosa,99.551636799777,-38.0016670227051,136.147323608398,-129.890869140625
661,117.338810760528,116,vehicle.mitsubishi.fusorosa,95.7559113100621,-38.0016975402832,136.147354125977,-129.889923095703
661,117.352475460619,116,vehicle.mitsubishi.fusorosa,95.139128144576,-38.0017318725586,136.147369384766,-129.889038085938
661,117.364992760122,116,vehicle.mitsubishi.fusorosa,93.2079345205055,-38.0017585754395,136.147384643555,-129.888259887695
661,117.378373060375,116,vehicle.mitsubishi.fusorosa,94.6540004040015,-38.0017967224121,136.147415161133,-129.887588500977
661,117.391046058387,116,vehicle.mitsubishi.fusorosa,90.5195437291226,-38.001823425293,136.147430419922,-129.886688232422
661,117.403909057379,116,vehicle.mitsubishi.fusorosa,87.6785634729439,-38.0018539428711,136.1474609375,-129.885925292969
661,117.418033260852,116,vehicle.mitsubishi.fusorosa,97.0276520343265,-38.0018844604492,136.1474609375,-129.885070800781
661,117.431999560446,116,vehicle.mitsubishi.fusorosa,95.0370167319708,-38.0019111633301,136.147476196289,-129.884201049805
662,117.44555715844,116,vehicle.mitsubishi.fusorosa,92.2315322244889,-38.0019416809082,136.147506713867,-129.883270263672
662,117.45907945931,116,vehicle.mitsubishi.fusorosa,92.9886455993758,-38.0019798278809,136.147521972656,-129.882400512695
662,117.472666658461,116,vehicle.mitsubishi.fusorosa,93.598444463667,-38.002010345459,136.147552490234,-129.881454467773
662,117.485125258565,116,vehicle.mitsubishi.fusorosa,98.6463097935795,-38.0020408630371,136.147567749023,-129.880599975586
662,117.497644860297,116,vehicle.mitsubishi.fusorosa,87.239560021422,-38.0020751953125,136.147583007812,-129.879974365234
662,117.511108458042,116,vehicle.mitsubishi.fusorosa,94.0253750206549,-38.0021057128906,136.147598266602,-129.879241943359
662,117.524109359831,116,vehicle.mitsubishi.fusorosa,91.2039938701013,-38.0021362304688,136.147613525391,-129.878280639648
662,117.539232660085,116,vehicle.mitsubishi.fusorosa,102.25118264743,-38.0021667480469,136.14762878418,-129.877410888672
663,117.552568659186,116,vehicle.mitsubishi.fusorosa,90.1659807403201,-38.002197265625,136.147659301758,-129.876251220703
663,117.565730657429,116,vehicle.mitsubishi.fusorosa,90.7167191320853,-38.0022392272949,136.147689819336,-129.875442504883
663,117.579229559749,116,vehicle.mitsubishi.fusorosa,94.0563769442192,-38.0022659301758,136.147674560547,-129.874649047852
663,117.592284057289,116,vehicle.mitsubishi.fusorosa,91.8536797690167,-38.0022964477539,136.147705078125,-129.87385559082
663,117.605186857283,116,vehicle.mitsubishi.fusorosa,90.2747346372831,-38.002326965332,136.147720336914,-129.872970581055
663,117.617536060512,116,vehicle.mitsubishi.fusorosa,91.6359703079389,-38.0023536682129,136.147735595703,-129.872222900391
663,117.630107358098,116,vehicle.mitsubishi.fusorosa,88.9806873576257,-38.0023803710938,136.147750854492,-129.871627807617
663,117.643305458128,116,vehicle.mitsubishi.fusorosa,89.8616000540222,-38.0024070739746,136.147766113281,-129.870864868164
664,117.655541758984,116,vehicle.mitsubishi.fusorosa,97.6954088922629,-38.0024337768555,136.14778137207,-129.869903564453
664,117.670565858483,116,vehicle.mitsubishi.fusorosa,102.840761981165,-38.0024604797363,136.147796630859,-129.869338989258
664,117.684087060392,116,vehicle.mitsubishi.fusorosa,92.9384547854675,-38.0024909973145,136.147811889648,-129.868362426758
664,117.696768760681,116,vehicle.mitsubishi.fusorosa,88.3303740653747,-38.0025291442871,136.147842407227,-129.867401123047
664,117.709767758846,116,vehicle.mitsubishi.fusorosa,90.8633122526383,-38.0025596618652,136.147842407227,-129.866668701172
664,117.722416460514,116,vehicle.mitsubishi.fusorosa,89.5575493184959,-38.0025863647461,136.147857666016,-129.865951538086
664,117.734851758927,116,vehicle.mitsubishi.fusorosa,90.4711186192059,-38.002613067627,136.147872924805,-129.865280151367
664,117.749751057476,116,vehicle.mitsubishi.fusorosa,101.912777855891,-38.0026397705078,136.147888183594,-129.864501953125
665,117.763331059366,116,vehicle.mitsubishi.fusorosa,93.6009862239471,-38.0026664733887,136.147903442383,-129.863586425781
665,117.776807058603,116,vehicle.mitsubishi.fusorosa,92.0902926608613,-38.0027008056641,136.147933959961,-129.862686157227
665,117.790171958506,116,vehicle.mitsubishi.fusorosa,92.9013522289809,-38.0027351379395,136.14794921875,-129.861801147461
665,117.803108558059,116,vehicle.mitsubishi.fusorosa,90.6760936516528,-38.0027694702148,136.147979736328,-129.860824584961
665,117.815922759473,116,vehicle.mitsubishi.fusorosa,90.2571132532346,-38.002799987793,136.147994995117,-129.860092163086
665,117.828724257648,116,vehicle.mitsubishi.fusorosa,89.6145483354805,-38.0028305053711,136.148010253906,-129.859130859375
665,117.84208605811,116,vehicle.mitsubishi.fusorosa,92.578545063857,-38.002857208252,136.148010253906,-129.858505249023
665,117.855053760111,116,vehicle.mitsubishi.fusorosa,89.2397453509625,-38.0028800964355,136.148040771484,-129.857711791992
665,117.868171460927,116,vehicle.mitsubishi.fusorosa,90.8543315123176,-38.0029106140137,136.148056030273,-129.856826782227
666,117.881525557488,116,vehicle.mitsubishi.fusorosa,92.5316977229782,-38.0029411315918,136.148071289062,-129.855987548828
666,117.895070459694,116,vehicle.mitsubishi.fusorosa,91.2904889387421,-38.0029716491699,136.148101806641,-129.854995727539
666,117.908408459276,116,vehicle.mitsubishi.fusorosa,92.7460091032413,-38.0030059814453,136.14811706543,-129.854095458984
666,117.9214351587,116,vehicle.mitsubishi.fusorosa,91.1272367343688,-38.0030364990234,136.148132324219,-129.853240966797
666,117.934722959995,116,vehicle.mitsubishi.fusorosa,94.0863567993002,-38.0030708312988,136.148147583008,-129.852264404297
666,117.947169158608,116,vehicle.mitsubishi.fusorosa,91.9998199617995,-38.003101348877,136.148178100586,-129.851470947266
666,117.960403759032,116,vehicle.mitsubishi.fusorosa,91.1669118098688,-38.0031280517578,136.148178100586,-129.850692749023
666,117.973747659475,116,vehicle.mitsubishi.fusorosa,92.3367854137414,-38.0031547546387,136.148193359375,-129.849853515625
667,117.986937560141,116,vehicle.mitsubishi.fusorosa,93.3483502133459,-38.0031890869141,136.148208618164,-129.849029541016
667,118.000956658274,116,vehicle.mitsubishi.fusorosa,95.9025967655386,-38.0032157897949,136.148223876953,-129.848205566406
667,118.013412859291,116,vehicle.mitsubishi.fusorosa,101.477825564473,-38.0032501220703,136.148254394531,-129.847290039062
667,118.026070058346,116,vehicle.mitsubishi.fusorosa,89.6523363333134,-38.0032844543457,136.14826965332,-129.846649169922
667,118.039410557598,116,vehicle.mitsubishi.fusorosa,92.2974163525335,-38.0033111572266,136.148284912109,-129.845886230469
667,118.052248157561,116,vehicle.mitsubishi.fusorosa,90.5737292584478,-38.0033416748047,136.148300170898,-129.845092773438
667,118.066177457571,116,vehicle.mitsubishi.fusorosa,97.2714611572599,-38.0033760070801,136.148315429688,-129.844177246094
667,118.079961657524,116,vehicle.mitsubishi.fusorosa,94.8921499557176,-38.0034065246582,136.148330688477,-129.84326171875
668,118.092963758856,116,vehicle.mitsubishi.fusorosa,88.8711796208726,-38.0034408569336,136.148361206055,-129.842315673828
668,118.107031859457,116,vehicle.mitsubishi.fusorosa,96.1822025784188,-38.0034713745117,136.148376464844,-129.841445922852
668,118.120612557977,116,vehicle.mitsubishi.fusorosa,93.9125187670607,-38.0035057067871,136.148391723633,-129.840530395508
668,118.133386559784,116,vehicle.mitsubishi.fusorosa,92.6544697278437,-38.0035400390625,136.148422241211,-129.839584350586
668,118.146484859288,116,vehicle.mitsubishi.fusorosa,91.2538649959801,-38.0035705566406,136.1484375,-129.838836669922
668,118.159666460007,116,vehicle.mitsubishi.fusorosa,92.4531748540237,-38.0035972595215,136.1484375,-129.837921142578
668,118.172687660903,116,vehicle.mitsubishi.fusorosa,92.981049386518,-38.0036277770996,136.148468017578,-129.83723449707
668,118.185571160167,116,vehicle.mitsubishi.fusorosa,90.0351321011999,-38.0036544799805,136.148483276367,-129.836349487305
669,118.198764357716,116,vehicle.mitsubishi.fusorosa,91.6620938478137,-38.0036849975586,136.148498535156,-129.835540771484
669,118.212111160159,116,vehicle.mitsubishi.fusorosa,94.4666210988791,-38.003719329834,136.148529052734,-129.834533691406
669,118.224837057292,116,vehicle.mitsubishi.fusorosa,92.5642551701144,-38.0037536621094,136.148529052734,-129.833694458008
669,118.237834960222,116,vehicle.mitsubishi.fusorosa,90.0850939002185,-38.003776550293,136.148544311523,-129.832931518555
669,118.251436959952,116,vehicle.mitsubishi.fusorosa,93.9922346713773,-38.0038032531738,136.148559570312,-129.832061767578
669,118.264415457845,116,vehicle.mitsubishi.fusorosa,89.6510543158254,-38.003833770752,136.148590087891,-129.831268310547
669,118.277585558593,116,vehicle.mitsubishi.fusorosa,91.1517637876566,-38.0038642883301,136.14860534668,-129.830368041992
669,118.290592957288,116,vehicle.mitsubishi.fusorosa,91.2290319576306,-38.0038948059082,136.14860534668,-129.829635620117
669,118.304127559066,116,vehicle.mitsubishi.fusorosa,90.6204467416139,-38.0039176940918,136.148635864258,-129.82878112793
670,118.31773616001,116,vehicle.mitsubishi.fusorosa,93.7898082214641,-38.0039520263672,136.148651123047,-129.827911376953
670,118.331448357552,116,vehicle.mitsubishi.fusorosa,94.2214051445566,-38.0039825439453,136.148666381836,-129.826995849609
670,118.34437565878,116,vehicle.mitsubishi.fusorosa,89.7953774911685,-38.0040168762207,136.148696899414,-129.826156616211
670,118.358047559857,116,vehicle.mitsubishi.fusorosa,94.3885323524552,-38.0040512084961,136.148712158203,-129.825241088867
670,118.370918560773,116,vehicle.mitsubishi.fusorosa,92.587917272679,-38.0040817260742,136.148727416992,-129.824340820312
670,118.383874058723,116,vehicle.mitsubishi.fusorosa,88.2943364360122,-38.0041122436523,136.14875793457,-129.82356262207
670,118.396900258958,116,vehicle.mitsubishi.fusorosa,89.4047889160514,-38.0041427612305,136.148773193359,-129.822784423828
670,118.410167060792,116,vehicle.mitsubishi.fusorosa,92.4264564290212,-38.0041732788086,136.148773193359,-129.821868896484
671,118.424071259797,116,vehicle.mitsubishi.fusorosa,94.0829346650848,-38.0042037963867,136.148803710938,-129.821060180664
671,118.437309660017,116,vehicle.mitsubishi.fusorosa,92.3787185099253,-38.0042343139648,136.148818969727,-129.820037841797
671,118.451214060187,116,vehicle.mitsubishi.fusorosa,95.1875857627006,-38.004264831543,136.148834228516,-129.819229125977
671,118.464309558272,116,vehicle.mitsubishi.fusorosa,90.2588208799853,-38.0042991638184,136.148864746094,-129.818206787109
671,118.477104760706,116,vehicle.mitsubishi.fusorosa,90.4377834250301,-38.0043334960938,136.148880004883,-129.817413330078
671,118.49008435756,116,vehicle.mitsubishi.fusorosa,90.5561779053965,-38.0043601989746,136.148880004883,-129.816650390625
671,118.502781357616,116,vehicle.mitsubishi.fusorosa,90.0123110128791,-38.0043869018555,136.148910522461,-129.815856933594
671,118.515797458589,116,vehicle.mitsubishi.fusorosa,91.6427255065531,-38.0044212341309,136.148910522461,-129.815078735352
672,118.529191859066,116,vehicle.mitsubishi.fusorosa,92.8519169458765,-38.0044441223145,136.14892578125,-129.814300537109
672,118.542932860553,116,vehicle.mitsubishi.fusorosa,94.5710760448381,-38.0044746398926,136.148956298828,-129.813446044922
672,118.556289859116,116,vehicle.mitsubishi.fusorosa,90.6888793937317,-38.0045051574707,136.148986816406,-129.812484741211
672,118.569548361003,116,vehicle.mitsubishi.fusorosa,92.07274130781,-38.0045394897461,136.148986816406,-129.811660766602
672,118.581863660365,116,vehicle.mitsubishi.fusorosa,97.0964863884573,-38.0045700073242,136.149017333984,-129.810684204102
672,118.595253758132,116,vehicle.mitsubishi.fusorosa,91.3791924348634,-38.0046005249023,136.149032592773,-129.810150146484
672,118.607518259436,116,vehicle.mitsubishi.fusorosa,87.7855396829289,-38.0046348571777,136.149032592773,-129.809204101562
672,118.619983360171,116,vehicle.mitsubishi.fusorosa,87.5500412821817,-38.0046653747559,136.149063110352,-129.808502197266
672,118.633655257523,116,vehicle.mitsubishi.fusorosa,93.6094132175366,-38.0046882629395,136.149063110352,-129.807708740234
673,118.646608557552,116,vehicle.mitsubishi.fusorosa,90.5507918402633,-38.0047149658203,136.149078369141,-129.806869506836
673,118.678268559277,116,vehicle.mitsubishi.fusorosa,108.102104470121,-38.0047492980957,136.14909362793,-129.806076049805
673,118.690272457898,116,vehicle.mitsubishi.fusorosa,74.8846220166464,-38.0048294067383,136.149139404297,-129.803817749023
673,118.701999858022,116,vehicle.mitsubishi.fusorosa,78.7408403503423,-38.0048751831055,136.149185180664,-129.803070068359
673,118.713669158518,116,vehicle.mitsubishi.fusorosa,71.7525561887065,-38.0049057006836,136.149169921875,-129.802764892578
673,118.72596205771,116,vehicle.mitsubishi.fusorosa,90.1627689326756,-38.004997253418,136.14924621582,-129.801239013672
673,118.739594258368,116,vehicle.mitsubishi.fusorosa,94.4260623258764,-38.0050582885742,136.149276733398,-129.800216674805
674,118.751518957317,116,vehicle.mitsubishi.fusorosa,82.5201118346471,-38.0050926208496,136.149291992188,-129.799865722656
674,118.764127358794,116,vehicle.mitsubishi.fusorosa,84.3634668840894,-38.005126953125,136.149322509766,-129.79931640625
674,118.776292260736,116,vehicle.mitsubishi.fusorosa,86.9301248825462,-38.0051536560059,136.149307250977,-129.798583984375
674,118.787695657462,116,vehicle.mitsubishi.fusorosa,90.1633483653609,-38.0051765441895,136.149337768555,-129.79801940918
674,118.799725260586,116,vehicle.mitsubishi.fusorosa,84.048517454921,-38.0051956176758,136.149337768555,-129.797485351562
674,118.811503760517,116,vehicle.mitsubishi.fusorosa,83.6969937054246,-38.0052185058594,136.149337768555,-129.796844482422
674,118.823425058275,116,vehicle.mitsubishi.fusorosa,81.7616566447869,-38.0052375793457,136.149368286133,-129.796142578125
674,118.835178460926,116,vehicle.mitsubishi.fusorosa,84.1414071877899,-38.0052642822266,136.149368286133,-129.795257568359
674,118.848091557622,116,vehicle.mitsubishi.fusorosa,89.1348339785471,-38.0052833557129,136.149398803711,-129.794509887695
675,118.860835060477,116,vehicle.mitsubishi.fusorosa,87.7926692358184,-38.0053062438965,136.149398803711,-129.79345703125
675,118.873989958316,116,vehicle.mitsubishi.fusorosa,91.7977370781977,-38.0053367614746,136.1494140625,-129.792526245117
675,118.886254757643,116,vehicle.mitsubishi.fusorosa,86.7669649838661,-38.0053672790527,136.149444580078,-129.791610717773
675,118.898041158915,116,vehicle.mitsubishi.fusorosa,83.8235364835964,-38.0053939819336,136.149459838867,-129.790679931641
675,118.909647259861,116,vehicle.mitsubishi.fusorosa,84.2750880905792,-38.0054206848145,136.149459838867,-129.790023803711
675,118.921466358006,116,vehicle.mitsubishi.fusorosa,84.4285270536559,-38.0054397583008,136.149475097656,-129.789352416992
675,118.933290660381,116,vehicle.mitsubishi.fusorosa,84.3061721447852,-38.0054588317871,136.149475097656,-129.788726806641
675,118.945127658546,116,vehicle.mitsubishi.fusorosa,84.0563085419074,-38.0054740905762,136.149490356445,-129.788070678711
675,118.957873459905,116,vehicle.mitsubishi.fusorosa,87.5348026160602,-38.0054931640625,136.149505615234,-129.787414550781
676,118.970570858568,116,vehicle.mitsubishi.fusorosa,87.5968938127608,-38.0055160522461,136.149520874023,-129.786529541016
676,118.983138959855,116,vehicle.mitsubishi.fusorosa,88.191554917582,-38.005542755127,136.149536132812,-129.785690307617
676,118.995007459074,116,vehicle.mitsubishi.fusorosa,84.7366033217928,-38.0055732727051,136.149551391602,-129.784866333008
676,119.006336759776,116,vehicle.mitsubishi.fusorosa,84.4049076928112,-38.0055961608887,136.14958190918,-129.784042358398
676,119.018223959953,116,vehicle.mitsubishi.fusorosa,83.3839057264297,-38.0056190490723,136.14958190918,-129.783508300781
676,119.030168358237,116,vehicle.mitsubishi.fusorosa,84.8048924424603,-38.0056381225586,136.14958190918,-129.782821655273
676,119.041539359838,116,vehicle.mitsubishi.fusorosa,84.6054812642793,-38.0056648254395,136.149612426758,-129.782104492188
676,119.053051359951,116,vehicle.mitsubishi.fusorosa,81.2666916972059,-38.0056838989258,136.149612426758,-129.78157043457
676,119.06662645936,116,vehicle.mitsubishi.fusorosa,93.0705682986193,-38.0057029724121,136.149627685547,-129.781051635742
677,119.079049360007,116,vehicle.mitsubishi.fusorosa,84.4134713955974,-38.0057258605957,136.149642944336,-129.780151367188
677,119.091920059174,116,vehicle.mitsubishi.fusorosa,87.1577057206222,-38.0057525634766,136.149658203125,-129.779327392578
677,119.104236260056,116,vehicle.mitsubishi.fusorosa,85.9955462627943,-38.0057792663574,136.149673461914,-129.778579711914
677,119.11571386084,116,vehicle.mitsubishi.fusorosa,84.9752109909795,-38.0058059692383,136.149688720703,-129.777877807617
677,119.127326659858,116,vehicle.mitsubishi.fusorosa,80.7684328990294,-38.0058288574219,136.149703979492,-129.777267456055
677,119.138712760061,116,vehicle.mitsubishi.fusorosa,81.0467823219153,-38.0058517456055,136.149719238281,-129.776626586914
677,119.150596357882,116,vehicle.mitsubishi.fusorosa,83.6160914713412,-38.0058746337891,136.149719238281,-129.776107788086
677,119.162433058023,116,vehicle.mitsubishi.fusorosa,83.5863800785326,-38.0058937072754,136.14973449707,-129.775421142578
677,119.175472658128,116,vehicle.mitsubishi.fusorosa,89.4557728420137,-38.0059127807617,136.149749755859,-129.774795532227
678,119.187608558685,116,vehicle.mitsubishi.fusorosa,84.5545519753324,-38.0059394836426,136.149765014648,-129.773895263672
678,119.20012236014,116,vehicle.mitsubishi.fusorosa,88.1390701635235,-38.0059700012207,136.149795532227,-129.773208618164
678,119.211681459099,116,vehicle.mitsubishi.fusorosa,86.5654735449036,-38.0060005187988,136.149795532227,-129.77229309082
678,119.224015459418,116,vehicle.mitsubishi.fusorosa,85.2708604188704,-38.0060234069824,136.149826049805,-129.771667480469
678,119.235992457718,116,vehicle.mitsubishi.fusorosa,83.915330559838,-38.006046295166,136.149826049805,-129.770904541016
678,119.247698057443,116,vehicle.mitsubishi.fusorosa,82.83575011642,-38.0060729980469,136.149856567383,-129.770248413086
678,119.25941805914,116,vehicle.mitsubishi.fusorosa,82.9296517134904,-38.0060958862305,136.149856567383,-129.769668579102
678,119.27134815976,116,vehicle.mitsubishi.fusorosa,83.1816998073688,-38.0061187744141,136.149871826172,-129.76904296875
678,119.283942360431,116,vehicle.mitsubishi.fusorosa,86.3344774825566,-38.0061378479004,136.149887084961,-129.76838684082
679,119.296134859324,116,vehicle.mitsubishi.fusorosa,84.1436514762757,-38.0061569213867,136.14990234375,-129.767715454102
679,119.307821359485,116,vehicle.mitsubishi.fusorosa,82.9512558591995,-38.0061836242676,136.14990234375,-129.767044067383
679,119.320287559181,116,vehicle.mitsubishi.fusorosa,86.4849867158011,-38.0062065124512,136.149917602539,-129.766479492188
679,119.332247558981,116,vehicle.mitsubishi.fusorosa,84.4808426195401,-38.0062294006348,136.149932861328,-129.765808105469
679,119.344121258706,116,vehicle.mitsubishi.fusorosa,80.5589623504359,-38.0062484741211,136.149963378906,-129.765228271484
679,119.35570186004,116,vehicle.mitsubishi.fusorosa,82.4746268049956,-38.0062789916992,136.149963378906,-129.764495849609
679,119.367568358779,116,vehicle.mitsubishi.fusorosa,84.8098614408288,-38.0063018798828,136.149978637695,-129.763778686523
679,119.379793260247,116,vehicle.mitsubishi.fusorosa,84.3358903598475,-38.0063209533691,136.149993896484,-129.763198852539
679,119.393288057297,116,vehicle.mitsubishi.fusorosa,92.0774727195605,-38.0063400268555,136.149993896484,-129.762496948242
680,119.405694458634,116,vehicle.mitsubishi.fusorosa,86.0859984363718,-38.0063705444336,136.150009155273,-129.761734008789
680,119.418128859252,116,vehicle.mitsubishi.fusorosa,85.4499050653267,-38.0064010620117,136.150039672852,-129.760986328125
680,119.430155359209,116,vehicle.mitsubishi.fusorosa,86.1461050600121,-38.0064315795898,136.150054931641,-129.760192871094
680,119.441851660609,116,vehicle.mitsubishi.fusorosa,82.6481657036572,-38.0064582824707,136.15007019043,-129.759521484375
680,119.453270860016,116,vehicle.mitsubishi.fusorosa,82.6801950023259,-38.0064811706543,136.15007019043,-129.758850097656
680,119.465698059648,116,vehicle.mitsubishi.fusorosa,85.927657153126,-38.0065002441406,136.150100708008,-129.758239746094
680,119.477586857975,116,vehicle.mitsubishi.fusorosa,83.795354957636,-38.006519317627,136.150100708008,-129.757598876953
680,119.488961260766,116,vehicle.mitsubishi.fusorosa,82.6061129832724,-38.0065460205078,136.150131225586,-129.757064819336
680,119.502257660031,116,vehicle.mitsubishi.fusorosa,91.5421267881096,-38.0065689086914,136.150131225586,-129.756393432617
681,119.514318458736,116,vehicle.mitsubishi.fusorosa,84.7854625542398,-38.006591796875,136.150146484375,-129.755615234375
681,119.526675160974,116,vehicle.mitsubishi.fusorosa,86.7306726536595,-38.0066223144531,136.150161743164,-129.754898071289
681,119.539351157844,116,vehicle.mitsubishi.fusorosa,87.7961853375106,-38.0066452026367,136.150177001953,-129.754287719727
681,119.551543459296,116,vehicle.mitsubishi.fusorosa,85.4600584324464,-38.0066719055176,136.150192260742,-129.753555297852
681,119.563286758959,116,vehicle.mitsubishi.fusorosa,80.3868763776808,-38.0066986083984,136.15022277832,-129.752746582031
681,119.575652658939,116,vehicle.mitsubishi.fusorosa,83.6131925002422,-38.0067253112793,136.150238037109,-129.752090454102
681,119.58750025928,116,vehicle.mitsubishi.fusorosa,84.2365668366383,-38.0067558288574,136.150238037109,-129.75129699707
681,119.598861057311,116,vehicle.mitsubishi.fusorosa,82.4712200939923,-38.006778717041,136.150253295898,-129.750640869141
682,119.611638259143,116,vehicle.mitsubishi.fusorosa,88.5200883321227,-38.0068016052246,136.150253295898,-129.750061035156
682,119.62499095872,116,vehicle.mitsubishi.fusorosa,91.4759572004875,-38.0068244934082,136.150283813477,-129.749374389648
682,119.637347459793,116,vehicle.mitsubishi.fusorosa,85.5511054619214,-38.0068511962891,136.150299072266,-129.748565673828
682,119.648959960788,116,vehicle.mitsubishi.fusorosa,85.1409707564109,-38.0068855285645,136.150314331055,-129.747802734375
682,119.661493558437,116,vehicle.mitsubishi.fusorosa,86.5420934324606,-38.006908416748,136.150329589844,-129.747146606445
682,119.673632159829,116,vehicle.mitsubishi.fusorosa,84.7763638222718,-38.0069313049316,136.150344848633,-129.746459960938
682,119.685438860208,116,vehicle.mitsubishi.fusorosa,81.3696920262443,-38.0069580078125,136.150375366211,-129.745834350586
682,119.697282060981,116,vehicle.mitsubishi.fusorosa,83.8752657360811,-38.0069847106934,136.150375366211,-129.745162963867
682,119.708727058023,116,vehicle.mitsubishi.fusorosa,82.8047156554177,-38.007007598877,136.150375366211,-129.744506835938
682,119.720893260092,116,vehicle.mitsubishi.fusorosa,85.1508694226866,-38.0070266723633,136.150390625,-129.743896484375
683,119.733977060765,116,vehicle.mitsubishi.fusorosa,90.3723300959483,-38.0070457458496,136.150390625,-129.743255615234
683,119.745865758508,116,vehicle.mitsubishi.fusorosa,85.0631077305394,-38.0070686340332,136.150421142578,-129.742538452148
683,119.757924459875,116,vehicle.mitsubishi.fusorosa,85.6157315381879,-38.0070953369141,136.150436401367,-129.741928100586
683,119.770025458187,116,vehicle.mitsubishi.fusorosa,84.2995040329337,-38.0071182250977,136.150451660156,-129.741256713867
683,119.781876157969,116,vehicle.mitsubishi.fusorosa,82.8807428878397,-38.0071449279785,136.150466918945,-129.740493774414
683,119.794161658734,116,vehicle.mitsubishi.fusorosa,82.5258107655563,-38.0071678161621,136.150482177734,-129.739852905273
683,119.806116160005,116,vehicle.mitsubishi.fusorosa,84.5843967245399,-38.007194519043,136.150497436523,-129.739166259766
683,119.81771235913,116,vehicle.mitsubishi.fusorosa,82.8030491086031,-38.0072174072266,136.150497436523,-129.738418579102
683,119.829570859671,116,vehicle.mitsubishi.fusorosa,83.5010490357323,-38.0072402954102,136.150512695312,-129.737838745117
683,119.842139057815,116,vehicle.mitsubishi.fusorosa,87.2595505663179,-38.0072631835938,136.150527954102,-129.737182617188
684,119.854485359043,116,vehicle.mitsubishi.fusorosa,85.6519144484753,-38.0072860717773,136.150543212891,-129.736511230469
684,119.866918560117,116,vehicle.mitsubishi.fusorosa,86.1104058362284,-38.0073127746582,136.15055847168,-129.735855102539
684,119.879450760782,116,vehicle.mitsubishi.fusorosa,86.2859361012368,-38.0073394775391,136.150573730469,-129.735015869141
684,119.891314558685,116,vehicle.mitsubishi.fusorosa,83.5536140542999,-38.0073661804199,136.150588989258,-129.734344482422
684,119.903373960406,116,vehicle.mitsubishi.fusorosa,83.6875206484116,-38.0073852539062,136.150604248047,-129.733825683594
684,119.915714859962,116,vehicle.mitsubishi.fusorosa,85.1691233313102,-38.0074081420898,136.150619506836,-129.733169555664
684,119.92771846056,116,vehicle.mitsubishi.fusorosa,84.372584362837,-38.0074310302734,136.150619506836,-129.732513427734
684,119.939959358424,116,vehicle.mitsubishi.fusorosa,83.1796862247868,-38.007453918457,136.150650024414,-129.731994628906
684,119.953102659434,116,vehicle.mitsubishi.fusorosa,90.6169289489077,-38.0074806213379,136.150650024414,-129.731246948242
685,119.965703960508,116,vehicle.mitsubishi.fusorosa,87.4676775796939,-38.0075073242188,136.150665283203,-129.73046875
685,119.978635858744,116,vehicle.mitsubishi.fusorosa,88.2051063947465,-38.0075340270996,136.150695800781,-129.729629516602
685,119.990817759186,116,vehicle.mitsubishi.fusorosa,86.6616468074282,-38.007568359375,136.150695800781,-129.728912353516
685,120.002846058458,116,vehicle.mitsubishi.fusorosa,83.6346376035983,-38.0075874328613,136.150726318359,-129.72834777832
685,120.014966759831,116,vehicle.mitsubishi.fusorosa,84.8894918909362,-38.0076103210449,136.150726318359,-129.727722167969
685,120.026800360531,116,vehicle.mitsubishi.fusorosa,85.9203002179002,-38.0076370239258,136.150741577148,-129.727066040039
685,120.038457758725,116,vehicle.mitsubishi.fusorosa,82.1972773510155,-38.0076599121094,136.150772094727,-129.72639465332
685,120.049807559699,116,vehicle.mitsubishi.fusorosa,82.9263544516366,-38.007682800293,136.150772094727,-129.725784301758
685,120.062918957323,116,vehicle.mitsubishi.fusorosa,90.7444921922394,-38.0077056884766,136.150772094727,-129.725158691406
686,120.075777158141,116,vehicle.mitsubishi.fusorosa,88.4898623771561,-38.0077285766602,136.150802612305,-129.724380493164
686,120.087950058281,116,vehicle.mitsubishi.fusorosa,86.7455813690094,-38.0077590942383,136.150817871094,-129.723617553711
686,120.100483559072,116,vehicle.mitsubishi.fusorosa,86.1047480437158,-38.0077857971191,136.150833129883,-129.722763061523
686,120.112076960504,116,vehicle.mitsubishi.fusorosa,88.2843010313097,-38.0078163146973,136.150833129883,-129.722106933594
686,120.124077457935,116,vehicle.mitsubishi.fusorosa,83.4331119946442,-38.0078392028809,136.150863647461,-129.721557617188
686,120.136160958558,116,vehicle.mitsubishi.fusorosa,84.6489783680728,-38.0078659057617,136.15087890625,-129.720825195312
686,120.148282658309,116,vehicle.mitsubishi.fusorosa,85.1772972858394,-38.0078926086426,136.15087890625,-129.720092773438
686,120.160460658371,116,vehicle.mitsubishi.fusorosa,84.4922198099858,-38.0079154968262,136.150909423828,-129.719375610352
686,120.174127757549,116,vehicle.mitsubishi.fusorosa,92.8245096682694,-38.0079383850098,136.150909423828,-129.718795776367
687,120.186825159937,116,vehicle.mitsubishi.fusorosa,87.9242322965763,-38.0079689025879,136.150939941406,-129.717956542969
687,120.198767460883,116,vehicle.mitsubishi.fusorosa,84.0467329456893,-38.0079956054688,136.150970458984,-129.717132568359
687,120.210252258927,116,vehicle.mitsubishi.fusorosa,84.0477602623333,-38.0080261230469,136.150970458984,-129.716491699219
687,120.221711359918,116,vehicle.mitsubishi.fusorosa,82.6037148421336,-38.0080451965332,136.150970458984,-129.715957641602
687,120.233982257545,116,vehicle.mitsubishi.fusorosa,85.9441811310729,-38.0080680847168,136.150985717773,-129.71533203125
687,120.246334757656,116,vehicle.mitsubishi.fusorosa,86.5901287941203,-38.0080871582031,136.150985717773,-129.714767456055
687,120.257837358862,116,vehicle.mitsubishi.fusorosa,83.5486844156231,-38.0081100463867,136.151016235352,-129.714157104492
687,120.27028875798,116,vehicle.mitsubishi.fusorosa,86.3070206409761,-38.0081405639648,136.151031494141,-129.713485717773
687,120.282954160124,116,vehicle.mitsubishi.fusorosa,87.1745767343365,-38.0081596374512,136.15104675293,-129.71272277832
688,120.295631859452,116,vehicle.mitsubishi.fusorosa,85.130078943483,-38.008186340332,136.151077270508,-129.711929321289
688,120.30865316093,116,vehicle.mitsubishi.fusorosa,87.7474303352827,-38.0082206726074,136.151077270508,-129.711212158203
688,120.320320360363,116,vehicle.mitsubishi.fusorosa,89.7053321216135,-38.0082473754883,136.151092529297,-129.71028137207
688,120.331905260682,116,vehicle.mitsubishi.fusorosa,80.2796522891054,-38.0082702636719,136.151107788086,-129.709854125977
688,120.343861658126,116,vehicle.mitsubishi.fusorosa,84.377273062098,-38.00830078125,136.151107788086,-129.709197998047
688,120.355639159679,116,vehicle.mitsubishi.fusorosa,83.2371929232152,-38.0083236694336,136.151123046875,-129.708557128906
688,120.367992557585,116,vehicle.mitsubishi.fusorosa,85.8836745841242,-38.0083427429199,136.151138305664,-129.707885742188
688,120.380454160273,116,vehicle.mitsubishi.fusorosa,86.6987117534345,-38.0083694458008,136.151153564453,-129.70719909668
688,120.393638558686,116,vehicle.mitsubishi.fusorosa,89.7414125511563,-38.0083885192871,136.151184082031,-129.706558227539
689,120.405428059399,116,vehicle.mitsubishi.fusorosa,88.5211258530483,-38.0084228515625,136.151184082031,-129.705688476562
689,120.418099757284,116,vehicle.mitsubishi.fusorosa,84.7326018133526,-38.0084495544434,136.151214599609,-129.704986572266
689,120.430156160146,116,vehicle.mitsubishi.fusorosa,85.7110945744324,-38.0084762573242,136.151214599609,-129.704208374023
689,120.441350657493,116,vehicle.mitsubishi.fusorosa,88.1470304679144,-38.0085067749023,136.151229858398,-129.703582763672
689,120.452754259109,116,vehicle.mitsubishi.fusorosa,79.4155952124415,-38.0085258483887,136.151245117188,-129.703079223633
689,120.464282657951,116,vehicle.mitsubishi.fusorosa,81.2647550555654,-38.0085487365723,136.151260375977,-129.70246887207
689,120.47607395798,116,vehicle.mitsubishi.fusorosa,82.1419773890535,-38.0085716247559,136.151275634766,-129.701873779297
689,120.488441359252,116,vehicle.mitsubishi.fusorosa,85.6005750027081,-38.0085945129395,136.151290893555,-129.701232910156
689,120.501280657947,116,vehicle.mitsubishi.fusorosa,89.8451187885649,-38.0086212158203,136.151290893555,-129.700454711914
690,120.513916060328,116,vehicle.mitsubishi.fusorosa,86.974591167282,-38.0086479187012,136.151321411133,-129.699569702148
690,120.525831159204,116,vehicle.mitsubishi.fusorosa,85.5730172544761,-38.0086784362793,136.151336669922,-129.698745727539
690,120.538913358003,116,vehicle.mitsubishi.fusorosa,89.329188983906,-38.0087051391602,136.151351928711,-129.697982788086
690,120.550697058439,116,vehicle.mitsubishi.fusorosa,86.198524797655,-38.0087356567383,136.151351928711,-129.697219848633
690,120.56222416088,116,vehicle.mitsubishi.fusorosa,81.7379620047843,-38.0087585449219,136.151382446289,-129.696670532227
690,120.574438460171,116,vehicle.mitsubishi.fusorosa,84.4107210582211,-38.0087776184082,136.151397705078,-129.696029663086
690,120.586341358721,116,vehicle.mitsubishi.fusorosa,83.5679621129742,-38.0088043212891,136.151397705078,-129.695388793945
690,120.598598260432,116,vehicle.mitsubishi.fusorosa,84.4919207056381,-38.0088310241699,136.151428222656,-129.694686889648
690,120.610556159168,116,vehicle.mitsubishi.fusorosa,84.179630999167,-38.0088500976562,136.151428222656,-129.69401550293
691,120.623351059854,116,vehicle.mitsubishi.fusorosa,87.9382248354458,-38.0088768005371,136.151458740234,-129.693344116211
691,120.63597695902,116,vehicle.mitsubishi.fusorosa,87.097376933576,-38.008903503418,136.151458740234,-129.692504882812
691,120.649201959372,116,vehicle.mitsubishi.fusorosa,87.7001179962192,-38.0089302062988,136.151489257812,-129.691757202148
691,120.661309957504,116,vehicle.mitsubishi.fusorosa,85.536603550594,-38.008960723877,136.151504516602,-129.690933227539
691,120.674236260355,116,vehicle.mitsubishi.fusorosa,86.2053706694089,-38.0089874267578,136.15153503418,-129.690231323242
691,120.687487460673,116,vehicle.mitsubishi.fusorosa,90.979804261356,-38.0090179443359,136.15153503418,-129.689453125
691,120.699878860265,116,vehicle.mitsubishi.fusorosa,88.5583292284957,-38.0090522766113,136.151550292969,-129.688568115234
691,120.712280958891,116,vehicle.mitsubishi.fusorosa,85.8337025515937,-38.0090789794922,136.151580810547,-129.687805175781
691,120.725820157677,116,vehicle.mitsubishi.fusorosa,93.2116215598466,-38.0091094970703,136.151580810547,-129.687149047852
692,120.738175760955,116,vehicle.mitsubishi.fusorosa,87.4738960581123,-38.0091361999512,136.151596069336,-129.686370849609
692,120.751096557826,116,vehicle.mitsubishi.fusorosa,88.2188510842558,-38.009162902832,136.151626586914,-129.685607910156
692,120.763302657753,116,vehicle.mitsubishi.fusorosa,87.3256226585466,-38.0091896057129,136.151626586914,-129.684875488281
692,120.775592759252,116,vehicle.mitsubishi.fusorosa,85.2974335337178,-38.0092124938965,136.151657104492,-129.684280395508
692,120.787994857877,116,vehicle.mitsubishi.fusorosa,86.5879443031197,-38.0092391967773,136.151672363281,-129.683624267578
692,120.799653757364,116,vehicle.mitsubishi.fusorosa,88.354509737852,-38.0092658996582,136.151672363281,-129.682830810547
692,120.811451859772,116,vehicle.mitsubishi.fusorosa,83.0464565587537,-38.0092887878418,136.15168762207,-129.682205200195
692,120.823528457433,116,vehicle.mitsubishi.fusorosa,85.1554213835206,-38.0093116760254,136.151702880859,-129.681640625
693,120.836137060076,116,vehicle.mitsubishi.fusorosa,87.6216686861785,-38.0093307495117,136.151702880859,-129.680923461914
693,120.848065357655,116,vehicle.mitsubishi.fusorosa,82.7093269332189,-38.0093536376953,136.151733398438,-129.680313110352
693,120.859807860106,116,vehicle.mitsubishi.fusorosa,83.9671024663517,-38.0093803405762,136.151748657227,-129.679656982422
693,120.8717735596,116,vehicle.mitsubishi.fusorosa,83.5646819361162,-38.0094032287598,136.151748657227,-129.678817749023
693,120.884472757578,116,vehicle.mitsubishi.fusorosa,87.4662913027565,-38.0094261169434,136.151763916016,-129.678268432617
693,120.896180160344,116,vehicle.mitsubishi.fusorosa,86.4045425407275,-38.009449005127,136.151779174805,-129.677505493164
693,120.907818458974,116,vehicle.mitsubishi.fusorosa,81.9157400861949,-38.0094757080078,136.151794433594,-129.676864624023
693,120.919749159366,116,vehicle.mitsubishi.fusorosa,83.7892218749662,-38.0094985961914,136.151809692383,-129.676330566406
693,120.933046858758,116,vehicle.mitsubishi.fusorosa,90.9052043273467,-38.009521484375,136.151809692383,-129.675552368164
694,120.945365857333,116,vehicle.mitsubishi.fusorosa,86.2746272800046,-38.0095520019531,136.151840209961,-129.674743652344
694,120.958348758519,116,vehicle.mitsubishi.fusorosa,86.767465813826,-38.009578704834,136.15185546875,-129.673980712891
694,120.970760859549,116,vehicle.mitsubishi.fusorosa,85.1120763829057,-38.0096092224121,136.151870727539,-129.673187255859
694,120.982673160732,116,vehicle.mitsubishi.fusorosa,84.2941846167697,-38.009635925293,136.151885986328,-129.672393798828
694,120.994192857295,116,vehicle.mitsubishi.fusorosa,83.556239548545,-38.0096588134766,136.151885986328,-129.671737670898
694,121.006283458322,116,vehicle.mitsubishi.fusorosa,84.7606380876185,-38.0096817016602,136.151901245117,-129.671203613281
694,121.017584960908,116,vehicle.mitsubishi.fusorosa,86.0325514113154,-38.0097045898438,136.151916503906,-129.670516967773
694,121.03016955778,116,vehicle.mitsubishi.fusorosa,86.7492598366223,-38.0097274780273,136.151931762695,-129.67008972168
694,121.042702458799,116,vehicle.mitsubishi.fusorosa,86.5785925613216,-38.0097503662109,136.151947021484,-129.669387817383
695,121.054615657777,116,vehicle.mitsubishi.fusorosa,83.7995205230108,-38.0097770690918,136.151962280273,-129.66862487793
695,121.066893558949,116,vehicle.mitsubishi.fusorosa,85.5050084621463,-38.0098037719727,136.151962280273,-129.66796875
695,121.07978175953,116,vehicle.mitsubishi.fusorosa,89.3047371805458,-38.0098266601562,136.151977539062,-129.66731262207
695,121.09147425741,116,vehicle.mitsubishi.fusorosa,87.3756357125526,-38.0098533630371,136.151992797852,-129.666656494141
695,121.103054460138,116,vehicle.mitsubishi.fusorosa,78.1606896408858,-38.009880065918,136.15202331543,-129.665893554688
695,121.115292258561,116,vehicle.mitsubishi.fusorosa,84.951135174448,-38.0099067687988,136.15202331543,-129.665145874023
695,121.126916859299,116,vehicle.mitsubishi.fusorosa,83.1811733206849,-38.0099296569824,136.152053833008,-129.664520263672
695,121.139758359641,116,vehicle.mitsubishi.fusorosa,87.6338339448662,-38.0099487304688,136.152053833008,-129.663925170898
695,121.152218859643,116,vehicle.mitsubishi.fusorosa,85.9582745473637,-38.0099754333496,136.152069091797,-129.663177490234
695,121.167073559016,116,vehicle.mitsubishi.fusorosa,101.794144097892,-38.0100059509277,136.152084350586,-129.66242980957
696,121.181148059666,116,vehicle.mitsubishi.fusorosa,95.2914031402726,-38.0100326538086,136.152099609375,-129.661575317383
696,121.19477615878,116,vehicle.mitsubishi.fusorosa,91.4329438416583,-38.0100708007812,136.152130126953,-129.660598754883
696,121.206914059818,116,vehicle.mitsubishi.fusorosa,84.9294643797697,-38.0101051330566,136.152160644531,-129.659744262695
696,121.218414459378,116,vehicle.mitsubishi.fusorosa,85.8728528021935,-38.010139465332,136.15217590332,-129.659118652344
696,121.230300158262,116,vehicle.mitsubishi.fusorosa,83.1470039637494,-38.0101661682129,136.152191162109,-129.658584594727
696,121.241963259876,116,vehicle.mitsubishi.fusorosa,81.4833055308869,-38.0101852416992,136.152206420898,-129.657943725586
696,121.254241257906,116,vehicle.mitsubishi.fusorosa,85.7697226154423,-38.0102119445801,136.152206420898,-129.65739440918
696,121.266882658005,116,vehicle.mitsubishi.fusorosa,87.3321796302346,-38.0102348327637,136.152221679688,-129.656646728516
697,121.279313959181,116,vehicle.mitsubishi.fusorosa,84.1113504502277,-38.0102615356445,136.152252197266,-129.655807495117
697,121.292180258781,116,vehicle.mitsubishi.fusorosa,88.7796471554195,-38.0102882385254,136.152267456055,-129.655075073242
697,121.304429657757,116,vehicle.mitsubishi.fusorosa,84.0222332109093,-38.0103149414062,136.152282714844,-129.654190063477
697,121.315746959299,116,vehicle.mitsubishi.fusorosa,90.0122511861635,-38.0103454589844,136.152297973633,-129.653381347656
697,121.327475357801,116,vehicle.mitsubishi.fusorosa,81.6101286666267,-38.0103721618652,136.152313232422,-129.65283203125
697,121.339532859623,116,vehicle.mitsubishi.fusorosa,84.7653199061654,-38.0103988647461,136.152313232422,-129.652206420898
697,121.351821057498,116,vehicle.mitsubishi.fusorosa,85.1499412924499,-38.0104217529297,136.152328491211,-129.65153503418
697,121.364075858146,116,vehicle.mitsubishi.fusorosa,84.9023459729983,-38.0104446411133,136.15234375,-129.650787353516
697,121.376773159951,116,vehicle.mitsubishi.fusorosa,87.4313493592514,-38.0104713439941,136.152359008789,-129.650009155273
698,121.391195960343,116,vehicle.mitsubishi.fusorosa,96.3355065233128,-38.0105018615723,136.152374267578,-129.649215698242
698,121.403924759477,116,vehicle.mitsubishi.fusorosa,88.0350135375497,-38.0105361938477,136.152389526367,-129.64826965332
698,121.415849860758,116,vehicle.mitsubishi.fusorosa,84.1212662014991,-38.0105667114258,136.152420043945,-129.6474609375
698,121.427917957306,116,vehicle.mitsubishi.fusorosa,84.3901955426038,-38.0105895996094,136.152435302734,-129.646759033203
698,121.440192360431,116,vehicle.mitsubishi.fusorosa,85.4079617356309,-38.010612487793,136.152435302734,-129.646194458008
698,121.451934859157,116,vehicle.mitsubishi.fusorosa,84.3189578576338,-38.0106353759766,136.152450561523,-129.6455078125
698,121.463363457471,116,vehicle.mitsubishi.fusorosa,82.9376974720905,-38.0106620788574,136.152465820312,-129.644882202148
698,121.475458558649,116,vehicle.mitsubishi.fusorosa,85.0550448577132,-38.0106811523438,136.152465820312,-129.644378662109
698,121.488441661,116,vehicle.mitsubishi.fusorosa,89.3792243126079,-38.0107040405273,136.152481079102,-129.643737792969
699,121.50087345764,116,vehicle.mitsubishi.fusorosa,86.1975128749928,-38.0107307434082,136.15251159668,-129.642852783203
699,121.513423360884,116,vehicle.mitsubishi.fusorosa,84.34699416113,-38.0107574462891,136.152542114258,-129.64208984375
699,121.525503858924,116,vehicle.mitsubishi.fusorosa,82.5864181899263,-38.0107841491699,136.152542114258,-129.641235351562
699,121.537701759487,116,vehicle.mitsubishi.fusorosa,85.1680020179591,-38.010814666748,136.152557373047,-129.640533447266
699,121.55013345927,116,vehicle.mitsubishi.fusorosa,86.0599928589141,-38.0108375549316,136.152572631836,-129.63981628418
699,121.561631157994,116,vehicle.mitsubishi.fusorosa,88.2835796704972,-38.0108642578125,136.152587890625,-129.639038085938
699,121.574801757932,116,vehicle.mitsubishi.fusorosa,88.5750720755112,-38.0108909606934,136.152603149414,-129.638397216797
699,121.587764557451,116,vehicle.mitsubishi.fusorosa,88.9901689279063,-38.0109176635742,136.152618408203,-129.637481689453
699,121.601266957819,116,vehicle.mitsubishi.fusorosa,89.3585825255874,-38.0109481811523,136.152648925781,-129.636703491211
700,121.613150257617,116,vehicle.mitsubishi.fusorosa,88.429501081902,-38.0109825134277,136.152648925781,-129.635787963867
700,121.62527685985,116,vehicle.mitsubishi.fusorosa,83.7051659689398,-38.0110130310059,136.152679443359,-129.635269165039
700,121.637412458658,116,vehicle.mitsubishi.fusorosa,85.0042848446314,-38.0110359191895,136.152679443359,-129.63459777832
700,121.649161260575,116,vehicle.mitsubishi.fusorosa,85.7966119488633,-38.0110664367676,136.152694702148,-129.633895874023
700,121.660579558462,116,vehicle.mitsubishi.fusorosa,82.2779693169887,-38.0110893249512,136.152709960938,-129.633224487305
700,121.672915659845,116,vehicle.mitsubishi.fusorosa,86.3247513864833,-38.0111122131348,136.152709960938,-129.63264465332
700,121.685212958604,116,vehicle.mitsubishi.fusorosa,86.2055655435374,-38.0111312866211,136.152725219727,-129.631881713867
700,121.69746715948,116,vehicle.mitsubishi.fusorosa,84.4958025898775,-38.0111503601074,136.152755737305,-129.631271362305
700,121.710226457566,116,vehicle.mitsubishi.fusorosa,88.4311659377025,-38.0111770629883,136.152755737305,-129.630584716797
701,121.722830560058,116,vehicle.mitsubishi.fusorosa,87.6434847617816,-38.0112037658691,136.152770996094,-129.6298828125
701,121.735796857625,116,vehicle.mitsubishi.fusorosa,88.7939114216683,-38.01123046875,136.152786254883,-129.629013061523
701,121.748244058341,116,vehicle.mitsubishi.fusorosa,86.3216336047762,-38.0112571716309,136.152816772461,-129.628341674805
701,121.760029260069,116,vehicle.mitsubishi.fusorosa,86.4023853974649,-38.011287689209,136.152816772461,-129.627578735352
701,121.771746460348,116,vehicle.mitsubishi.fusorosa,83.5972205780125,-38.0113067626953,136.15283203125,-129.626922607422
701,121.78413086012,116,vehicle.mitsubishi.fusorosa,86.4881147310201,-38.0113296508789,136.15283203125,-129.626312255859
701,121.795988857746,116,vehicle.mitsubishi.fusorosa,84.5161434648782,-38.0113525390625,136.152862548828,-129.625671386719
701,121.807622659951,116,vehicle.mitsubishi.fusorosa,84.144781361355,-38.0113792419434,136.152877807617,-129.624908447266
701,121.820599257946,116,vehicle.mitsubishi.fusorosa,89.8610991948319,-38.0114059448242,136.152877807617,-129.624328613281
702,121.833321560174,116,vehicle.mitsubishi.fusorosa,88.5978829887807,-38.0114288330078,136.152893066406,-129.623626708984
702,121.845760058612,116,vehicle.mitsubishi.fusorosa,84.0790339717374,-38.0114555358887,136.152923583984,-129.622741699219
702,121.857819959521,116,vehicle.mitsubishi.fusorosa,84.8303852654321,-38.0114822387695,136.152938842773,-129.622039794922
702,121.870336357504,116,vehicle.mitsubishi.fusorosa,86.0613107081774,-38.0115089416504,136.152938842773,-129.621292114258
702,121.88324765861,116,vehicle.mitsubishi.fusorosa,88.3934190198057,-38.011531829834,136.152954101562,-129.620651245117
702,121.895438060164,116,vehicle.mitsubishi.fusorosa,82.8240600601985,-38.0115585327148,136.152984619141,-129.619857788086
702,121.907794360071,116,vehicle.mitsubishi.fusorosa,85.1848576376916,-38.0115852355957,136.15299987793,-129.619110107422
702,121.919661659747,116,vehicle.mitsubishi.fusorosa,84.597538015654,-38.0116119384766,136.15299987793,-129.618453979492
702,121.932593658566,116,vehicle.mitsubishi.fusorosa,89.2087023474622,-38.0116386413574,136.153030395508,-129.617782592773
703,121.945337660611,116,vehicle.mitsubishi.fusorosa,87.9206786720947,-38.011661529541,136.153030395508,-129.617050170898
703,121.957224957645,116,vehicle.mitsubishi.fusorosa,84.8458819851955,-38.0116882324219,136.153060913086,-129.616241455078
703,121.968199260533,116,vehicle.mitsubishi.fusorosa,94.5740297988409,-38.0117149353027,136.153076171875,-129.615676879883
703,121.980132158846,116,vehicle.mitsubishi.fusorosa,83.4531435610156,-38.0117378234863,136.153076171875,-129.615310668945
703,121.991829160601,116,vehicle.mitsubishi.fusorosa,82.5499822405786,-38.0117568969727,136.153076171875,-129.61491394043
703,122.004063859582,116,vehicle.mitsubishi.fusorosa,84.3345998290918,-38.0117797851562,136.153091430664,-129.614364624023
703,122.015835959464,116,vehicle.mitsubishi.fusorosa,83.3810494678202,-38.0118026733398,136.153106689453,-129.613739013672
703,122.027527760714,116,vehicle.mitsubishi.fusorosa,82.4879202285183,-38.0118217468262,136.153121948242,-129.61311340332
703,122.040633160621,116,vehicle.mitsubishi.fusorosa,90.0271889110351,-38.011848449707,136.153121948242,-129.612564086914
704,122.052272360772,116,vehicle.mitsubishi.fusorosa,85.4645436858508,-38.0118675231934,136.153137207031,-129.611846923828
704,122.064863357693,116,vehicle.mitsubishi.fusorosa,83.5598565276585,-38.011890411377,136.153167724609,-129.611206054688
704,122.077155157924,116,vehicle.mitsubishi.fusorosa,85.3819150490069,-38.0119171142578,136.153167724609,-129.610488891602
704,122.089356459677,116,vehicle.mitsubishi.fusorosa,86.6411708557842,-38.0119514465332,136.153182983398,-129.60969543457
704,122.101010560989,116,vehicle.mitsubishi.fusorosa,82.115243570069,-38.0119743347168,136.153213500977,-129.608901977539
704,122.113074157387,116,vehicle.mitsubishi.fusorosa,84.3058319605016,-38.0119972229004,136.153213500977,-129.608245849609
704,122.124455757439,116,vehicle.mitsubishi.fusorosa,81.9204031287321,-38.0120162963867,136.153228759766,-129.607620239258
704,122.136589657515,116,vehicle.mitsubishi.fusorosa,84.5842087311256,-38.0120468139648,136.153244018555,-129.607009887695
704,122.150454457849,116,vehicle.mitsubishi.fusorosa,94.6475373997905,-38.0120658874512,136.153244018555,-129.6064453125
705,122.162808459252,116,vehicle.mitsubishi.fusorosa,85.7102963311389,-38.012092590332,136.153274536133,-129.60563659668
705,122.175031360239,116,vehicle.mitsubishi.fusorosa,83.5023942035034,-38.0121192932129,136.153305053711,-129.604873657227
705,122.18744565919,116,vehicle.mitsubishi.fusorosa,86.7332896054066,-38.0121459960938,136.153305053711,-129.604141235352
705,122.199536658823,116,vehicle.mitsubishi.fusorosa,84.935342732365,-38.0121726989746,136.1533203125,-129.603576660156
705,122.21043445915,116,vehicle.mitsubishi.fusorosa,94.6007071439073,-38.0121994018555,136.153350830078,-129.602783203125
705,122.222310159355,116,vehicle.mitsubishi.fusorosa,84.4148234440826,-38.0122222900391,136.153350830078,-129.602508544922
705,122.234228160232,116,vehicle.mitsubishi.fusorosa,84.1446206572181,-38.0122413635254,136.153350830078,-129.602081298828
705,122.245889857411,116,vehicle.mitsubishi.fusorosa,81.7250908377264,-38.0122604370117,136.153366088867,-129.601577758789
705,122.259259160608,116,vehicle.mitsubishi.fusorosa,91.0488215943197,-38.012279510498,136.153381347656,-129.601089477539
706,122.271025657654,116,vehicle.mitsubishi.fusorosa,83.5505116373443,-38.0123062133789,136.153396606445,-129.600296020508
706,122.284385260195,116,vehicle.mitsubishi.fusorosa,88.5514543764503,-38.0123329162598,136.153427124023,-129.599639892578
706,122.297644358128,116,vehicle.mitsubishi.fusorosa,91.3806420372024,-38.0123596191406,136.153411865234,-129.598724365234
706,122.309090260416,116,vehicle.mitsubishi.fusorosa,91.8592025725769,-38.0123901367188,136.153442382812,-129.597961425781
706,122.321499660611,116,vehicle.mitsubishi.fusorosa,85.6260114102226,-38.0124168395996,136.153457641602,-129.597549438477
706,122.33360785991,116,vehicle.mitsubishi.fusorosa,84.7642481567877,-38.0124435424805,136.153457641602,-129.596801757812
706,122.345442660153,116,vehicle.mitsubishi.fusorosa,82.6788514671083,-38.0124702453613,136.15348815918,-129.596145629883
706,122.358097158372,116,vehicle.mitsubishi.fusorosa,86.5485854169631,-38.0124931335449,136.153503417969,-129.595489501953
706,122.371851157397,116,vehicle.mitsubishi.fusorosa,90.7382993120845,-38.0125160217285,136.153518676758,-129.594696044922
707,122.38468015939,116,vehicle.mitsubishi.fusorosa,88.0114300084803,-38.0125503540039,136.153533935547,-129.59391784668
707,122.3972902596,116,vehicle.mitsubishi.fusorosa,86.0406074034275,-38.012580871582,136.153564453125,-129.593017578125
707,122.408814258873,116,vehicle.mitsubishi.fusorosa,87.3221630015419,-38.0126037597656,136.153564453125,-129.592330932617
707,122.420638058335,116,vehicle.mitsubishi.fusorosa,81.9350776102617,-38.0126266479492,136.153579711914,-129.591827392578
707,122.432435359806,116,vehicle.mitsubishi.fusorosa,83.2591884789651,-38.0126495361328,136.153594970703,-129.591186523438
707,122.444514960051,116,vehicle.mitsubishi.fusorosa,81.8158831955876,-38.0126762390137,136.153625488281,-129.59049987793
707,122.45709066093,116,vehicle.mitsubishi.fusorosa,87.0857125048482,-38.0127029418945,136.153625488281,-129.589736938477
707,122.469375159591,116,vehicle.mitsubishi.fusorosa,85.1628124887381,-38.0127258300781,136.15364074707,-129.588958740234
707,122.482549857348,116,vehicle.mitsubishi.fusorosa,87.9831577509197,-38.012752532959,136.153671264648,-129.588195800781
708,122.495165757835,116,vehicle.mitsubishi.fusorosa,84.9195315142722,-38.0127830505371,136.153671264648,-129.587219238281
708,122.50742835924,116,vehicle.mitsubishi.fusorosa,84.8540490882409,-38.012809753418,136.153686523438,-129.586486816406
708,122.519213359803,116,vehicle.mitsubishi.fusorosa,83.8562614571233,-38.0128364562988,136.153701782227,-129.585754394531
708,122.53142086044,116,vehicle.mitsubishi.fusorosa,82.6317955491331,-38.0128593444824,136.153732299805,-129.585098266602
708,122.543301958591,116,vehicle.mitsubishi.fusorosa,81.5250437529423,-38.0128860473633,136.153732299805,-129.584365844727
708,122.555351059884,116,vehicle.mitsubishi.fusorosa,84.2449356652959,-38.0129127502441,136.153747558594,-129.583709716797
708,122.566722359508,116,vehicle.mitsubishi.fusorosa,84.5956953707207,-38.0129356384277,136.153762817383,-129.582946777344
708,122.578308157623,116,vehicle.mitsubishi.fusorosa,81.2695548072992,-38.0129547119141,136.153762817383,-129.582397460938
708,122.591945659369,116,vehicle.mitsubishi.fusorosa,93.573467864637,-38.0129776000977,136.153778076172,-129.581741333008
709,122.605323560536,116,vehicle.mitsubishi.fusorosa,91.2569554884098,-38.0130004882812,136.153793334961,-129.58088684082
709,122.61837675795,116,vehicle.mitsubishi.fusorosa,88.9637137462457,-38.0130271911621,136.15380859375,-129.580093383789
709,122.630472559482,116,vehicle.mitsubishi.fusorosa,85.0143681222933,-38.0130577087402,136.153839111328,-129.579284667969
709,122.642633259296,116,vehicle.mitsubishi.fusorosa,85.0986359874441,-38.0130882263184,136.153839111328,-129.578582763672
709,122.654879260808,116,vehicle.mitsubishi.fusorosa,83.1190120929871,-38.0131149291992,136.153869628906,-129.577911376953
709,122.667372260243,116,vehicle.mitsubishi.fusorosa,86.1202959892364,-38.0131416320801,136.153869628906,-129.577102661133
709,122.678988657892,116,vehicle.mitsubishi.fusorosa,87.1267310571052,-38.0131645202637,136.153884887695,-129.576431274414
709,122.691036958247,116,vehicle.mitsubishi.fusorosa,83.9116931137007,-38.0131912231445,136.153900146484,-129.575881958008
709,122.704624459147,116,vehicle.mitsubishi.fusorosa,92.5834388415282,-38.0132102966309,136.153915405273,-129.575241088867
710,122.716783158481,116,vehicle.mitsubishi.fusorosa,86.0334197148364,-38.0132369995117,136.153915405273,-129.574447631836
710,122.729729659855,116,vehicle.mitsubishi.fusorosa,87.6469170710484,-38.0132598876953,136.153945922852,-129.573791503906
710,122.741766758263,116,vehicle.mitsubishi.fusorosa,86.5138639750802,-38.0132865905762,136.153945922852,-129.573165893555
710,122.753972258419,116,vehicle.mitsubishi.fusorosa,85.2325528150677,-38.013313293457,136.15397644043,-129.572540283203
710,122.766291957349,116,vehicle.mitsubishi.fusorosa,86.2754596932898,-38.0133399963379,136.15397644043,-129.571731567383
710,122.778284657747,116,vehicle.mitsubishi.fusorosa,85.2909449312433,-38.0133628845215,136.153991699219,-129.571060180664
710,122.790812257677,116,vehicle.mitsubishi.fusorosa,86.3891638418418,-38.0133857727051,136.154022216797,-129.570404052734
710,122.802801460028,116,vehicle.mitsubishi.fusorosa,85.4094146615374,-38.0134124755859,136.154022216797,-129.569641113281
710,122.815770957619,116,vehicle.mitsubishi.fusorosa,88.9174219015725,-38.0134315490723,136.154037475586,-129.569122314453
711,122.827753759921,116,vehicle.mitsubishi.fusorosa,86.1964855583489,-38.0134582519531,136.154052734375,-129.568252563477
711,122.843734759837,116,vehicle.mitsubishi.fusorosa,106.647736494627,-38.013484954834,136.154083251953,-129.567565917969
711,122.855519860983,116,vehicle.mitsubishi.fusorosa,86.4477849729072,-38.0135116577148,136.154083251953,-129.566452026367
711,122.867458257824,116,vehicle.mitsubishi.fusorosa,81.5057404280975,-38.013542175293,136.15412902832,-129.566024780273
711,122.87984066084,116,vehicle.mitsubishi.fusorosa,86.7752740150384,-38.0135726928711,136.154113769531,-129.565307617188
711,122.891564559191,116,vehicle.mitsubishi.fusorosa,84.6210821850316,-38.013599395752,136.154144287109,-129.564682006836
711,122.903767157346,116,vehicle.mitsubishi.fusorosa,82.0052418840702,-38.0136184692383,136.154159545898,-129.564056396484
711,122.916008159518,116,vehicle.mitsubishi.fusorosa,85.161453588769,-38.0136451721191,136.154159545898,-129.563385009766
711,122.930042259395,116,vehicle.mitsubishi.fusorosa,95.9041745053461,-38.0136680603027,136.154159545898,-129.562759399414
712,122.942812658846,116,vehicle.mitsubishi.fusorosa,88.4705777698605,-38.0136947631836,136.154190063477,-129.561950683594
712,122.955992758274,116,vehicle.mitsubishi.fusorosa,88.9327049419673,-38.0137214660645,136.154220581055,-129.561172485352
712,122.968360859901,116,vehicle.mitsubishi.fusorosa,87.7927273715199,-38.0137557983398,136.154220581055,-129.56037902832
712,122.980045758188,116,vehicle.mitsubishi.fusorosa,86.8717327371404,-38.0137748718262,136.154235839844,-129.559753417969
712,122.992475159466,116,vehicle.mitsubishi.fusorosa,87.0983033727985,-38.013801574707,136.154251098633,-129.559173583984
712,123.005406457931,116,vehicle.mitsubishi.fusorosa,90.1133335911107,-38.0138244628906,136.154251098633,-129.558517456055
712,123.018034957349,116,vehicle.mitsubishi.fusorosa,87.3442610964968,-38.0138473510742,136.154281616211,-129.557754516602
712,123.031688459218,116,vehicle.mitsubishi.fusorosa,90.844067063495,-38.0138778686523,136.154296875,-129.556991577148
713,123.044908758253,116,vehicle.mitsubishi.fusorosa,90.9355584782424,-38.0139083862305,136.154312133789,-129.555999755859
713,123.058295860887,116,vehicle.mitsubishi.fusorosa,93.1215778813056,-38.0139427185059,136.154327392578,-129.55517578125
713,123.070833358914,116,vehicle.mitsubishi.fusorosa,88.790810724957,-38.013973236084,136.154342651367,-129.554244995117
713,123.083510957658,116,vehicle.mitsubishi.fusorosa,87.5549093738987,-38.0140037536621,136.154373168945,-129.553588867188
713,123.096411257982,116,vehicle.mitsubishi.fusorosa,89.0428571278216,-38.0140266418457,136.154388427734,-129.552841186523
713,123.108832158148,116,vehicle.mitsubishi.fusorosa,87.2437495525068,-38.0140533447266,136.154403686523,-129.552062988281
713,123.121296357363,116,vehicle.mitsubishi.fusorosa,88.6074414707727,-38.014087677002,136.154418945312,-129.551284790039
713,123.134239058942,116,vehicle.mitsubishi.fusorosa,89.2128149668356,-38.0141105651855,136.154434204102,-129.55061340332
713,123.148470059037,116,vehicle.mitsubishi.fusorosa,97.1762929659136,-38.0141372680664,136.154434204102,-129.549758911133
714,123.161495558918,116,vehicle.mitsubishi.fusorosa,90.3322909289152,-38.0141639709473,136.15446472168,-129.548904418945
714,123.174373857677,116,vehicle.mitsubishi.fusorosa,88.5038959375011,-38.0141944885254,136.154495239258,-129.548126220703
714,123.187553457916,116,vehicle.mitsubishi.fusorosa,90.13366429106,-38.0142211914062,136.154495239258,-129.547317504883
714,123.20168825984,116,vehicle.mitsubishi.fusorosa,95.8836250532491,-38.0142517089844,136.154510498047,-129.546646118164
714,123.214754957706,116,vehicle.mitsubishi.fusorosa,90.62089794914,-38.0142860412598,136.154541015625,-129.545684814453
714,123.227809160948,116,vehicle.mitsubishi.fusorosa,87.5662336768034,-38.0143165588379,136.154571533203,-129.544830322266
714,123.240714557469,116,vehicle.mitsubishi.fusorosa,89.7161726503238,-38.0143508911133,136.154571533203,-129.543975830078
714,123.254257760942,116,vehicle.mitsubishi.fusorosa,91.2573794066584,-38.0143814086914,136.154602050781,-129.543197631836
715,123.268146060407,116,vehicle.mitsubishi.fusorosa,94.9871660438855,-38.0144119262695,136.154602050781,-129.542266845703
715,123.281716957688,116,vehicle.mitsubishi.fusorosa,94.891519268045,-38.0144500732422,136.154632568359,-129.541244506836
715,123.295165359974,116,vehicle.mitsubishi.fusorosa,91.8097655984586,-38.014476776123,136.154647827148,-129.540420532227
715,123.308647859842,116,vehicle.mitsubishi.fusorosa,94.8004670488698,-38.0145111083984,136.154663085938,-129.539642333984
715,123.321977358311,116,vehicle.mitsubishi.fusorosa,92.3809696791254,-38.0145416259766,136.154678344727,-129.538726806641
715,123.334500860423,116,vehicle.mitsubishi.fusorosa,90.299591582882,-38.014575958252,136.154708862305,-129.537841796875
715,123.347604360431,116,vehicle.mitsubishi.fusorosa,90.8604543614755,-38.0146102905273,136.154724121094,-129.537048339844
715,123.362367358059,116,vehicle.mitsubishi.fusorosa,100.69165542093,-38.0146369934082,136.154739379883,-129.536163330078
716,123.376091457903,116,vehicle.mitsubishi.fusorosa,94.0721095888169,-38.0146713256836,136.154754638672,-129.535125732422
716,123.389800157398,116,vehicle.mitsubishi.fusorosa,93.9185098631428,-38.014705657959,136.15478515625,-129.534210205078
716,123.402980960906,116,vehicle.mitsubishi.fusorosa,92.3438107071815,-38.0147361755371,136.154800415039,-129.53337097168
716,123.415465958416,116,vehicle.mitsubishi.fusorosa,95.0560380374639,-38.0147743225098,136.154815673828,-129.532455444336
716,123.428200960159,116,vehicle.mitsubishi.fusorosa,88.5626281502695,-38.0148010253906,136.154830932617,-129.531799316406
716,123.441331658512,116,vehicle.mitsubishi.fusorosa,90.9690560967994,-38.0148239135742,136.154846191406,-129.531051635742
716,123.453687958419,116,vehicle.mitsubishi.fusorosa,94.1281975605607,-38.0148544311523,136.154861450195,-129.530242919922
716,123.466973759234,116,vehicle.mitsubishi.fusorosa,92.383807161725,-38.0148811340332,136.154876708984,-129.529602050781
717,123.481353260577,116,vehicle.mitsubishi.fusorosa,98.8147532181879,-38.0149078369141,136.154876708984,-129.528823852539
717,123.494394160807,116,vehicle.mitsubishi.fusorosa,91.6946170957282,-38.0149421691895,136.154907226562,-129.527847290039
717,123.508346758783,116,vehicle.mitsubishi.fusorosa,92.7811903243784,-38.0149726867676,136.154937744141,-129.527008056641
717,123.520714260638,116,vehicle.mitsubishi.fusorosa,104.683498209,-38.015007019043,136.154937744141,-129.525955200195
717,123.533654458821,116,vehicle.mitsubishi.fusorosa,89.3546391528488,-38.0150413513184,136.154968261719,-129.525466918945
717,123.545592360198,116,vehicle.mitsubishi.fusorosa,91.9181963961337,-38.0150680541992,136.154968261719,-129.524765014648
717,123.559020459652,116,vehicle.mitsubishi.fusorosa,92.1958090642255,-38.0150985717773,136.154983520508,-129.524230957031
717,123.572213958949,116,vehicle.mitsubishi.fusorosa,91.3228891511975,-38.0151252746582,136.154998779297,-129.523483276367
717,123.585909157991,116,vehicle.mitsubishi.fusorosa,93.2618055222711,-38.0151596069336,136.155014038086,-129.522583007812
718,123.599144760519,116,vehicle.mitsubishi.fusorosa,89.0036777510419,-38.0151901245117,136.155044555664,-129.521621704102
718,123.613612160087,116,vehicle.mitsubishi.fusorosa,98.253752068614,-38.0152244567871,136.155059814453,-129.520645141602
718,123.62713766098,116,vehicle.mitsubishi.fusorosa,92.8493170791252,-38.0152549743652,136.155075073242,-129.51969909668
718,123.640808757395,116,vehicle.mitsubishi.fusorosa,94.9811423519048,-38.0152931213379,136.155090332031,-129.518814086914
718,123.655587658286,116,vehicle.mitsubishi.fusorosa,99.8868843914566,-38.0153274536133,136.155120849609,-129.517883300781
718,123.667949259281,116,vehicle.mitsubishi.fusorosa,106.020003380512,-38.0153617858887,136.155136108398,-129.516845703125
718,123.681164059788,116,vehicle.mitsubishi.fusorosa,89.8927541684557,-38.0153884887695,136.155166625977,-129.516494750977
718,123.694394458085,116,vehicle.mitsubishi.fusorosa,92.501897377274,-38.0154151916504,136.155151367188,-129.515991210938
719,123.708613459021,116,vehicle.mitsubishi.fusorosa,96.5244840352666,-38.0154418945312,136.155181884766,-129.515380859375
719,123.722997758538,116,vehicle.mitsubishi.fusorosa,97.5739291383972,-38.0154685974121,136.155197143555,-129.51448059082
719,123.736056160182,116,vehicle.mitsubishi.fusorosa,91.4522934069092,-38.0155029296875,136.155227661133,-129.513717651367
719,123.748804260045,116,vehicle.mitsubishi.fusorosa,87.1480959251823,-38.0155334472656,136.155258178711,-129.512832641602
719,123.761535260826,116,vehicle.mitsubishi.fusorosa,89.997894555761,-38.015567779541,136.155258178711,-129.512008666992
719,123.77457055822,116,vehicle.mitsubishi.fusorosa,90.1041682101735,-38.0155944824219,136.1552734375,-129.511215209961
719,123.787933859974,116,vehicle.mitsubishi.fusorosa,92.3647533187938,-38.015625,136.155288696289,-129.510345458984
719,123.800733357668,116,vehicle.mitsubishi.fusorosa,91.2334659852778,-38.0156517028809,136.155303955078,-129.509338378906
720,123.814103059471,116,vehicle.mitsubishi.fusorosa,90.688479441193,-38.0156784057617,136.155334472656,-129.508651733398
720,123.83130826056,116,vehicle.mitsubishi.fusorosa,114.557158880553,-38.0157089233398,136.155334472656,-129.507675170898
720,123.844939760864,116,vehicle.mitsubishi.fusorosa,92.7938581040402,-38.0157470703125,136.155364990234,-129.506271362305
720,123.857367157936,116,vehicle.mitsubishi.fusorosa,89.8732046560344,-38.0157890319824,136.155410766602,-129.505462646484
720,123.870075259358,116,vehicle.mitsubishi.fusorosa,89.6545447607937,-38.0158233642578,136.155395507812,-129.504699707031
720,123.882569160312,116,vehicle.mitsubishi.fusorosa,90.1839080802001,-38.0158500671387,136.155410766602,-129.503982543945
720,123.895409457386,116,vehicle.mitsubishi.fusorosa,90.1470021180863,-38.0158767700195,136.155426025391,-129.503280639648
720,123.908893659711,116,vehicle.mitsubishi.fusorosa,92.8393944471397,-38.0158996582031,136.15544128418,-129.502517700195
721,123.921919360757,116,vehicle.mitsubishi.fusorosa,89.4397838347882,-38.015926361084,136.155471801758,-129.50163269043
721,123.935649760067,116,vehicle.mitsubishi.fusorosa,93.4002571965028,-38.0159530639648,136.155487060547,-129.500701904297
721,123.948394559324,116,vehicle.mitsubishi.fusorosa,93.6329266863785,-38.015983581543,136.155487060547,-129.499908447266
721,123.961870059371,116,vehicle.mitsubishi.fusorosa,92.8538279892535,-38.0160140991211,136.155517578125,-129.499130249023
721,123.974109459668,116,vehicle.mitsubishi.fusorosa,104.484386105937,-38.016040802002,136.155517578125,-129.498245239258
721,123.986579060555,116,vehicle.mitsubishi.fusorosa,86.0956253460379,-38.0160675048828,136.155548095703,-129.497787475586
721,123.999209258705,116,vehicle.mitsubishi.fusorosa,88.4708410132025,-38.0160942077637,136.155548095703,-129.497146606445
721,124.012680057436,116,vehicle.mitsubishi.fusorosa,92.1435260650097,-38.0161170959473,136.155563354492,-129.496505737305
721,124.027417257428,116,vehicle.mitsubishi.fusorosa,100.177315280605,-38.0161437988281,136.155578613281,-129.495803833008
722,124.041761860251,116,vehicle.mitsubishi.fusorosa,96.8990221146589,-38.0161743164062,136.15559387207,-129.494689941406
722,124.05506695807,116,vehicle.mitsubishi.fusorosa,91.5399952431103,-38.0162162780762,136.155624389648,-129.493759155273
722,124.0683792606,116,vehicle.mitsubishi.fusorosa,91.7444113098957,-38.0162506103516,136.155639648438,-129.492858886719
722,124.08166115731,116,vehicle.mitsubishi.fusorosa,92.8025226842477,-38.016284942627,136.155654907227,-129.491821289062
722,124.094731360674,116,vehicle.mitsubishi.fusorosa,93.3367285263379,-38.0163192749023,136.155670166016,-129.491134643555
722,124.108102858067,116,vehicle.mitsubishi.fusorosa,92.2383114180434,-38.0163459777832,136.155685424805,-129.490203857422
722,124.120566558093,116,vehicle.mitsubishi.fusorosa,94.0895344077229,-38.0163726806641,136.155715942383,-129.489334106445
722,124.133577559143,116,vehicle.mitsubishi.fusorosa,90.2891596076689,-38.0164031982422,136.155731201172,-129.488632202148
723,124.147091459483,116,vehicle.mitsubishi.fusorosa,94.1128205234586,-38.0164337158203,136.155731201172,-129.487823486328
723,124.161163460463,116,vehicle.mitsubishi.fusorosa,96.104365180041,-38.0164566040039,136.155746459961,-129.487060546875
723,124.175418257713,116,vehicle.mitsubishi.fusorosa,96.0745220926173,-38.0164833068848,136.155776977539,-129.486068725586
723,124.188383959234,116,vehicle.mitsubishi.fusorosa,92.2065282777209,-38.0165214538574,136.155792236328,-129.485153198242
723,124.201401859522,116,vehicle.mitsubishi.fusorosa,88.0256361390276,-38.0165557861328,136.155822753906,-129.48420715332
723,124.21479485929,116,vehicle.mitsubishi.fusorosa,92.859784915344,-38.0165901184082,136.155822753906,-129.483337402344
723,124.228348858654,116,vehicle.mitsubishi.fusorosa,93.2520264801963,-38.0166168212891,136.155853271484,-129.482528686523
723,124.242207858711,116,vehicle.mitsubishi.fusorosa,95.1551154900177,-38.0166511535645,136.155868530273,-129.48161315918
724,124.25505856052,116,vehicle.mitsubishi.fusorosa,91.1172098721642,-38.0166816711426,136.155899047852,-129.480590820312
724,124.278887860477,116,vehicle.mitsubishi.fusorosa,106.984324181036,-38.016716003418,136.155899047852,-129.479797363281
724,124.291617259383,116,vehicle.mitsubishi.fusorosa,98.4317864834222,-38.016773223877,136.15592956543,-129.477966308594
724,124.30461775884,116,vehicle.mitsubishi.fusorosa,88.9073454461642,-38.0168113708496,136.155975341797,-129.47737121582
724,124.318510558456,116,vehicle.mitsubishi.fusorosa,96.4737223019405,-38.016845703125,136.155975341797,-129.476577758789
724,124.331848457456,116,vehicle.mitsubishi.fusorosa,93.2758732233774,-38.0168800354004,136.155990600586,-129.475646972656
724,124.344489458948,116,vehicle.mitsubishi.fusorosa,93.6204075404394,-38.0169105529785,136.156021118164,-129.474868774414
724,124.358511559665,116,vehicle.mitsubishi.fusorosa,96.4916564640741,-38.0169410705566,136.156036376953,-129.474090576172
725,124.372458260506,116,vehicle.mitsubishi.fusorosa,94.2590632846767,-38.0169677734375,136.156051635742,-129.473159790039
725,124.385844457895,116,vehicle.mitsubishi.fusorosa,92.2948831639816,-38.0170021057129,136.156066894531,-129.472122192383
725,124.39871205762,116,vehicle.mitsubishi.fusorosa,91.5891690615774,-38.0170364379883,136.156097412109,-129.471328735352
725,124.411128159612,116,vehicle.mitsubishi.fusorosa,93.1431119083267,-38.0170631408691,136.156112670898,-129.470443725586
725,124.424579657614,116,vehicle.mitsubishi.fusorosa,93.8476294474522,-38.0170936584473,136.156112670898,-129.469787597656
725,124.437302857637,116,vehicle.mitsubishi.fusorosa,92.9661919553857,-38.0171203613281,136.156127929688,-129.468902587891
725,124.450969558209,116,vehicle.mitsubishi.fusorosa,95.6513709098938,-38.0171508789062,136.156143188477,-129.46809387207
725,124.465873159468,116,vehicle.mitsubishi.fusorosa,99.6150679745487,-38.0171775817871,136.156173706055,-129.467208862305
726,124.4808649607,116,vehicle.mitsubishi.fusorosa,100.933857823765,-38.0172119140625,136.156173706055,-129.466125488281
726,124.49447895959,116,vehicle.mitsubishi.fusorosa,93.4881026226148,-38.0172500610352,136.156204223633,-129.465103149414
726,124.507740359753,116,vehicle.mitsubishi.fusorosa,91.1475999132957,-38.0172843933105,136.156234741211,-129.464202880859
726,124.520733557642,116,vehicle.mitsubishi.fusorosa,91.2018041601703,-38.0173187255859,136.15625,-129.463363647461
726,124.532972857356,116,vehicle.mitsubishi.fusorosa,99.2687405765268,-38.0173492431641,136.156265258789,-129.46257019043
726,124.546062558889,116,vehicle.mitsubishi.fusorosa,91.6774657536761,-38.0173797607422,136.156265258789,-129.46208190918
726,124.559434458613,116,vehicle.mitsubishi.fusorosa,93.1779290671611,-38.0174026489258,136.156280517578,-129.461349487305
726,124.573784358799,116,vehicle.mitsubishi.fusorosa,95.5013215143641,-38.0174293518066,136.156311035156,-129.460388183594
727,124.588363360614,116,vehicle.mitsubishi.fusorosa,99.0222051403875,-38.017463684082,136.156326293945,-129.459426879883
727,124.6031601578,116,vehicle.mitsubishi.fusorosa,99.6772206889789,-38.017505645752,136.156356811523,-129.458374023438
727,124.616466958076,116,vehicle.mitsubishi.fusorosa,93.2380425422853,-38.0175437927246,136.156372070312,-129.457260131836
727,124.629354160279,116,vehicle.mitsubishi.fusorosa,89.4367498162763,-38.017578125,136.156402587891,-129.456420898438
727,124.642513159662,116,vehicle.mitsubishi.fusorosa,92.643459981729,-38.0176124572754,136.156402587891,-129.455535888672
727,124.655788358301,116,vehicle.mitsubishi.fusorosa,92.5245817563983,-38.0176391601562,136.15641784668,-129.454788208008
727,124.668111659586,116,vehicle.mitsubishi.fusorosa,101.182058144935,-38.0176658630371,136.156448364258,-129.453948974609
727,124.682147160172,116,vehicle.mitsubishi.fusorosa,97.7069997913073,-38.0176963806152,136.156448364258,-129.453414916992
728,124.695503558964,116,vehicle.mitsubishi.fusorosa,93.093599713511,-38.0177230834961,136.156448364258,-129.452560424805
728,124.709409158677,116,vehicle.mitsubishi.fusorosa,94.1432617903473,-38.017749786377,136.156494140625,-129.451751708984
728,124.722429260612,116,vehicle.mitsubishi.fusorosa,91.2225826856176,-38.0177841186523,136.156494140625,-129.450790405273
728,124.73489375785,116,vehicle.mitsubishi.fusorosa,93.7801847230564,-38.0178184509277,136.156524658203,-129.449951171875
728,124.748197257519,116,vehicle.mitsubishi.fusorosa,92.8713142966589,-38.0178451538086,136.156524658203,-129.449295043945
728,124.76153215766,116,vehicle.mitsubishi.fusorosa,92.8853222295101,-38.0178718566895,136.156555175781,-129.44841003418
728,124.774892758578,116,vehicle.mitsubishi.fusorosa,91.9911315035727,-38.0179023742676,136.15657043457,-129.447479248047
728,124.790071360767,116,vehicle.mitsubishi.fusorosa,104.334005097852,-38.017936706543,136.156585693359,-129.446533203125
729,124.804789558053,116,vehicle.mitsubishi.fusorosa,99.2148627817379,-38.0179672241211,136.156600952148,-129.445465087891
729,124.818335860968,116,vehicle.mitsubishi.fusorosa,92.9950093879494,-38.018009185791,136.156631469727,-129.444458007812
729,124.83089645952,116,vehicle.mitsubishi.fusorosa,97.5620885530901,-38.0180473327637,136.156661987305,-129.443542480469
729,124.84388165921,116,vehicle.mitsubishi.fusorosa,90.7447024311195,-38.0180778503418,136.156661987305,-129.442901611328
729,124.856036957353,116,vehicle.mitsubishi.fusorosa,100.105306670849,-38.0181083679199,136.156677246094,-129.442138671875
729,124.869063358754,116,vehicle.mitsubishi.fusorosa,90.5726762850799,-38.0181350708008,136.156692504883,-129.441696166992
729,124.8815080598,116,vehicle.mitsubishi.fusorosa,87.3070833485431,-38.0181579589844,136.156723022461,-129.440780639648
729,124.894880060107,116,vehicle.mitsubishi.fusorosa,89.3989772708858,-38.0181846618652,136.15673828125,-129.440124511719
730,124.908223859966,116,vehicle.mitsubishi.fusorosa,92.4386473152027,-38.0182151794434,136.15673828125,-129.439178466797
730,124.921345259994,116,vehicle.mitsubishi.fusorosa,90.5743753401024,-38.0182456970215,136.156768798828,-129.438201904297
730,124.934255059808,116,vehicle.mitsubishi.fusorosa,89.965043077319,-38.0182762145996,136.156784057617,-129.437301635742
730,124.946307357401,116,vehicle.mitsubishi.fusorosa,95.261997644835,-38.018310546875,136.156799316406,-129.436492919922
730,124.959081560373,116,vehicle.mitsubishi.fusorosa,89.5906982102715,-38.0183372497559,136.156799316406,-129.435821533203
730,124.97181455791,116,vehicle.mitsubishi.fusorosa,89.612618545324,-38.0183639526367,136.156814575195,-129.435028076172
730,124.984406959265,116,vehicle.mitsubishi.fusorosa,88.369495335683,-38.0183906555176,136.156829833984,-129.434280395508
730,124.997502557933,116,vehicle.mitsubishi.fusorosa,90.4929022158314,-38.0184173583984,136.156845092773,-129.433471679688
730,125.010982260108,116,vehicle.mitsubishi.fusorosa,92.5505771588046,-38.0184478759766,136.156860351562,-129.432479858398
731,125.025296460837,116,vehicle.mitsubishi.fusorosa,95.0459376163456,-38.0184745788574,136.156890869141,-129.431579589844
731,125.03947865963,116,vehicle.mitsubishi.fusorosa,96.3504066961649,-38.0185127258301,136.15690612793,-129.430587768555
731,125.051962058991,116,vehicle.mitsubishi.fusorosa,96.3688519802308,-38.0185432434082,136.156936645508,-129.429595947266
731,125.064711358398,116,vehicle.mitsubishi.fusorosa,88.3113424679092,-38.0185737609863,136.156936645508,-129.429061889648
731,125.077212359756,116,vehicle.mitsubishi.fusorosa,89.1144605953385,-38.0186042785645,136.156951904297,-129.428314208984
731,125.09005215764,116,vehicle.mitsubishi.fusorosa,87.6886911833397,-38.0186309814453,136.156982421875,-129.427658081055
731,125.102510459721,116,vehicle.mitsubishi.fusorosa,88.5320432934699,-38.0186614990234,136.156982421875,-129.426788330078
731,125.115654658526,116,vehicle.mitsubishi.fusorosa,90.4704314868456,-38.018684387207,136.157012939453,-129.425979614258
732,125.130386658013,116,vehicle.mitsubishi.fusorosa,100.595012028981,-38.0187110900879,136.157012939453,-129.425247192383
732,125.143635559827,116,vehicle.mitsubishi.fusorosa,91.4023760406243,-38.018741607666,136.157028198242,-129.424240112305
732,125.156659360975,116,vehicle.mitsubishi.fusorosa,89.8235557227918,-38.0187721252441,136.157073974609,-129.423492431641
732,125.168918259442,116,vehicle.mitsubishi.fusorosa,90.1793784232922,-38.0188064575195,136.157073974609,-129.422576904297
732,125.181881960481,116,vehicle.mitsubishi.fusorosa,90.3333455640669,-38.0188331604004,136.157089233398,-129.421951293945
732,125.194364059716,116,vehicle.mitsubishi.fusorosa,89.388333307318,-38.0188598632812,136.157104492188,-129.421157836914
732,125.2074813582,116,vehicle.mitsubishi.fusorosa,90.3444647301009,-38.0188865661621,136.157119750977,-129.420349121094
732,125.22108425945,116,vehicle.mitsubishi.fusorosa,94.0323746866014,-38.0189170837402,136.157119750977,-129.419525146484
733,125.23478775844,116,vehicle.mitsubishi.fusorosa,93.6535735464409,-38.0189437866211,136.157150268555,-129.418716430664
733,125.248599357903,116,vehicle.mitsubishi.fusorosa,93.6791535438662,-38.0189743041992,136.157180786133,-129.417724609375
733,125.261157859117,116,vehicle.mitsubishi.fusorosa,95.9568062605737,-38.0190124511719,136.157196044922,-129.41682434082
733,125.273653957993,116,vehicle.mitsubishi.fusorosa,86.5350698008042,-38.01904296875,136.157211303711,-129.416061401367
733,125.286187957972,116,vehicle.mitsubishi.fusorosa,88.0417447704541,-38.0190696716309,136.1572265625,-129.41535949707
733,125.299463458359,116,vehicle.mitsubishi.fusorosa,91.5822872995876,-38.0190963745117,136.157241821289,-129.414535522461
733,125.311981160194,116,vehicle.mitsubishi.fusorosa,91.3572055093021,-38.0191307067871,136.157257080078,-129.413665771484
733,125.32532145828,116,vehicle.mitsubishi.fusorosa,91.718465500693,-38.019157409668,136.157272338867,-129.413009643555
733,125.338735658675,116,vehicle.mitsubishi.fusorosa,92.280032555103,-38.0191841125488,136.157287597656,-129.412094116211
734,125.351619258523,116,vehicle.mitsubishi.fusorosa,91.6154977090927,-38.0192184448242,136.157318115234,-129.411117553711
734,125.365200459957,116,vehicle.mitsubishi.fusorosa,92.5709847412351,-38.0192489624023,136.157333374023,-129.410247802734
734,125.378852557391,116,vehicle.mitsubishi.fusorosa,93.2509633025469,-38.0192794799805,136.157333374023,-129.409393310547
734,125.391704659909,116,vehicle.mitsubishi.fusorosa,92.4656119277816,-38.0193138122559,136.157363891602,-129.408447265625
734,125.404575757682,116,vehicle.mitsubishi.fusorosa,90.0199328532306,-38.0193405151367,136.157379150391,-129.407775878906
734,125.416894759983,116,vehicle.mitsubishi.fusorosa,88.6183503686964,-38.0193710327148,136.15739440918,-129.406890869141
734,125.429914459586,116,vehicle.mitsubishi.fusorosa,90.550424337472,-38.0193977355957,136.157409667969,-129.406265258789
734,125.442621357739,116,vehicle.mitsubishi.fusorosa,89.348362451038,-38.0194206237793,136.157424926758,-129.405487060547
735,125.456349957734,116,vehicle.mitsubishi.fusorosa,94.116415198646,-38.0194511413574,136.157440185547,-129.404754638672
735,125.469523958862,116,vehicle.mitsubishi.fusorosa,91.2175607412476,-38.0194778442383,136.157455444336,-129.403793334961
735,125.482751857489,116,vehicle.mitsubishi.fusorosa,92.7001171818764,-38.0195121765137,136.157470703125,-129.402954101562
735,125.495141658932,116,vehicle.mitsubishi.fusorosa,91.1150714756811,-38.0195426940918,136.157501220703,-129.401947021484
735,125.508000358939,116,vehicle.mitsubishi.fusorosa,88.5890731568786,-38.0195655822754,136.157501220703,-129.401412963867
735,125.520766157657,116,vehicle.mitsubishi.fusorosa,89.0808775225722,-38.0195922851562,136.157516479492,-129.400634765625
735,125.53407625854,116,vehicle.mitsubishi.fusorosa,92.3962612912485,-38.0196266174316,136.157531738281,-129.399856567383
735,125.548548657447,116,vehicle.mitsubishi.fusorosa,97.4567431458352,-38.019645690918,136.15754699707,-129.39909362793
736,125.562580358237,116,vehicle.mitsubishi.fusorosa,94.952834291799,-38.0196800231934,136.157562255859,-129.398193359375
736,125.575546760112,116,vehicle.mitsubishi.fusorosa,90.7817964451082,-38.019718170166,136.157592773438,-129.397262573242
736,125.58936265856,116,vehicle.mitsubishi.fusorosa,94.3717536444341,-38.0197486877441,136.157608032227,-129.396362304688
736,125.602126158774,116,vehicle.mitsubishi.fusorosa,93.1343875014036,-38.0197792053223,136.157608032227,-129.395584106445
736,125.614700559527,116,vehicle.mitsubishi.fusorosa,88.2209586635451,-38.0198097229004,136.157638549805,-129.394943237305
736,125.627674259245,116,vehicle.mitsubishi.fusorosa,90.0690980707393,-38.0198364257812,136.157653808594,-129.394271850586
736,125.640592660755,116,vehicle.mitsubishi.fusorosa,87.9681961187986,-38.0198631286621,136.157684326172,-129.393478393555
736,125.653910558671,116,vehicle.mitsubishi.fusorosa,91.7044457017763,-38.0198936462402,136.157699584961,-129.392654418945
737,125.667013358325,116,vehicle.mitsubishi.fusorosa,90.8444259653279,-38.0199241638184,136.15771484375,-129.391677856445
737,125.681767657399,116,vehicle.mitsubishi.fusorosa,99.5311266781416,-38.0199546813965,136.157730102539,-129.390884399414
737,125.694585260004,116,vehicle.mitsubishi.fusorosa,94.2301295514797,-38.0199928283691,136.157745361328,-129.389801025391
737,125.706805657595,116,vehicle.mitsubishi.fusorosa,89.0588392251025,-38.02001953125,136.157775878906,-129.389068603516
737,125.718768257648,116,vehicle.mitsubishi.fusorosa,84.7822267808854,-38.0200462341309,136.157775878906,-129.388412475586
737,125.732207860798,116,vehicle.mitsubishi.fusorosa,93.1069392315513,-38.020076751709,136.157775878906,-129.387786865234
737,125.74539975822,116,vehicle.mitsubishi.fusorosa,91.4822953615674,-38.0200996398926,136.157806396484,-129.386993408203
737,125.758324660361,116,vehicle.mitsubishi.fusorosa,89.9027891089734,-38.0201301574707,136.157821655273,-129.386184692383
737,125.771409157664,116,vehicle.mitsubishi.fusorosa,90.9509831580081,-38.0201530456543,136.157852172852,-129.385284423828
738,125.785030260682,116,vehicle.mitsubishi.fusorosa,93.6342446558798,-38.0201835632324,136.157867431641,-129.384613037109
738,125.798446860164,116,vehicle.mitsubishi.fusorosa,93.2110780499443,-38.0202102661133,136.15788269043,-129.383590698242
738,125.811207357794,116,vehicle.mitsubishi.fusorosa,89.0407061090322,-38.0202407836914,136.157913208008,-129.382797241211
738,125.823987159878,116,vehicle.mitsubishi.fusorosa,88.76709661116,-38.0202713012695,136.157913208008,-129.382125854492
738,125.837183959782,116,vehicle.mitsubishi.fusorosa,91.4852573985183,-38.0202980041504,136.157928466797,-129.38134765625
738,125.849399760365,116,vehicle.mitsubishi.fusorosa,96.8204179071476,-38.0203247070312,136.157943725586,-129.380569458008
738,125.862036358565,116,vehicle.mitsubishi.fusorosa,86.8317712704152,-38.0203475952148,136.157958984375,-129.380035400391
738,125.875831458718,116,vehicle.mitsubishi.fusorosa,95.6824161336453,-38.020378112793,136.157958984375,-129.379348754883
739,125.889043860137,116,vehicle.mitsubishi.fusorosa,90.7445072389839,-38.0204048156738,136.157989501953,-129.378448486328
739,125.902551557869,116,vehicle.mitsubishi.fusorosa,91.1586076796385,-38.020435333252,136.158020019531,-129.377578735352
739,125.915540259331,116,vehicle.mitsubishi.fusorosa,89.7379386685563,-38.0204620361328,136.158020019531,-129.37678527832
739,125.9286557585,116,vehicle.mitsubishi.fusorosa,90.6361191538113,-38.0204963684082,136.15803527832,-129.376007080078
739,125.941399957985,116,vehicle.mitsubishi.fusorosa,88.6039127760012,-38.0205230712891,136.158050537109,-129.375213623047
739,125.95413665846,116,vehicle.mitsubishi.fusorosa,88.6185001123027,-38.0205497741699,136.158065795898,-129.374557495117
739,125.966476958245,116,vehicle.mitsubishi.fusorosa,87.5451637163371,-38.0205764770508,136.158081054688,-129.373779296875
739,125.98099045828,116,vehicle.mitsubishi.fusorosa,98.7978046277042,-38.0205993652344,136.158096313477,-129.373153686523
740,125.994580060244,116,vehicle.mitsubishi.fusorosa,93.9926383013322,-38.0206298828125,136.158096313477,-129.372222900391
740,126.007569458336,116,vehicle.mitsubishi.fusorosa,89.7823383043044,-38.0206604003906,136.158126831055,-129.371459960938
740,126.020606458187,116,vehicle.mitsubishi.fusorosa,89.3046972689826,-38.0206832885742,136.158157348633,-129.370666503906
740,126.033435359597,116,vehicle.mitsubishi.fusorosa,89.9409839400774,-38.0207176208496,136.158157348633,-129.36994934082
740,126.046200159937,116,vehicle.mitsubishi.fusorosa,89.3325199223468,-38.0207443237305,136.158187866211,-129.369155883789
740,126.059324860573,116,vehicle.mitsubishi.fusorosa,90.8530714515349,-38.0207748413086,136.158187866211,-129.368438720703
740,126.072002757341,116,vehicle.mitsubishi.fusorosa,89.5326353470986,-38.0207939147949,136.158203125,-129.367660522461
740,126.084866158664,116,vehicle.mitsubishi.fusorosa,89.7696106979412,-38.020824432373,136.158233642578,-129.367004394531
740,126.099006459117,116,vehicle.mitsubishi.fusorosa,95.9183042826624,-38.0208511352539,136.158233642578,-129.3662109375
741,126.111777760088,116,vehicle.mitsubishi.fusorosa,90.9387853910879,-38.020881652832,136.158264160156,-129.365234375
741,126.125200659037,116,vehicle.mitsubishi.fusorosa,91.5356841665313,-38.0209159851074,136.158294677734,-129.364410400391
741,126.138470660895,116,vehicle.mitsubishi.fusorosa,92.6874527875328,-38.0209465026855,136.158294677734,-129.363586425781
741,126.151195958257,116,vehicle.mitsubishi.fusorosa,89.7963633221673,-38.0209770202637,136.158309936523,-129.362808227539
741,126.16343805939,116,vehicle.mitsubishi.fusorosa,86.4594346793162,-38.0209999084473,136.158340454102,-129.362060546875
741,126.1761328578,116,vehicle.mitsubishi.fusorosa,88.9383245723818,-38.0210304260254,136.158340454102,-129.361312866211
741,126.188800860196,116,vehicle.mitsubishi.fusorosa,89.7832801375226,-38.0210571289062,136.158340454102,-129.360702514648
741,126.203378457576,116,vehicle.mitsubishi.fusorosa,98.9412167870658,-38.0210800170898,136.15837097168,-129.359970092773
742,126.216614257544,116,vehicle.mitsubishi.fusorosa,92.6190200769607,-38.021110534668,136.15837097168,-129.359039306641
742,126.229390159249,116,vehicle.mitsubishi.fusorosa,89.2487374931582,-38.0211410522461,136.158401489258,-129.358322143555
742,126.242291159928,116,vehicle.mitsubishi.fusorosa,88.9807174770531,-38.021167755127,136.158432006836,-129.357498168945
742,126.254848860204,116,vehicle.mitsubishi.fusorosa,87.6981104504108,-38.0211944580078,136.158432006836,-129.356719970703
742,126.266955457628,116,vehicle.mitsubishi.fusorosa,90.1153211405097,-38.0212249755859,136.158447265625,-129.356018066406
742,126.280120160431,116,vehicle.mitsubishi.fusorosa,91.7885664231493,-38.0212478637695,136.158447265625,-129.355484008789
742,126.292824760079,116,vehicle.mitsubishi.fusorosa,89.1265465827428,-38.0212745666504,136.158477783203,-129.354629516602
742,126.30536685884,116,vehicle.mitsubishi.fusorosa,85.5725955819662,-38.0213012695312,136.158508300781,-129.353851318359
742,126.318709958345,116,vehicle.mitsubishi.fusorosa,91.5091281074336,-38.0213317871094,136.158508300781,-129.353012084961
743,126.332611057907,116,vehicle.mitsubishi.fusorosa,94.1597313684538,-38.021354675293,136.15852355957,-129.352249145508
743,126.345734059811,116,vehicle.mitsubishi.fusorosa,90.5230850818521,-38.0213890075684,136.158538818359,-129.351348876953
743,126.357643257827,116,vehicle.mitsubishi.fusorosa,101.665766961251,-38.0214233398438,136.158569335938,-129.350448608398
743,126.370132759213,116,vehicle.mitsubishi.fusorosa,87.7451168044111,-38.0214538574219,136.158569335938,-129.350021362305
743,126.381747659296,116,vehicle.mitsubishi.fusorosa,96.4704410510342,-38.0214767456055,136.158584594727,-129.349426269531
743,126.393984958529,116,vehicle.mitsubishi.fusorosa,85.5286386989268,-38.0215034484863,136.158599853516,-129.349105834961
743,126.405944060534,116,vehicle.mitsubishi.fusorosa,83.5413225241081,-38.0215263366699,136.158615112305,-129.348480224609
743,126.418395359069,116,vehicle.mitsubishi.fusorosa,85.8250522293319,-38.0215530395508,136.158615112305,-129.347839355469
744,126.430351957679,116,vehicle.mitsubishi.fusorosa,85.4080784450946,-38.0215721130371,136.158630371094,-129.347106933594
744,126.442956060171,116,vehicle.mitsubishi.fusorosa,87.949028688438,-38.021598815918,136.158645629883,-129.346481323242
744,126.454878158867,116,vehicle.mitsubishi.fusorosa,86.3096997821122,-38.0216217041016,136.158645629883,-129.345733642578
744,126.467013560236,116,vehicle.mitsubishi.fusorosa,85.3531373849633,-38.0216445922852,136.158676147461,-129.345108032227
744,126.478824559599,116,vehicle.mitsubishi.fusorosa,84.6326769331092,-38.0216674804688,136.158676147461,-129.344375610352
744,126.490607857704,116,vehicle.mitsubishi.fusorosa,83.8491270064079,-38.0216903686523,136.15869140625,-129.34375
744,126.50262016058,116,vehicle.mitsubishi.fusorosa,84.7022548643008,-38.0217094421387,136.15869140625,-129.34309387207
744,126.514101460576,116,vehicle.mitsubishi.fusorosa,81.9827522619635,-38.0217323303223,136.158721923828,-129.342468261719
744,126.52639696002,116,vehicle.mitsubishi.fusorosa,84.7162986289205,-38.0217552185059,136.158721923828,-129.341842651367
744,126.540168758482,116,vehicle.mitsubishi.fusorosa,93.3330057462471,-38.0217781066895,136.158737182617,-129.341186523438
745,126.552644759417,116,vehicle.mitsubishi.fusorosa,86.6832003698186,-38.021800994873,136.158752441406,-129.340316772461
745,126.565993659198,116,vehicle.mitsubishi.fusorosa,91.368628651385,-38.0218315124512,136.158767700195,-129.339630126953
745,126.578404858708,116,vehicle.mitsubishi.fusorosa,87.575917849002,-38.0218544006348,136.158782958984,-129.338775634766
745,126.590542860329,116,vehicle.mitsubishi.fusorosa,85.4040341657079,-38.0218849182129,136.158798217773,-129.338180541992
745,126.602206557989,116,vehicle.mitsubishi.fusorosa,84.7167413816292,-38.0219078063965,136.158813476562,-129.337509155273
745,126.614104758948,116,vehicle.mitsubishi.fusorosa,84.1364401430813,-38.0219345092773,136.158828735352,-129.336898803711
745,126.625759560615,116,vehicle.mitsubishi.fusorosa,83.4690762984976,-38.0219535827637,136.158828735352,-129.336273193359
745,126.638683460653,116,vehicle.mitsubishi.fusorosa,89.2325365268059,-38.0219764709473,136.15885925293,-129.335693359375
746,126.65106035769,116,vehicle.mitsubishi.fusorosa,86.9799096517937,-38.0219993591309,136.15885925293,-129.334930419922
746,126.663768459111,116,vehicle.mitsubishi.fusorosa,87.1753347447416,-38.0220222473145,136.158889770508,-129.334289550781
746,126.676721859723,116,vehicle.mitsubishi.fusorosa,90.0157291550014,-38.0220489501953,136.158889770508,-129.333587646484
746,126.688653960824,116,vehicle.mitsubishi.fusorosa,87.462367553077,-38.0220756530762,136.158920288086,-129.332809448242
746,126.700532160699,116,vehicle.mitsubishi.fusorosa,83.7545194717422,-38.022102355957,136.158920288086,-129.332168579102
746,126.71195255965,116,vehicle.mitsubishi.fusorosa,81.4215184818467,-38.0221214294434,136.158935546875,-129.331527709961
746,126.723734360188,116,vehicle.mitsubishi.fusorosa,83.6308926911857,-38.0221481323242,136.158950805664,-129.330978393555
746,126.735520258546,116,vehicle.mitsubishi.fusorosa,83.4734163002234,-38.0221672058105,136.158966064453,-129.330337524414
746,126.748883660883,116,vehicle.mitsubishi.fusorosa,91.6755835769424,-38.0221900939941,136.158966064453,-129.329711914062
747,126.761149059981,116,vehicle.mitsubishi.fusorosa,86.3508346642451,-38.0222129821777,136.158981323242,-129.328948974609
747,126.773961059749,116,vehicle.mitsubishi.fusorosa,86.9747201225565,-38.0222396850586,136.15901184082,-129.328414916992
747,126.785998858511,116,vehicle.mitsubishi.fusorosa,84.9528243755505,-38.0222663879395,136.159027099609,-129.327621459961
747,126.797761458904,116,vehicle.mitsubishi.fusorosa,83.7423524928243,-38.0222930908203,136.159027099609,-129.326858520508
747,126.809506457299,116,vehicle.mitsubishi.fusorosa,81.9574183936531,-38.0223121643066,136.159042358398,-129.326232910156
747,126.821170959622,116,vehicle.mitsubishi.fusorosa,81.2245464662941,-38.0223350524902,136.159072875977,-129.325561523438
747,126.832952458411,116,vehicle.mitsubishi.fusorosa,83.4015785696399,-38.0223617553711,136.159072875977,-129.325012207031
747,126.845065061003,116,vehicle.mitsubishi.fusorosa,84.6422935508067,-38.0223808288574,136.159072875977,-129.324371337891
747,126.858122758567,116,vehicle.mitsubishi.fusorosa,88.2694308901878,-38.0223999023438,136.159103393555,-129.323715209961
748,126.870606660843,116,vehicle.mitsubishi.fusorosa,86.4894914168879,-38.0224266052246,136.159103393555,-129.323028564453
748,126.882859557867,116,vehicle.mitsubishi.fusorosa,85.6069102198164,-38.0224533081055,136.159133911133,-129.322250366211
748,126.894581060857,116,vehicle.mitsubishi.fusorosa,84.2096624011299,-38.0224800109863,136.159133911133,-129.321624755859
748,126.906974557787,116,vehicle.mitsubishi.fusorosa,84.5031513329692,-38.0224990844727,136.159164428711,-129.320983886719
748,126.918563060462,116,vehicle.mitsubishi.fusorosa,84.1565742486639,-38.0225219726562,136.159164428711,-129.320327758789
748,126.930445760489,116,vehicle.mitsubishi.fusorosa,83.2529906132797,-38.0225486755371,136.1591796875,-129.319763183594
748,126.942248959094,116,vehicle.mitsubishi.fusorosa,83.6862662120732,-38.022575378418,136.1591796875,-129.319152832031
748,126.954010859132,116,vehicle.mitsubishi.fusorosa,81.2079711749036,-38.022590637207,136.159210205078,-129.318511962891
748,126.966279860586,116,vehicle.mitsubishi.fusorosa,84.5358506497753,-38.0226173400879,136.159210205078,-129.317977905273
748,126.978801060468,116,vehicle.mitsubishi.fusorosa,85.7697453574285,-38.0226364135742,136.159240722656,-129.317306518555
749,126.990955460817,116,vehicle.mitsubishi.fusorosa,83.9780646021559,-38.0226593017578,136.159240722656,-129.316619873047
749,127.003145057708,116,vehicle.mitsubishi.fusorosa,84.57424370777,-38.0226860046387,136.159255981445,-129.315963745117
749,127.014508157969,116,vehicle.mitsubishi.fusorosa,83.8048658000703,-38.022705078125,136.159271240234,-129.315231323242
749,127.026451159269,116,vehicle.mitsubishi.fusorosa,83.5853119446049,-38.0227317810059,136.159286499023,-129.314727783203
749,127.038141258061,116,vehicle.mitsubishi.fusorosa,82.7900651394102,-38.0227584838867,136.159286499023,-129.314071655273
749,127.050568658859,116,vehicle.mitsubishi.fusorosa,85.6366541500546,-38.0227813720703,136.159301757812,-129.3134765625
749,127.062256958336,116,vehicle.mitsubishi.fusorosa,84.0042309129833,-38.0228042602539,136.159317016602,-129.312744140625
749,127.074413660914,116,vehicle.mitsubishi.fusorosa,82.7100107125952,-38.0228233337402,136.15934753418,-129.312118530273
749,127.087318658829,116,vehicle.mitsubishi.fusorosa,89.1866685711523,-38.0228500366211,136.15934753418,-129.311477661133
750,127.099960558116,116,vehicle.mitsubishi.fusorosa,86.5904542268534,-38.022876739502,136.159362792969,-129.310775756836
750,127.113215960562,116,vehicle.mitsubishi.fusorosa,90.5561006172094,-38.0229034423828,136.159378051758,-129.310012817383
750,127.125144060701,116,vehicle.mitsubishi.fusorosa,85.8514715500124,-38.0229301452637,136.159393310547,-129.30924987793
750,127.136815357953,116,vehicle.mitsubishi.fusorosa,80.8011764144953,-38.0229530334473,136.159423828125,-129.308685302734
750,127.148539658636,116,vehicle.mitsubishi.fusorosa,82.2707029377878,-38.0229797363281,136.159423828125,-129.308181762695
750,127.160704657435,116,vehicle.mitsubishi.fusorosa,84.9539217524046,-38.0230026245117,136.159423828125,-129.307525634766
750,127.172240160406,116,vehicle.mitsubishi.fusorosa,83.4314831747933,-38.0230255126953,136.159439086914,-129.306869506836
750,127.184593059123,116,vehicle.mitsubishi.fusorosa,85.3618447069,-38.0230445861816,136.159454345703,-129.306396484375
750,127.197735957801,116,vehicle.mitsubishi.fusorosa,90.826141067399,-38.023063659668,136.159469604492,-129.305694580078
751,127.210390958935,116,vehicle.mitsubishi.fusorosa,84.0077486764517,-38.0230903625488,136.15950012207,-129.304931640625
751,127.222792457789,116,vehicle.mitsubishi.fusorosa,85.6104621825046,-38.023120880127,136.159515380859,-129.304122924805
751,127.23463845998,116,vehicle.mitsubishi.fusorosa,84.1429560640656,-38.0231475830078,136.159530639648,-129.303482055664
751,127.246646158397,116,vehicle.mitsubishi.fusorosa,83.1101443003359,-38.0231742858887,136.159530639648,-129.302841186523
751,127.258426457644,116,vehicle.mitsubishi.fusorosa,82.8198586336382,-38.0231971740723,136.159545898438,-129.302276611328
751,127.270675558597,116,vehicle.mitsubishi.fusorosa,84.9475494213412,-38.0232200622559,136.159561157227,-129.301666259766
751,127.282667260617,116,vehicle.mitsubishi.fusorosa,85.0000854596283,-38.0232429504395,136.159561157227,-129.300933837891
751,127.294451959431,116,vehicle.mitsubishi.fusorosa,83.9113651458264,-38.0232620239258,136.159591674805,-129.300354003906
751,127.307861059904,116,vehicle.mitsubishi.fusorosa,92.3813815594756,-38.0232849121094,136.159591674805,-129.299728393555
752,127.32033925876,116,vehicle.mitsubishi.fusorosa,87.4101118138971,-38.0233116149902,136.159606933594,-129.298919677734
752,127.33366375789,116,vehicle.mitsubishi.fusorosa,89.0555396329139,-38.0233345031738,136.159637451172,-129.298278808594
752,127.34593905881,116,vehicle.mitsubishi.fusorosa,85.1538560937218,-38.023365020752,136.159652709961,-129.297515869141
752,127.35727116093,116,vehicle.mitsubishi.fusorosa,88.5296769043082,-38.0233917236328,136.15966796875,-129.296859741211
752,127.368870660663,116,vehicle.mitsubishi.fusorosa,80.7800303862617,-38.0234146118164,136.15966796875,-129.296463012695
752,127.380909558386,116,vehicle.mitsubishi.fusorosa,83.8114056867838,-38.0234375,136.159683227539,-129.295837402344
752,127.392454758286,116,vehicle.mitsubishi.fusorosa,83.0503778317459,-38.0234642028809,136.159698486328,-129.295166015625
752,127.404302358627,116,vehicle.mitsubishi.fusorosa,83.6669986897656,-38.0234870910645,136.159698486328,-129.294540405273
752,127.417712260038,116,vehicle.mitsubishi.fusorosa,90.7269286259015,-38.0235061645508,136.159729003906,-129.293914794922
753,127.430096257478,116,vehicle.mitsubishi.fusorosa,84.6870145363855,-38.0235290527344,136.159729003906,-129.293090820312
753,127.442162457854,116,vehicle.mitsubishi.fusorosa,83.590275782474,-38.0235595703125,136.159759521484,-129.292495727539
753,127.454389058053,116,vehicle.mitsubishi.fusorosa,85.9552718133475,-38.0235824584961,136.159759521484,-129.291778564453
753,127.465876359493,116,vehicle.mitsubishi.fusorosa,84.6704221892316,-38.023609161377,136.159774780273,-129.291076660156
753,127.477424960583,116,vehicle.mitsubishi.fusorosa,81.25579457742,-38.0236320495605,136.159790039062,-129.290496826172
753,127.4889302589,116,vehicle.mitsubishi.fusorosa,80.6081221441719,-38.0236511230469,136.159805297852,-129.289947509766
753,127.500894859433,116,vehicle.mitsubishi.fusorosa,82.8149306567513,-38.0236740112305,136.159805297852,-129.289413452148
753,127.512356460094,116,vehicle.mitsubishi.fusorosa,81.695085238002,-38.0236930847168,136.159820556641,-129.288757324219
753,127.525421258062,116,vehicle.mitsubishi.fusorosa,89.4398875716021,-38.0237159729004,136.15983581543,-129.288223266602
754,127.538250260055,116,vehicle.mitsubishi.fusorosa,89.08188367442,-38.023738861084,136.15983581543,-129.287384033203
754,127.55128845945,116,vehicle.mitsubishi.fusorosa,89.4905125957369,-38.0237655639648,136.159866333008,-129.286666870117
754,127.563785359263,116,vehicle.mitsubishi.fusorosa,86.188042209888,-38.0237922668457,136.159881591797,-129.285858154297
754,127.575809657574,116,vehicle.mitsubishi.fusorosa,80.6076538224335,-38.0238189697266,136.159912109375,-129.285186767578
754,127.588786259294,116,vehicle.mitsubishi.fusorosa,89.7962692962362,-38.0238494873047,136.159912109375,-129.284484863281
754,127.602161858231,116,vehicle.mitsubishi.fusorosa,91.7813770143391,-38.0238723754883,136.159912109375,-129.283798217773
754,127.614083658904,116,vehicle.mitsubishi.fusorosa,86.1622331391044,-38.0238990783691,136.159942626953,-129.283020019531
754,127.626131858677,116,vehicle.mitsubishi.fusorosa,83.4260800246642,-38.02392578125,136.159957885742,-129.28254699707
754,127.638333059847,116,vehicle.mitsubishi.fusorosa,85.9879626168873,-38.0239486694336,136.159973144531,-129.281814575195
755,127.65091855824,116,vehicle.mitsubishi.fusorosa,83.8493902205206,-38.0239753723145,136.160003662109,-129.281188964844
755,127.663734659553,116,vehicle.mitsubishi.fusorosa,88.7770517513755,-38.0240020751953,136.160003662109,-129.28044128418
755,127.676508560777,116,vehicle.mitsubishi.fusorosa,87.818670675012,-38.0240249633789,136.160018920898,-129.279739379883
755,127.68779585883,116,vehicle.mitsubishi.fusorosa,102.431502262318,-38.024055480957,136.160034179688,-129.279083251953
755,127.699602760375,116,vehicle.mitsubishi.fusorosa,81.6793663548577,-38.0240745544434,136.160049438477,-129.278900146484
755,127.711265057325,116,vehicle.mitsubishi.fusorosa,83.536285127289,-38.024097442627,136.160049438477,-129.278457641602
755,127.723429758102,116,vehicle.mitsubishi.fusorosa,80.8811026161594,-38.0241088867188,136.160079956055,-129.278015136719
755,127.735604658723,116,vehicle.mitsubishi.fusorosa,84.0523585803359,-38.0241355895996,136.160079956055,-129.277404785156
755,127.748748358339,116,vehicle.mitsubishi.fusorosa,89.6895392153628,-38.0241584777832,136.160079956055,-129.276763916016
756,127.761045359075,116,vehicle.mitsubishi.fusorosa,86.1919856118397,-38.0241851806641,136.160095214844,-129.275970458984
756,127.774268258363,116,vehicle.mitsubishi.fusorosa,88.808240006559,-38.0242042541504,136.160125732422,-129.275314331055
756,127.787466160953,116,vehicle.mitsubishi.fusorosa,90.5094002190387,-38.0242347717285,136.160125732422,-129.274505615234
756,127.799194958061,116,vehicle.mitsubishi.fusorosa,89.4789165362165,-38.0242652893066,136.160140991211,-129.273834228516
756,127.811279758811,116,vehicle.mitsubishi.fusorosa,84.395963105386,-38.0242881774902,136.16015625,-129.273254394531
756,127.822886560112,116,vehicle.mitsubishi.fusorosa,83.8152892327932,-38.0243148803711,136.160171508789,-129.272567749023
756,127.83423775807,116,vehicle.mitsubishi.fusorosa,82.1214347005598,-38.0243377685547,136.160186767578,-129.271957397461
756,127.846649859101,116,vehicle.mitsubishi.fusorosa,86.4494864490665,-38.0243606567383,136.160186767578,-129.271408081055
757,127.859124258161,116,vehicle.mitsubishi.fusorosa,86.7546654371262,-38.0243835449219,136.160202026367,-129.27067565918
757,127.871723059565,116,vehicle.mitsubishi.fusorosa,85.5378399700934,-38.0244026184082,136.160232543945,-129.269973754883
757,127.884496159852,116,vehicle.mitsubishi.fusorosa,86.9734774647881,-38.0244293212891,136.160247802734,-129.269241333008
757,127.896357160062,116,vehicle.mitsubishi.fusorosa,84.748233901649,-38.0244560241699,136.160247802734,-129.268508911133
757,127.908331859857,116,vehicle.mitsubishi.fusorosa,82.4463340802027,-38.0244789123535,136.160263061523,-129.267837524414
757,127.92105165869,116,vehicle.mitsubishi.fusorosa,86.7631966024536,-38.0245018005371,136.160278320312,-129.267196655273
757,127.933207459748,116,vehicle.mitsubishi.fusorosa,85.7630687907599,-38.024528503418,136.160293579102,-129.266464233398
757,127.944986760616,116,vehicle.mitsubishi.fusorosa,82.9450237650713,-38.0245513916016,136.160308837891,-129.265747070312
757,127.957559060305,116,vehicle.mitsubishi.fusorosa,87.6227395623578,-38.0245742797852,136.16032409668,-129.265197753906
758,127.970924358815,116,vehicle.mitsubishi.fusorosa,91.8399810896221,-38.0245971679688,136.16032409668,-129.264465332031
758,127.984370458871,116,vehicle.mitsubishi.fusorosa,90.3934671760053,-38.0246238708496,136.160354614258,-129.263702392578
758,127.997141260654,116,vehicle.mitsubishi.fusorosa,88.2955646927887,-38.0246543884277,136.160369873047,-129.262802124023
758,128.010500658303,116,vehicle.mitsubishi.fusorosa,91.8107807602968,-38.0246849060059,136.160385131836,-129.262130737305
758,128.022680658847,116,vehicle.mitsubishi.fusorosa,87.6671118796209,-38.0247116088867,136.160400390625,-129.261352539062
758,128.035292360932,116,vehicle.mitsubishi.fusorosa,85.8108546120697,-38.0247383117676,136.160430908203,-129.260681152344
758,128.047152459621,116,vehicle.mitsubishi.fusorosa,87.642771099512,-38.0247688293457,136.160415649414,-129.260070800781
758,128.059633757919,116,vehicle.mitsubishi.fusorosa,86.2314897496963,-38.024787902832,136.160446166992,-129.259490966797
758,128.073665957898,116,vehicle.mitsubishi.fusorosa,94.8713205583932,-38.0248107910156,136.160461425781,-129.2587890625
759,128.086264960468,116,vehicle.mitsubishi.fusorosa,87.6040481199582,-38.0248374938965,136.160461425781,-129.257949829102
759,128.099504258484,116,vehicle.mitsubishi.fusorosa,89.8165401694668,-38.0248641967773,136.160491943359,-129.257247924805
759,128.112150259316,116,vehicle.mitsubishi.fusorosa,89.0789607668475,-38.0248947143555,136.160507202148,-129.25651550293
759,128.124989058822,116,vehicle.mitsubishi.fusorosa,87.0472791555005,-38.0249176025391,136.160537719727,-129.255722045898
759,128.137857459486,116,vehicle.mitsubishi.fusorosa,89.6893699979502,-38.0249519348145,136.160537719727,-129.255004882812
759,128.150572460145,116,vehicle.mitsubishi.fusorosa,88.0416124070325,-38.0249710083008,136.160552978516,-129.254318237305
759,128.163382258266,116,vehicle.mitsubishi.fusorosa,89.4380945198792,-38.0249977111816,136.160568237305,-129.253646850586
759,128.176118757576,116,vehicle.mitsubishi.fusorosa,89.0129501631141,-38.0250282287598,136.160583496094,-129.252868652344
759,128.189208559692,116,vehicle.mitsubishi.fusorosa,90.4870901649667,-38.0250511169434,136.160598754883,-129.252136230469
760,128.202021058649,116,vehicle.mitsubishi.fusorosa,88.8202941835582,-38.025074005127,136.160614013672,-129.251388549805
760,128.215220358223,116,vehicle.mitsubishi.fusorosa,90.5429832918069,-38.0251045227051,136.160629272461,-129.250701904297
760,128.228169858456,116,vehicle.mitsubishi.fusorosa,89.6860812786058,-38.0251350402832,136.16064453125,-129.249908447266
760,128.240868058056,116,vehicle.mitsubishi.fusorosa,88.2043809248913,-38.0251579284668,136.160659790039,-129.249114990234
760,128.253586158156,116,vehicle.mitsubishi.fusorosa,89.0793607193773,-38.0251884460449,136.160675048828,-129.248352050781
760,128.266581159085,116,vehicle.mitsubishi.fusorosa,90.0294173705707,-38.0252151489258,136.160690307617,-129.247573852539
760,128.278831858188,116,vehicle.mitsubishi.fusorosa,88.8851338514875,-38.0252456665039,136.160705566406,-129.246765136719
760,128.292145960033,116,vehicle.mitsubishi.fusorosa,91.3439238089593,-38.0252685546875,136.160720825195,-129.246109008789
761,128.305706460029,116,vehicle.mitsubishi.fusorosa,93.7387833942627,-38.0252952575684,136.160736083984,-129.245346069336
761,128.319593757391,116,vehicle.mitsubishi.fusorosa,94.2863323115661,-38.0253257751465,136.160751342773,-129.244430541992
761,128.332617860287,116,vehicle.mitsubishi.fusorosa,90.4878969799922,-38.0253601074219,136.160781860352,-129.243530273438
761,128.345557458699,116,vehicle.mitsubishi.fusorosa,91.6780723912272,-38.0253982543945,136.160797119141,-129.242614746094
761,128.358700357378,116,vehicle.mitsubishi.fusorosa,91.7275503868251,-38.0254249572754,136.16081237793,-129.241836547852
761,128.371363759041,116,vehicle.mitsubishi.fusorosa,87.8851684057024,-38.025447845459,136.160827636719,-129.241027832031
761,128.38402415812,116,vehicle.mitsubishi.fusorosa,87.418571315722,-38.0254783630371,136.160842895508,-129.240325927734
761,128.396927259862,116,vehicle.mitsubishi.fusorosa,88.6506798523872,-38.025505065918,136.160858154297,-129.23957824707
761,128.410367559642,116,vehicle.mitsubishi.fusorosa,92.3312215043235,-38.0255355834961,136.160873413086,-129.238891601562
762,128.423107758164,116,vehicle.mitsubishi.fusorosa,88.7525434740783,-38.0255584716797,136.160888671875,-129.238052368164
762,128.436620060354,116,vehicle.mitsubishi.fusorosa,91.5386258793224,-38.0255851745605,136.160903930664,-129.237274169922
762,128.449748259038,116,vehicle.mitsubishi.fusorosa,90.4927223884508,-38.0256156921387,136.160919189453,-129.23649597168
762,128.462773360312,116,vehicle.mitsubishi.fusorosa,90.5769577453768,-38.0256500244141,136.160934448242,-129.23567199707
762,128.475607957691,116,vehicle.mitsubishi.fusorosa,90.2600716453331,-38.0256767272949,136.160949707031,-129.234817504883
762,128.489404957741,116,vehicle.mitsubishi.fusorosa,95.2262783666009,-38.0257034301758,136.16096496582,-129.234146118164
762,128.502355359495,116,vehicle.mitsubishi.fusorosa,91.5095280599634,-38.0257339477539,136.160980224609,-129.23323059082
762,128.515683658421,116,vehicle.mitsubishi.fusorosa,90.1939055271949,-38.0257568359375,136.160995483398,-129.232452392578
763,128.529963258654,116,vehicle.mitsubishi.fusorosa,96.3860124525046,-38.0257835388184,136.161010742188,-129.231704711914
763,128.544954959303,116,vehicle.mitsubishi.fusorosa,101.064229108987,-38.025821685791,136.161026000977,-129.230743408203
763,128.557484358549,116,vehicle.mitsubishi.fusorosa,100.548533508957,-38.0258560180664,136.161056518555,-129.229705810547
763,128.570397358388,116,vehicle.mitsubishi.fusorosa,88.9719417859079,-38.0258941650391,136.161087036133,-129.22932434082
763,128.584152758121,116,vehicle.mitsubishi.fusorosa,94.4222285517761,-38.0259208679199,136.161087036133,-129.228637695312
763,128.597142457962,116,vehicle.mitsubishi.fusorosa,90.2452449729552,-38.025951385498,136.161117553711,-129.227767944336
763,128.609658557922,116,vehicle.mitsubishi.fusorosa,89.1322950484319,-38.0259819030762,136.161117553711,-129.227035522461
763,128.623423360288,116,vehicle.mitsubishi.fusorosa,95.5070653195685,-38.026008605957,136.1611328125,-129.226379394531
764,128.636399559677,116,vehicle.mitsubishi.fusorosa,92.1729656460518,-38.0260391235352,136.1611328125,-129.225509643555
764,128.650019258261,116,vehicle.mitsubishi.fusorosa,92.9894113962256,-38.0260620117188,136.161163330078,-129.224746704102
764,128.663439057767,116,vehicle.mitsubishi.fusorosa,93.3597514605073,-38.0260887145996,136.161178588867,-129.223861694336
764,128.67708875984,116,vehicle.mitsubishi.fusorosa,92.2360447412536,-38.0261154174805,136.161209106445,-129.22314453125
764,128.690426658839,116,vehicle.mitsubishi.fusorosa,93.1881935777267,-38.0261535644531,136.161209106445,-129.222274780273
764,128.703370258212,116,vehicle.mitsubishi.fusorosa,90.5357699464984,-38.026180267334,136.161224365234,-129.221572875977
764,128.716806359589,116,vehicle.mitsubishi.fusorosa,91.6689719682646,-38.0262069702148,136.161239624023,-129.220779418945
764,128.731422059238,116,vehicle.mitsubishi.fusorosa,98.3865501829164,-38.0262336730957,136.161270141602,-129.21989440918
765,128.745307959616,116,vehicle.mitsubishi.fusorosa,94.9525748427975,-38.0262718200684,136.161285400391,-129.218872070312
765,128.760443758219,116,vehicle.mitsubishi.fusorosa,100.610605783719,-38.0263061523438,136.161315917969,-129.217956542969
765,128.774035058916,116,vehicle.mitsubishi.fusorosa,93.7248421688404,-38.0263404846191,136.161331176758,-129.216934204102
765,128.787372160703,116,vehicle.mitsubishi.fusorosa,90.6799409894269,-38.0263748168945,136.161361694336,-129.216079711914
765,128.800846260041,116,vehicle.mitsubishi.fusorosa,92.4719859239401,-38.0264091491699,136.161361694336,-129.215240478516
765,128.81457515806,116,vehicle.mitsubishi.fusorosa,94.5771700632118,-38.0264358520508,136.161376953125,-129.214569091797
765,128.827779758722,116,vehicle.mitsubishi.fusorosa,91.9268915632399,-38.0264625549316,136.161407470703,-129.21369934082
765,128.841050259769,116,vehicle.mitsubishi.fusorosa,92.3311446218488,-38.0264930725098,136.161407470703,-129.212890625
766,128.854778259993,116,vehicle.mitsubishi.fusorosa,95.5440823633646,-38.0265235900879,136.161422729492,-129.212142944336
766,128.869794458151,116,vehicle.mitsubishi.fusorosa,101.5974385101,-38.0265502929688,136.161437988281,-129.211288452148
766,128.884465157986,116,vehicle.mitsubishi.fusorosa,99.3658961163862,-38.0265846252441,136.161468505859,-129.210342407227
766,128.89761755988,116,vehicle.mitsubishi.fusorosa,98.393211443277,-38.0266265869141,136.161499023438,-129.209213256836
766,128.910653159022,116,vehicle.mitsubishi.fusorosa,90.2918445229219,-38.0266571044922,136.161514282227,-129.208450317383
766,128.923670258373,116,vehicle.mitsubishi.fusorosa,92.6371320866963,-38.0266876220703,136.161514282227,-129.207641601562
766,128.936788860708,116,vehicle.mitsubishi.fusorosa,92.648040955383,-38.0267219543457,136.161529541016,-129.206985473633
766,128.950601860881,116,vehicle.mitsubishi.fusorosa,95.0906111705148,-38.0267448425293,136.161544799805,-129.206176757812
767,128.965009558946,116,vehicle.mitsubishi.fusorosa,98.1049530913986,-38.0267753601074,136.161575317383,-129.205200195312
767,128.978905558586,116,vehicle.mitsubishi.fusorosa,95.2911505427566,-38.0268096923828,136.161590576172,-129.204284667969
767,128.992439359426,116,vehicle.mitsubishi.fusorosa,93.8092092496655,-38.0268440246582,136.16162109375,-129.203338623047
767,129.005585558712,116,vehicle.mitsubishi.fusorosa,93.5902638363422,-38.0268783569336,136.16162109375,-129.202285766602
767,129.018483258784,116,vehicle.mitsubishi.fusorosa,92.4382678037481,-38.0269088745117,136.161636352539,-129.201553344727
767,129.031804859638,116,vehicle.mitsubishi.fusorosa,92.1461378011132,-38.0269355773926,136.161651611328,-129.200836181641
767,129.045044459403,116,vehicle.mitsubishi.fusorosa,92.6256539603743,-38.0269584655762,136.161666870117,-129.199935913086
767,129.059095557779,116,vehicle.mitsubishi.fusorosa,96.890539468483,-38.0269889831543,136.161682128906,-129.199172973633
768,129.072692859918,116,vehicle.mitsubishi.fusorosa,94.3403315092482,-38.0270156860352,136.161697387695,-129.198287963867
768,129.086989760399,116,vehicle.mitsubishi.fusorosa,97.9361198892995,-38.0270462036133,136.161712646484,-129.197387695312
768,129.100535560399,116,vehicle.mitsubishi.fusorosa,93.4975074598865,-38.0270805358887,136.161727905273,-129.196487426758
768,129.112945858389,116,vehicle.mitsubishi.fusorosa,106.253080148943,-38.0271148681641,136.161758422852,-129.195526123047
768,129.126051060855,116,vehicle.mitsubishi.fusorosa,91.3531746733468,-38.0271453857422,136.161758422852,-129.195251464844
768,129.138338457793,116,vehicle.mitsubishi.fusorosa,99.7046427539821,-38.0271682739258,136.161773681641,-129.194595336914
768,129.151413258165,116,vehicle.mitsubishi.fusorosa,90.0812047295503,-38.0271949768066,136.16178894043,-129.194198608398
768,129.165746059269,116,vehicle.mitsubishi.fusorosa,98.6638536008664,-38.0272216796875,136.16178894043,-129.193450927734
769,129.17983115837,116,vehicle.mitsubishi.fusorosa,95.7774065358464,-38.0272521972656,136.161819458008,-129.192657470703
769,129.193422459066,116,vehicle.mitsubishi.fusorosa,91.9942952953974,-38.0272827148438,136.161849975586,-129.19172668457
769,129.206756759435,116,vehicle.mitsubishi.fusorosa,92.1194962878127,-38.0273170471191,136.161849975586,-129.190948486328
769,129.219847958535,116,vehicle.mitsubishi.fusorosa,90.5026962754231,-38.0273475646973,136.161865234375,-129.190063476562
769,129.233041260391,116,vehicle.mitsubishi.fusorosa,92.0620323018696,-38.0273780822754,136.161880493164,-129.189254760742
769,129.246651060879,116,vehicle.mitsubishi.fusorosa,92.6932029734462,-38.0274047851562,136.161911010742,-129.188491821289
769,129.258878357708,116,vehicle.mitsubishi.fusorosa,108.717057944659,-38.0274353027344,136.161926269531,-129.187576293945
769,129.273422557861,116,vehicle.mitsubishi.fusorosa,98.4944939413109,-38.027458190918,136.16194152832,-129.187255859375
770,129.287544459105,116,vehicle.mitsubishi.fusorosa,94.9849869797617,-38.0274810791016,136.16194152832,-129.186645507812
770,129.301867559552,116,vehicle.mitsubishi.fusorosa,95.5203552443703,-38.0275192260742,136.161972045898,-129.185775756836
770,129.314468860626,116,vehicle.mitsubishi.fusorosa,96.1270655701081,-38.0275535583496,136.161987304688,-129.184951782227
770,129.327071860433,116,vehicle.mitsubishi.fusorosa,86.7868724664647,-38.027587890625,136.162002563477,-129.184341430664
770,129.339343160391,116,vehicle.mitsubishi.fusorosa,89.9822726163907,-38.0276145935059,136.162017822266,-129.183609008789
770,129.351680759341,116,vehicle.mitsubishi.fusorosa,87.8045516604489,-38.0276412963867,136.162033081055,-129.182891845703
770,129.363542560488,116,vehicle.mitsubishi.fusorosa,88.7038038366043,-38.0276641845703,136.162033081055,-129.182281494141
770,129.377473358065,116,vehicle.mitsubishi.fusorosa,96.3141217759445,-38.0276832580566,136.162048339844,-129.181686401367
770,129.390918157995,116,vehicle.mitsubishi.fusorosa,91.6372520366523,-38.0277061462402,136.162063598633,-129.180740356445
771,129.404170259833,116,vehicle.mitsubishi.fusorosa,90.8153090811871,-38.0277404785156,136.162094116211,-129.17985534668
771,129.416980959475,116,vehicle.mitsubishi.fusorosa,89.9555302256552,-38.0277709960938,136.162109375,-129.178848266602
771,129.431352559477,116,vehicle.mitsubishi.fusorosa,98.2579339662301,-38.0278015136719,136.162109375,-129.17805480957
771,129.444202858955,116,vehicle.mitsubishi.fusorosa,89.5612648447193,-38.0278282165527,136.162139892578,-129.177062988281
771,129.457116458565,116,vehicle.mitsubishi.fusorosa,88.078374779213,-38.0278587341309,136.162170410156,-129.176315307617
771,129.47002466023,116,vehicle.mitsubishi.fusorosa,88.8490689036312,-38.0278854370117,136.162170410156,-129.17546081543
771,129.482857458293,116,vehicle.mitsubishi.fusorosa,89.4450120843866,-38.0279159545898,136.162185668945,-129.174713134766
771,129.496374558657,116,vehicle.mitsubishi.fusorosa,93.3036805445265,-38.0279426574707,136.162200927734,-129.174011230469
772,129.509419959038,116,vehicle.mitsubishi.fusorosa,90.885261395879,-38.0279655456543,136.162216186523,-129.173126220703
772,129.522788558155,116,vehicle.mitsubishi.fusorosa,92.4251504783456,-38.0279960632324,136.162231445312,-129.172286987305
772,129.535719759762,116,vehicle.mitsubishi.fusorosa,90.3313572032757,-38.0280227661133,136.162246704102,-129.171524047852
772,129.548512857407,116,vehicle.mitsubishi.fusorosa,89.073820860062,-38.0280570983887,136.16227722168,-129.170608520508
772,129.561698060483,116,vehicle.mitsubishi.fusorosa,90.966047358545,-38.0280838012695,136.16227722168,-129.169937133789
772,129.574687357992,116,vehicle.mitsubishi.fusorosa,90.1651410406123,-38.0281105041504,136.162307739258,-129.169052124023
772,129.588241260499,116,vehicle.mitsubishi.fusorosa,92.3483335451229,-38.0281448364258,136.162322998047,-129.168075561523
772,129.601591359824,116,vehicle.mitsubishi.fusorosa,92.2445076250652,-38.0281715393066,136.162338256836,-129.167205810547
773,129.61456336081,116,vehicle.mitsubishi.fusorosa,90.9780092298374,-38.0282020568848,136.162353515625,-129.16633605957
773,129.627348460257,116,vehicle.mitsubishi.fusorosa,88.5467957673805,-38.0282287597656,136.162368774414,-129.165618896484
773,129.640858359635,116,vehicle.mitsubishi.fusorosa,92.8968687283548,-38.0282554626465,136.162384033203,-129.164855957031
773,129.653602257371,116,vehicle.mitsubishi.fusorosa,91.4865052460281,-38.0282859802246,136.162384033203,-129.163970947266
773,129.667038459331,116,vehicle.mitsubishi.fusorosa,92.1390595324595,-38.0283126831055,136.162414550781,-129.163299560547
773,129.678917657584,116,vehicle.mitsubishi.fusorosa,78.5288649796512,-38.0283432006836,136.16242980957,-129.162353515625
773,129.691437657923,116,vehicle.mitsubishi.fusorosa,111.802770877688,-38.0283851623535,136.162460327148,-129.161193847656
773,129.704573459923,116,vehicle.mitsubishi.fusorosa,91.4440764803748,-38.028434753418,136.162475585938,-129.160430908203
774,129.718724958599,116,vehicle.mitsubishi.fusorosa,96.9005850774196,-38.0284652709961,136.162490844727,-129.159744262695
774,129.733165457845,116,vehicle.mitsubishi.fusorosa,97.2360823261703,-38.0284957885742,136.162506103516,-129.158981323242
774,129.74552365765,116,vehicle.mitsubishi.fusorosa,93.7200920103252,-38.0285301208496,136.162536621094,-129.158142089844
774,129.758261360228,116,vehicle.mitsubishi.fusorosa,86.9259121743359,-38.028564453125,136.162551879883,-129.157501220703
774,129.771710459143,116,vehicle.mitsubishi.fusorosa,92.8860948486299,-38.0285911560059,136.162551879883,-129.156768798828
774,129.784265760332,116,vehicle.mitsubishi.fusorosa,89.530112392056,-38.0286178588867,136.162582397461,-129.156036376953
774,129.7969991602,116,vehicle.mitsubishi.fusorosa,88.2838490383076,-38.0286483764648,136.16259765625,-129.1552734375
774,129.809989959002,116,vehicle.mitsubishi.fusorosa,90.757156242648,-38.0286712646484,136.16259765625,-129.154525756836
774,129.823164857924,116,vehicle.mitsubishi.fusorosa,89.3451039387891,-38.028694152832,136.162628173828,-129.153671264648
775,129.836307760328,116,vehicle.mitsubishi.fusorosa,91.3713482007872,-38.0287284851074,136.162628173828,-129.152893066406
775,129.850246857852,116,vehicle.mitsubishi.fusorosa,94.8272541969597,-38.028751373291,136.162658691406,-129.152114868164
775,129.863582659513,116,vehicle.mitsubishi.fusorosa,91.1246519728254,-38.0287818908691,136.162673950195,-129.151245117188
775,129.876760959625,116,vehicle.mitsubishi.fusorosa,90.6748865368443,-38.0288162231445,136.162704467773,-129.150283813477
775,129.889141060412,116,vehicle.mitsubishi.fusorosa,89.8489010222168,-38.0288429260254,136.162704467773,-129.149444580078
775,129.901530958712,116,vehicle.mitsubishi.fusorosa,86.1409178642273,-38.0288696289062,136.162734985352,-129.148818969727
775,129.913621257991,116,vehicle.mitsubishi.fusorosa,87.101975748276,-38.0288963317871,136.162734985352,-129.148056030273
775,129.926239158958,116,vehicle.mitsubishi.fusorosa,87.104982448289,-38.0289192199707,136.162750244141,-129.147415161133
776,129.939074657857,116,vehicle.mitsubishi.fusorosa,88.3406583416434,-38.028938293457,136.16276550293,-129.146713256836
776,129.952382460237,116,vehicle.mitsubishi.fusorosa,91.3883046394887,-38.0289649963379,136.16276550293,-129.145950317383
776,129.965754859149,116,vehicle.mitsubishi.fusorosa,90.9017529240598,-38.0289916992188,136.162796020508,-129.145080566406
776,129.978857658803,116,vehicle.mitsubishi.fusorosa,89.5084741055857,-38.0290184020996,136.162811279297,-129.144226074219
776,129.991196960211,116,vehicle.mitsubishi.fusorosa,89.5273672736242,-38.0290489196777,136.162826538086,-129.143508911133
776,130.004374660552,116,vehicle.mitsubishi.fusorosa,91.4266772597335,-38.0290756225586,136.162826538086,-129.142807006836
776,130.016476660967,116,vehicle.mitsubishi.fusorosa,95.3320033763272,-38.0291023254395,136.162841796875,-129.141937255859
776,130.029150858521,116,vehicle.mitsubishi.fusorosa,86.6880839432262,-38.0291290283203,136.162872314453,-129.141387939453
776,130.042263559997,116,vehicle.mitsubishi.fusorosa,89.7890747561464,-38.0291557312012,136.162872314453,-129.140686035156
777,130.05502256006,116,vehicle.mitsubishi.fusorosa,88.8277296922558,-38.029182434082,136.162887573242,-129.139892578125
777,130.067917257547,116,vehicle.mitsubishi.fusorosa,88.2572058047827,-38.0292091369629,136.162902832031,-129.13916015625
777,130.081473059952,116,vehicle.mitsubishi.fusorosa,92.7472175651294,-38.0292358398438,136.16291809082,-129.138381958008
777,130.094085860997,116,vehicle.mitsubishi.fusorosa,87.7062571156713,-38.0292625427246,136.162948608398,-129.137451171875
777,130.107337158173,116,vehicle.mitsubishi.fusorosa,90.7247628816716,-38.0292930603027,136.162948608398,-129.136795043945
777,130.119717758149,116,vehicle.mitsubishi.fusorosa,90.0895735874309,-38.0293197631836,136.162963867188,-129.13591003418
777,130.132069859654,116,vehicle.mitsubishi.fusorosa,85.546294223715,-38.0293464660645,136.162994384766,-129.135269165039
777,130.145725060254,116,vehicle.mitsubishi.fusorosa,94.4002090595328,-38.0293769836426,136.162994384766,-129.134582519531
778,130.159415457398,116,vehicle.mitsubishi.fusorosa,94.2145527459315,-38.0294036865234,136.163009643555,-129.133697509766
778,130.17287375778,116,vehicle.mitsubishi.fusorosa,90.8559020826315,-38.029426574707,136.163040161133,-129.132919311523
778,130.186059158295,116,vehicle.mitsubishi.fusorosa,90.3809121982723,-38.0294609069824,136.163055419922,-129.132125854492
778,130.198425658047,116,vehicle.mitsubishi.fusorosa,89.2102520709946,-38.0294952392578,136.163070678711,-129.13117980957
778,130.21083926037,116,vehicle.mitsubishi.fusorosa,87.6789198690398,-38.0295257568359,136.1630859375,-129.13053894043
778,130.223832260817,116,vehicle.mitsubishi.fusorosa,90.4023983523244,-38.0295524597168,136.1630859375,-129.129776000977
778,130.236735459417,116,vehicle.mitsubishi.fusorosa,88.7208372454736,-38.0295753479004,136.163116455078,-129.129013061523
778,130.249557260424,116,vehicle.mitsubishi.fusorosa,88.9594107739041,-38.0296020507812,136.163116455078,-129.12825012207
778,130.262604057789,116,vehicle.mitsubishi.fusorosa,90.5959534526126,-38.0296287536621,136.163146972656,-129.127563476562
779,130.276244457811,116,vehicle.mitsubishi.fusorosa,93.8198223667819,-38.029655456543,136.163146972656,-129.126800537109
779,130.289623260498,116,vehicle.mitsubishi.fusorosa,91.8529958758273,-38.0296783447266,136.163177490234,-129.125915527344
779,130.303744558245,116,vehicle.mitsubishi.fusorosa,94.8062278513798,-38.0297050476074,136.163192749023,-129.125198364258
779,130.316097557545,116,vehicle.mitsubishi.fusorosa,99.2851700096624,-38.0297393798828,136.163208007812,-129.124298095703
779,130.329422160983,116,vehicle.mitsubishi.fusorosa,91.5672809459727,-38.0297698974609,136.163223266602,-129.123764038086
779,130.34265255928,116,vehicle.mitsubishi.fusorosa,92.0468227911873,-38.0298004150391,136.163223266602,-129.123001098633
779,130.355353459716,116,vehicle.mitsubishi.fusorosa,89.1145146804795,-38.0298309326172,136.16325378418,-129.122375488281
779,130.369148757309,116,vehicle.mitsubishi.fusorosa,94.095963391425,-38.0298614501953,136.163269042969,-129.12158203125
780,130.382641460747,116,vehicle.mitsubishi.fusorosa,89.6075054344179,-38.0298843383789,136.163299560547,-129.120681762695
780,130.396971959621,116,vehicle.mitsubishi.fusorosa,96.7645179288036,-38.0299224853516,136.163314819336,-129.119873046875
780,130.410345260054,116,vehicle.mitsubishi.fusorosa,91.8699369789898,-38.0299530029297,136.163330078125,-129.118927001953
780,130.422757260501,116,vehicle.mitsubishi.fusorosa,93.4838567962929,-38.0299873352051,136.163345336914,-129.11799621582
780,130.435788460076,116,vehicle.mitsubishi.fusorosa,86.9603276311592,-38.0300140380859,136.163375854492,-129.117401123047
780,130.4479088597,116,vehicle.mitsubishi.fusorosa,99.3875259188212,-38.0300445556641,136.163375854492,-129.116561889648
780,130.460543159395,116,vehicle.mitsubishi.fusorosa,89.8530546630737,-38.0300750732422,136.163391113281,-129.116088867188
780,130.475104957819,116,vehicle.mitsubishi.fusorosa,98.4992851797807,-38.030101776123,136.16340637207,-129.115280151367
781,130.488425958902,116,vehicle.mitsubishi.fusorosa,91.4030441666702,-38.0301322937012,136.163421630859,-129.114288330078
781,130.5016900599,116,vehicle.mitsubishi.fusorosa,89.6286685476459,-38.0301666259766,136.163452148438,-129.113510131836
781,130.514803759754,116,vehicle.mitsubishi.fusorosa,89.8148923401962,-38.0301933288574,136.163467407227,-129.112701416016
781,130.526765659451,116,vehicle.mitsubishi.fusorosa,99.7243239610584,-38.0302200317383,136.163482666016,-129.111923217773
781,130.539721857756,116,vehicle.mitsubishi.fusorosa,88.8211009693527,-38.0302467346191,136.163497924805,-129.111511230469
781,130.552218157798,116,vehicle.mitsubishi.fusorosa,86.7365517363973,-38.0302734375,136.163497924805,-129.110824584961
781,130.564973060042,116,vehicle.mitsubishi.fusorosa,87.1826729039834,-38.0303001403809,136.163528442383,-129.11018371582
781,130.578703157604,116,vehicle.mitsubishi.fusorosa,93.1134552143064,-38.0303268432617,136.163528442383,-129.109451293945
782,130.592411559075,116,vehicle.mitsubishi.fusorosa,93.4301276934582,-38.0303573608398,136.163543701172,-129.108551025391
782,130.605413857847,116,vehicle.mitsubishi.fusorosa,89.6951714388469,-38.0303840637207,136.163558959961,-129.107757568359
782,130.61855616048,116,vehicle.mitsubishi.fusorosa,90.7784988360101,-38.0304107666016,136.16357421875,-129.106903076172
782,130.631790157408,116,vehicle.mitsubishi.fusorosa,91.849614850776,-38.0304412841797,136.163589477539,-129.106170654297
782,130.644545957446,116,vehicle.mitsubishi.fusorosa,88.2423996286169,-38.0304641723633,136.163604736328,-129.105392456055
782,130.657325658947,116,vehicle.mitsubishi.fusorosa,85.5900904610701,-38.0304908752441,136.163635253906,-129.104583740234
782,130.669789660722,116,vehicle.mitsubishi.fusorosa,88.9392851815878,-38.0305252075195,136.163635253906,-129.103744506836
782,130.683196358383,116,vehicle.mitsubishi.fusorosa,92.588725752768,-38.0305519104004,136.163650512695,-129.103103637695
782,130.6962335594,116,vehicle.mitsubishi.fusorosa,89.8788483690872,-38.0305709838867,136.163665771484,-129.102294921875
783,130.709574557841,116,vehicle.mitsubishi.fusorosa,90.9856720916656,-38.0306015014648,136.163696289062,-129.101425170898
783,130.723279960454,116,vehicle.mitsubishi.fusorosa,94.4569739593893,-38.0306358337402,136.163696289062,-129.100570678711
783,130.736277859658,116,vehicle.mitsubishi.fusorosa,90.5040483238927,-38.0306625366211,136.163711547852,-129.099655151367
783,130.749087758362,116,vehicle.mitsubishi.fusorosa,89.0950164230546,-38.030689239502,136.16374206543,-129.098968505859
783,130.761807158589,116,vehicle.mitsubishi.fusorosa,90.5666762115814,-38.0307159423828,136.163757324219,-129.098129272461
783,130.774938859046,116,vehicle.mitsubishi.fusorosa,90.6487954467293,-38.0307464599609,136.163772583008,-129.097366333008
783,130.78808105737,116,vehicle.mitsubishi.fusorosa,91.6192905268034,-38.0307693481445,136.163772583008,-129.096542358398
783,130.80278525874,116,vehicle.mitsubishi.fusorosa,99.2477990493473,-38.0307960510254,136.163803100586,-129.095825195312
784,130.80278525874,116,vehicle.mitsubishi.fusorosa,99.2477990493473,-38.0307960510254,136.163803100586,-129.095825195312
784,130.816802058369,116,vehicle.mitsubishi.fusorosa,95.0775622143209,-38.0308303833008,136.163818359375,-129.094833374023
784,130.830243758857,116,vehicle.mitsubishi.fusorosa,91.4623593692853,-38.0308647155762,136.163848876953,-129.093811035156
784,130.843251157552,116,vehicle.mitsubishi.fusorosa,91.7136502705884,-38.0309028625488,136.163848876953,-129.093002319336
784,130.856231357902,116,vehicle.mitsubishi.fusorosa,90.4070015973939,-38.0309295654297,136.163879394531,-129.092224121094
784,130.869031459093,116,vehicle.mitsubishi.fusorosa,90.3401414369181,-38.0309600830078,136.163879394531,-129.091461181641
784,130.881596360356,116,vehicle.mitsubishi.fusorosa,88.1896414561717,-38.0309829711914,136.163909912109,-129.090805053711
784,130.894686259329,116,vehicle.mitsubishi.fusorosa,91.5560831772198,-38.0310134887695,136.163909912109,-129.090026855469
784,130.907331358641,116,vehicle.mitsubishi.fusorosa,89.0861245189353,-38.0310363769531,136.163925170898,-129.089218139648
784,130.92077665776,116,vehicle.mitsubishi.fusorosa,92.0657005359938,-38.0310668945312,136.163955688477,-129.088394165039
785,130.934000957757,116,vehicle.mitsubishi.fusorosa,91.77380811998,-38.0310935974121,136.163955688477,-129.087539672852
785,130.947441160679,116,vehicle.mitsubishi.fusorosa,90.7752784858742,-38.0311164855957,136.163986206055,-129.086730957031
785,130.960381157696,116,vehicle.mitsubishi.fusorosa,91.4355161303458,-38.0311546325684,136.163986206055,-129.085968017578
785,130.97282525897,116,vehicle.mitsubishi.fusorosa,89.4409832574628,-38.0311813354492,136.164016723633,-129.085159301758
785,130.985332258046,116,vehicle.mitsubishi.fusorosa,88.9694599108198,-38.0312042236328,136.164016723633,-129.084426879883
785,130.9980420582,116,vehicle.mitsubishi.fusorosa,89.5039700761888,-38.0312309265137,136.164031982422,-129.083755493164
785,131.011034958065,116,vehicle.mitsubishi.fusorosa,86.8737231426021,-38.03125,136.1640625,-129.083023071289
785,131.02390486002,116,vehicle.mitsubishi.fusorosa,90.347329154735,-38.0312843322754,136.1640625,-129.082260131836
786,131.037814460695,116,vehicle.mitsubishi.fusorosa,94.8173759976808,-38.0313110351562,136.164077758789,-129.081436157227
786,131.051523059607,116,vehicle.mitsubishi.fusorosa,93.4190683541157,-38.0313377380371,136.164093017578,-129.080505371094
786,131.065071359277,116,vehicle.mitsubishi.fusorosa,93.4635859230622,-38.0313720703125,136.164123535156,-129.07958984375
786,131.077512960881,116,vehicle.mitsubishi.fusorosa,95.4861500264522,-38.0314064025879,136.164123535156,-129.078689575195
786,131.09090455994,116,vehicle.mitsubishi.fusorosa,92.1885990457621,-38.0314331054688,136.164154052734,-129.078170776367
786,131.103526759893,116,vehicle.mitsubishi.fusorosa,90.4697097495442,-38.0314636230469,136.164154052734,-129.07731628418
786,131.116238757968,116,vehicle.mitsubishi.fusorosa,89.5023393903745,-38.0314903259277,136.164169311523,-129.07666015625
786,131.129734158516,116,vehicle.mitsubishi.fusorosa,93.3038668761644,-38.0315170288086,136.164184570312,-129.075927734375
787,131.142406459898,116,vehicle.mitsubishi.fusorosa,89.3208298661263,-38.0315437316895,136.164199829102,-129.075210571289
787,131.155257858336,116,vehicle.mitsubishi.fusorosa,89.1462636215701,-38.0315704345703,136.16423034668,-129.074478149414
787,131.167864859104,116,vehicle.mitsubishi.fusorosa,89.4959841150746,-38.0315971374512,136.16423034668,-129.073684692383
787,131.179931961,116,vehicle.mitsubishi.fusorosa,90.0093995364241,-38.031623840332,136.164245605469,-129.072937011719
787,131.192238658667,116,vehicle.mitsubishi.fusorosa,84.5217572627038,-38.0316429138184,136.164260864258,-129.072341918945
787,131.204883657396,116,vehicle.mitsubishi.fusorosa,87.4278323551381,-38.0316696166992,136.164276123047,-129.071716308594
787,131.217841159552,116,vehicle.mitsubishi.fusorosa,90.2005667290934,-38.0317001342773,136.164291381836,-129.07096862793
787,131.229979258031,116,vehicle.mitsubishi.fusorosa,89.1245654791575,-38.0317192077637,136.164306640625,-129.070190429688
787,131.244325660169,116,vehicle.mitsubishi.fusorosa,97.5907581442776,-38.0317459106445,136.164306640625,-129.069580078125
788,131.257334858179,116,vehicle.mitsubishi.fusorosa,90.6771804477631,-38.0317764282227,136.164321899414,-129.068618774414
788,131.271931558847,116,vehicle.mitsubishi.fusorosa,98.3992931832807,-38.0318069458008,136.164352416992,-129.067993164062
788,131.284528959543,116,vehicle.mitsubishi.fusorosa,90.6305723845301,-38.0318412780762,136.164367675781,-129.066940307617
788,131.296872358769,116,vehicle.mitsubishi.fusorosa,86.9713203507484,-38.0318756103516,136.164398193359,-129.066390991211
788,131.309429258108,116,vehicle.mitsubishi.fusorosa,87.3897367397067,-38.0319023132324,136.164398193359,-129.06559753418
788,131.322190158069,116,vehicle.mitsubishi.fusorosa,88.7061217132524,-38.0319290161133,136.164413452148,-129.064880371094
788,131.335171159357,116,vehicle.mitsubishi.fusorosa,90.3848111675138,-38.0319519042969,136.164413452148,-129.064178466797
788,131.34909806028,116,vehicle.mitsubishi.fusorosa,95.2833509132804,-38.0319786071777,136.164443969727,-129.063415527344
789,131.362189859152,116,vehicle.mitsubishi.fusorosa,90.5787166563419,-38.0320053100586,136.164459228516,-129.062622070312
789,131.375269558281,116,vehicle.mitsubishi.fusorosa,88.615016518823,-38.0320320129395,136.164489746094,-129.06184387207
789,131.389080259949,116,vehicle.mitsubishi.fusorosa,95.219090648784,-38.0320663452148,136.164489746094,-129.061080932617
789,131.401865560561,116,vehicle.mitsubishi.fusorosa,90.4408052010199,-38.0320930480957,136.164505004883,-129.060256958008
789,131.414760857821,116,vehicle.mitsubishi.fusorosa,87.9467176925249,-38.0321197509766,136.164535522461,-129.059524536133
789,131.427219357342,116,vehicle.mitsubishi.fusorosa,89.4942440093281,-38.0321502685547,136.164535522461,-129.058868408203
789,131.440362658352,116,vehicle.mitsubishi.fusorosa,90.0086867473298,-38.0321731567383,136.16455078125,-129.058166503906
789,131.455098360777,116,vehicle.mitsubishi.fusorosa,99.7015420280379,-38.0321998596191,136.164566040039,-129.057373046875
790,131.469197660685,116,vehicle.mitsubishi.fusorosa,94.643717416354,-38.0322303771973,136.164596557617,-129.056396484375
790,131.483385059983,116,vehicle.mitsubishi.fusorosa,95.3741278771441,-38.0322685241699,136.164627075195,-129.055480957031
790,131.495901357383,116,vehicle.mitsubishi.fusorosa,100.607826378374,-38.0323028564453,136.164642333984,-129.054641723633
790,131.508516158909,116,vehicle.mitsubishi.fusorosa,86.7356201074387,-38.0323371887207,136.164657592773,-129.054077148438
790,131.521433860064,116,vehicle.mitsubishi.fusorosa,89.289549276005,-38.0323638916016,136.164657592773,-129.053421020508
790,131.533826958388,116,vehicle.mitsubishi.fusorosa,89.5873456721127,-38.0323905944824,136.164672851562,-129.052703857422
790,131.546259660274,116,vehicle.mitsubishi.fusorosa,87.4792043968178,-38.0324096679688,136.164688110352,-129.052047729492
790,131.559094160795,116,vehicle.mitsubishi.fusorosa,89.8429782369041,-38.0324363708496,136.164703369141,-129.051391601562
790,131.572028458118,116,vehicle.mitsubishi.fusorosa,91.3924138768664,-38.0324668884277,136.16471862793,-129.050598144531
791,131.586105160415,116,vehicle.mitsubishi.fusorosa,95.6565797151458,-38.0324935913086,136.164733886719,-129.049819946289
791,131.599673658609,116,vehicle.mitsubishi.fusorosa,92.2420187815494,-38.0325202941895,136.164749145508,-129.048828125
791,131.612384360284,116,vehicle.mitsubishi.fusorosa,88.6369351920933,-38.0325546264648,136.164779663086,-129.047927856445
791,131.625105660409,116,vehicle.mitsubishi.fusorosa,88.158530083463,-38.032585144043,136.164794921875,-129.047225952148
791,131.638606458902,116,vehicle.mitsubishi.fusorosa,92.177334628025,-38.0326156616211,136.164794921875,-129.046447753906
791,131.651244360954,116,vehicle.mitsubishi.fusorosa,90.8036275966948,-38.032642364502,136.164810180664,-129.045623779297
791,131.664099957794,116,vehicle.mitsubishi.fusorosa,88.6756410574216,-38.0326690673828,136.164840698242,-129.044921875
791,131.678180158138,116,vehicle.mitsubishi.fusorosa,95.6790590158613,-38.0326957702637,136.164855957031,-129.044174194336
792,131.690600659698,116,vehicle.mitsubishi.fusorosa,98.6525224464521,-38.0327301025391,136.164855957031,-129.043212890625
792,131.70866375789,116,vehicle.mitsubishi.fusorosa,119.348702076836,-38.0327568054199,136.164886474609,-129.04264831543
792,131.721046958119,116,vehicle.mitsubishi.fusorosa,87.3125283964514,-38.0327987670898,136.164886474609,-129.041351318359
792,131.734114360064,116,vehicle.mitsubishi.fusorosa,86.2526613761906,-38.0328369140625,136.164962768555,-129.040725708008
792,131.746879160404,116,vehicle.mitsubishi.fusorosa,90.522874784485,-38.0328712463379,136.164932250977,-129.039825439453
792,131.759563758969,116,vehicle.mitsubishi.fusorosa,88.0629208596368,-38.032901763916,136.164962768555,-129.039169311523
792,131.77262865752,116,vehicle.mitsubishi.fusorosa,89.3651440184405,-38.0329246520996,136.164978027344,-129.03840637207
792,131.787123858929,116,vehicle.mitsubishi.fusorosa,98.297684262436,-38.0329513549805,136.164993286133,-129.037689208984
793,131.800649758428,116,vehicle.mitsubishi.fusorosa,92.7664679439808,-38.0329818725586,136.165008544922,-129.036743164062
793,131.814039457589,116,vehicle.mitsubishi.fusorosa,91.3059136184999,-38.0330123901367,136.1650390625,-129.035919189453
793,131.826923359185,116,vehicle.mitsubishi.fusorosa,90.5700162151401,-38.0330429077148,136.1650390625,-129.035003662109
793,131.84006736055,116,vehicle.mitsubishi.fusorosa,90.8950062679583,-38.033073425293,136.165069580078,-129.034210205078
793,131.85297895968,116,vehicle.mitsubishi.fusorosa,90.3948107112086,-38.0331039428711,136.165069580078,-129.033432006836
793,131.865822657943,116,vehicle.mitsubishi.fusorosa,90.6058931695961,-38.0331268310547,136.165084838867,-129.032653808594
793,131.878825757653,116,vehicle.mitsubishi.fusorosa,90.2769512015599,-38.0331497192383,136.165100097656,-129.031845092773
793,131.8921270594,116,vehicle.mitsubishi.fusorosa,92.461288985152,-38.0331764221191,136.165115356445,-129.030990600586
794,131.905648358166,116,vehicle.mitsubishi.fusorosa,92.8843786793817,-38.033203125,136.165130615234,-129.030151367188
794,131.919363059103,116,vehicle.mitsubishi.fusorosa,94.8833113807018,-38.0332336425781,136.165145874023,-129.029235839844
794,131.932196158916,116,vehicle.mitsubishi.fusorosa,91.5220335029375,-38.0332679748535,136.165176391602,-129.028335571289
794,131.945067960769,116,vehicle.mitsubishi.fusorosa,89.803363017353,-38.0332946777344,136.165176391602,-129.027435302734
794,131.957698058337,116,vehicle.mitsubishi.fusorosa,87.6845777200155,-38.033317565918,136.16520690918,-129.026611328125
794,131.971663460135,116,vehicle.mitsubishi.fusorosa,94.6136761020144,-38.0333480834961,136.165222167969,-129.025955200195
794,131.984516259283,116,vehicle.mitsubishi.fusorosa,93.0164255728021,-38.0333786010742,136.165222167969,-129.024978637695
794,131.999252159148,116,vehicle.mitsubishi.fusorosa,99.2912363848961,-38.0334091186523,136.165237426758,-129.024215698242
795,132.012480258942,116,vehicle.mitsubishi.fusorosa,90.7152316889461,-38.0334358215332,136.165267944336,-129.023254394531
795,132.026039559394,116,vehicle.mitsubishi.fusorosa,91.5885705641273,-38.0334701538086,136.165283203125,-129.022430419922
795,132.039098460227,116,vehicle.mitsubishi.fusorosa,90.6982307883032,-38.0335006713867,136.165298461914,-129.021545410156
795,132.052086558193,116,vehicle.mitsubishi.fusorosa,90.9365341926551,-38.0335350036621,136.165313720703,-129.02067565918
795,132.064997658134,116,vehicle.mitsubishi.fusorosa,90.2499866474352,-38.033561706543,136.165328979492,-129.019958496094
795,132.07769215852,116,vehicle.mitsubishi.fusorosa,89.5301295062813,-38.0335884094238,136.165344238281,-129.019104003906
795,132.089989360422,116,vehicle.mitsubishi.fusorosa,89.5417597357905,-38.0336151123047,136.16535949707,-129.018417358398
795,132.102832857519,116,vehicle.mitsubishi.fusorosa,90.5260011379208,-38.0336380004883,136.165374755859,-129.017669677734
796,132.116856459528,116,vehicle.mitsubishi.fusorosa,96.6479421276469,-38.0336647033691,136.165374755859,-129.016983032227
796,132.130462858826,116,vehicle.mitsubishi.fusorosa,93.3441094890689,-38.03369140625,136.165390014648,-129.016036987305
796,132.143723860383,116,vehicle.mitsubishi.fusorosa,90.8109845319243,-38.0337257385254,136.165420532227,-129.015106201172
796,132.156793259084,116,vehicle.mitsubishi.fusorosa,90.8165671621875,-38.0337524414062,136.165435791016,-129.014251708984
796,132.169246859848,116,vehicle.mitsubishi.fusorosa,91.5711440834631,-38.0337867736816,136.165451049805,-129.013427734375
796,132.18226845935,116,vehicle.mitsubishi.fusorosa,89.4188184843052,-38.0338096618652,136.165481567383,-129.012832641602
796,132.195039458573,116,vehicle.mitsubishi.fusorosa,90.9875831350489,-38.0338401794434,136.165481567383,-129.012023925781
796,132.208316460252,116,vehicle.mitsubishi.fusorosa,91.4408561010079,-38.033863067627,136.165496826172,-129.011276245117
796,132.221442457289,116,vehicle.mitsubishi.fusorosa,91.9890784476752,-38.0338897705078,136.165512084961,-129.010391235352
797,132.235015358776,116,vehicle.mitsubishi.fusorosa,92.8885938964053,-38.0339164733887,136.16552734375,-129.009689331055
797,132.248037159443,116,vehicle.mitsubishi.fusorosa,92.6651341909636,-38.0339508056641,136.165542602539,-129.0087890625
797,132.261975158006,116,vehicle.mitsubishi.fusorosa,94.5566120978321,-38.0339851379395,136.165557861328,-129.007888793945
797,132.275259960443,116,vehicle.mitsubishi.fusorosa,92.2629853588799,-38.0340156555176,136.165573120117,-129.006973266602
797,132.287979658693,116,vehicle.mitsubishi.fusorosa,89.9064231731088,-38.0340461730957,136.165603637695,-129.006195068359
797,132.301032558084,116,vehicle.mitsubishi.fusorosa,89.7690944447444,-38.0340728759766,136.165618896484,-129.005401611328
797,132.314919158816,116,vehicle.mitsubishi.fusorosa,95.0363846197021,-38.0341033935547,136.165618896484,-129.004592895508
797,132.328062258661,116,vehicle.mitsubishi.fusorosa,91.7386285606173,-38.0341300964355,136.165634155273,-129.003707885742
798,132.340873558074,116,vehicle.mitsubishi.fusorosa,90.7739195566698,-38.0341606140137,136.165664672852,-129.0029296875
798,132.35433986038,116,vehicle.mitsubishi.fusorosa,93.6021401657387,-38.0341911315918,136.165664672852,-129.002182006836
798,132.367108959705,116,vehicle.mitsubishi.fusorosa,89.9701842401718,-38.0342178344727,136.16569519043,-129.001419067383
798,132.380138859153,116,vehicle.mitsubishi.fusorosa,90.3143084296364,-38.0342483520508,136.165710449219,-129.00065612793
798,132.392856258899,116,vehicle.mitsubishi.fusorosa,90.4667526427519,-38.0342750549316,136.165725708008,-128.999847412109
798,132.406261559576,116,vehicle.mitsubishi.fusorosa,90.7606313228614,-38.0342979431152,136.165740966797,-128.999130249023
798,132.417744360864,116,vehicle.mitsubishi.fusorosa,73.8229298999954,-38.0343284606934,136.165756225586,-128.998352050781
798,132.431142359972,116,vehicle.mitsubishi.fusorosa,87.95704879031,-38.0343627929688,136.165771484375,-128.997680664062
798,132.444807957858,116,vehicle.mitsubishi.fusorosa,92.5374529559917,-38.0343933105469,136.165771484375,-128.997055053711
799,132.458087760955,116,vehicle.mitsubishi.fusorosa,90.5847625938255,-38.034423828125,136.165802001953,-128.996475219727
799,132.471038158983,116,vehicle.mitsubishi.fusorosa,88.4001701386179,-38.0344505310059,136.165832519531,-128.995788574219
799,132.484180558473,116,vehicle.mitsubishi.fusorosa,89.551232822029,-38.0344848632812,136.165832519531,-128.995071411133
799,132.496904358268,116,vehicle.mitsubishi.fusorosa,89.0957309323731,-38.0345115661621,136.16584777832,-128.994323730469
799,132.50981245935,116,vehicle.mitsubishi.fusorosa,89.9757071021857,-38.034538269043,136.165863037109,-128.993545532227
799,132.522828560323,116,vehicle.mitsubishi.fusorosa,90.0203580275626,-38.0345649719238,136.165878295898,-128.99284362793
799,132.536242760718,116,vehicle.mitsubishi.fusorosa,94.1452465713497,-38.034595489502,136.165893554688,-128.992080688477
799,132.550095859915,116,vehicle.mitsubishi.fusorosa,94.3419963942823,-38.0346221923828,136.165908813477,-128.991149902344
800,132.5634826608,116,vehicle.mitsubishi.fusorosa,91.9366774860429,-38.0346488952637,136.165924072266,-128.990295410156
800,132.577058460563,116,vehicle.mitsubishi.fusorosa,93.7109334516445,-38.0346832275391,136.165939331055,-128.989456176758
800,132.590172160417,116,vehicle.mitsubishi.fusorosa,91.0635334557658,-38.0347099304199,136.165969848633,-128.988586425781
800,132.603120360523,116,vehicle.mitsubishi.fusorosa,88.4898924088826,-38.034740447998,136.166000366211,-128.987762451172
800,132.615531258285,116,vehicle.mitsubishi.fusorosa,90.7451277516024,-38.0347709655762,136.166000366211,-128.987030029297
800,132.628245659173,116,vehicle.mitsubishi.fusorosa,87.6410891587145,-38.0347938537598,136.166015625,-128.986373901367
800,132.64147945866,116,vehicle.mitsubishi.fusorosa,90.5781115961864,-38.0348205566406,136.166015625,-128.985626220703
800,132.654567457736,116,vehicle.mitsubishi.fusorosa,90.7780646550295,-38.0348472595215,136.166030883789,-128.984786987305
801,132.669228360057,116,vehicle.mitsubishi.fusorosa,99.8378092697614,-38.0348777770996,136.166046142578,-128.983978271484
801,132.682984560728,116,vehicle.mitsubishi.fusorosa,92.5511223955732,-38.0349044799805,136.166076660156,-128.982986450195
801,132.696788258851,116,vehicle.mitsubishi.fusorosa,92.66792038935,-38.0349388122559,136.166107177734,-128.982147216797
801,132.710038758814,116,vehicle.mitsubishi.fusorosa,91.9745509380852,-38.0349731445312,136.166107177734,-128.981246948242
801,132.723048858345,116,vehicle.mitsubishi.fusorosa,90.5613687491458,-38.0349998474121,136.166122436523,-128.980499267578
801,132.735637757927,116,vehicle.mitsubishi.fusorosa,91.7234719959116,-38.0350341796875,136.166152954102,-128.979705810547
801,132.748583760113,116,vehicle.mitsubishi.fusorosa,90.1400020464371,-38.0350608825684,136.166152954102,-128.979049682617
801,132.762037158012,116,vehicle.mitsubishi.fusorosa,93.6070339726368,-38.0350875854492,136.166168212891,-128.978225708008
802,132.776505060494,116,vehicle.mitsubishi.fusorosa,98.0524443423655,-38.0351142883301,136.16618347168,-128.977386474609
802,132.790293358266,116,vehicle.mitsubishi.fusorosa,95.1971617712542,-38.0351448059082,136.166213989258,-128.976409912109
802,132.803216457367,116,vehicle.mitsubishi.fusorosa,91.3036966485179,-38.0351791381836,136.166229248047,-128.975631713867
802,132.815855260938,116,vehicle.mitsubishi.fusorosa,90.8692980161478,-38.0352096557617,136.166244506836,-128.974761962891
802,132.828517559916,116,vehicle.mitsubishi.fusorosa,90.367787992135,-38.0352401733398,136.166259765625,-128.973999023438
802,132.841445859522,116,vehicle.mitsubishi.fusorosa,90.9310370458258,-38.0352668762207,136.166259765625,-128.973327636719
802,132.854259058833,116,vehicle.mitsubishi.fusorosa,89.7481587138779,-38.0352897644043,136.166290283203,-128.972549438477
802,132.867821957916,116,vehicle.mitsubishi.fusorosa,93.5292376249894,-38.0353164672852,136.166290283203,-128.971755981445
803,132.880872860551,116,vehicle.mitsubishi.fusorosa,90.3583645283483,-38.035343170166,136.166320800781,-128.970977783203
803,132.893869560212,116,vehicle.mitsubishi.fusorosa,89.241303646223,-38.0353736877441,136.16633605957,-128.970199584961
803,132.907236859202,116,vehicle.mitsubishi.fusorosa,92.1307830095168,-38.035400390625,136.166351318359,-128.969360351562
803,132.919422760606,116,vehicle.mitsubishi.fusorosa,101.268563220279,-38.0354270935059,136.166366577148,-128.968505859375
803,132.932414058596,116,vehicle.mitsubishi.fusorosa,90.8882185319022,-38.0354614257812,136.166366577148,-128.968124389648
803,132.94543575868,116,vehicle.mitsubishi.fusorosa,91.5605188666391,-38.0354843139648,136.166381835938,-128.96745300293
803,132.957302957773,116,vehicle.mitsubishi.fusorosa,100.715482956927,-38.0355110168457,136.166397094727,-128.966796875
803,132.970282960683,116,vehicle.mitsubishi.fusorosa,88.3180252467475,-38.0355377197266,136.166427612305,-128.966400146484
803,132.984403159469,116,vehicle.mitsubishi.fusorosa,97.0661466159376,-38.0355644226074,136.166412353516,-128.965789794922
804,132.998637858778,116,vehicle.mitsubishi.fusorosa,95.936236841495,-38.0355949401855,136.166442871094,-128.964981079102
804,133.013008259237,116,vehicle.mitsubishi.fusorosa,95.0934417723805,-38.0356254577637,136.166473388672,-128.96403503418
804,133.025973759592,116,vehicle.mitsubishi.fusorosa,89.838205774422,-38.0356636047363,136.166488647461,-128.963134765625
804,133.038655657321,116,vehicle.mitsubishi.fusorosa,88.9912605631987,-38.0356979370117,136.16650390625,-128.962341308594
804,133.052356857806,116,vehicle.mitsubishi.fusorosa,94.3365932441531,-38.0357284545898,136.16650390625,-128.961669921875
804,133.065181158483,116,vehicle.mitsubishi.fusorosa,90.3663419469653,-38.0357551574707,136.166534423828,-128.960815429688
804,133.07868885994,116,vehicle.mitsubishi.fusorosa,90.7356392713629,-38.0357780456543,136.166564941406,-128.960098266602
804,133.091857157648,116,vehicle.mitsubishi.fusorosa,89.9351636939621,-38.0358085632324,136.166564941406,-128.959243774414
805,133.106188058853,116,vehicle.mitsubishi.fusorosa,96.8855533851089,-38.0358352661133,136.166580200195,-128.958480834961
805,133.119170859456,116,vehicle.mitsubishi.fusorosa,91.2319922743648,-38.0358657836914,136.166595458984,-128.957550048828
805,133.131687957793,116,vehicle.mitsubishi.fusorosa,89.6848676595466,-38.0358963012695,136.166610717773,-128.956756591797
805,133.145400259644,116,vehicle.mitsubishi.fusorosa,92.5439518212126,-38.0359230041504,136.166641235352,-128.955993652344
805,133.15833805874,116,vehicle.mitsubishi.fusorosa,91.3260460623202,-38.0359535217285,136.166641235352,-128.955184936523
805,133.171646658331,116,vehicle.mitsubishi.fusorosa,92.3627653377885,-38.0359840393066,136.16667175293,-128.954391479492
805,133.184996057302,116,vehicle.mitsubishi.fusorosa,90.9878720058842,-38.0360107421875,136.166687011719,-128.953582763672
805,133.19853425771,116,vehicle.mitsubishi.fusorosa,91.6749956602433,-38.0360374450684,136.166702270508,-128.952713012695
806,133.211926858872,116,vehicle.mitsubishi.fusorosa,92.2516269444426,-38.0360717773438,136.166717529297,-128.951858520508
806,133.22507096082,116,vehicle.mitsubishi.fusorosa,91.0822162972062,-38.0360984802246,136.166732788086,-128.951034545898
806,133.238241959363,116,vehicle.mitsubishi.fusorosa,91.0206226069044,-38.0361289978027,136.166748046875,-128.950119018555
806,133.251515459269,116,vehicle.mitsubishi.fusorosa,91.7266667185559,-38.0361557006836,136.166763305664,-128.949432373047
806,133.264566659927,116,vehicle.mitsubishi.fusorosa,89.8633174501123,-38.0361862182617,136.166778564453,-128.948547363281
806,133.277166459709,116,vehicle.mitsubishi.fusorosa,89.6472915916058,-38.0362129211426,136.166793823242,-128.947784423828
806,133.289627160877,116,vehicle.mitsubishi.fusorosa,87.5561494967295,-38.0362358093262,136.166809082031,-128.947067260742
806,133.301981758326,116,vehicle.mitsubishi.fusorosa,88.6149908621005,-38.036262512207,136.16682434082,-128.946334838867
806,133.316330660135,116,vehicle.mitsubishi.fusorosa,100.049486584045,-38.0362930297852,136.166839599609,-128.945602416992
807,133.329411759973,116,vehicle.mitsubishi.fusorosa,90.3122333585819,-38.036319732666,136.166854858398,-128.944595336914
807,133.342930559069,116,vehicle.mitsubishi.fusorosa,90.7818952550625,-38.0363502502441,136.166885375977,-128.943725585938
807,133.355824559927,116,vehicle.mitsubishi.fusorosa,90.8078000135395,-38.0363807678223,136.166885375977,-128.942916870117
807,133.368602659553,116,vehicle.mitsubishi.fusorosa,90.1374550964343,-38.0364112854004,136.166900634766,-128.942153930664
807,133.381736960262,116,vehicle.mitsubishi.fusorosa,89.6842471469281,-38.036434173584,136.166915893555,-128.941452026367
807,133.394681058824,116,vehicle.mitsubishi.fusorosa,90.2697635129739,-38.0364646911621,136.166931152344,-128.940582275391
807,133.407611560076,116,vehicle.mitsubishi.fusorosa,88.3153843292754,-38.036491394043,136.166961669922,-128.939758300781
807,133.422421760857,116,vehicle.mitsubishi.fusorosa,101.006838681994,-38.0365219116211,136.166961669922,-128.939041137695
808,133.435012258589,116,vehicle.mitsubishi.fusorosa,96.4164520868426,-38.0365524291992,136.166976928711,-128.938034057617
808,133.4478841573,116,vehicle.mitsubishi.fusorosa,87.2575548573245,-38.0365829467773,136.167007446289,-128.937438964844
808,133.461048059165,116,vehicle.mitsubishi.fusorosa,90.5271053662787,-38.0366134643555,136.167022705078,-128.936676025391
808,133.473796959966,116,vehicle.mitsubishi.fusorosa,89.9327689348393,-38.0366439819336,136.167022705078,-128.935836791992
808,133.486687857658,116,vehicle.mitsubishi.fusorosa,90.2472602465293,-38.0366706848145,136.167037963867,-128.935073852539
808,133.499217860401,116,vehicle.mitsubishi.fusorosa,88.7174835389074,-38.0366973876953,136.167053222656,-128.934341430664
808,133.51268465817,116,vehicle.mitsubishi.fusorosa,92.3958236440937,-38.0367240905762,136.167083740234,-128.933563232422
808,133.526359558105,116,vehicle.mitsubishi.fusorosa,93.7268455179306,-38.0367546081543,136.167083740234,-128.932723999023
809,133.539057560265,116,vehicle.mitsubishi.fusorosa,90.9688831793832,-38.0367813110352,136.167098999023,-128.931930541992
809,133.553568258882,116,vehicle.mitsubishi.fusorosa,98.2242483834955,-38.0368118286133,136.167129516602,-128.931182861328
809,133.567235559225,116,vehicle.mitsubishi.fusorosa,92.7966443349751,-38.0368423461914,136.167129516602,-128.930282592773
809,133.580197159201,116,vehicle.mitsubishi.fusorosa,88.8805802288697,-38.0368728637695,136.16716003418,-128.929412841797
809,133.592886060476,116,vehicle.mitsubishi.fusorosa,89.402388473829,-38.0369071960449,136.167175292969,-128.9287109375
809,133.605619959533,116,vehicle.mitsubishi.fusorosa,90.2097013220448,-38.0369338989258,136.167190551758,-128.928009033203
809,133.617819957435,116,vehicle.mitsubishi.fusorosa,89.1945519638381,-38.0369606018066,136.167205810547,-128.927291870117
809,133.630613658577,116,vehicle.mitsubishi.fusorosa,87.888752876617,-38.0369873046875,136.167221069336,-128.926605224609
809,133.643902659416,116,vehicle.mitsubishi.fusorosa,90.6800675235844,-38.0370101928711,136.167236328125,-128.925857543945
810,133.656755760312,116,vehicle.mitsubishi.fusorosa,89.9269401462268,-38.037036895752,136.167236328125,-128.924957275391
810,133.670056257397,116,vehicle.mitsubishi.fusorosa,91.2704451883019,-38.0370635986328,136.167266845703,-128.924285888672
810,133.683574158698,116,vehicle.mitsubishi.fusorosa,93.8358541157217,-38.0370941162109,136.167266845703,-128.923370361328
810,133.696378357708,116,vehicle.mitsubishi.fusorosa,90.8893415070169,-38.0371246337891,136.167297363281,-128.92253112793
810,133.708695858717,116,vehicle.mitsubishi.fusorosa,88.1137936454212,-38.0371513366699,136.16731262207,-128.921875
810,133.721643358469,116,vehicle.mitsubishi.fusorosa,89.8544221640063,-38.0371780395508,136.167327880859,-128.921157836914
810,133.735580958426,116,vehicle.mitsubishi.fusorosa,95.9292302948054,-38.0372047424316,136.167327880859,-128.920379638672
810,133.749667957425,116,vehicle.mitsubishi.fusorosa,94.2509049320917,-38.0372314453125,136.167358398438,-128.919479370117
811,133.762654159218,116,vehicle.mitsubishi.fusorosa,90.7430047198586,-38.0372657775879,136.167373657227,-128.918579101562
811,133.776198759675,116,vehicle.mitsubishi.fusorosa,93.4067680479983,-38.0373001098633,136.167388916016,-128.917892456055
811,133.789752259851,116,vehicle.mitsubishi.fusorosa,92.3174853865269,-38.0373268127441,136.167404174805,-128.917007446289
811,133.801822159439,116,vehicle.mitsubishi.fusorosa,107.748540615414,-38.0373573303223,136.167419433594,-128.91618347168
811,133.814766958356,116,vehicle.mitsubishi.fusorosa,84.7902353670567,-38.0373497009277,136.167434692383,-128.916885375977
811,133.82782445848,116,vehicle.mitsubishi.fusorosa,110.013154930748,-38.0373382568359,136.167404174805,-128.919189453125
811,133.840426359326,116,vehicle.mitsubishi.fusorosa,90.0324976587647,-38.0373001098633,136.167404174805,-128.921295166016
811,133.85324915871,116,vehicle.mitsubishi.fusorosa,91.4190314536687,-38.0373878479004,136.167449951172,-128.921676635742
811,133.867499757558,116,vehicle.mitsubishi.fusorosa,88.2840609389752,-38.0374641418457,136.16748046875,-128.920913696289
812,133.881053458899,116,vehicle.mitsubishi.fusorosa,87.2379471799674,-38.0375823974609,136.167541503906,-128.919097900391
812,133.894571259618,116,vehicle.mitsubishi.fusorosa,89.0902337563129,-38.0376243591309,136.167572021484,-128.918518066406
812,133.907588060945,116,vehicle.mitsubishi.fusorosa,87.5632944728294,-38.0376586914062,136.167587280273,-128.918045043945
812,133.919829260558,116,vehicle.mitsubishi.fusorosa,85.584940291563,-38.0376853942871,136.167587280273,-128.917266845703
812,133.932997759432,116,vehicle.mitsubishi.fusorosa,91.5099434649562,-38.037712097168,136.167602539062,-128.916488647461
812,133.945615060627,116,vehicle.mitsubishi.fusorosa,88.6629322562772,-38.0377349853516,136.167617797852,-128.915557861328
812,133.958541758358,116,vehicle.mitsubishi.fusorosa,89.4995873327459,-38.0377578735352,136.167617797852,-128.914596557617
812,133.974151358008,116,vehicle.mitsubishi.fusorosa,103.758768815296,-38.0377769470215,136.16764831543,-128.913696289062
813,133.987063460052,116,vehicle.mitsubishi.fusorosa,88.879103366467,-38.0378036499023,136.16764831543,-128.912139892578
813,134.000551059842,116,vehicle.mitsubishi.fusorosa,89.3960161135348,-38.0378303527832,136.167694091797,-128.911254882812
813,134.013519957662,116,vehicle.mitsubishi.fusorosa,89.0436546733273,-38.0378570556641,136.167694091797,-128.910110473633
813,134.026422560215,116,vehicle.mitsubishi.fusorosa,89.3722889945404,-38.0378913879395,136.167709350586,-128.909149169922
813,134.039572458714,116,vehicle.mitsubishi.fusorosa,91.3245435724257,-38.037914276123,136.167724609375,-128.907913208008
813,134.052291359752,116,vehicle.mitsubishi.fusorosa,88.0264404775567,-38.0379371643066,136.167739868164,-128.906921386719
813,134.065597258508,116,vehicle.mitsubishi.fusorosa,91.1808066520158,-38.0379676818848,136.167755126953,-128.905914306641
813,134.079091157764,116,vehicle.mitsubishi.fusorosa,92.5937614293627,-38.0379905700684,136.167770385742,-128.904769897461
814,134.09351946041,116,vehicle.mitsubishi.fusorosa,97.2771419875907,-38.0380172729492,136.167785644531,-128.903686523438
814,134.106633558869,116,vehicle.mitsubishi.fusorosa,90.8578797749991,-38.0380516052246,136.167816162109,-128.902496337891
814,134.119400057942,116,vehicle.mitsubishi.fusorosa,88.8175079559409,-38.0380783081055,136.167831420898,-128.901412963867
814,134.131703659892,116,vehicle.mitsubishi.fusorosa,90.0971749900163,-38.0381088256836,136.167831420898,-128.900390625
814,134.144320357591,116,vehicle.mitsubishi.fusorosa,89.1614201570449,-38.0381355285645,136.167846679688,-128.899490356445
814,134.157769460231,116,vehicle.mitsubishi.fusorosa,91.6292558420475,-38.0381546020508,136.167861938477,-128.898696899414
814,134.171026460826,116,vehicle.mitsubishi.fusorosa,91.5315492432,-38.0381813049316,136.167877197266,-128.89762878418
814,134.184224158525,116,vehicle.mitsubishi.fusorosa,90.7751246332317,-38.0382080078125,136.167892456055,-128.896743774414
814,134.197790160775,116,vehicle.mitsubishi.fusorosa,93.5694408489326,-38.0382347106934,136.167907714844,-128.895690917969
815,134.210852459073,116,vehicle.mitsubishi.fusorosa,90.8393934402253,-38.0382614135742,136.167922973633,-128.894775390625
815,134.224059257656,116,vehicle.mitsubishi.fusorosa,89.2431377779006,-38.0382881164551,136.167953491211,-128.893783569336
815,134.236253559589,116,vehicle.mitsubishi.fusorosa,97.933590053522,-38.0383186340332,136.167953491211,-128.892883300781
815,134.249266758561,116,vehicle.mitsubishi.fusorosa,90.0569323771118,-38.0383453369141,136.16796875,-128.892196655273
815,134.262831360102,116,vehicle.mitsubishi.fusorosa,92.1911220300357,-38.0383720397949,136.167984008789,-128.891311645508
815,134.275731157511,116,vehicle.mitsubishi.fusorosa,89.9644751634439,-38.0384063720703,136.167999267578,-128.890472412109
815,134.288966558874,116,vehicle.mitsubishi.fusorosa,90.7338632754033,-38.0384254455566,136.168014526367,-128.889572143555
815,134.301989160478,116,vehicle.mitsubishi.fusorosa,91.22221492329,-38.0384521484375,136.168029785156,-128.888641357422
816,134.315540160984,116,vehicle.mitsubishi.fusorosa,92.5416253728364,-38.0384826660156,136.168045043945,-128.887832641602
816,134.329503659159,116,vehicle.mitsubishi.fusorosa,96.0947730573358,-38.0385131835938,136.168060302734,-128.886840820312
816,134.342449858785,116,vehicle.mitsubishi.fusorosa,89.5314440320064,-38.0385398864746,136.168075561523,-128.885894775391
816,134.354682460427,116,vehicle.mitsubishi.fusorosa,92.2236179594404,-38.0385704040527,136.168090820312,-128.885040283203
816,134.367455359548,116,vehicle.mitsubishi.fusorosa,89.3896283592394,-38.0385971069336,136.168106079102,-128.884338378906
816,134.379840157926,116,vehicle.mitsubishi.fusorosa,88.0990695707027,-38.0386238098145,136.168121337891,-128.883605957031
816,134.391927357763,116,vehicle.mitsubishi.fusorosa,88.1884944568659,-38.0386505126953,136.16813659668,-128.882858276367
817,134.404710557312,116,vehicle.mitsubishi.fusorosa,89.567526094088,-38.0386734008789,136.16813659668,-128.882110595703
817,134.417617660016,116,vehicle.mitsubishi.fusorosa,90.290008758713,-38.0386962890625,136.168151855469,-128.881256103516
817,134.430514760315,116,vehicle.mitsubishi.fusorosa,87.4121510532003,-38.0387191772461,136.168182373047,-128.880432128906
817,134.443055760115,116,vehicle.mitsubishi.fusorosa,86.7494075386804,-38.0387496948242,136.168197631836,-128.879669189453
817,134.456152159721,116,vehicle.mitsubishi.fusorosa,90.1129263813869,-38.0387763977051,136.168197631836,-128.87890625
817,134.469340760261,116,vehicle.mitsubishi.fusorosa,91.5313783640251,-38.0388031005859,136.168212890625,-128.877990722656
817,134.482334259897,116,vehicle.mitsubishi.fusorosa,89.6612670162479,-38.0388298034668,136.168228149414,-128.877197265625
817,134.495460759848,116,vehicle.mitsubishi.fusorosa,86.8584469244737,-38.0388526916504,136.168258666992,-128.876373291016
817,134.508134957403,116,vehicle.mitsubishi.fusorosa,89.4981258935752,-38.0388870239258,136.168258666992,-128.875503540039
817,134.522859659046,116,vehicle.mitsubishi.fusorosa,98.4521437491256,-38.0389137268066,136.168273925781,-128.874740600586
818,134.536221157759,116,vehicle.mitsubishi.fusorosa,91.8213511649273,-38.0389442443848,136.16828918457,-128.873718261719
818,134.549628160894,116,vehicle.mitsubishi.fusorosa,91.8248758383615,-38.0389785766602,136.168319702148,-128.872955322266
818,134.562083959579,116,vehicle.mitsubishi.fusorosa,92.5191717288436,-38.0390090942383,136.168319702148,-128.872009277344
818,134.574754558504,116,vehicle.mitsubishi.fusorosa,86.8763742643337,-38.0390357971191,136.168350219727,-128.871444702148
818,134.587063360959,116,vehicle.mitsubishi.fusorosa,88.9050047429573,-38.0390663146973,136.168350219727,-128.870651245117
818,134.599814459682,116,vehicle.mitsubishi.fusorosa,87.6475538247156,-38.0390892028809,136.168380737305,-128.869934082031
818,134.613000959158,116,vehicle.mitsubishi.fusorosa,90.9356915458786,-38.0391159057617,136.168380737305,-128.869247436523
818,134.626769557595,116,vehicle.mitsubishi.fusorosa,94.7091604826765,-38.0391387939453,136.168395996094,-128.868469238281
819,134.640284359455,116,vehicle.mitsubishi.fusorosa,91.2781320450903,-38.0391654968262,136.168426513672,-128.867538452148
819,134.653441257775,116,vehicle.mitsubishi.fusorosa,90.5981191968424,-38.0391998291016,136.168441772461,-128.866729736328
819,134.666011359543,116,vehicle.mitsubishi.fusorosa,89.0622008348125,-38.0392265319824,136.16845703125,-128.865936279297
819,134.679922059178,116,vehicle.mitsubishi.fusorosa,91.6620423332809,-38.0392532348633,136.168487548828,-128.865173339844
819,134.692747559398,116,vehicle.mitsubishi.fusorosa,91.7583131204492,-38.0392875671387,136.168487548828,-128.864181518555
819,134.706166658551,116,vehicle.mitsubishi.fusorosa,91.5488544379102,-38.0393142700195,136.168502807617,-128.863525390625
819,134.72035695985,116,vehicle.mitsubishi.fusorosa,97.2010361232381,-38.0393447875977,136.168518066406,-128.86262512207
819,134.733547359705,116,vehicle.mitsubishi.fusorosa,91.6792432978004,-38.0393753051758,136.168548583984,-128.86181640625
819,134.747564058751,116,vehicle.mitsubishi.fusorosa,95.624355600813,-38.0394096374512,136.168563842773,-128.860885620117
820,134.763529159129,116,vehicle.mitsubishi.fusorosa,106.470015361672,-38.039436340332,136.168563842773,-128.860000610352
820,134.778359659016,116,vehicle.mitsubishi.fusorosa,99.1299070899341,-38.039478302002,136.168594360352,-128.858871459961
820,134.79158866033,116,vehicle.mitsubishi.fusorosa,92.8717638749373,-38.0395278930664,136.168640136719,-128.85791015625
820,134.805021457374,116,vehicle.mitsubishi.fusorosa,93.1403360052214,-38.0395622253418,136.168655395508,-128.856979370117
820,134.819863859564,116,vehicle.mitsubishi.fusorosa,101.380450351395,-38.0395965576172,136.168655395508,-128.856231689453
820,134.836058758199,116,vehicle.mitsubishi.fusorosa,107.675598685704,-38.0396270751953,136.168685913086,-128.85530090332
820,134.851300660521,116,vehicle.mitsubishi.fusorosa,102.494801946839,-38.039665222168,136.168701171875,-128.854248046875
821,134.865452758968,116,vehicle.mitsubishi.fusorosa,95.8875159800087,-38.0397071838379,136.168746948242,-128.853225708008
821,134.879679858685,116,vehicle.mitsubishi.fusorosa,96.9238438454445,-38.0397491455078,136.168762207031,-128.852416992188
821,134.892933659256,116,vehicle.mitsubishi.fusorosa,100.677356495032,-38.0397834777832,136.16877746582,-128.851379394531
821,134.907270859927,116,vehicle.mitsubishi.fusorosa,99.0037796290707,-38.0398178100586,136.168792724609,-128.850799560547
821,134.921200357378,116,vehicle.mitsubishi.fusorosa,95.3661983899857,-38.0398445129395,136.168807983398,-128.849868774414
821,134.934916358441,116,vehicle.mitsubishi.fusorosa,93.5521852182122,-38.0398788452148,136.168838500977,-128.848907470703
821,134.949713360518,116,vehicle.mitsubishi.fusorosa,100.501708326084,-38.039909362793,136.168853759766,-128.848022460938
821,134.96556776017,116,vehicle.mitsubishi.fusorosa,106.517946493127,-38.0399475097656,136.168869018555,-128.847045898438
822,134.981007557362,116,vehicle.mitsubishi.fusorosa,102.096782819114,-38.0399856567383,136.168899536133,-128.845779418945
822,134.997856359929,116,vehicle.mitsubishi.fusorosa,111.496863735764,-38.0400314331055,136.168930053711,-128.8447265625
822,135.013551458716,116,vehicle.mitsubishi.fusorosa,104.423652388092,-38.0400772094727,136.1689453125,-128.843399047852
822,135.02988936007,116,vehicle.mitsubishi.fusorosa,108.801360009031,-38.0401268005371,136.168975830078,-128.842254638672
822,135.045739460737,116,vehicle.mitsubishi.fusorosa,106.225001162201,-38.0401725769043,136.169006347656,-128.841064453125
822,135.076924860477,116,vehicle.mitsubishi.fusorosa,104.673345111808,-38.0402183532715,136.169036865234,-128.839965820312
823,135.102817960083,116,vehicle.mitsubishi.fusorosa,114.45165796946,-38.0402984619141,136.169082641602,-128.837936401367
823,135.124363258481,116,vehicle.mitsubishi.fusorosa,108.985636926447,-38.0403709411621,136.16911315918,-128.835998535156
823,135.139341760427,116,vehicle.mitsubishi.fusorosa,100.786736065105,-38.0404319763184,136.169174194336,-128.834915161133
823,135.152760960162,116,vehicle.mitsubishi.fusorosa,109.519051435186,-38.0404624938965,136.169174194336,-128.833892822266
823,135.165774460882,116,vehicle.mitsubishi.fusorosa,78.5752183420376,-38.0405120849609,136.169189453125,-128.833343505859
823,135.180320959538,116,vehicle.mitsubishi.fusorosa,91.5603223307416,-38.0405464172363,136.169219970703,-128.832733154297
824,135.194259159267,116,vehicle.mitsubishi.fusorosa,94.7964692762926,-38.0406341552734,136.169250488281,-128.831100463867
824,135.208459660411,116,vehicle.mitsubishi.fusorosa,94.0771625583243,-38.0407409667969,136.169326782227,-128.828948974609
824,135.222025260329,116,vehicle.mitsubishi.fusorosa,92.3828755361037,-38.040843963623,136.169357299805,-128.827178955078
824,135.236245658249,116,vehicle.mitsubishi.fusorosa,89.924487222155,-38.0409698486328,136.169418334961,-128.824676513672
824,135.250230360776,116,vehicle.mitsubishi.fusorosa,92.9559548576149,-38.041072845459,136.169479370117,-128.822662353516
824,135.264023657888,116,vehicle.mitsubishi.fusorosa,92.4598292077436,-38.041130065918,136.169509887695,-128.82145690918
824,135.277420759201,116,vehicle.mitsubishi.fusorosa,91.5061983483572,-38.0411720275879,136.169525146484,-128.820587158203
824,135.29070295766,116,vehicle.mitsubishi.fusorosa,92.1410577210391,-38.041202545166,136.169525146484,-128.81965637207
825,135.304724760354,116,vehicle.mitsubishi.fusorosa,96.8503908815096,-38.0412292480469,136.169540405273,-128.818786621094
825,135.318471658975,116,vehicle.mitsubishi.fusorosa,93.4186444358567,-38.0412483215332,136.169555664062,-128.817611694336
825,135.331719458103,116,vehicle.mitsubishi.fusorosa,92.6692451193346,-38.0412788391113,136.169570922852,-128.816528320312
825,135.344730358571,116,vehicle.mitsubishi.fusorosa,91.683559363028,-38.0413017272949,136.169586181641,-128.8154296875
825,135.358301158994,116,vehicle.mitsubishi.fusorosa,94.877092843819,-38.0413284301758,136.16960144043,-128.814468383789
825,135.371166057885,116,vehicle.mitsubishi.fusorosa,94.944470919254,-38.0413551330566,136.16960144043,-128.813400268555
825,135.384565260261,116,vehicle.mitsubishi.fusorosa,92.5181939761812,-38.0413818359375,136.169631958008,-128.812530517578
825,135.39877955988,116,vehicle.mitsubishi.fusorosa,97.9595085442377,-38.0414047241211,136.169631958008,-128.811401367188
826,135.411650259048,116,vehicle.mitsubishi.fusorosa,99.7967786178193,-38.0414352416992,136.169662475586,-128.810317993164
826,135.42578696087,116,vehicle.mitsubishi.fusorosa,96.9744346703594,-38.0414657592773,136.169677734375,-128.809417724609
826,135.438727460802,116,vehicle.mitsubishi.fusorosa,92.1635541067489,-38.0414962768555,136.169677734375,-128.808135986328
826,135.451397158206,116,vehicle.mitsubishi.fusorosa,89.0114032405095,-38.0415229797363,136.169708251953,-128.80729675293
826,135.464827757329,116,vehicle.mitsubishi.fusorosa,93.5449736223591,-38.0415496826172,136.169708251953,-128.806411743164
826,135.477633859962,116,vehicle.mitsubishi.fusorosa,92.5340120749981,-38.041576385498,136.169723510742,-128.805450439453
826,135.490345258266,116,vehicle.mitsubishi.fusorosa,89.6468420166242,-38.0415992736816,136.169738769531,-128.804595947266
826,135.50497315824,116,vehicle.mitsubishi.fusorosa,100.17489956482,-38.0416259765625,136.16975402832,-128.803680419922
827,135.520247858018,116,vehicle.mitsubishi.fusorosa,102.630043504442,-38.0416564941406,136.169769287109,-128.802612304688
827,135.533213559538,116,vehicle.mitsubishi.fusorosa,91.7940106240021,-38.041690826416,136.169815063477,-128.801345825195
827,135.546728458256,116,vehicle.mitsubishi.fusorosa,91.3761889740158,-38.0417289733887,136.169830322266,-128.800476074219
827,135.559428460896,116,vehicle.mitsubishi.fusorosa,96.2484513564915,-38.0417594909668,136.169830322266,-128.799499511719
827,135.572165757418,116,vehicle.mitsubishi.fusorosa,86.7518348060297,-38.0417861938477,136.169860839844,-128.798706054688
827,135.585137758404,116,vehicle.mitsubishi.fusorosa,91.4512316607343,-38.0418167114258,136.169860839844,-128.797973632812
827,135.598030760884,116,vehicle.mitsubishi.fusorosa,90.9921042494403,-38.0418395996094,136.169876098633,-128.797164916992
827,135.612541157752,116,vehicle.mitsubishi.fusorosa,98.4088312275101,-38.041862487793,136.169891357422,-128.796325683594
828,135.626259159297,116,vehicle.mitsubishi.fusorosa,94.8857574240387,-38.0418930053711,136.169906616211,-128.795333862305
828,135.639718759805,116,vehicle.mitsubishi.fusorosa,92.1078900240327,-38.041919708252,136.169921875,-128.794372558594
828,135.65260566026,116,vehicle.mitsubishi.fusorosa,91.7623043953975,-38.0419540405273,136.169937133789,-128.793472290039
828,135.665481060743,116,vehicle.mitsubishi.fusorosa,90.1771626801541,-38.0419769287109,136.169952392578,-128.792663574219
828,135.678829457611,116,vehicle.mitsubishi.fusorosa,93.1128449644094,-38.0420074462891,136.169967651367,-128.791870117188
828,135.691492058337,116,vehicle.mitsubishi.fusorosa,91.0952807350941,-38.0420303344727,136.169982910156,-128.791000366211
828,135.704847358167,116,vehicle.mitsubishi.fusorosa,91.9211568005585,-38.0420570373535,136.169998168945,-128.790237426758
829,135.720025260001,116,vehicle.mitsubishi.fusorosa,101.182367226749,-38.0420799255371,136.170013427734,-128.789337158203
829,135.733542360365,116,vehicle.mitsubishi.fusorosa,91.8705232631575,-38.0421142578125,136.170028686523,-128.788299560547
829,135.747611757368,116,vehicle.mitsubishi.fusorosa,93.9638652430215,-38.0421485900879,136.170059204102,-128.787460327148
829,135.760540358722,116,vehicle.mitsubishi.fusorosa,95.0842901236657,-38.0421829223633,136.170059204102,-128.786468505859
829,135.773482359946,116,vehicle.mitsubishi.fusorosa,90.3928398411139,-38.0422172546387,136.17008972168,-128.785720825195
829,135.786454759538,116,vehicle.mitsubishi.fusorosa,91.1053400762693,-38.0422439575195,136.170104980469,-128.784881591797
829,135.799581758678,116,vehicle.mitsubishi.fusorosa,91.7193081215641,-38.0422706604004,136.170120239258,-128.784118652344
829,135.812549557537,116,vehicle.mitsubishi.fusorosa,91.2354177613573,-38.0422973632812,136.170135498047,-128.783325195312
829,135.826435558498,116,vehicle.mitsubishi.fusorosa,93.9266293593611,-38.0423240661621,136.170150756836,-128.78254699707
830,135.840515460819,116,vehicle.mitsubishi.fusorosa,96.0030388077908,-38.042350769043,136.170166015625,-128.781616210938
830,135.854530058801,116,vehicle.mitsubishi.fusorosa,95.2605554524758,-38.0423812866211,136.170181274414,-128.780715942383
830,135.86786326021,116,vehicle.mitsubishi.fusorosa,93.4028998959899,-38.0424156188965,136.170196533203,-128.779769897461
830,135.880467757583,116,vehicle.mitsubishi.fusorosa,94.3525805019206,-38.0424423217773,136.170227050781,-128.778961181641
830,135.893172558397,116,vehicle.mitsubishi.fusorosa,89.0942609214742,-38.0424728393555,136.170227050781,-128.778259277344
830,135.906278058887,116,vehicle.mitsubishi.fusorosa,89.6419722046863,-38.0424957275391,136.170257568359,-128.777465820312
830,135.91901775822,116,vehicle.mitsubishi.fusorosa,91.3280715401537,-38.0425262451172,136.170257568359,-128.776763916016
830,135.932098060846,116,vehicle.mitsubishi.fusorosa,89.7414308045331,-38.0425491333008,136.170272827148,-128.776092529297
830,135.946112759411,116,vehicle.mitsubishi.fusorosa,95.6883201429702,-38.0425758361816,136.170288085938,-128.77522277832
831,135.959517858922,116,vehicle.mitsubishi.fusorosa,93.255985367161,-38.0426025390625,136.170303344727,-128.774261474609
831,135.972812857479,116,vehicle.mitsubishi.fusorosa,90.2927539063757,-38.0426330566406,136.170333862305,-128.773513793945
831,135.986215159297,116,vehicle.mitsubishi.fusorosa,92.3426056047144,-38.0426635742188,136.170333862305,-128.77262878418
831,135.999771460891,116,vehicle.mitsubishi.fusorosa,93.9698034515662,-38.0426979064941,136.170349121094,-128.771820068359
831,136.012805759907,116,vehicle.mitsubishi.fusorosa,91.3490022565021,-38.042724609375,136.170364379883,-128.770919799805
831,136.02711385861,116,vehicle.mitsubishi.fusorosa,97.7933932005474,-38.0427513122559,136.170394897461,-128.770156860352
831,136.040796257555,116,vehicle.mitsubishi.fusorosa,94.7374908467403,-38.0427856445312,136.170394897461,-128.76921081543
831,136.055009558797,116,vehicle.mitsubishi.fusorosa,94.7740156030688,-38.0428123474121,136.170440673828,-128.768402099609
832,136.068765059114,116,vehicle.mitsubishi.fusorosa,95.3032474614728,-38.0428466796875,136.170440673828,-128.767517089844
832,136.082027759403,116,vehicle.mitsubishi.fusorosa,92.1671043784438,-38.0428810119629,136.170455932617,-128.766632080078
832,136.09545205906,116,vehicle.mitsubishi.fusorosa,93.5691263213748,-38.042911529541,136.170471191406,-128.765884399414
832,136.107935160398,116,vehicle.mitsubishi.fusorosa,99.5293449151129,-38.0429382324219,136.170501708984,-128.765045166016
832,136.121921159327,116,vehicle.mitsubishi.fusorosa,96.9190286704764,-38.04296875,136.170501708984,-128.76448059082
832,136.13422665745,116,vehicle.mitsubishi.fusorosa,88.4652559648965,-38.0429992675781,136.170516967773,-128.763595581055
832,136.147592458874,116,vehicle.mitsubishi.fusorosa,91.0506895779666,-38.043025970459,136.170547485352,-128.762969970703
832,136.161434859037,116,vehicle.mitsubishi.fusorosa,94.7607598482559,-38.0430526733398,136.170547485352,-128.762176513672
833,136.174654960632,116,vehicle.mitsubishi.fusorosa,91.8248330674136,-38.043083190918,136.170562744141,-128.761245727539
833,136.187833659351,116,vehicle.mitsubishi.fusorosa,91.9426771830613,-38.0431137084961,136.17057800293,-128.760543823242
833,136.201220657676,116,vehicle.mitsubishi.fusorosa,91.0923082050698,-38.043140411377,136.170608520508,-128.759719848633
833,136.213469658047,116,vehicle.mitsubishi.fusorosa,103.736978337946,-38.0431709289551,136.170608520508,-128.758819580078
833,136.22643205896,116,vehicle.mitsubishi.fusorosa,86.7128263083963,-38.0431976318359,136.170639038086,-128.758407592773
833,136.238840259612,116,vehicle.mitsubishi.fusorosa,89.1184734472013,-38.0432281494141,136.170639038086,-128.757797241211
833,136.252666160464,116,vehicle.mitsubishi.fusorosa,95.2691806145032,-38.0432548522949,136.170654296875,-128.757202148438
833,136.26613515988,116,vehicle.mitsubishi.fusorosa,91.6766536353115,-38.0432777404785,136.170669555664,-128.756317138672
834,136.279037360102,116,vehicle.mitsubishi.fusorosa,89.3544898506003,-38.0433120727539,136.170700073242,-128.755401611328
834,136.29248996079,116,vehicle.mitsubishi.fusorosa,91.0253557096562,-38.043342590332,136.170715332031,-128.754592895508
834,136.305562559515,116,vehicle.mitsubishi.fusorosa,90.9069424240662,-38.0433692932129,136.170715332031,-128.753692626953
834,136.318113557994,116,vehicle.mitsubishi.fusorosa,87.7581828748304,-38.0433959960938,136.170745849609,-128.752944946289
834,136.331587057561,116,vehicle.mitsubishi.fusorosa,93.6046631207813,-38.0434303283691,136.170745849609,-128.752243041992
834,136.344532258809,116,vehicle.mitsubishi.fusorosa,91.5220916094246,-38.04345703125,136.170761108398,-128.751388549805
834,136.357958760113,116,vehicle.mitsubishi.fusorosa,91.7641931640449,-38.0434837341309,136.170776367188,-128.750640869141
834,136.37300875783,116,vehicle.mitsubishi.fusorosa,101.231939277509,-38.0435066223145,136.170791625977,-128.749786376953
835,136.386663459241,116,vehicle.mitsubishi.fusorosa,91.5866937199637,-38.0435409545898,136.170822143555,-128.748748779297
835,136.400161057711,116,vehicle.mitsubishi.fusorosa,91.785106736937,-38.0435791015625,136.170852661133,-128.747970581055
835,136.413324359804,116,vehicle.mitsubishi.fusorosa,92.3442790322456,-38.0436096191406,136.170852661133,-128.747039794922
835,136.426243457943,116,vehicle.mitsubishi.fusorosa,89.0290827310269,-38.0436363220215,136.170883178711,-128.746322631836
835,136.440338458866,116,vehicle.mitsubishi.fusorosa,96.0084095373864,-38.0436668395996,136.170883178711,-128.745590209961
835,136.453247960657,116,vehicle.mitsubishi.fusorosa,91.8812458294373,-38.0436935424805,136.170913696289,-128.744598388672
835,136.466396659613,116,vehicle.mitsubishi.fusorosa,89.3384923008803,-38.0437278747559,136.170928955078,-128.743911743164
835,136.480842057616,116,vehicle.mitsubishi.fusorosa,98.213094988991,-38.0437545776367,136.170928955078,-128.743148803711
836,136.493850458413,116,vehicle.mitsubishi.fusorosa,91.7026473467398,-38.0437850952148,136.170959472656,-128.742202758789
836,136.507773358375,116,vehicle.mitsubishi.fusorosa,93.5961815486749,-38.0438194274902,136.170989990234,-128.741455078125
836,136.520435258746,116,vehicle.mitsubishi.fusorosa,97.2826989611314,-38.0438461303711,136.170989990234,-128.740570068359
836,136.532852757722,116,vehicle.mitsubishi.fusorosa,87.1017620981531,-38.0438804626465,136.171005249023,-128.740020751953
836,136.546368859708,116,vehicle.mitsubishi.fusorosa,92.6775883204926,-38.0439071655273,136.171020507812,-128.739303588867
836,136.559261459857,116,vehicle.mitsubishi.fusorosa,91.460814108443,-38.0439338684082,136.171035766602,-128.738433837891
836,136.572183657438,116,vehicle.mitsubishi.fusorosa,88.5231199326003,-38.0439605712891,136.17106628418,-128.737670898438
836,136.586226757616,116,vehicle.mitsubishi.fusorosa,96.6632679097651,-38.0439872741699,136.17106628418,-128.73698425293
837,136.599428460002,116,vehicle.mitsubishi.fusorosa,90.9597605109156,-38.044017791748,136.171081542969,-128.735992431641
837,136.611994057894,116,vehicle.mitsubishi.fusorosa,88.8122244592344,-38.0440483093262,136.171112060547,-128.735153198242
837,136.624865658581,116,vehicle.mitsubishi.fusorosa,88.2850045216487,-38.044075012207,136.171127319336,-128.734390258789
837,136.637929160148,116,vehicle.mitsubishi.fusorosa,89.5029069277855,-38.0441017150879,136.171127319336,-128.733642578125
837,136.650960158557,116,vehicle.mitsubishi.fusorosa,90.3517545814329,-38.0441284179688,136.171142578125,-128.732864379883
837,136.664222758263,116,vehicle.mitsubishi.fusorosa,90.3529117849983,-38.0441551208496,136.171157836914,-128.732162475586
837,136.677230957896,116,vehicle.mitsubishi.fusorosa,90.4701507820286,-38.0441856384277,136.171173095703,-128.73127746582
837,136.690019559115,116,vehicle.mitsubishi.fusorosa,90.2159711431418,-38.0442161560059,136.171188354492,-128.73046875
837,136.704568259418,116,vehicle.mitsubishi.fusorosa,99.1956561413173,-38.0442428588867,136.171203613281,-128.729705810547
838,136.718461658806,116,vehicle.mitsubishi.fusorosa,93.5647077754117,-38.0442733764648,136.17121887207,-128.728698730469
838,136.73220865801,116,vehicle.mitsubishi.fusorosa,93.2650430191757,-38.0443115234375,136.171249389648,-128.72785949707
838,136.745011460036,116,vehicle.mitsubishi.fusorosa,92.6812308978943,-38.0443458557129,136.171249389648,-128.726928710938
838,136.758345957845,116,vehicle.mitsubishi.fusorosa,90.8072051576436,-38.0443725585938,136.171279907227,-128.72624206543
838,136.771429557353,116,vehicle.mitsubishi.fusorosa,92.161675542361,-38.0444068908691,136.171279907227,-128.725387573242
838,136.784822560847,116,vehicle.mitsubishi.fusorosa,91.9713972661646,-38.0444297790527,136.171310424805,-128.724655151367
838,136.797739457339,116,vehicle.mitsubishi.fusorosa,89.3301507907156,-38.0444564819336,136.171325683594,-128.723815917969
838,136.810750059783,116,vehicle.mitsubishi.fusorosa,91.2349169313926,-38.044490814209,136.171340942383,-128.723098754883
839,136.824073757976,116,vehicle.mitsubishi.fusorosa,90.7039586994808,-38.0445137023926,136.171356201172,-128.722305297852
839,136.838013060391,116,vehicle.mitsubishi.fusorosa,94.9787924378391,-38.0445442199707,136.171371459961,-128.721542358398
839,136.851374059916,116,vehicle.mitsubishi.fusorosa,92.335199105495,-38.0445709228516,136.17138671875,-128.720672607422
839,136.864653460681,116,vehicle.mitsubishi.fusorosa,92.4975334131423,-38.044605255127,136.171401977539,-128.719741821289
839,136.877288158983,116,vehicle.mitsubishi.fusorosa,89.8918631260614,-38.0446319580078,136.171417236328,-128.719039916992
839,136.889678057283,116,vehicle.mitsubishi.fusorosa,88.1070726168112,-38.0446586608887,136.171447753906,-128.718338012695
839,136.902173060924,116,vehicle.mitsubishi.fusorosa,87.6149570178759,-38.0446853637695,136.171447753906,-128.717636108398
839,136.915765859187,116,vehicle.mitsubishi.fusorosa,92.5471294296316,-38.0447120666504,136.171463012695,-128.716934204102
840,136.929084260017,116,vehicle.mitsubishi.fusorosa,92.0545727982118,-38.0447387695312,136.171478271484,-128.716064453125
840,136.941992159933,116,vehicle.mitsubishi.fusorosa,89.9080042657023,-38.0447654724121,136.171493530273,-128.715286254883
840,136.954684861004,116,vehicle.mitsubishi.fusorosa,89.1937280930493,-38.044792175293,136.171508789062,-128.714477539062
840,136.967410460114,116,vehicle.mitsubishi.fusorosa,87.7576051039289,-38.0448226928711,136.171524047852,-128.713775634766
840,136.980140559375,116,vehicle.mitsubishi.fusorosa,88.8928805349872,-38.044849395752,136.171524047852,-128.713027954102
840,136.993265457451,116,vehicle.mitsubishi.fusorosa,91.4397023086601,-38.0448760986328,136.171539306641,-128.712341308594
840,137.005084760487,116,vehicle.mitsubishi.fusorosa,105.982197081207,-38.0448989868164,136.17155456543,-128.711547851562
840,137.017610859126,116,vehicle.mitsubishi.fusorosa,90.8180798855724,-38.0449142456055,136.171569824219,-128.711563110352
840,137.030564758927,116,vehicle.mitsubishi.fusorosa,89.7688979380779,-38.0449295043945,136.171569824219,-128.711318969727
841,137.043991059065,116,vehicle.mitsubishi.fusorosa,91.7390456273725,-38.0449485778809,136.171585083008,-128.71076965332
841,137.057528458536,116,vehicle.mitsubishi.fusorosa,92.9047008660574,-38.0449714660645,136.171585083008,-128.709991455078
841,137.071210458875,116,vehicle.mitsubishi.fusorosa,92.035491666004,-38.0450019836426,136.171615600586,-128.70930480957
841,137.083453360945,116,vehicle.mitsubishi.fusorosa,98.1068384488284,-38.0450325012207,136.171630859375,-128.708465576172
841,137.095948860049,116,vehicle.mitsubishi.fusorosa,87.1230602880359,-38.0450630187988,136.171646118164,-128.707885742188
841,137.10856365785,116,vehicle.mitsubishi.fusorosa,88.5781789259301,-38.0450897216797,136.171661376953,-128.707138061523
841,137.120810359716,116,vehicle.mitsubishi.fusorosa,87.3865180805641,-38.0451202392578,136.171661376953,-128.706512451172
841,137.134304057807,116,vehicle.mitsubishi.fusorosa,92.1030970945696,-38.0451431274414,136.171691894531,-128.705825805664
842,137.147387459874,116,vehicle.mitsubishi.fusorosa,91.2775217951933,-38.0451698303223,136.171691894531,-128.70491027832
842,137.160834159702,116,vehicle.mitsubishi.fusorosa,92.0442758704154,-38.0452003479004,136.171722412109,-128.704132080078
842,137.174152258784,116,vehicle.mitsubishi.fusorosa,90.0250825878172,-38.0452270507812,136.171737670898,-128.703323364258
842,137.186540458351,116,vehicle.mitsubishi.fusorosa,89.7259443474995,-38.0452575683594,136.171737670898,-128.70246887207
842,137.20000005886,116,vehicle.mitsubishi.fusorosa,92.4889936760868,-38.0452880859375,136.171768188477,-128.701873779297
842,137.21308875829,116,vehicle.mitsubishi.fusorosa,89.3798578888994,-38.0453109741211,136.171783447266,-128.701034545898
842,137.225874260068,116,vehicle.mitsubishi.fusorosa,87.3587125414252,-38.0453414916992,136.171798706055,-128.700241088867
842,137.238676059991,116,vehicle.mitsubishi.fusorosa,88.7219842155485,-38.0453720092773,136.171813964844,-128.699584960938
842,137.252698060125,116,vehicle.mitsubishi.fusorosa,96.1431656590254,-38.0453987121582,136.171829223633,-128.698776245117
843,137.266270358115,116,vehicle.mitsubishi.fusorosa,92.6244659980378,-38.0454254150391,136.171844482422,-128.697860717773
843,137.279418557882,116,vehicle.mitsubishi.fusorosa,91.0825377054989,-38.0454597473145,136.171859741211,-128.697067260742
843,137.29299236089,116,vehicle.mitsubishi.fusorosa,92.5655644509603,-38.0454864501953,136.171875,-128.6962890625
843,137.305543959141,116,vehicle.mitsubishi.fusorosa,93.22489277044,-38.0455131530762,136.171890258789,-128.695434570312
843,137.318309158087,116,vehicle.mitsubishi.fusorosa,88.9975132993013,-38.0455474853516,136.171905517578,-128.694793701172
843,137.331109557301,116,vehicle.mitsubishi.fusorosa,87.9593752386862,-38.0455703735352,136.171936035156,-128.694000244141
843,137.344161357731,116,vehicle.mitsubishi.fusorosa,90.0079380680224,-38.0456008911133,136.171936035156,-128.693298339844
843,137.356807760894,116,vehicle.mitsubishi.fusorosa,89.6733895332247,-38.0456275939941,136.171966552734,-128.692428588867
844,137.370870560408,116,vehicle.mitsubishi.fusorosa,96.1425878881239,-38.045654296875,136.171966552734,-128.691741943359
844,137.384131558239,116,vehicle.mitsubishi.fusorosa,90.5657941758436,-38.0456809997559,136.171981811523,-128.690826416016
844,137.397691357881,116,vehicle.mitsubishi.fusorosa,90.6915370489472,-38.045711517334,136.172012329102,-128.68994140625
844,137.410118460655,116,vehicle.mitsubishi.fusorosa,94.5492107006614,-38.0457420349121,136.172027587891,-128.689147949219
844,137.423460859805,116,vehicle.mitsubishi.fusorosa,91.4777535206121,-38.045768737793,136.17204284668,-128.688537597656
844,137.436224557459,116,vehicle.mitsubishi.fusorosa,89.9630734632916,-38.0458030700684,136.17204284668,-128.687698364258
844,137.448691058904,116,vehicle.mitsubishi.fusorosa,88.3612864256868,-38.0458335876465,136.172073364258,-128.687042236328
844,137.462718058378,116,vehicle.mitsubishi.fusorosa,94.3485652904742,-38.0458564758301,136.172088623047,-128.686279296875
845,137.476219259202,116,vehicle.mitsubishi.fusorosa,92.5034561984551,-38.0458831787109,136.172103881836,-128.685394287109
845,137.489490959793,116,vehicle.mitsubishi.fusorosa,89.5518687286485,-38.0459136962891,136.172119140625,-128.684600830078
845,137.502355158329,116,vehicle.mitsubishi.fusorosa,89.6614020929026,-38.0459480285645,136.172134399414,-128.683792114258
845,137.514558460563,116,vehicle.mitsubishi.fusorosa,91.928397464352,-38.0459747314453,136.172149658203,-128.682968139648
845,137.526775360107,116,vehicle.mitsubishi.fusorosa,86.1903959475181,-38.0460052490234,136.172164916992,-128.682357788086
845,137.540133457631,116,vehicle.mitsubishi.fusorosa,92.4833870800943,-38.046028137207,136.172180175781,-128.681610107422
845,137.552725858986,116,vehicle.mitsubishi.fusorosa,90.4048957091064,-38.0460548400879,136.172180175781,-128.680816650391
845,137.566032759845,116,vehicle.mitsubishi.fusorosa,90.8612949992702,-38.0460815429688,136.172210693359,-128.680145263672
845,137.579402659088,116,vehicle.mitsubishi.fusorosa,90.4049880148133,-38.0461044311523,136.172225952148,-128.679244995117
846,137.592586457729,116,vehicle.mitsubishi.fusorosa,91.4466181821742,-38.0461387634277,136.172225952148,-128.678466796875
846,137.605707857758,116,vehicle.mitsubishi.fusorosa,90.2152891420496,-38.0461654663086,136.172256469727,-128.677658081055
846,137.618504758924,116,vehicle.mitsubishi.fusorosa,87.616680038628,-38.0461921691895,136.172271728516,-128.676849365234
846,137.631237260997,116,vehicle.mitsubishi.fusorosa,87.6465179655662,-38.0462226867676,136.172286987305,-128.676116943359
846,137.644123259932,116,vehicle.mitsubishi.fusorosa,88.0569484518723,-38.0462493896484,136.172302246094,-128.675338745117
846,137.657233159989,116,vehicle.mitsubishi.fusorosa,90.3122931560623,-38.0462799072266,136.172317504883,-128.674545288086
846,137.670609459281,116,vehicle.mitsubishi.fusorosa,90.7002443416529,-38.0463027954102,136.172332763672,-128.673843383789
846,137.685356959701,116,vehicle.mitsubishi.fusorosa,98.151858567964,-38.0463333129883,136.172348022461,-128.672973632812
847,137.697934359312,116,vehicle.mitsubishi.fusorosa,95.3830642139737,-38.0463676452637,136.17236328125,-128.671936035156
847,137.710519358516,116,vehicle.mitsubishi.fusorosa,86.2067165380621,-38.0463981628418,136.172393798828,-128.67138671875
847,137.722759660333,116,vehicle.mitsubishi.fusorosa,89.4527860863713,-38.0464286804199,136.172393798828,-128.670608520508
847,137.734932158142,116,vehicle.mitsubishi.fusorosa,86.5593753623712,-38.0464553833008,136.172409057617,-128.669967651367
847,137.747005257756,116,vehicle.mitsubishi.fusorosa,87.3892102530193,-38.0464782714844,136.172424316406,-128.669296264648
847,137.759500857443,116,vehicle.mitsubishi.fusorosa,85.5763834695131,-38.0464973449707,136.172439575195,-128.668594360352
847,137.771376460791,116,vehicle.mitsubishi.fusorosa,88.3818632255162,-38.0465240478516,136.172454833984,-128.667907714844
847,137.783209860325,116,vehicle.mitsubishi.fusorosa,83.3497809771696,-38.0465507507324,136.172454833984,-128.667327880859
847,137.79515125975,116,vehicle.mitsubishi.fusorosa,84.8909845853614,-38.0465774536133,136.172470092773,-128.666656494141
848,137.807253658772,116,vehicle.mitsubishi.fusorosa,85.7365195831661,-38.0465965270996,136.172470092773,-128.665985107422
848,137.819320857525,116,vehicle.mitsubishi.fusorosa,85.3705024356158,-38.0466194152832,136.172485351562,-128.665267944336
848,137.8309988603,116,vehicle.mitsubishi.fusorosa,84.4839368151,-38.0466423034668,136.172500610352,-128.664611816406
848,137.843135159463,116,vehicle.mitsubishi.fusorosa,83.7254387666086,-38.0466613769531,136.172515869141,-128.663986206055
848,137.855615958571,116,vehicle.mitsubishi.fusorosa,85.2835919619981,-38.0466842651367,136.17253112793,-128.663223266602
848,137.86747995764,116,vehicle.mitsubishi.fusorosa,85.1111315472674,-38.0467071533203,136.17253112793,-128.662536621094
848,137.879535160959,116,vehicle.mitsubishi.fusorosa,85.0449756918507,-38.0467338562012,136.172546386719,-128.661880493164
848,137.891474660486,116,vehicle.mitsubishi.fusorosa,84.813099226301,-38.0467567443848,136.172561645508,-128.661163330078
848,137.904022257775,116,vehicle.mitsubishi.fusorosa,82.7820552125669,-38.0467758178711,136.172592163086,-128.66047668457
849,137.916758559644,116,vehicle.mitsubishi.fusorosa,88.4115644140373,-38.0468063354492,136.172592163086,-128.659698486328
849,137.930945560336,116,vehicle.mitsubishi.fusorosa,96.3541045274919,-38.0468368530273,136.172592163086,-128.659027099609
849,137.943003460765,116,vehicle.mitsubishi.fusorosa,88.6205991490863,-38.0468635559082,136.172607421875,-128.658111572266
849,137.954708259553,116,vehicle.mitsubishi.fusorosa,81.9939671157108,-38.0468902587891,136.172637939453,-128.657531738281
849,137.96611886099,116,vehicle.mitsubishi.fusorosa,79.6442695484706,-38.0469131469727,136.172653198242,-128.656890869141
849,137.978525158018,116,vehicle.mitsubishi.fusorosa,86.7022986454827,-38.0469360351562,136.172653198242,-128.656356811523
849,137.990275159478,116,vehicle.mitsubishi.fusorosa,85.4238623446918,-38.0469627380371,136.172668457031,-128.655670166016
849,138.00166765973,116,vehicle.mitsubishi.fusorosa,83.0236952969527,-38.0469856262207,136.17268371582,-128.655075073242
849,138.014375459403,116,vehicle.mitsubishi.fusorosa,88.3851178041029,-38.0470085144043,136.172698974609,-128.654495239258
850,138.0264207609,116,vehicle.mitsubishi.fusorosa,85.7032254104641,-38.0470314025879,136.172698974609,-128.653762817383
850,138.039133559912,116,vehicle.mitsubishi.fusorosa,85.537585240016,-38.0470504760742,136.172729492188,-128.653182983398
850,138.051021460444,116,vehicle.mitsubishi.fusorosa,85.7895308239264,-38.0470809936523,136.172729492188,-128.652420043945
850,138.063015259802,116,vehicle.mitsubishi.fusorosa,83.2457430979825,-38.0471076965332,136.172744750977,-128.651809692383
850,138.074741460383,116,vehicle.mitsubishi.fusorosa,83.7541963724562,-38.0471305847168,136.172760009766,-128.651077270508
850,138.087139260024,116,vehicle.mitsubishi.fusorosa,84.6791653136884,-38.0471534729004,136.172775268555,-128.650451660156
850,138.099383059889,116,vehicle.mitsubishi.fusorosa,84.0167961242068,-38.047176361084,136.172790527344,-128.649826049805
850,138.111229360104,116,vehicle.mitsubishi.fusorosa,83.1242393199387,-38.0472030639648,136.172805786133,-128.649124145508
850,138.124174658209,116,vehicle.mitsubishi.fusorosa,86.9382482829736,-38.0472221374512,136.172821044922,-128.6484375
851,138.136092659086,116,vehicle.mitsubishi.fusorosa,83.9015519337695,-38.047248840332,136.172836303711,-128.647766113281
851,138.148320160806,116,vehicle.mitsubishi.fusorosa,84.147227696583,-38.0472755432129,136.1728515625,-128.647125244141
851,138.160770159215,116,vehicle.mitsubishi.fusorosa,87.1288890474174,-38.0473022460938,136.1728515625,-128.646377563477
851,138.172784559429,116,vehicle.mitsubishi.fusorosa,83.6900557613825,-38.0473289489746,136.172882080078,-128.645706176758
851,138.184773959219,116,vehicle.mitsubishi.fusorosa,83.3780805240004,-38.0473518371582,136.172882080078,-128.645050048828
851,138.1966743581,116,vehicle.mitsubishi.fusorosa,83.6794459677908,-38.0473785400391,136.172897338867,-128.644409179688
851,138.20849595964,116,vehicle.mitsubishi.fusorosa,80.9955314490741,-38.0473976135254,136.172912597656,-128.643798828125
851,138.220187358558,116,vehicle.mitsubishi.fusorosa,78.9104882376578,-38.047420501709,136.172943115234,-128.64323425293
851,138.232942357659,116,vehicle.mitsubishi.fusorosa,88.0243601875298,-38.0474472045898,136.172943115234,-128.642593383789
852,138.245132960379,116,vehicle.mitsubishi.fusorosa,85.6907183349586,-38.0474739074707,136.172943115234,-128.641845703125
852,138.257070459425,116,vehicle.mitsubishi.fusorosa,82.2132800025684,-38.0474967956543,136.172973632812,-128.641159057617
852,138.272637657821,116,vehicle.mitsubishi.fusorosa,104.292819201424,-38.0475234985352,136.172973632812,-128.640487670898
852,138.284590560943,116,vehicle.mitsubishi.fusorosa,84.4248301896278,-38.0475540161133,136.172988891602,-128.639450073242
852,138.29646255821,116,vehicle.mitsubishi.fusorosa,79.2379601947951,-38.0475807189941,136.173034667969,-128.638946533203
852,138.308503057808,116,vehicle.mitsubishi.fusorosa,83.461057829157,-38.047607421875,136.173034667969,-128.63835144043
852,138.32013675943,116,vehicle.mitsubishi.fusorosa,81.549784339224,-38.0476341247559,136.173049926758,-128.637664794922
852,138.332107558846,116,vehicle.mitsubishi.fusorosa,83.2968535288499,-38.0476570129395,136.173049926758,-128.637100219727
852,138.344310957938,116,vehicle.mitsubishi.fusorosa,86.3217129083878,-38.047679901123,136.173080444336,-128.636459350586
853,138.357225660235,116,vehicle.mitsubishi.fusorosa,88.1955283512713,-38.0477027893066,136.173080444336,-128.635787963867
853,138.369868658483,116,vehicle.mitsubishi.fusorosa,87.7758110811337,-38.0477294921875,136.173095703125,-128.635025024414
853,138.382360760123,116,vehicle.mitsubishi.fusorosa,84.5706763510808,-38.0477523803711,136.173126220703,-128.634353637695
853,138.394342660904,116,vehicle.mitsubishi.fusorosa,83.2967509896526,-38.047779083252,136.173126220703,-128.633636474609
853,138.406175058335,116,vehicle.mitsubishi.fusorosa,83.2198229455044,-38.0478057861328,136.173141479492,-128.63298034668
853,138.417844157666,116,vehicle.mitsubishi.fusorosa,83.3900406458375,-38.0478324890137,136.173156738281,-128.632293701172
853,138.429855160415,116,vehicle.mitsubishi.fusorosa,85.6451323694054,-38.0478591918945,136.17317199707,-128.63166809082
853,138.442156560719,116,vehicle.mitsubishi.fusorosa,84.036504620537,-38.0478782653809,136.173187255859,-128.630996704102
853,138.454680260271,116,vehicle.mitsubishi.fusorosa,86.0667947944531,-38.0479011535645,136.173187255859,-128.630340576172
854,138.468506358564,116,vehicle.mitsubishi.fusorosa,94.0192387639091,-38.047924041748,136.173202514648,-128.62956237793
854,138.480747360736,116,vehicle.mitsubishi.fusorosa,84.4893451257397,-38.0479507446289,136.173233032227,-128.628784179688
854,138.492774158716,116,vehicle.mitsubishi.fusorosa,83.2602108100921,-38.047981262207,136.173233032227,-128.628143310547
854,138.504578560591,116,vehicle.mitsubishi.fusorosa,84.0937327400832,-38.0480079650879,136.173248291016,-128.627456665039
854,138.516355358064,116,vehicle.mitsubishi.fusorosa,82.412569894769,-38.0480308532715,136.173263549805,-128.626800537109
854,138.528005957603,116,vehicle.mitsubishi.fusorosa,81.1031691931769,-38.0480537414551,136.173278808594,-128.626266479492
854,138.540129460394,116,vehicle.mitsubishi.fusorosa,83.9690598668868,-38.0480766296387,136.173294067383,-128.62565612793
854,138.552865758538,116,vehicle.mitsubishi.fusorosa,88.1197557904642,-38.048095703125,136.173294067383,-128.624969482422
854,138.566696457565,116,vehicle.mitsubishi.fusorosa,94.0205720656219,-38.0481224060059,136.173309326172,-128.624237060547
855,138.57918695733,116,vehicle.mitsubishi.fusorosa,85.0066953773127,-38.0481491088867,136.17333984375,-128.623458862305
855,138.592062659562,116,vehicle.mitsubishi.fusorosa,86.1970913194055,-38.0481796264648,136.173355102539,-128.622756958008
855,138.604316659272,116,vehicle.mitsubishi.fusorosa,84.3260518706488,-38.0482063293457,136.173370361328,-128.621994018555
855,138.616390760988,116,vehicle.mitsubishi.fusorosa,85.0305934047129,-38.0482330322266,136.173370361328,-128.621368408203
855,138.628205258399,116,vehicle.mitsubishi.fusorosa,84.3092662818911,-38.0482597351074,136.173385620117,-128.620727539062
855,138.640567258,116,vehicle.mitsubishi.fusorosa,84.459696912426,-38.0482788085938,136.173400878906,-128.620132446289
855,138.652363158762,116,vehicle.mitsubishi.fusorosa,84.4453215060231,-38.0483055114746,136.173416137695,-128.619415283203
855,138.664004158229,116,vehicle.mitsubishi.fusorosa,84.2924448613823,-38.0483322143555,136.173431396484,-128.618743896484
855,138.676373258233,116,vehicle.mitsubishi.fusorosa,84.5710575860848,-38.0483551025391,136.173446655273,-128.618072509766
856,138.689147759229,116,vehicle.mitsubishi.fusorosa,87.6890288326669,-38.0483818054199,136.173446655273,-128.617385864258
856,138.702705159783,116,vehicle.mitsubishi.fusorosa,92.3936716321026,-38.0484008789062,136.173461914062,-128.616638183594
856,138.715808760375,116,vehicle.mitsubishi.fusorosa,89.8314745415525,-38.0484313964844,136.173477172852,-128.61589050293
856,138.728218957782,116,vehicle.mitsubishi.fusorosa,85.7971526642619,-38.0484619140625,136.17350769043,-128.615097045898
856,138.740737058222,116,vehicle.mitsubishi.fusorosa,82.6527005500637,-38.0484848022461,136.173538208008,-128.614395141602
856,138.752644259483,116,vehicle.mitsubishi.fusorosa,85.3632394678555,-38.0485153198242,136.173538208008,-128.613677978516
856,138.764177460223,116,vehicle.mitsubishi.fusorosa,84.6937937299444,-38.0485458374023,136.173538208008,-128.61311340332
856,138.777886059135,116,vehicle.mitsubishi.fusorosa,92.1230961527283,-38.0485610961914,136.173568725586,-128.612503051758
857,138.790204260498,116,vehicle.mitsubishi.fusorosa,85.4639715719348,-38.0485877990723,136.173568725586,-128.611785888672
857,138.802028059959,116,vehicle.mitsubishi.fusorosa,84.1170359115875,-38.0486183166504,136.173583984375,-128.61100769043
857,138.813820458949,116,vehicle.mitsubishi.fusorosa,84.2944499014658,-38.0486450195312,136.173599243164,-128.610305786133
857,138.825789257884,116,vehicle.mitsubishi.fusorosa,84.3693370445484,-38.0486717224121,136.173614501953,-128.609710693359
857,138.837380159646,116,vehicle.mitsubishi.fusorosa,82.1959064678807,-38.0486946105957,136.173629760742,-128.608978271484
857,138.849148958921,116,vehicle.mitsubishi.fusorosa,82.4843409179064,-38.0487174987793,136.173645019531,-128.6083984375
857,138.86097605899,116,vehicle.mitsubishi.fusorosa,83.5777772494657,-38.0487403869629,136.173645019531,-128.60774230957
857,138.873720359057,116,vehicle.mitsubishi.fusorosa,88.0437558765264,-38.0487632751465,136.17366027832,-128.607009887695
857,138.886161960661,116,vehicle.mitsubishi.fusorosa,86.6904137151271,-38.0487899780273,136.173675537109,-128.606323242188
858,138.899087760597,116,vehicle.mitsubishi.fusorosa,86.9984728690423,-38.0488128662109,136.173690795898,-128.605575561523
858,138.911784857512,116,vehicle.mitsubishi.fusorosa,86.1994365145384,-38.0488395690918,136.173706054688,-128.60481262207
858,138.923203259706,116,vehicle.mitsubishi.fusorosa,94.2967728877454,-38.0488662719727,136.173721313477,-128.604095458984
858,138.93522356078,116,vehicle.mitsubishi.fusorosa,82.9693234359947,-38.0488929748535,136.173736572266,-128.603637695312
858,138.947234857827,116,vehicle.mitsubishi.fusorosa,83.6566077652691,-38.0489196777344,136.173736572266,-128.603088378906
858,138.958954557776,116,vehicle.mitsubishi.fusorosa,82.9450493925629,-38.0489463806152,136.173751831055,-128.602401733398
858,138.970887258649,116,vehicle.mitsubishi.fusorosa,83.5748799109228,-38.0489692687988,136.173767089844,-128.601745605469
858,138.982592858374,116,vehicle.mitsubishi.fusorosa,80.4579274384958,-38.0489921569824,136.173782348633,-128.601119995117
858,138.995374158025,116,vehicle.mitsubishi.fusorosa,84.3255339556896,-38.0490112304688,136.173812866211,-128.6005859375
859,139.007634859532,116,vehicle.mitsubishi.fusorosa,85.593298915953,-38.0490417480469,136.173812866211,-128.599746704102
859,139.019867658615,116,vehicle.mitsubishi.fusorosa,82.7956477696735,-38.0490646362305,136.173828125,-128.599090576172
859,139.032520659268,116,vehicle.mitsubishi.fusorosa,86.6603723715565,-38.0490875244141,136.173828125,-128.598373413086
859,139.044747158885,116,vehicle.mitsubishi.fusorosa,81.1163292602964,-38.0491142272949,136.173858642578,-128.597610473633
859,139.055988758802,116,vehicle.mitsubishi.fusorosa,90.1710963341514,-38.0491485595703,136.173858642578,-128.59684753418
859,139.067613359541,116,vehicle.mitsubishi.fusorosa,79.7743814035474,-38.0491714477539,136.173889160156,-128.596405029297
859,139.079511158168,116,vehicle.mitsubishi.fusorosa,81.5864151334979,-38.0491943359375,136.173889160156,-128.595764160156
859,139.091522160918,116,vehicle.mitsubishi.fusorosa,82.0203881273847,-38.0492172241211,136.173919677734,-128.59504699707
859,139.103781860322,116,vehicle.mitsubishi.fusorosa,85.1906423731697,-38.049243927002,136.173919677734,-128.594345092773
859,139.116190958768,116,vehicle.mitsubishi.fusorosa,84.203758391805,-38.0492668151855,136.173934936523,-128.593688964844
860,139.128814160824,116,vehicle.mitsubishi.fusorosa,86.2787764028038,-38.0492935180664,136.173934936523,-128.592987060547
860,139.141627859324,116,vehicle.mitsubishi.fusorosa,86.8970177716092,-38.04931640625,136.173965454102,-128.592163085938
860,139.153474960476,116,vehicle.mitsubishi.fusorosa,84.0050719272285,-38.0493431091309,136.173965454102,-128.59147644043
860,139.164909560233,116,vehicle.mitsubishi.fusorosa,80.4512422708679,-38.0493698120117,136.17399597168,-128.590881347656
860,139.177191160619,116,vehicle.mitsubishi.fusorosa,85.7390494189436,-38.0493927001953,136.17399597168,-128.59033203125
860,139.189106158912,116,vehicle.mitsubishi.fusorosa,83.6203564857748,-38.0494155883789,136.174011230469,-128.58967590332
860,139.200906157494,116,vehicle.mitsubishi.fusorosa,82.2274588438429,-38.0494384765625,136.174026489258,-128.589111328125
860,139.21295626089,116,vehicle.mitsubishi.fusorosa,82.4236240443699,-38.0494613647461,136.174041748047,-128.588409423828
860,139.225784759969,116,vehicle.mitsubishi.fusorosa,87.6236728823097,-38.0494842529297,136.174057006836,-128.587707519531
861,139.238120559603,116,vehicle.mitsubishi.fusorosa,87.184262568305,-38.0495147705078,136.174072265625,-128.586929321289
861,139.257261060178,116,vehicle.mitsubishi.fusorosa,123.209978946222,-38.0495376586914,136.174072265625,-128.586227416992
861,139.269101858139,116,vehicle.mitsubishi.fusorosa,83.6621374203249,-38.0495758056641,136.174087524414,-128.584823608398
861,139.280823759735,116,vehicle.mitsubishi.fusorosa,58.1216112412638,-38.0496139526367,136.174163818359,-128.584350585938
861,139.29242445901,116,vehicle.mitsubishi.fusorosa,102.140956938718,-38.0497283935547,136.174179077148,-128.582458496094
861,139.304897259921,116,vehicle.mitsubishi.fusorosa,80.1718227603709,-38.0498199462891,136.174240112305,-128.581390380859
861,139.317171860486,116,vehicle.mitsubishi.fusorosa,87.4777514416823,-38.049861907959,136.174270629883,-128.583541870117
861,139.330014757812,116,vehicle.mitsubishi.fusorosa,87.4423086682069,-38.0498390197754,136.174255371094,-128.585815429688
862,139.342105459422,116,vehicle.mitsubishi.fusorosa,86.1139191401138,-38.0497817993164,136.174240112305,-128.588088989258
862,139.354253660887,116,vehicle.mitsubishi.fusorosa,84.3011606673542,-38.0497245788574,136.174194335938,-128.589797973633
862,139.366839360446,116,vehicle.mitsubishi.fusorosa,86.0571252015481,-38.0496597290039,136.174163818359,-128.591201782227
862,139.379554457963,116,vehicle.mitsubishi.fusorosa,88.6338840593699,-38.0495948791504,136.174133300781,-128.592529296875
862,139.391718558967,116,vehicle.mitsubishi.fusorosa,86.3527713058891,-38.0495262145996,136.174102783203,-128.593795776367
862,139.403959158808,116,vehicle.mitsubishi.fusorosa,84.2743499366411,-38.0494613647461,136.174072265625,-128.594772338867
862,139.415484957397,116,vehicle.mitsubishi.fusorosa,83.2767433889966,-38.0494041442871,136.174026489258,-128.595642089844
862,139.427185557783,116,vehicle.mitsubishi.fusorosa,81.1544488706879,-38.0493545532227,136.174011230469,-128.596420288086
862,139.440536160022,116,vehicle.mitsubishi.fusorosa,116.481937909886,-38.0493049621582,136.173965454102,-128.597183227539
863,139.45323375985,116,vehicle.mitsubishi.fusorosa,137.1623268184,-38.0493316650391,136.173965454102,-128.595565795898
863,139.466220658273,116,vehicle.mitsubishi.fusorosa,87.5949391837294,-38.0493431091309,136.173980712891,-128.594863891602
863,139.47861975804,116,vehicle.mitsubishi.fusorosa,84.7572899211323,-38.049373626709,136.173980712891,-128.593811035156
863,139.490116260946,116,vehicle.mitsubishi.fusorosa,80.1771319137999,-38.0494041442871,136.17399597168,-128.592880249023
863,139.501523960382,116,vehicle.mitsubishi.fusorosa,79.9568652692403,-38.049430847168,136.17399597168,-128.592239379883
863,139.513773858547,116,vehicle.mitsubishi.fusorosa,82.7068604226612,-38.049446105957,136.174011230469,-128.591491699219
863,139.52543246001,116,vehicle.mitsubishi.fusorosa,80.111986290041,-38.0494728088379,136.174026489258,-128.590728759766
863,139.537723060697,116,vehicle.mitsubishi.fusorosa,82.7494482014676,-38.0494956970215,136.174041748047,-128.590026855469
863,139.551128260791,116,vehicle.mitsubishi.fusorosa,91.1015521594914,-38.0495223999023,136.174041748047,-128.589172363281
864,139.563791260123,116,vehicle.mitsubishi.fusorosa,85.8806308286142,-38.0495452880859,136.174057006836,-128.588333129883
864,139.576133958995,116,vehicle.mitsubishi.fusorosa,82.6612369635944,-38.0495681762695,136.174087524414,-128.58757019043
864,139.588463358581,116,vehicle.mitsubishi.fusorosa,83.484962737292,-38.0495948791504,136.174102783203,-128.586853027344
864,139.60122865811,116,vehicle.mitsubishi.fusorosa,86.9198474608647,-38.0496215820312,136.174102783203,-128.586059570312
864,139.613597560674,116,vehicle.mitsubishi.fusorosa,85.8325954669683,-38.0496482849121,136.174118041992,-128.585342407227
864,139.624931458384,116,vehicle.mitsubishi.fusorosa,83.560260066395,-38.0496711730957,136.17414855957,-128.58464050293
864,139.636794358492,116,vehicle.mitsubishi.fusorosa,80.8673562648722,-38.0496940612793,136.174163818359,-128.584060668945
864,139.648773659021,116,vehicle.mitsubishi.fusorosa,82.3588458356834,-38.0497169494629,136.174163818359,-128.583404541016
864,139.662491258234,116,vehicle.mitsubishi.fusorosa,92.481720504067,-38.0497360229492,136.174179077148,-128.582626342773
865,139.675814758986,116,vehicle.mitsubishi.fusorosa,89.9640905756843,-38.0497589111328,136.174194335938,-128.581756591797
865,139.688670959324,116,vehicle.mitsubishi.fusorosa,87.7432741594673,-38.0497932434082,136.174209594727,-128.580932617188
865,139.701507959515,116,vehicle.mitsubishi.fusorosa,88.0632182437382,-38.0498237609863,136.174240112305,-128.580154418945
865,139.713238358498,116,vehicle.mitsubishi.fusorosa,86.7035481255239,-38.0498542785645,136.174240112305,-128.579376220703
865,139.725449360907,116,vehicle.mitsubishi.fusorosa,83.9513991231262,-38.0498733520508,136.174270629883,-128.578796386719
865,139.737255260348,116,vehicle.mitsubishi.fusorosa,84.2468914040555,-38.0498962402344,136.174270629883,-128.578048706055
865,139.749282859266,116,vehicle.mitsubishi.fusorosa,83.0728246534659,-38.049919128418,136.174301147461,-128.577438354492
865,139.761474058032,116,vehicle.mitsubishi.fusorosa,84.3552196625168,-38.0499458312988,136.174301147461,-128.576751708984
865,139.775679659098,116,vehicle.mitsubishi.fusorosa,96.2954594014852,-38.0499687194824,136.17431640625,-128.57600402832
866,139.789014760405,116,vehicle.mitsubishi.fusorosa,89.3300294755307,-38.0499954223633,136.174331665039,-128.575103759766
866,139.800891160965,116,vehicle.mitsubishi.fusorosa,87.923023052526,-38.0500297546387,136.174346923828,-128.574157714844
866,139.812847457826,116,vehicle.mitsubishi.fusorosa,81.6214767596623,-38.050048828125,136.174377441406,-128.573715209961
866,139.824558760971,116,vehicle.mitsubishi.fusorosa,81.7579934832597,-38.0500755310059,136.174377441406,-128.572952270508
866,139.83688505739,116,vehicle.mitsubishi.fusorosa,85.9183162872562,-38.0501022338867,136.174392700195,-128.572296142578
866,139.849062658846,116,vehicle.mitsubishi.fusorosa,85.5267891440172,-38.0501251220703,136.174407958984,-128.571655273438
866,139.861240860075,116,vehicle.mitsubishi.fusorosa,84.2017362667271,-38.0501480102539,136.174423217773,-128.570892333984
866,139.873714860529,116,vehicle.mitsubishi.fusorosa,86.6171282776115,-38.0501708984375,136.174423217773,-128.570129394531
867,139.886202760041,116,vehicle.mitsubishi.fusorosa,86.9310948228383,-38.0501976013184,136.174438476562,-128.569412231445
867,139.899129960686,116,vehicle.mitsubishi.fusorosa,89.1376144645824,-38.050220489502,136.174453735352,-128.56867980957
867,139.910809159279,116,vehicle.mitsubishi.fusorosa,90.7972039814174,-38.0502471923828,136.174468994141,-128.56787109375
867,139.922368358821,116,vehicle.mitsubishi.fusorosa,79.9766796575235,-38.0502700805664,136.17448425293,-128.567337036133
867,139.933932159096,116,vehicle.mitsubishi.fusorosa,82.1779739382791,-38.05029296875,136.174499511719,-128.566665649414
867,139.945721957833,116,vehicle.mitsubishi.fusorosa,82.4743601501992,-38.0503196716309,136.174514770508,-128.56591796875
867,139.958418957889,116,vehicle.mitsubishi.fusorosa,87.7967451502378,-38.0503425598145,136.174514770508,-128.56526184082
867,139.970377959311,116,vehicle.mitsubishi.fusorosa,82.5464439806701,-38.0503616333008,136.174545288086,-128.564483642578
867,139.983508560807,116,vehicle.mitsubishi.fusorosa,90.0617748997958,-38.0503959655762,136.174545288086,-128.563842773438
868,139.995896659791,116,vehicle.mitsubishi.fusorosa,84.5625963640355,-38.0504150390625,136.174560546875,-128.562973022461
868,140.008381959051,116,vehicle.mitsubishi.fusorosa,85.3214243633167,-38.0504417419434,136.174575805664,-128.562271118164
868,140.020311057568,116,vehicle.mitsubishi.fusorosa,84.422349976302,-38.0504684448242,136.174591064453,-128.561477661133
868,140.031709957868,116,vehicle.mitsubishi.fusorosa,83.5698152248498,-38.0504951477051,136.174606323242,-128.560852050781
868,140.04362615943,116,vehicle.mitsubishi.fusorosa,83.9337948533211,-38.0505180358887,136.174621582031,-128.560272216797
868,140.055158559233,116,vehicle.mitsubishi.fusorosa,82.8944414826535,-38.0505409240723,136.174621582031,-128.559555053711
868,140.066683460027,116,vehicle.mitsubishi.fusorosa,81.9446428850624,-38.0505638122559,136.17463684082,-128.558898925781
868,140.079244259745,116,vehicle.mitsubishi.fusorosa,84.7505107275734,-38.0505790710449,136.174652099609,-128.55827331543
868,140.092200960964,116,vehicle.mitsubishi.fusorosa,87.5298652527037,-38.0506057739258,136.174667358398,-128.5576171875
869,140.104193560779,116,vehicle.mitsubishi.fusorosa,85.0982604094452,-38.0506324768066,136.174667358398,-128.556793212891
869,140.117354359478,116,vehicle.mitsubishi.fusorosa,89.1360504569834,-38.0506591796875,136.174697875977,-128.55615234375
869,140.129381958395,116,vehicle.mitsubishi.fusorosa,85.566216399399,-38.0506820678711,136.174697875977,-128.555358886719
869,140.141162257642,116,vehicle.mitsubishi.fusorosa,80.4983665872977,-38.050708770752,136.174728393555,-128.554702758789
869,140.153021559119,116,vehicle.mitsubishi.fusorosa,82.9072169912443,-38.0507354736328,136.174728393555,-128.554107666016
869,140.165422059596,116,vehicle.mitsubishi.fusorosa,85.3433600631195,-38.0507583618164,136.174743652344,-128.553436279297
869,140.177457757294,116,vehicle.mitsubishi.fusorosa,84.7320244220305,-38.05078125,136.174758911133,-128.552841186523
869,140.189530160278,116,vehicle.mitsubishi.fusorosa,83.5104658522459,-38.0508041381836,136.174774169922,-128.552139282227
869,140.202650558203,116,vehicle.mitsubishi.fusorosa,91.1583700930174,-38.0508308410645,136.174789428711,-128.551422119141
870,140.214949458838,116,vehicle.mitsubishi.fusorosa,84.4910304777548,-38.0508575439453,136.1748046875,-128.550552368164
870,140.227077260613,116,vehicle.mitsubishi.fusorosa,82.1703793871975,-38.0508842468262,136.174835205078,-128.549835205078
870,140.238643057644,116,vehicle.mitsubishi.fusorosa,83.8217214490299,-38.050910949707,136.174835205078,-128.54914855957
870,140.250947657973,116,vehicle.mitsubishi.fusorosa,85.520611687089,-38.0509376525879,136.174835205078,-128.548583984375
870,140.262437257916,116,vehicle.mitsubishi.fusorosa,86.5149551428805,-38.0509567260742,136.174850463867,-128.547866821289
870,140.273918759078,116,vehicle.mitsubishi.fusorosa,78.6110013290244,-38.0509796142578,136.174865722656,-128.547378540039
870,140.286149460822,116,vehicle.mitsubishi.fusorosa,83.4605553081988,-38.0510025024414,136.174880981445,-128.546737670898
870,140.298572860658,116,vehicle.mitsubishi.fusorosa,85.5909964333061,-38.051025390625,136.174896240234,-128.546005249023
870,140.311199858785,116,vehicle.mitsubishi.fusorosa,88.4238476351604,-38.0510559082031,136.174911499023,-128.545227050781
871,140.323837358505,116,vehicle.mitsubishi.fusorosa,86.4498864015963,-38.0510787963867,136.174911499023,-128.544448852539
871,140.33589515835,116,vehicle.mitsubishi.fusorosa,82.6882459211984,-38.0511054992676,136.174942016602,-128.543716430664
871,140.347806759179,116,vehicle.mitsubishi.fusorosa,83.7815779933361,-38.0511360168457,136.174942016602,-128.543075561523
871,140.360004860908,116,vehicle.mitsubishi.fusorosa,83.0499726894747,-38.051155090332,136.17497253418,-128.542434692383
871,140.372685160488,116,vehicle.mitsubishi.fusorosa,85.692384881755,-38.0511779785156,136.17497253418,-128.541778564453
871,140.385143958032,116,vehicle.mitsubishi.fusorosa,85.8031404367964,-38.0512046813965,136.174987792969,-128.541030883789
871,140.397181160748,116,vehicle.mitsubishi.fusorosa,84.7302997102851,-38.0512313842773,136.175003051758,-128.540298461914
871,140.409015960991,116,vehicle.mitsubishi.fusorosa,83.7883417928939,-38.0512580871582,136.175018310547,-128.539627075195
871,140.42183065787,116,vehicle.mitsubishi.fusorosa,86.6868890709239,-38.0512771606445,136.175033569336,-128.5390625
872,140.435003757477,116,vehicle.mitsubishi.fusorosa,88.7973225953751,-38.0513038635254,136.175048828125,-128.538299560547
872,140.447072759271,116,vehicle.mitsubishi.fusorosa,86.1373744732673,-38.0513381958008,136.175048828125,-128.537506103516
872,140.460552159697,116,vehicle.mitsubishi.fusorosa,91.0624821733845,-38.0513572692871,136.175079345703,-128.536895751953
872,140.4727550596,116,vehicle.mitsubishi.fusorosa,86.395082109113,-38.0513877868652,136.175079345703,-128.536071777344
872,140.48479456082,116,vehicle.mitsubishi.fusorosa,83.9349828741195,-38.0514183044434,136.175109863281,-128.535491943359
872,140.496779959649,116,vehicle.mitsubishi.fusorosa,82.5289849917795,-38.0514373779297,136.17512512207,-128.53483581543
872,140.508436258882,116,vehicle.mitsubishi.fusorosa,81.7752473645248,-38.0514640808105,136.175140380859,-128.534194946289
872,140.520265158266,116,vehicle.mitsubishi.fusorosa,83.8860227057879,-38.0514869689941,136.175140380859,-128.533569335938
872,140.532458260655,116,vehicle.mitsubishi.fusorosa,85.5068994765596,-38.0515098571777,136.175155639648,-128.532974243164
873,140.545274659991,116,vehicle.mitsubishi.fusorosa,88.4532941228351,-38.0515327453613,136.175155639648,-128.532348632812
873,140.557908058167,116,vehicle.mitsubishi.fusorosa,86.7403413149376,-38.0515556335449,136.175186157227,-128.531585693359
873,140.570257559419,116,vehicle.mitsubishi.fusorosa,84.4170749636308,-38.0515823364258,136.175201416016,-128.530776977539
873,140.582454457879,116,vehicle.mitsubishi.fusorosa,84.5899592673896,-38.0516090393066,136.175216674805,-128.530075073242
873,140.594426658005,116,vehicle.mitsubishi.fusorosa,84.704853069287,-38.0516357421875,136.175216674805,-128.529510498047
873,140.606554560363,116,vehicle.mitsubishi.fusorosa,83.07895082618,-38.0516586303711,136.175247192383,-128.528823852539
873,140.618096459657,116,vehicle.mitsubishi.fusorosa,82.405689853006,-38.0516815185547,136.175247192383,-128.528106689453
873,140.629824157804,116,vehicle.mitsubishi.fusorosa,83.2099686827238,-38.0517082214355,136.175262451172,-128.527496337891
873,140.642104260623,116,vehicle.mitsubishi.fusorosa,85.7382511171844,-38.0517272949219,136.175277709961,-128.526916503906
874,140.654816959053,116,vehicle.mitsubishi.fusorosa,87.67681231899,-38.0517501831055,136.175277709961,-128.526229858398
874,140.667535558343,116,vehicle.mitsubishi.fusorosa,86.9868511820304,-38.0517730712891,136.17529296875,-128.525421142578
874,140.679909460247,116,vehicle.mitsubishi.fusorosa,86.237068997973,-38.0518035888672,136.175308227539,-128.524703979492
874,140.691829159856,116,vehicle.mitsubishi.fusorosa,84.3483277547319,-38.051830291748,136.175323486328,-128.524063110352
874,140.703872360289,116,vehicle.mitsubishi.fusorosa,84.4791951406199,-38.0518569946289,136.175338745117,-128.523376464844
874,140.715643160045,116,vehicle.mitsubishi.fusorosa,81.587921005379,-38.0518760681152,136.175354003906,-128.522720336914
874,140.727073960006,116,vehicle.mitsubishi.fusorosa,81.9355339488336,-38.0519027709961,136.175369262695,-128.522079467773
874,140.739672858268,116,vehicle.mitsubishi.fusorosa,89.7637665445586,-38.051929473877,136.175384521484,-128.521453857422
874,140.752330258489,116,vehicle.mitsubishi.fusorosa,87.5853156560661,-38.0519485473633,136.175384521484,-128.520782470703
875,140.764719057828,116,vehicle.mitsubishi.fusorosa,85.1589378940203,-38.0519714355469,136.175399780273,-128.520034790039
875,140.776560660452,116,vehicle.mitsubishi.fusorosa,83.8393479935707,-38.052001953125,136.175415039062,-128.519332885742
875,140.794551860541,116,vehicle.mitsubishi.fusorosa,117.776346074443,-38.0520248413086,136.175430297852,-128.518661499023
875,140.806593559682,116,vehicle.mitsubishi.fusorosa,84.4896271158401,-38.0520629882812,136.175430297852,-128.517486572266
875,140.818481560796,116,vehicle.mitsubishi.fusorosa,77.6021661369321,-38.0520973205566,136.175506591797,-128.516937255859
875,140.830718658864,116,vehicle.mitsubishi.fusorosa,85.95713326351,-38.0521202087402,136.175491333008,-128.516403198242
875,140.842358458787,116,vehicle.mitsubishi.fusorosa,84.5820262522519,-38.0521469116211,136.175491333008,-128.515762329102
875,140.854538559914,116,vehicle.mitsubishi.fusorosa,82.8145905017018,-38.0521659851074,136.175521850586,-128.515213012695
875,140.867041260004,116,vehicle.mitsubishi.fusorosa,87.1933356435517,-38.0521926879883,136.175521850586,-128.514663696289
876,140.880126360804,116,vehicle.mitsubishi.fusorosa,90.109239342044,-38.0522155761719,136.175537109375,-128.51399230957
876,140.892798360437,116,vehicle.mitsubishi.fusorosa,87.1454284778258,-38.0522384643555,136.175552368164,-128.513229370117
876,140.904269460589,116,vehicle.mitsubishi.fusorosa,95.482555351278,-38.0522689819336,136.175567626953,-128.512420654297
876,140.916151158512,116,vehicle.mitsubishi.fusorosa,82.9534267637097,-38.0522956848145,136.175582885742,-128.512023925781
876,140.928136758506,116,vehicle.mitsubishi.fusorosa,84.4772755839704,-38.052318572998,136.175598144531,-128.511428833008
876,140.940536357462,116,vehicle.mitsubishi.fusorosa,88.2484370236034,-38.0523452758789,136.175598144531,-128.510711669922
876,140.952195059508,116,vehicle.mitsubishi.fusorosa,82.6011405734455,-38.0523681640625,136.175628662109,-128.51008605957
876,140.964157558978,116,vehicle.mitsubishi.fusorosa,82.8988515445813,-38.0523910522461,136.175628662109,-128.50944519043
876,140.976973760873,116,vehicle.mitsubishi.fusorosa,88.5510280109365,-38.0524139404297,136.175643920898,-128.508804321289
877,140.988979160786,116,vehicle.mitsubishi.fusorosa,82.8535117373774,-38.0524368286133,136.175659179688,-128.508010864258
877,141.001825258136,116,vehicle.mitsubishi.fusorosa,88.18592024684,-38.0524635314941,136.175674438477,-128.507400512695
877,141.014472559094,116,vehicle.mitsubishi.fusorosa,87.6939824078144,-38.052490234375,136.175674438477,-128.506637573242
877,141.0262388587,116,vehicle.mitsubishi.fusorosa,84.3667969752804,-38.0525169372559,136.175704956055,-128.505935668945
877,141.037909060717,116,vehicle.mitsubishi.fusorosa,81.6322591234223,-38.0525436401367,136.175720214844,-128.505279541016
877,141.050260659307,116,vehicle.mitsubishi.fusorosa,84.0162269250335,-38.0525665283203,136.175735473633,-128.504592895508
877,141.061932958663,116,vehicle.mitsubishi.fusorosa,82.8639933350492,-38.0525894165039,136.175735473633,-128.503967285156
877,141.073688458651,116,vehicle.mitsubishi.fusorosa,81.9843248120597,-38.0526123046875,136.175750732422,-128.503341674805
877,141.086261060089,116,vehicle.mitsubishi.fusorosa,87.3887436222743,-38.0526351928711,136.175765991211,-128.502655029297
878,141.099278360605,116,vehicle.mitsubishi.fusorosa,87.4953968206729,-38.0526580810547,136.17578125,-128.501892089844
878,141.112958658487,116,vehicle.mitsubishi.fusorosa,93.0422363638099,-38.0526885986328,136.17578125,-128.501205444336
878,141.125982858241,116,vehicle.mitsubishi.fusorosa,88.3965172984947,-38.0527114868164,136.175811767578,-128.500335693359
878,141.138550560921,116,vehicle.mitsubishi.fusorosa,84.5709977301425,-38.0527420043945,136.175842285156,-128.499557495117
878,141.151421457529,116,vehicle.mitsubishi.fusorosa,87.0373753287302,-38.0527725219727,136.175842285156,-128.498870849609
878,141.163574259728,116,vehicle.mitsubishi.fusorosa,85.7252107327186,-38.0528030395508,136.175857543945,-128.498107910156
878,141.175712458789,116,vehicle.mitsubishi.fusorosa,85.2998185558419,-38.0528297424316,136.175872802734,-128.497421264648
878,141.18925075978,116,vehicle.mitsubishi.fusorosa,92.9794529324853,-38.0528526306152,136.175888061523,-128.496780395508
879,141.201879259199,116,vehicle.mitsubishi.fusorosa,88.0028484059861,-38.0528831481934,136.175888061523,-128.496017456055
879,141.214157260954,116,vehicle.mitsubishi.fusorosa,85.6216993109878,-38.0529098510742,136.175918579102,-128.495330810547
879,141.226300258189,116,vehicle.mitsubishi.fusorosa,83.7336964843327,-38.0529327392578,136.175933837891,-128.494674682617
879,141.239269759506,116,vehicle.mitsubishi.fusorosa,88.7221721797179,-38.0529594421387,136.17594909668,-128.493942260742
879,141.252289257944,116,vehicle.mitsubishi.fusorosa,89.8350093900153,-38.0529861450195,136.17594909668,-128.4931640625
879,141.263851959258,116,vehicle.mitsubishi.fusorosa,101.114782381926,-38.0530166625977,136.175979614258,-128.492401123047
879,141.275833658874,116,vehicle.mitsubishi.fusorosa,81.6973347162104,-38.0530395507812,136.175994873047,-128.492111206055
879,141.287622958422,116,vehicle.mitsubishi.fusorosa,81.8472064102934,-38.0530586242676,136.176010131836,-128.491561889648
879,141.301105059683,116,vehicle.mitsubishi.fusorosa,92.3144513387979,-38.0530853271484,136.176010131836,-128.490966796875
880,141.313866257668,116,vehicle.mitsubishi.fusorosa,88.342025842576,-38.0531120300293,136.176025390625,-128.490249633789
880,141.326605558395,116,vehicle.mitsubishi.fusorosa,85.1186765343591,-38.0531349182129,136.176055908203,-128.489593505859
880,141.33944806084,116,vehicle.mitsubishi.fusorosa,86.9467436457807,-38.053165435791,136.176055908203,-128.488861083984
880,141.351682960987,116,vehicle.mitsubishi.fusorosa,85.4500816307266,-38.0531921386719,136.176071166992,-128.488082885742
880,141.363867659122,116,vehicle.mitsubishi.fusorosa,85.2815783794174,-38.05322265625,136.176086425781,-128.487335205078
880,141.375888958573,116,vehicle.mitsubishi.fusorosa,83.0810054594842,-38.0532455444336,136.17610168457,-128.486740112305
880,141.38781445846,116,vehicle.mitsubishi.fusorosa,84.3406904911643,-38.0532722473145,136.176116943359,-128.48600769043
880,141.400249660015,116,vehicle.mitsubishi.fusorosa,86.272091235176,-38.053295135498,136.176116943359,-128.485366821289
880,141.413409359753,116,vehicle.mitsubishi.fusorosa,88.5461667707268,-38.0533103942871,136.176132202148,-128.484680175781
881,141.413409359753,116,vehicle.mitsubishi.fusorosa,88.5461667707268,-38.0533103942871,136.176132202148,-128.484680175781
881,141.426983360201,116,vehicle.mitsubishi.fusorosa,91.8035178509984,-38.0533409118652,136.176147460938,-128.483810424805
881,141.439616259187,116,vehicle.mitsubishi.fusorosa,85.7415569799852,-38.0533676147461,136.176177978516,-128.482986450195
881,141.452349357307,116,vehicle.mitsubishi.fusorosa,86.0867597118541,-38.0533981323242,136.176193237305,-128.482299804688
881,141.464716460556,116,vehicle.mitsubishi.fusorosa,86.2357972431958,-38.0534286499023,136.176193237305,-128.481506347656
881,141.479002758861,116,vehicle.mitsubishi.fusorosa,95.7858318384516,-38.0534553527832,136.176223754883,-128.480758666992
881,141.492317758501,116,vehicle.mitsubishi.fusorosa,89.9990273879153,-38.0534820556641,136.176223754883,-128.479949951172
881,141.507346257567,116,vehicle.mitsubishi.fusorosa,100.402459935912,-38.0535163879395,136.176254272461,-128.479019165039
881,141.524802658707,116,vehicle.mitsubishi.fusorosa,114.237561901094,-38.0535507202148,136.17626953125,-128.478057861328
882,141.538914360106,116,vehicle.mitsubishi.fusorosa,93.3940045806529,-38.053596496582,136.176300048828,-128.47688293457
882,141.553486760706,116,vehicle.mitsubishi.fusorosa,95.9620476032718,-38.0536422729492,136.176345825195,-128.476028442383
882,141.566299360245,116,vehicle.mitsubishi.fusorosa,94.8471438644172,-38.0536842346191,136.176345825195,-128.475082397461
882,141.579278260469,116,vehicle.mitsubishi.fusorosa,87.9131004789988,-38.0537185668945,136.176376342773,-128.474487304688
882,141.592509459704,116,vehicle.mitsubishi.fusorosa,91.4533102305369,-38.0537452697754,136.176376342773,-128.473754882812
882,141.608293257654,116,vehicle.mitsubishi.fusorosa,105.967531083745,-38.0537757873535,136.176406860352,-128.472961425781
882,141.622439257801,116,vehicle.mitsubishi.fusorosa,95.5571227770613,-38.0538063049316,136.176422119141,-128.472015380859
882,141.636782057583,116,vehicle.mitsubishi.fusorosa,95.5374621829586,-38.0538444519043,136.176467895508,-128.471115112305
883,141.650926459581,116,vehicle.mitsubishi.fusorosa,97.050574733932,-38.053882598877,136.176467895508,-128.47004699707
883,141.674633357674,116,vehicle.mitsubishi.fusorosa,105.069401911935,-38.0539169311523,136.176498413086,-128.469161987305
883,141.687659759074,116,vehicle.mitsubishi.fusorosa,102.1295403301,-38.0539703369141,136.176528930664,-128.467468261719
883,141.700311560184,116,vehicle.mitsubishi.fusorosa,87.0214871989423,-38.054012298584,136.176544189453,-128.46696472168
883,141.713002860546,116,vehicle.mitsubishi.fusorosa,91.3756796015538,-38.0540428161621,136.176559448242,-128.466262817383
883,141.725791960955,116,vehicle.mitsubishi.fusorosa,91.4849924934122,-38.054069519043,136.176574707031,-128.465469360352
883,141.74002815783,116,vehicle.mitsubishi.fusorosa,96.2364451109509,-38.0540924072266,136.17658996582,-128.464736938477
884,141.753115158528,116,vehicle.mitsubishi.fusorosa,95.2593643541165,-38.0541191101074,136.176605224609,-128.463775634766
884,141.766272958368,116,vehicle.mitsubishi.fusorosa,88.2738268259593,-38.0541534423828,136.176620483398,-128.462875366211
884,141.779131360352,116,vehicle.mitsubishi.fusorosa,91.3918472862371,-38.0541877746582,136.176620483398,-128.461944580078
884,141.791572559625,116,vehicle.mitsubishi.fusorosa,92.5576869611568,-38.0542106628418,136.176651000977,-128.461196899414
884,141.804581757635,116,vehicle.mitsubishi.fusorosa,89.9629463892774,-38.0542411804199,136.176651000977,-128.460433959961
884,141.816826160997,116,vehicle.mitsubishi.fusorosa,100.461280851371,-38.0542678833008,136.176651000977,-128.459564208984
884,141.828938957304,116,vehicle.mitsubishi.fusorosa,86.3049031643709,-38.0542945861816,136.176681518555,-128.458999633789
884,141.840824257582,116,vehicle.mitsubishi.fusorosa,82.998838541293,-38.0543212890625,136.176696777344,-128.45817565918
884,141.854915257543,116,vehicle.mitsubishi.fusorosa,96.5320008173205,-38.0543479919434,136.176696777344,-128.457305908203
885,141.867696460336,116,vehicle.mitsubishi.fusorosa,89.9042601833484,-38.0543746948242,136.176712036133,-128.456314086914
885,141.880905658007,116,vehicle.mitsubishi.fusorosa,89.7460880882744,-38.0544052124023,136.176742553711,-128.455429077148
885,141.893424458802,116,vehicle.mitsubishi.fusorosa,89.0897904929551,-38.0544357299805,136.176742553711,-128.454513549805
885,141.90619815886,116,vehicle.mitsubishi.fusorosa,86.5027555538536,-38.0544662475586,136.1767578125,-128.453765869141
885,141.918284859508,116,vehicle.mitsubishi.fusorosa,91.4768296314899,-38.0544967651367,136.1767578125,-128.452865600586
885,141.930917460471,116,vehicle.mitsubishi.fusorosa,87.5453924249523,-38.0545196533203,136.176773071289,-128.452270507812
885,141.94403905794,116,vehicle.mitsubishi.fusorosa,90.2147500158353,-38.0545425415039,136.176788330078,-128.451538085938
885,141.958826757967,116,vehicle.mitsubishi.fusorosa,97.0535235150062,-38.054573059082,136.176818847656,-128.450546264648
886,141.972585458308,116,vehicle.mitsubishi.fusorosa,93.2376535397559,-38.0546073913574,136.176834106445,-128.449508666992
886,141.985885158181,116,vehicle.mitsubishi.fusorosa,90.2497945570067,-38.0546417236328,136.176864624023,-128.448593139648
886,141.998548459262,116,vehicle.mitsubishi.fusorosa,90.7232476645696,-38.0546798706055,136.176864624023,-128.447677612305
886,142.011946860701,116,vehicle.mitsubishi.fusorosa,91.9600788953597,-38.0547103881836,136.176879882812,-128.446868896484
886,142.024987258017,116,vehicle.mitsubishi.fusorosa,91.0143674647822,-38.0547370910645,136.176895141602,-128.446075439453
886,142.039807159454,116,vehicle.mitsubishi.fusorosa,99.1172956214749,-38.0547637939453,136.17692565918,-128.445327758789
886,142.055150359869,116,vehicle.mitsubishi.fusorosa,100.503232752799,-38.0547981262207,136.176940917969,-128.444366455078
886,142.0702117607,116,vehicle.mitsubishi.fusorosa,99.5687259132247,-38.0548362731934,136.176971435547,-128.443298339844
886,142.084485158324,116,vehicle.mitsubishi.fusorosa,97.4723005260407,-38.0548820495605,136.176986694336,-128.442260742188
887,142.098541859537,116,vehicle.mitsubishi.fusorosa,94.5559647462874,-38.0549163818359,136.177017211914,-128.441375732422
887,142.112643357366,116,vehicle.mitsubishi.fusorosa,95.9911610333773,-38.0549545288086,136.177032470703,-128.440490722656
887,142.126431360841,116,vehicle.mitsubishi.fusorosa,92.3116796150309,-38.054988861084,136.177062988281,-128.439544677734
887,142.139416858554,116,vehicle.mitsubishi.fusorosa,95.9399240975868,-38.0550270080566,136.17707824707,-128.43864440918
887,142.152150660753,116,vehicle.mitsubishi.fusorosa,88.5917248194284,-38.0550575256348,136.177093505859,-128.438049316406
887,142.16489655897,116,vehicle.mitsubishi.fusorosa,90.4647007347108,-38.0550880432129,136.177108764648,-128.437225341797
887,142.179516959935,116,vehicle.mitsubishi.fusorosa,98.8214598619478,-38.0551147460938,136.177124023438,-128.436431884766
888,142.192387860268,116,vehicle.mitsubishi.fusorosa,99.9220598871414,-38.0551490783691,136.177139282227,-128.435302734375
888,142.205566357821,116,vehicle.mitsubishi.fusorosa,90.3914426449038,-38.0551834106445,136.177169799805,-128.434600830078
888,142.219048459083,116,vehicle.mitsubishi.fusorosa,93.6864531475841,-38.0552101135254,136.177169799805,-128.433715820312
888,142.231769058853,116,vehicle.mitsubishi.fusorosa,94.6215941442623,-38.0552406311035,136.177185058594,-128.432983398438
888,142.243919759989,116,vehicle.mitsubishi.fusorosa,85.2106961123582,-38.0552711486816,136.177200317383,-128.432144165039
888,142.256788957864,116,vehicle.mitsubishi.fusorosa,88.0108100074379,-38.055290222168,136.177215576172,-128.431442260742
888,142.26921575889,116,vehicle.mitsubishi.fusorosa,89.1618947612156,-38.0553169250488,136.177230834961,-128.430694580078
888,142.281437460333,116,vehicle.mitsubishi.fusorosa,87.5928158164941,-38.0553436279297,136.17724609375,-128.429992675781
888,142.293951559812,116,vehicle.mitsubishi.fusorosa,88.0979410119106,-38.0553703308105,136.17724609375,-128.429260253906
889,142.306735057384,116,vehicle.mitsubishi.fusorosa,88.168727401669,-38.0553894042969,136.17724609375,-128.428527832031
889,142.31954376027,116,vehicle.mitsubishi.fusorosa,88.8741629252135,-38.0554122924805,136.177261352539,-128.427810668945
889,142.332124058157,116,vehicle.mitsubishi.fusorosa,89.9420396679094,-38.0554428100586,136.177276611328,-128.427032470703
889,142.344200160354,116,vehicle.mitsubishi.fusorosa,87.8703516021076,-38.0554695129395,136.177307128906,-128.426132202148
889,142.355938557535,116,vehicle.mitsubishi.fusorosa,84.819958699188,-38.0554962158203,136.177307128906,-128.425430297852
889,142.368030257523,116,vehicle.mitsubishi.fusorosa,85.7823617217756,-38.0555191040039,136.177307128906,-128.424819946289
889,142.38049685955,116,vehicle.mitsubishi.fusorosa,86.4402473196397,-38.0555381774902,136.177337646484,-128.42414855957
889,142.393466159701,116,vehicle.mitsubishi.fusorosa,89.0506537994561,-38.0555648803711,136.177337646484,-128.423385620117
890,142.406601559371,116,vehicle.mitsubishi.fusorosa,87.6940162130916,-38.055591583252,136.177352905273,-128.422592163086
890,142.420222360641,116,vehicle.mitsubishi.fusorosa,92.1655291595058,-38.0556221008301,136.177368164062,-128.421615600586
890,142.4324779585,116,vehicle.mitsubishi.fusorosa,94.4755018244281,-38.0556564331055,136.177383422852,-128.420745849609
890,142.444947957993,116,vehicle.mitsubishi.fusorosa,85.3561081220804,-38.0556869506836,136.17741394043,-128.420013427734
890,142.456978060305,116,vehicle.mitsubishi.fusorosa,87.2533991315308,-38.0557136535645,136.17741394043,-128.41926574707
890,142.469061657786,116,vehicle.mitsubishi.fusorosa,82.0222379306453,-38.0557327270508,136.177444458008,-128.418685913086
890,142.481254260987,116,vehicle.mitsubishi.fusorosa,83.1143374033635,-38.0557632446289,136.177444458008,-128.418045043945
890,142.493622757494,116,vehicle.mitsubishi.fusorosa,85.8007454881056,-38.0557899475098,136.177459716797,-128.417282104492
890,142.506406757981,116,vehicle.mitsubishi.fusorosa,85.5583978627985,-38.0558128356934,136.177474975586,-128.416488647461
891,142.519221160561,116,vehicle.mitsubishi.fusorosa,88.1107438389845,-38.0558433532715,136.177490234375,-128.415649414062
891,142.539508160204,116,vehicle.mitsubishi.fusorosa,93.2462342983084,-38.0558738708496,136.177505493164,-128.414794921875
891,142.551443058997,116,vehicle.mitsubishi.fusorosa,96.3322613793934,-38.0559196472168,136.177536010742,-128.413497924805
891,142.563645157963,116,vehicle.mitsubishi.fusorosa,84.1232442589688,-38.0559539794922,136.177551269531,-128.412948608398
891,142.575676459819,116,vehicle.mitsubishi.fusorosa,85.1946233419452,-38.055980682373,136.177551269531,-128.412307739258
891,142.587292060256,116,vehicle.mitsubishi.fusorosa,83.8313689571877,-38.0560073852539,136.17756652832,-128.411651611328
891,142.600429560989,116,vehicle.mitsubishi.fusorosa,89.8263646785075,-38.0560264587402,136.177581787109,-128.411117553711
892,142.613906059414,116,vehicle.mitsubishi.fusorosa,91.6224877995567,-38.0560493469238,136.177581787109,-128.410446166992
892,142.626652058214,116,vehicle.mitsubishi.fusorosa,87.6509088575517,-38.056079864502,136.177612304688,-128.409652709961
892,142.638761460781,116,vehicle.mitsubishi.fusorosa,82.7931677755278,-38.0561065673828,136.177642822266,-128.408920288086
892,142.650394260883,116,vehicle.mitsubishi.fusorosa,85.7232140747879,-38.0561370849609,136.177642822266,-128.408126831055
892,142.662262458354,116,vehicle.mitsubishi.fusorosa,82.5035351004471,-38.0561599731445,136.177658081055,-128.407608032227
892,142.674788858742,116,vehicle.mitsubishi.fusorosa,86.1757263202209,-38.0561790466309,136.177658081055,-128.40705871582
892,142.687207959592,116,vehicle.mitsubishi.fusorosa,85.9940544300349,-38.0562019348145,136.177673339844,-128.406356811523
892,142.700000360608,116,vehicle.mitsubishi.fusorosa,85.3401362290803,-38.056224822998,136.177703857422,-128.405685424805
892,142.713084358722,116,vehicle.mitsubishi.fusorosa,89.2310471708069,-38.0562553405762,136.177719116211,-128.404846191406
892,142.726468458772,116,vehicle.mitsubishi.fusorosa,90.8593302364104,-38.056282043457,136.177734375,-128.403991699219
893,142.73916855827,116,vehicle.mitsubishi.fusorosa,89.0408320448854,-38.0563163757324,136.177749633789,-128.403015136719
893,142.75220835954,116,vehicle.mitsubishi.fusorosa,88.4722415046828,-38.0563507080078,136.177764892578,-128.402236938477
893,142.764358159155,116,vehicle.mitsubishi.fusorosa,84.328976513249,-38.0563774108887,136.177795410156,-128.401428222656
893,142.776399560273,116,vehicle.mitsubishi.fusorosa,84.2089496268247,-38.0564079284668,136.177795410156,-128.400741577148
893,142.788407959044,116,vehicle.mitsubishi.fusorosa,84.2816453981601,-38.0564308166504,136.177810668945,-128.400146484375
893,142.800707858056,116,vehicle.mitsubishi.fusorosa,84.8097369920737,-38.0564498901367,136.177825927734,-128.399490356445
893,142.812515057623,116,vehicle.mitsubishi.fusorosa,83.2871122579462,-38.0564727783203,136.177841186523,-128.398864746094
893,142.824592258781,116,vehicle.mitsubishi.fusorosa,84.3362325710597,-38.0564994812012,136.177841186523,-128.398376464844
893,142.837951160967,116,vehicle.mitsubishi.fusorosa,91.0411901200191,-38.0565223693848,136.177856445312,-128.397659301758
894,142.850174158812,116,vehicle.mitsubishi.fusorosa,84.4336519608357,-38.0565490722656,136.177871704102,-128.396759033203
894,142.863815259188,116,vehicle.mitsubishi.fusorosa,92.1202149798241,-38.0565795898438,136.17790222168,-128.395980834961
894,142.87647465989,116,vehicle.mitsubishi.fusorosa,89.086300047997,-38.0566101074219,136.17790222168,-128.395095825195
894,142.888469759375,116,vehicle.mitsubishi.fusorosa,84.4949140678195,-38.056640625,136.177932739258,-128.394302368164
894,142.901297859848,116,vehicle.mitsubishi.fusorosa,88.1962030484959,-38.0566673278809,136.177932739258,-128.3935546875
894,142.913045760244,116,vehicle.mitsubishi.fusorosa,92.1506716991543,-38.0566940307617,136.177963256836,-128.392852783203
894,142.925681259483,116,vehicle.mitsubishi.fusorosa,86.7041973996266,-38.0567207336426,136.177963256836,-128.392379760742
894,142.939395360649,116,vehicle.mitsubishi.fusorosa,93.2109180589905,-38.0567474365234,136.177978515625,-128.391693115234
895,142.952239260077,116,vehicle.mitsubishi.fusorosa,85.8779025763744,-38.0567779541016,136.178009033203,-128.390762329102
895,142.964790359139,116,vehicle.mitsubishi.fusorosa,85.3358458205731,-38.0568046569824,136.178024291992,-128.389953613281
895,142.976820960641,116,vehicle.mitsubishi.fusorosa,85.1521449538351,-38.0568389892578,136.178039550781,-128.389343261719
895,142.989163458347,116,vehicle.mitsubishi.fusorosa,83.3018021626955,-38.0568618774414,136.17805480957,-128.388671875
895,143.000894960016,116,vehicle.mitsubishi.fusorosa,86.1596176595564,-38.0568923950195,136.17805480957,-128.387908935547
895,143.012715857476,116,vehicle.mitsubishi.fusorosa,82.8290532724809,-38.0569114685059,136.178070068359,-128.387268066406
895,143.025143358856,116,vehicle.mitsubishi.fusorosa,85.8751489154228,-38.0569343566895,136.178070068359,-128.386734008789
895,143.036928858608,116,vehicle.mitsubishi.fusorosa,86.8983815257923,-38.056957244873,136.178085327148,-128.38606262207
895,143.050048660487,116,vehicle.mitsubishi.fusorosa,89.2763133898615,-38.0569801330566,136.178115844727,-128.385330200195
896,143.062764059752,116,vehicle.mitsubishi.fusorosa,87.2233407321786,-38.0570068359375,136.178115844727,-128.384490966797
896,143.075528059155,116,vehicle.mitsubishi.fusorosa,84.9365601278156,-38.0570373535156,136.178146362305,-128.383728027344
896,143.087663657963,116,vehicle.mitsubishi.fusorosa,85.6787221625567,-38.0570678710938,136.178146362305,-128.382843017578
896,143.099949058145,116,vehicle.mitsubishi.fusorosa,84.4270009632188,-38.0570907592773,136.178176879883,-128.382278442383
896,143.112427357584,116,vehicle.mitsubishi.fusorosa,86.2317117527531,-38.0571174621582,136.178176879883,-128.38151550293
896,143.124544259161,116,vehicle.mitsubishi.fusorosa,83.925612400336,-38.0571365356445,136.178192138672,-128.380874633789
896,143.136265657842,116,vehicle.mitsubishi.fusorosa,83.7842942339692,-38.0571632385254,136.178207397461,-128.380325317383
896,143.148301858455,116,vehicle.mitsubishi.fusorosa,85.7852658825639,-38.0571899414062,136.17822265625,-128.379608154297
896,143.160890057683,116,vehicle.mitsubishi.fusorosa,86.320481985529,-38.0572128295898,136.17822265625,-128.378829956055
897,143.173100460321,116,vehicle.mitsubishi.fusorosa,85.0679523386056,-38.0572357177734,136.178237915039,-128.378158569336
897,143.184993658215,116,vehicle.mitsubishi.fusorosa,83.2764426961232,-38.057258605957,136.178253173828,-128.377502441406
897,143.197102457285,116,vehicle.mitsubishi.fusorosa,83.7987208953774,-38.0572814941406,136.178268432617,-128.376953125
897,143.209095757455,116,vehicle.mitsubishi.fusorosa,81.0322344473508,-38.0573043823242,136.178283691406,-128.376205444336
897,143.22148475796,116,vehicle.mitsubishi.fusorosa,85.0737127287863,-38.0573348999023,136.178298950195,-128.375457763672
897,143.233198158443,116,vehicle.mitsubishi.fusorosa,84.0855588003501,-38.0573616027832,136.178314208984,-128.374633789062
897,143.244642160833,116,vehicle.mitsubishi.fusorosa,84.1705582305993,-38.0573883056641,136.178329467773,-128.374114990234
897,143.256616160274,116,vehicle.mitsubishi.fusorosa,83.3701152490707,-38.0574073791504,136.178329467773,-128.37353515625
897,143.269579857588,116,vehicle.mitsubishi.fusorosa,88.9083579096431,-38.0574340820312,136.178329467773,-128.372848510742
898,143.282279960811,116,vehicle.mitsubishi.fusorosa,86.7030419162835,-38.0574493408203,136.178359985352,-128.372146606445
898,143.296018857509,116,vehicle.mitsubishi.fusorosa,90.3169179023532,-38.0574760437012,136.17839050293,-128.371368408203
898,143.308444257826,116,vehicle.mitsubishi.fusorosa,85.6225230506452,-38.0575103759766,136.17839050293,-128.370452880859
898,143.32126595825,116,vehicle.mitsubishi.fusorosa,84.9075307068987,-38.057544708252,136.178421020508,-128.369735717773
898,143.333625659347,116,vehicle.mitsubishi.fusorosa,86.1986380816736,-38.0575752258301,136.178421020508,-128.368865966797
898,143.345366258174,116,vehicle.mitsubishi.fusorosa,83.5209202046263,-38.0576019287109,136.178451538086,-128.368209838867
898,143.357003360987,116,vehicle.mitsubishi.fusorosa,82.3436126661311,-38.0576248168945,136.178451538086,-128.367660522461
898,143.368878059089,116,vehicle.mitsubishi.fusorosa,82.6855950478543,-38.0576438903809,136.178466796875,-128.367065429688
898,143.381665859371,116,vehicle.mitsubishi.fusorosa,87.7087984527557,-38.0576705932617,136.178466796875,-128.366470336914
899,143.394299957901,116,vehicle.mitsubishi.fusorosa,86.6085454340889,-38.0576934814453,136.178497314453,-128.36572265625
899,143.406372960657,116,vehicle.mitsubishi.fusorosa,84.4272710580305,-38.0577201843262,136.178512573242,-128.364990234375
899,143.41854256019,116,vehicle.mitsubishi.fusorosa,84.3488473754799,-38.057746887207,136.178527832031,-128.364273071289
899,143.430536858737,116,vehicle.mitsubishi.fusorosa,83.2954315226471,-38.0577659606934,136.178527832031,-128.363693237305
899,143.442759357393,116,vehicle.mitsubishi.fusorosa,83.9531872335484,-38.057788848877,136.17854309082,-128.36311340332
899,143.455383058637,116,vehicle.mitsubishi.fusorosa,86.3842328483267,-38.0578155517578,136.178558349609,-128.362487792969
899,143.467308759689,116,vehicle.mitsubishi.fusorosa,84.0248658925397,-38.0578422546387,136.178573608398,-128.361663818359
899,143.479492560029,116,vehicle.mitsubishi.fusorosa,83.8104792915852,-38.0578689575195,136.178588867188,-128.360961914062
899,143.493196059018,116,vehicle.mitsubishi.fusorosa,92.9297294332598,-38.0578956604004,136.178588867188,-128.360397338867
900,143.505551259965,116,vehicle.mitsubishi.fusorosa,86.0934019481808,-38.0579223632812,136.178604125977,-128.359573364258
900,143.517850559205,116,vehicle.mitsubishi.fusorosa,83.9572673155004,-38.0579490661621,136.178634643555,-128.358779907227
900,143.529996357858,116,vehicle.mitsubishi.fusorosa,84.728739070265,-38.057975769043,136.178634643555,-128.358093261719
900,143.541946660727,116,vehicle.mitsubishi.fusorosa,83.1839752197115,-38.0579986572266,136.178665161133,-128.357467651367
900,143.553484458476,116,vehicle.mitsubishi.fusorosa,82.0796522941565,-38.0580253601074,136.178665161133,-128.356796264648
900,143.566313359886,116,vehicle.mitsubishi.fusorosa,88.0143961401349,-38.058048248291,136.178680419922,-128.356231689453
900,143.578340459615,116,vehicle.mitsubishi.fusorosa,84.9490655415556,-38.0580711364746,136.178695678711,-128.355560302734
900,143.590187758207,116,vehicle.mitsubishi.fusorosa,83.061926208206,-38.0580978393555,136.1787109375,-128.354797363281
900,143.602999359369,116,vehicle.mitsubishi.fusorosa,88.1047800029503,-38.0581207275391,136.1787109375,-128.354232788086
901,143.615041159093,116,vehicle.mitsubishi.fusorosa,85.0254414715303,-38.0581474304199,136.178726196289,-128.353591918945
901,143.62933145836,116,vehicle.mitsubishi.fusorosa,95.6998549307696,-38.0581665039062,136.178756713867,-128.35285949707
901,143.641053058207,116,vehicle.mitsubishi.fusorosa,91.7344757496176,-38.0582008361816,136.178756713867,-128.351928710938
901,143.6533796601,116,vehicle.mitsubishi.fusorosa,84.0115451505127,-38.0582275390625,136.178787231445,-128.351455688477
901,143.665040958673,116,vehicle.mitsubishi.fusorosa,83.243377567542,-38.0582542419434,136.178802490234,-128.350784301758
901,143.677329558879,116,vehicle.mitsubishi.fusorosa,82.0908329779237,-38.0582809448242,136.178817749023,-128.350173950195
901,143.68901496008,116,vehicle.mitsubishi.fusorosa,84.1383426879909,-38.0583114624023,136.178817749023,-128.349395751953
901,143.701164659113,116,vehicle.mitsubishi.fusorosa,85.9530033695691,-38.0583381652832,136.178833007812,-128.348815917969
901,143.715195059776,116,vehicle.mitsubishi.fusorosa,94.4437032901287,-38.0583572387695,136.178848266602,-128.348159790039
902,143.72793385759,116,vehicle.mitsubishi.fusorosa,87.1817786082305,-38.0583839416504,136.178863525391,-128.347259521484
902,143.740114059299,116,vehicle.mitsubishi.fusorosa,85.7515221641292,-38.0584182739258,136.17887878418,-128.346466064453
902,143.752472359687,116,vehicle.mitsubishi.fusorosa,85.3720954090494,-38.0584411621094,136.178894042969,-128.345809936523
902,143.764810457826,116,vehicle.mitsubishi.fusorosa,85.1173380577412,-38.058464050293,136.178909301758,-128.345199584961
902,143.776359658688,116,vehicle.mitsubishi.fusorosa,83.4872448261772,-38.0584945678711,136.178939819336,-128.344467163086
902,143.788354959339,116,vehicle.mitsubishi.fusorosa,82.6784089918259,-38.058521270752,136.178939819336,-128.343811035156
902,143.80032555759,116,vehicle.mitsubishi.fusorosa,84.1561999676388,-38.0585479736328,136.178939819336,-128.343109130859
902,143.812465660274,116,vehicle.mitsubishi.fusorosa,83.5870879846058,-38.0585670471191,136.178955078125,-128.342498779297
903,143.825121160597,116,vehicle.mitsubishi.fusorosa,86.6324845414114,-38.0585861206055,136.178970336914,-128.341751098633
903,143.837553460151,116,vehicle.mitsubishi.fusorosa,87.8232357989637,-38.0586166381836,136.178985595703,-128.341110229492
903,143.849312759936,116,vehicle.mitsubishi.fusorosa,83.343439536562,-38.0586433410645,136.179016113281,-128.34033203125
903,143.860995657742,116,vehicle.mitsubishi.fusorosa,81.685325424696,-38.058666229248,136.179016113281,-128.33967590332
903,143.873003959656,116,vehicle.mitsubishi.fusorosa,83.8297963778428,-38.0586929321289,136.179016113281,-128.339004516602
903,143.885572660714,116,vehicle.mitsubishi.fusorosa,86.1403570471933,-38.0587120056152,136.179046630859,-128.338455200195
903,143.897482760251,116,vehicle.mitsubishi.fusorosa,83.8415821218037,-38.0587387084961,136.179061889648,-128.337661743164
903,143.909599859267,116,vehicle.mitsubishi.fusorosa,83.2669456441779,-38.0587615966797,136.179061889648,-128.336990356445
903,143.923873260617,116,vehicle.mitsubishi.fusorosa,95.8208476160865,-38.0587844848633,136.179077148438,-128.336380004883
904,143.936000958085,116,vehicle.mitsubishi.fusorosa,84.8872855196189,-38.0588150024414,136.179092407227,-128.335433959961
904,143.948161158711,116,vehicle.mitsubishi.fusorosa,84.7433520632994,-38.0588493347168,136.179122924805,-128.334655761719
904,143.960324160755,116,vehicle.mitsubishi.fusorosa,84.3261561156462,-38.0588722229004,136.179122924805,-128.334045410156
904,143.97232535854,116,vehicle.mitsubishi.fusorosa,82.9375850060384,-38.0588989257812,136.179153442383,-128.333190917969
904,143.98450665921,116,vehicle.mitsubishi.fusorosa,84.3329182534329,-38.0589256286621,136.179153442383,-128.332717895508
904,143.996460258961,116,vehicle.mitsubishi.fusorosa,83.1601113330763,-38.0589485168457,136.179168701172,-128.331954956055
904,144.008435260504,116,vehicle.mitsubishi.fusorosa,83.1921918867408,-38.0589714050293,136.179183959961,-128.331329345703
904,144.020759757608,116,vehicle.mitsubishi.fusorosa,85.4798733028349,-38.0589942932129,136.179183959961,-128.330780029297
904,144.034017160535,116,vehicle.mitsubishi.fusorosa,92.2392197392835,-38.0590209960938,136.17919921875,-128.330139160156
905,144.046671058983,116,vehicle.mitsubishi.fusorosa,86.9360173912182,-38.0590476989746,136.179229736328,-128.329238891602
905,144.059321060777,116,vehicle.mitsubishi.fusorosa,83.9053244713341,-38.0590744018555,136.179260253906,-128.328475952148
905,144.071827657521,116,vehicle.mitsubishi.fusorosa,86.36763531149,-38.0591049194336,136.179260253906,-128.327667236328
905,144.08537825942,116,vehicle.mitsubishi.fusorosa,91.5548516704695,-38.0591354370117,136.179275512695,-128.326919555664
905,144.097372960299,116,vehicle.mitsubishi.fusorosa,88.2490894461153,-38.0591621398926,136.179290771484,-128.325973510742
905,144.109341859818,116,vehicle.mitsubishi.fusorosa,82.3414811211387,-38.0591926574707,136.179306030273,-128.325454711914
905,144.12103195861,116,vehicle.mitsubishi.fusorosa,83.0996406179126,-38.0592193603516,136.179306030273,-128.324798583984
905,144.133327357471,116,vehicle.mitsubishi.fusorosa,84.8972423508263,-38.0592422485352,136.179321289062,-128.324264526367
905,144.146851059049,116,vehicle.mitsubishi.fusorosa,92.2927949895133,-38.0592613220215,136.179336547852,-128.323593139648
906,144.158681858331,116,vehicle.mitsubishi.fusorosa,88.7935239344848,-38.0592880249023,136.17936706543,-128.322830200195
906,144.171219158918,116,vehicle.mitsubishi.fusorosa,85.3563969929161,-38.0593185424805,136.179382324219,-128.322174072266
906,144.183630459011,116,vehicle.mitsubishi.fusorosa,85.4020871886743,-38.0593452453613,136.179382324219,-128.321487426758
906,144.195861458778,116,vehicle.mitsubishi.fusorosa,86.5440459211934,-38.0593757629395,136.179397583008,-128.320739746094
906,144.207801260054,116,vehicle.mitsubishi.fusorosa,83.8176071826917,-38.0594024658203,136.179412841797,-128.319976806641
906,144.220407057554,116,vehicle.mitsubishi.fusorosa,86.937639534525,-38.0594253540039,136.179428100586,-128.319412231445
906,144.232787758112,116,vehicle.mitsubishi.fusorosa,86.372416316428,-38.0594482421875,136.179428100586,-128.318664550781
906,144.245188158005,116,vehicle.mitsubishi.fusorosa,83.0757922129392,-38.0594749450684,136.179458618164,-128.317993164062
906,144.258458659053,116,vehicle.mitsubishi.fusorosa,89.6554410113489,-38.0595016479492,136.179473876953,-128.317230224609
907,144.271032057703,116,vehicle.mitsubishi.fusorosa,86.5285662864207,-38.0595283508301,136.179473876953,-128.316452026367
907,144.283309560269,116,vehicle.mitsubishi.fusorosa,82.2905399076546,-38.0595550537109,136.179504394531,-128.315689086914
907,144.295833960176,116,vehicle.mitsubishi.fusorosa,85.7633130393023,-38.0595855712891,136.17951965332,-128.314926147461
907,144.307766657323,116,vehicle.mitsubishi.fusorosa,84.3952674453119,-38.0596122741699,136.179534912109,-128.314224243164
907,144.321099758148,116,vehicle.mitsubishi.fusorosa,90.5322326043299,-38.0596389770508,136.179550170898,-128.313613891602
907,144.333744559437,116,vehicle.mitsubishi.fusorosa,87.2574844323879,-38.0596656799316,136.179550170898,-128.312728881836
907,144.346151258796,116,vehicle.mitsubishi.fusorosa,87.0073234161882,-38.0596961975098,136.179580688477,-128.311874389648
907,144.360645160079,116,vehicle.mitsubishi.fusorosa,97.0806350410791,-38.0597190856934,136.179580688477,-128.311279296875
908,144.373406659812,116,vehicle.mitsubishi.fusorosa,87.6887583146641,-38.0597496032715,136.179611206055,-128.310348510742
908,144.386548258364,116,vehicle.mitsubishi.fusorosa,86.402883240053,-38.0597877502441,136.179641723633,-128.309448242188
908,144.39973115921,116,vehicle.mitsubishi.fusorosa,90.2635750782958,-38.0598182678223,136.179641723633,-128.308654785156
908,144.412321958691,116,vehicle.mitsubishi.fusorosa,87.0869094627835,-38.0598487854004,136.179672241211,-128.307830810547
908,144.424934759736,116,vehicle.mitsubishi.fusorosa,84.5693858058913,-38.0598793029785,136.1796875,-128.307067871094
908,144.437655758113,116,vehicle.mitsubishi.fusorosa,85.4716907765675,-38.0599098205566,136.179702758789,-128.306274414062
908,144.449844960123,116,vehicle.mitsubishi.fusorosa,86.7130174650531,-38.0599403381348,136.179718017578,-128.305465698242
908,144.462083559483,116,vehicle.mitsubishi.fusorosa,84.8472532332937,-38.0599670410156,136.179733276367,-128.304702758789
908,144.475015759468,116,vehicle.mitsubishi.fusorosa,89.118301998919,-38.0599899291992,136.179733276367,-128.304107666016
909,144.48805275932,116,vehicle.mitsubishi.fusorosa,89.447151573576,-38.0600204467773,136.179748535156,-128.303405761719
909,144.503150857985,116,vehicle.mitsubishi.fusorosa,100.308587156344,-38.0600471496582,136.179779052734,-128.302474975586
909,144.515305258334,116,vehicle.mitsubishi.fusorosa,92.7806560116913,-38.0600814819336,136.179794311523,-128.301345825195
909,144.527673058212,116,vehicle.mitsubishi.fusorosa,81.921659650007,-38.060115814209,136.179824829102,-128.300704956055
909,144.539756558836,116,vehicle.mitsubishi.fusorosa,87.0774449774963,-38.0601463317871,136.179809570312,-128.300033569336
909,144.552107058465,116,vehicle.mitsubishi.fusorosa,85.2083013240246,-38.0601692199707,136.179840087891,-128.299346923828
909,144.564521558583,116,vehicle.mitsubishi.fusorosa,86.4473564054911,-38.0601959228516,136.179840087891,-128.298706054688
909,144.578879658133,116,vehicle.mitsubishi.fusorosa,96.5471915520264,-38.0602226257324,136.17985534668,-128.298049926758
910,144.59145816043,116,vehicle.mitsubishi.fusorosa,87.7179638629124,-38.0602493286133,136.179885864258,-128.297058105469
910,144.60363515839,116,vehicle.mitsubishi.fusorosa,86.6137879385476,-38.0602836608887,136.179901123047,-128.296249389648
910,144.61619155854,116,vehicle.mitsubishi.fusorosa,86.8743211032362,-38.0603103637695,136.179916381836,-128.295562744141
910,144.628508057445,116,vehicle.mitsubishi.fusorosa,85.9713615084046,-38.0603332519531,136.179916381836,-128.294937133789
910,144.640314359218,116,vehicle.mitsubishi.fusorosa,85.6089390652771,-38.0603637695312,136.179931640625,-128.294174194336
910,144.652972757816,116,vehicle.mitsubishi.fusorosa,84.4647445867594,-38.0603828430176,136.179962158203,-128.293518066406
910,144.665039759129,116,vehicle.mitsubishi.fusorosa,86.6056738107278,-38.0604133605957,136.179962158203,-128.292755126953
910,144.677530258894,116,vehicle.mitsubishi.fusorosa,87.9253353747267,-38.0604400634766,136.179977416992,-128.291961669922
911,144.691536858678,116,vehicle.mitsubishi.fusorosa,94.5187203201377,-38.0604667663574,136.179992675781,-128.291275024414
911,144.704642660916,116,vehicle.mitsubishi.fusorosa,89.1347234376553,-38.0604934692383,136.18000793457,-128.290374755859
911,144.717537358403,116,vehicle.mitsubishi.fusorosa,89.2025698640668,-38.0605278015137,136.180023193359,-128.289474487305
911,144.729617659003,116,vehicle.mitsubishi.fusorosa,87.0557810343013,-38.0605545043945,136.180038452148,-128.288711547852
911,144.742142859846,116,vehicle.mitsubishi.fusorosa,86.4076386467273,-38.0605850219727,136.180053710938,-128.288024902344
911,144.754256960005,116,vehicle.mitsubishi.fusorosa,86.1191973160101,-38.0606117248535,136.180053710938,-128.287246704102
911,144.766209658235,116,vehicle.mitsubishi.fusorosa,84.1169846713971,-38.0606346130371,136.180084228516,-128.286651611328
911,144.778861060739,116,vehicle.mitsubishi.fusorosa,87.3325014623969,-38.060661315918,136.180084228516,-128.285995483398
911,144.790780659765,116,vehicle.mitsubishi.fusorosa,87.2875924541638,-38.0606842041016,136.180099487305,-128.285293579102
911,144.803528860211,116,vehicle.mitsubishi.fusorosa,86.542695505264,-38.0606994628906,136.180114746094,-128.284744262695
912,144.816834460944,116,vehicle.mitsubishi.fusorosa,90.0592444657033,-38.0607223510742,136.180130004883,-128.28401184082
912,144.831109557301,116,vehicle.mitsubishi.fusorosa,93.9860015739469,-38.0607566833496,136.180160522461,-128.283294677734
912,144.844964757562,116,vehicle.mitsubishi.fusorosa,93.2674982889598,-38.060791015625,136.180160522461,-128.282272338867
912,144.857476759702,116,vehicle.mitsubishi.fusorosa,89.3956172536825,-38.0608291625977,136.18017578125,-128.281356811523
912,144.872382760048,116,vehicle.mitsubishi.fusorosa,99.941720481279,-38.0608558654785,136.180191040039,-128.280624389648
912,144.885260559618,116,vehicle.mitsubishi.fusorosa,89.219102413742,-38.0608901977539,136.180206298828,-128.279769897461
912,144.897960059345,116,vehicle.mitsubishi.fusorosa,86.393960606186,-38.0609245300293,136.180252075195,-128.279006958008
912,144.91193285957,116,vehicle.mitsubishi.fusorosa,94.905885128499,-38.0609550476074,136.180236816406,-128.278244018555
913,144.925764959306,116,vehicle.mitsubishi.fusorosa,93.5255700455876,-38.0609817504883,136.180267333984,-128.27751159668
913,144.939920857549,116,vehicle.mitsubishi.fusorosa,94.8544020635948,-38.0610160827637,136.180297851562,-128.276596069336
913,144.952446259558,116,vehicle.mitsubishi.fusorosa,97.4757226602441,-38.0610542297363,136.180313110352,-128.275726318359
913,144.965192258358,116,vehicle.mitsubishi.fusorosa,86.6151878892077,-38.0610809326172,136.18034362793,-128.275009155273
913,144.978180859238,116,vehicle.mitsubishi.fusorosa,90.2278929979653,-38.0611114501953,136.18034362793,-128.274322509766
913,144.992435459048,116,vehicle.mitsubishi.fusorosa,96.0592535889025,-38.0611419677734,136.180358886719,-128.273544311523
913,145.007308758795,116,vehicle.mitsubishi.fusorosa,99.1189845014327,-38.0611724853516,136.180374145508,-128.272583007812
913,145.025335259736,116,vehicle.mitsubishi.fusorosa,118.065249992574,-38.0612106323242,136.180404663086,-128.271575927734
914,145.042786158621,116,vehicle.mitsubishi.fusorosa,112.5476268151,-38.0612525939941,136.180419921875,-128.270263671875
914,145.05825445801,116,vehicle.mitsubishi.fusorosa,101.335125600304,-38.0613136291504,136.180480957031,-128.268981933594
914,145.072457160801,116,vehicle.mitsubishi.fusorosa,96.8245666042775,-38.0613746643066,136.180511474609,-128.268051147461
914,145.086455058306,116,vehicle.mitsubishi.fusorosa,95.083017099009,-38.061408996582,136.180526733398,-128.267135620117
914,145.099788557738,116,vehicle.mitsubishi.fusorosa,97.1054732398742,-38.0614547729492,136.180541992188,-128.266357421875
914,145.112671460956,116,vehicle.mitsubishi.fusorosa,96.985106198394,-38.0614814758301,136.180572509766,-128.265487670898
914,145.127625159919,116,vehicle.mitsubishi.fusorosa,101.761324592185,-38.0615119934082,136.180587768555,-128.264862060547
915,145.141871560365,116,vehicle.mitsubishi.fusorosa,98.3319237212152,-38.0615463256836,136.180587768555,-128.263900756836
915,145.155350059271,116,vehicle.mitsubishi.fusorosa,93.2545433294835,-38.0615768432617,136.180633544922,-128.262878417969
915,145.168715558946,116,vehicle.mitsubishi.fusorosa,94.5355759398725,-38.0616111755371,136.180648803711,-128.261947631836
915,145.181464660913,116,vehicle.mitsubishi.fusorosa,96.1926422680482,-38.0616455078125,136.1806640625,-128.26106262207
915,145.19463776052,116,vehicle.mitsubishi.fusorosa,91.1260186418421,-38.0616760253906,136.1806640625,-128.260223388672
915,145.207761660218,116,vehicle.mitsubishi.fusorosa,94.5361382875751,-38.0617065429688,136.180679321289,-128.259307861328
915,145.220713559538,116,vehicle.mitsubishi.fusorosa,92.02225886984,-38.0617370605469,136.180694580078,-128.258331298828
915,145.235963460058,116,vehicle.mitsubishi.fusorosa,102.800301742465,-38.0617637634277,136.180709838867,-128.257369995117
916,145.249392759055,116,vehicle.mitsubishi.fusorosa,93.4630857770717,-38.0617942810059,136.180725097656,-128.256362915039
916,145.263392258435,116,vehicle.mitsubishi.fusorosa,94.5000305687445,-38.0618324279785,136.180755615234,-128.255401611328
916,145.276551458985,116,vehicle.mitsubishi.fusorosa,94.390904008519,-38.0618629455566,136.180755615234,-128.254364013672
916,145.289492059499,116,vehicle.mitsubishi.fusorosa,91.5141167701307,-38.061897277832,136.180770874023,-128.253494262695
916,145.302363459021,116,vehicle.mitsubishi.fusorosa,91.4418534887662,-38.0619277954102,136.180786132812,-128.252700805664
916,145.315386157483,116,vehicle.mitsubishi.fusorosa,90.8948858118331,-38.061954498291,136.180801391602,-128.251892089844
916,145.328617557883,116,vehicle.mitsubishi.fusorosa,92.2611879765142,-38.0619812011719,136.180801391602,-128.251022338867
916,145.342805057764,116,vehicle.mitsubishi.fusorosa,96.3277984006633,-38.0620079040527,136.18083190918,-128.250213623047
917,145.355942357332,116,vehicle.mitsubishi.fusorosa,93.6916870803135,-38.0620384216309,136.180847167969,-128.249237060547
917,145.368905257434,116,vehicle.mitsubishi.fusorosa,92.0456031212636,-38.0620727539062,136.180862426758,-128.248260498047
917,145.38266305998,116,vehicle.mitsubishi.fusorosa,94.0907795315123,-38.0621032714844,136.180877685547,-128.247497558594
917,145.39583735913,116,vehicle.mitsubishi.fusorosa,92.3545322989589,-38.0621337890625,136.180892944336,-128.246520996094
917,145.408599060029,116,vehicle.mitsubishi.fusorosa,90.0844449484026,-38.0621643066406,136.180908203125,-128.245590209961
917,145.422025159001,116,vehicle.mitsubishi.fusorosa,93.2071284804399,-38.0621948242188,136.180908203125,-128.244857788086
917,145.434293158352,116,vehicle.mitsubishi.fusorosa,107.688940547057,-38.0622215270996,136.180923461914,-128.244049072266
917,145.448500860482,116,vehicle.mitsubishi.fusorosa,96.3775157031256,-38.0622444152832,136.180938720703,-128.243774414062
917,145.461472660303,116,vehicle.mitsubishi.fusorosa,90.2935976458586,-38.0622711181641,136.180938720703,-128.243179321289
918,145.474634557962,116,vehicle.mitsubishi.fusorosa,89.2777321457766,-38.0622978210449,136.180969238281,-128.242538452148
918,145.488016560674,116,vehicle.mitsubishi.fusorosa,91.7344346989231,-38.0623245239258,136.180969238281,-128.241836547852
918,145.501679159701,116,vehicle.mitsubishi.fusorosa,93.3433563039814,-38.0623512268066,136.180999755859,-128.241058349609
918,145.514092259109,116,vehicle.mitsubishi.fusorosa,99.8100291953584,-38.062385559082,136.181015014648,-128.240036010742
918,145.52768535912,116,vehicle.mitsubishi.fusorosa,91.2199031539104,-38.0624160766602,136.181045532227,-128.239501953125
918,145.540437359363,116,vehicle.mitsubishi.fusorosa,86.1889445230382,-38.0624504089355,136.181045532227,-128.238525390625
918,145.554237760603,116,vehicle.mitsubishi.fusorosa,93.2480017517777,-38.0624809265137,136.181060791016,-128.237777709961
918,145.56747565791,116,vehicle.mitsubishi.fusorosa,91.6886522267121,-38.0625076293945,136.181076049805,-128.236862182617
919,145.580041158944,116,vehicle.mitsubishi.fusorosa,87.9872691908623,-38.0625343322754,136.181106567383,-128.236053466797
919,145.593308757991,116,vehicle.mitsubishi.fusorosa,90.9562590297556,-38.0625648498535,136.181106567383,-128.235458374023
919,145.606955457479,116,vehicle.mitsubishi.fusorosa,91.4339085783453,-38.0625953674316,136.181137084961,-128.23454284668
919,145.619735658169,116,vehicle.mitsubishi.fusorosa,89.8184197973175,-38.0626220703125,136.18115234375,-128.233551025391
919,145.632148157805,116,vehicle.mitsubishi.fusorosa,89.8808544434097,-38.0626564025879,136.18115234375,-128.232803344727
919,145.64471115917,116,vehicle.mitsubishi.fusorosa,88.6425378369772,-38.0626792907715,136.181167602539,-128.232086181641
919,145.657953958958,116,vehicle.mitsubishi.fusorosa,90.8597985581707,-38.0627059936523,136.181182861328,-128.231414794922
919,145.672731559724,116,vehicle.mitsubishi.fusorosa,100.977101265336,-38.0627365112305,136.181198120117,-128.230438232422
920,145.685961358249,116,vehicle.mitsubishi.fusorosa,88.9518977843848,-38.0627670288086,136.181228637695,-128.229446411133
920,145.699262559414,116,vehicle.mitsubishi.fusorosa,88.1745305920336,-38.062801361084,136.181259155273,-128.228561401367
920,145.711604360491,116,vehicle.mitsubishi.fusorosa,95.4294282602384,-38.0628356933594,136.181259155273,-128.227569580078
920,145.724245160818,116,vehicle.mitsubishi.fusorosa,87.1902157768788,-38.0628662109375,136.181259155273,-128.227081298828
920,145.737631957978,116,vehicle.mitsubishi.fusorosa,92.1157007168737,-38.0628890991211,136.181289672852,-128.226303100586
920,145.750488258898,116,vehicle.mitsubishi.fusorosa,89.9498324166972,-38.0629196166992,136.181304931641,-128.225463867188
920,145.763415958732,116,vehicle.mitsubishi.fusorosa,90.4940959381783,-38.0629501342773,136.18132019043,-128.224548339844
920,145.776326458901,116,vehicle.mitsubishi.fusorosa,89.0614396911228,-38.0629768371582,136.181335449219,-128.223846435547
920,145.790710158646,116,vehicle.mitsubishi.fusorosa,96.700886936198,-38.0630035400391,136.181350708008,-128.223037719727
921,145.803850259632,116,vehicle.mitsubishi.fusorosa,90.3958851565824,-38.0630340576172,136.181365966797,-128.222045898438
921,145.818283159286,116,vehicle.mitsubishi.fusorosa,96.7269421653132,-38.0630683898926,136.181396484375,-128.221252441406
921,145.831487759948,116,vehicle.mitsubishi.fusorosa,90.7470448730155,-38.0630989074707,136.181396484375,-128.220260620117
921,145.845278158784,116,vehicle.mitsubishi.fusorosa,94.7586304738511,-38.0631370544434,136.181427001953,-128.21955871582
921,145.857968557626,116,vehicle.mitsubishi.fusorosa,94.6766394053965,-38.0631675720215,136.181427001953,-128.218627929688
921,145.87046726048,116,vehicle.mitsubishi.fusorosa,85.5772584933871,-38.0631942749023,136.181457519531,-128.217926025391
921,145.883335459977,116,vehicle.mitsubishi.fusorosa,89.1002481248882,-38.0632247924805,136.18147277832,-128.217315673828
921,145.89604216069,116,vehicle.mitsubishi.fusorosa,88.5733325106,-38.0632514953613,136.181488037109,-128.216415405273
922,145.910379357636,116,vehicle.mitsubishi.fusorosa,96.7273489693275,-38.0632781982422,136.181503295898,-128.215682983398
922,145.925845459104,116,vehicle.mitsubishi.fusorosa,102.693976833049,-38.0633087158203,136.181518554688,-128.21467590332
922,145.940127059817,116,vehicle.mitsubishi.fusorosa,97.1431091053001,-38.063346862793,136.181533813477,-128.21354675293
922,145.954498860985,116,vehicle.mitsubishi.fusorosa,95.5695465689745,-38.0633888244629,136.181564331055,-128.212600708008
922,145.968038357794,116,vehicle.mitsubishi.fusorosa,93.1680738590989,-38.0634231567383,136.181579589844,-128.211685180664
922,145.980568960309,116,vehicle.mitsubishi.fusorosa,99.6663589531491,-38.0634574890137,136.181610107422,-128.210876464844
922,145.993563558906,116,vehicle.mitsubishi.fusorosa,89.725955644499,-38.0634918212891,136.181625366211,-128.210327148438
922,146.007215160877,116,vehicle.mitsubishi.fusorosa,93.852782082969,-38.0635185241699,136.181625366211,-128.20964050293
923,146.020756758749,116,vehicle.mitsubishi.fusorosa,94.5351930723253,-38.0635528564453,136.181640625,-128.208740234375
923,146.035164859146,116,vehicle.mitsubishi.fusorosa,97.0149852052837,-38.0635795593262,136.181671142578,-128.207809448242
923,146.048285160214,116,vehicle.mitsubishi.fusorosa,92.5267310736666,-38.0636138916016,136.181686401367,-128.206893920898
923,146.060721758753,116,vehicle.mitsubishi.fusorosa,96.3027876024143,-38.063648223877,136.181701660156,-128.205993652344
923,146.074444558471,116,vehicle.mitsubishi.fusorosa,94.3662829585188,-38.0636787414551,136.181716918945,-128.205352783203
923,146.087123960257,116,vehicle.mitsubishi.fusorosa,90.9733009518855,-38.0637092590332,136.181732177734,-128.204498291016
923,146.099415060133,116,vehicle.mitsubishi.fusorosa,90.08601583672,-38.0637359619141,136.181747436523,-128.203704833984
923,146.113910760731,116,vehicle.mitsubishi.fusorosa,98.6935478918211,-38.0637626647949,136.181747436523,-128.203033447266
924,146.127331260592,116,vehicle.mitsubishi.fusorosa,91.7375952515819,-38.0637893676758,136.181777954102,-128.202087402344
924,146.140175458044,116,vehicle.mitsubishi.fusorosa,89.006746480367,-38.0638236999512,136.18180847168,-128.201202392578
924,146.153266157955,116,vehicle.mitsubishi.fusorosa,90.4525509284577,-38.0638580322266,136.18180847168,-128.200485229492
924,146.165814358741,116,vehicle.mitsubishi.fusorosa,89.5698040127096,-38.0638885498047,136.181823730469,-128.199508666992
924,146.178924158216,116,vehicle.mitsubishi.fusorosa,89.9794720874818,-38.0639152526855,136.181838989258,-128.198822021484
924,146.191642560065,116,vehicle.mitsubishi.fusorosa,88.7548078064031,-38.0639381408691,136.181854248047,-128.19792175293
924,146.203959558159,116,vehicle.mitsubishi.fusorosa,86.4516040722763,-38.0639686584473,136.181884765625,-128.197158813477
924,146.216999959201,116,vehicle.mitsubishi.fusorosa,89.7011636860724,-38.0639991760254,136.181884765625,-128.196365356445
924,146.230730358511,116,vehicle.mitsubishi.fusorosa,93.462379810234,-38.0640258789062,136.181884765625,-128.195587158203
925,146.247440960258,116,vehicle.mitsubishi.fusorosa,109.377425894809,-38.0640525817871,136.181915283203,-128.194671630859
925,146.263118460774,116,vehicle.mitsubishi.fusorosa,103.470395311504,-38.064094543457,136.181930541992,-128.193420410156
925,146.276315957308,116,vehicle.mitsubishi.fusorosa,89.7382542887922,-38.0641403198242,136.181976318359,-128.192367553711
925,146.288647759706,116,vehicle.mitsubishi.fusorosa,92.9760469346513,-38.0641784667969,136.182006835938,-128.191421508789
925,146.300473459065,116,vehicle.mitsubishi.fusorosa,82.9928336545643,-38.0642127990723,136.181991577148,-128.190979003906
925,146.312872659415,116,vehicle.mitsubishi.fusorosa,85.0448371312993,-38.0642356872559,136.182022094727,-128.190322875977
925,146.326716158539,116,vehicle.mitsubishi.fusorosa,94.6521379796023,-38.0642623901367,136.182022094727,-128.189559936523
926,146.340288858861,116,vehicle.mitsubishi.fusorosa,92.9476550821244,-38.0642890930176,136.182037353516,-128.188766479492
926,146.35497315973,116,vehicle.mitsubishi.fusorosa,97.8935646895546,-38.0643196105957,136.182067871094,-128.18782043457
926,146.367356158793,116,vehicle.mitsubishi.fusorosa,107.113861375166,-38.0643539428711,136.182083129883,-128.186798095703
926,146.37933395803,116,vehicle.mitsubishi.fusorosa,82.4961696519562,-38.064380645752,136.182098388672,-128.186538696289
926,146.392315659672,116,vehicle.mitsubishi.fusorosa,90.0742403262848,-38.064395904541,136.182098388672,-128.186172485352
926,146.405061259866,116,vehicle.mitsubishi.fusorosa,89.5922747709243,-38.0644226074219,136.182098388672,-128.185546875
926,146.417957659811,116,vehicle.mitsubishi.fusorosa,88.4106751036635,-38.0644416809082,136.18212890625,-128.184921264648
926,146.430534660816,116,vehicle.mitsubishi.fusorosa,87.7829060993045,-38.0644683837891,136.18212890625,-128.184219360352
926,146.444717258215,116,vehicle.mitsubishi.fusorosa,95.9493698653119,-38.0644950866699,136.182144165039,-128.183563232422
927,146.457883458585,116,vehicle.mitsubishi.fusorosa,90.4039069787183,-38.0645217895508,136.182159423828,-128.182510375977
927,146.472011659294,116,vehicle.mitsubishi.fusorosa,92.6048881600521,-38.0645561218262,136.182189941406,-128.181594848633
927,146.484889257699,116,vehicle.mitsubishi.fusorosa,88.7980673528073,-38.0645904541016,136.182205200195,-128.180603027344
927,146.497864358127,116,vehicle.mitsubishi.fusorosa,88.891604829118,-38.064624786377,136.182220458984,-128.179840087891
927,146.510819558054,116,vehicle.mitsubishi.fusorosa,90.066040715021,-38.0646514892578,136.182220458984,-128.179046630859
927,146.523956160992,116,vehicle.mitsubishi.fusorosa,88.3837071967259,-38.0646781921387,136.182250976562,-128.178253173828
927,146.537299457937,116,vehicle.mitsubishi.fusorosa,91.1824484596675,-38.0647087097168,136.182266235352,-128.177368164062
927,146.550900757313,116,vehicle.mitsubishi.fusorosa,92.5162632082078,-38.0647392272949,136.182281494141,-128.176467895508
928,146.564513258636,116,vehicle.mitsubishi.fusorosa,93.9109913954085,-38.0647735595703,136.18229675293,-128.175506591797
928,146.578253958374,116,vehicle.mitsubishi.fusorosa,93.0186688834345,-38.0648040771484,136.182327270508,-128.174560546875
928,146.591771159321,116,vehicle.mitsubishi.fusorosa,92.3276515080309,-38.0648384094238,136.182342529297,-128.173645019531
928,146.605297960341,116,vehicle.mitsubishi.fusorosa,93.7405360500101,-38.0648727416992,136.182357788086,-128.172637939453
928,146.618755359203,116,vehicle.mitsubishi.fusorosa,92.3470301120345,-38.0649070739746,136.182373046875,-128.171783447266
928,146.631543658674,116,vehicle.mitsubishi.fusorosa,90.4774608492936,-38.0649375915527,136.182403564453,-128.170806884766
928,146.64425946027,116,vehicle.mitsubishi.fusorosa,90.9965033044326,-38.0649681091309,136.182403564453,-128.170104980469
928,146.658819958568,116,vehicle.mitsubishi.fusorosa,98.2955682407053,-38.0649948120117,136.182418823242,-128.169387817383
929,146.672622360289,116,vehicle.mitsubishi.fusorosa,94.3382910877665,-38.0650253295898,136.182434082031,-128.168411254883
929,146.688243158162,116,vehicle.mitsubishi.fusorosa,104.884137923493,-38.0650634765625,136.182464599609,-128.167526245117
929,146.701173957437,116,vehicle.mitsubishi.fusorosa,94.7717358747022,-38.0650978088379,136.182479858398,-128.166458129883
929,146.71350895986,116,vehicle.mitsubishi.fusorosa,86.3493181941181,-38.0651321411133,136.182510375977,-128.165725708008
929,146.726031657308,116,vehicle.mitsubishi.fusorosa,88.4068855835747,-38.0651588439941,136.182510375977,-128.165023803711
929,146.738614760339,116,vehicle.mitsubishi.fusorosa,88.9638510547169,-38.065185546875,136.182525634766,-128.164367675781
929,146.751287259161,116,vehicle.mitsubishi.fusorosa,88.2039428804977,-38.0652122497559,136.182540893555,-128.163513183594
929,146.765998158604,116,vehicle.mitsubishi.fusorosa,101.227086212666,-38.065242767334,136.182556152344,-128.162811279297
930,146.77956565842,116,vehicle.mitsubishi.fusorosa,90.873673134633,-38.0652732849121,136.182571411133,-128.161712646484
930,146.792925558984,116,vehicle.mitsubishi.fusorosa,90.5309318692862,-38.0653076171875,136.182601928711,-128.160873413086
930,146.806385159492,116,vehicle.mitsubishi.fusorosa,89.9612661102797,-38.0653381347656,136.1826171875,-128.159973144531
930,146.81900125742,116,vehicle.mitsubishi.fusorosa,94.6292142935961,-38.0653762817383,136.1826171875,-128.159164428711
930,146.831528160721,116,vehicle.mitsubishi.fusorosa,86.5285919431463,-38.0654029846191,136.182647705078,-128.158309936523
930,146.844315160066,116,vehicle.mitsubishi.fusorosa,89.3237522338341,-38.0654296875,136.182647705078,-128.157608032227
930,146.856928758323,116,vehicle.mitsubishi.fusorosa,88.3982706257984,-38.0654563903809,136.182662963867,-128.156860351562
930,146.869526159018,116,vehicle.mitsubishi.fusorosa,89.5995222570058,-38.0654830932617,136.182678222656,-128.156066894531
930,146.882596559823,116,vehicle.mitsubishi.fusorosa,87.900035676411,-38.0655136108398,136.182708740234,-128.1552734375
931,146.896003458649,116,vehicle.mitsubishi.fusorosa,91.9327229312008,-38.0655403137207,136.182708740234,-128.154357910156
931,146.909349758178,116,vehicle.mitsubishi.fusorosa,89.3402505842854,-38.0655708312988,136.182723999023,-128.153457641602
931,146.922385860234,116,vehicle.mitsubishi.fusorosa,87.693788860002,-38.065601348877,136.182754516602,-128.152542114258
931,146.935172758996,116,vehicle.mitsubishi.fusorosa,88.9558138386121,-38.0656356811523,136.182754516602,-128.151657104492
931,146.94830435887,116,vehicle.mitsubishi.fusorosa,90.6228984865104,-38.0656661987305,136.182769775391,-128.150863647461
931,146.961358159781,116,vehicle.mitsubishi.fusorosa,90.2853826406258,-38.0656967163086,136.18278503418,-128.150039672852
931,146.974432758987,116,vehicle.mitsubishi.fusorosa,87.6540027027904,-38.0657234191895,136.182815551758,-128.149139404297
931,146.988085959107,116,vehicle.mitsubishi.fusorosa,91.2086130794629,-38.0657577514648,136.182830810547,-128.148254394531
932,147.001304358244,116,vehicle.mitsubishi.fusorosa,90.7684113736455,-38.065788269043,136.182846069336,-128.147277832031
932,147.014743860811,116,vehicle.mitsubishi.fusorosa,89.6064963246824,-38.0658226013184,136.182861328125,-128.146469116211
932,147.027957659215,116,vehicle.mitsubishi.fusorosa,90.8491631371096,-38.0658569335938,136.182876586914,-128.145477294922
932,147.041010860354,116,vehicle.mitsubishi.fusorosa,90.2120920133916,-38.0658912658691,136.182891845703,-128.14469909668
932,147.054046958685,116,vehicle.mitsubishi.fusorosa,89.6288901711821,-38.06591796875,136.182922363281,-128.143768310547
932,147.06703985855,116,vehicle.mitsubishi.fusorosa,90.1627148367543,-38.0659523010254,136.182922363281,-128.143112182617
932,147.080439660698,116,vehicle.mitsubishi.fusorosa,91.3328192634555,-38.0659790039062,136.182952880859,-128.142211914062
932,147.094058159739,116,vehicle.mitsubishi.fusorosa,92.3745996971109,-38.0660095214844,136.182968139648,-128.14128112793
933,147.107326157391,116,vehicle.mitsubishi.fusorosa,92.6427616120935,-38.0660438537598,136.182983398438,-128.140380859375
933,147.120882958174,116,vehicle.mitsubishi.fusorosa,92.0127499810342,-38.0660743713379,136.182998657227,-128.13948059082
933,147.133403159678,116,vehicle.mitsubishi.fusorosa,96.3937098180032,-38.0661087036133,136.183013916016,-128.138595581055
933,147.146197158843,116,vehicle.mitsubishi.fusorosa,87.9671505377211,-38.0661354064941,136.183029174805,-128.138122558594
933,147.159374158829,116,vehicle.mitsubishi.fusorosa,90.7974151670678,-38.066162109375,136.183044433594,-128.13737487793
933,147.17165305838,116,vehicle.mitsubishi.fusorosa,94.8906174820781,-38.0661964416504,136.183059692383,-128.13639831543
933,147.183809958398,116,vehicle.mitsubishi.fusorosa,86.3673020079046,-38.0662269592285,136.183074951172,-128.135925292969
933,147.197446659207,116,vehicle.mitsubishi.fusorosa,93.5104732783621,-38.0662536621094,136.183090209961,-128.135192871094
934,147.211054157466,116,vehicle.mitsubishi.fusorosa,92.7451192122925,-38.0662803649902,136.18310546875,-128.13427734375
934,147.224607560784,116,vehicle.mitsubishi.fusorosa,89.1659117513179,-38.0663108825684,136.183135986328,-128.133255004883
934,147.23754986003,116,vehicle.mitsubishi.fusorosa,89.4784167989535,-38.066349029541,136.183135986328,-128.132369995117
934,147.250485159457,116,vehicle.mitsubishi.fusorosa,89.0591132720058,-38.0663795471191,136.183166503906,-128.131530761719
934,147.263596758246,116,vehicle.mitsubishi.fusorosa,89.6741991319588,-38.0664100646973,136.183166503906,-128.130737304688
934,147.276103857905,116,vehicle.mitsubishi.fusorosa,90.1796131689801,-38.0664405822754,136.183197021484,-128.129867553711
934,147.289019759744,116,vehicle.mitsubishi.fusorosa,89.1226180349208,-38.0664710998535,136.183197021484,-128.129196166992
934,147.302042260766,116,vehicle.mitsubishi.fusorosa,89.8091159576999,-38.0664978027344,136.183212280273,-128.128494262695
934,147.315815657377,116,vehicle.mitsubishi.fusorosa,91.415017101357,-38.0665245056152,136.183242797852,-128.127624511719
935,147.33003455773,116,vehicle.mitsubishi.fusorosa,95.5907438522058,-38.0665588378906,136.183242797852,-128.12663269043
935,147.342878259718,116,vehicle.mitsubishi.fusorosa,90.9434220034578,-38.066593170166,136.18327331543,-128.125701904297
935,147.35548665747,116,vehicle.mitsubishi.fusorosa,89.5989172260431,-38.0666275024414,136.183288574219,-128.125
935,147.368167757988,116,vehicle.mitsubishi.fusorosa,88.5770024357137,-38.0666542053223,136.183303833008,-128.124145507812
935,147.380707960576,116,vehicle.mitsubishi.fusorosa,87.8137354526561,-38.0666770935059,136.183303833008,-128.123565673828
935,147.392871960998,116,vehicle.mitsubishi.fusorosa,87.690144591614,-38.0667037963867,136.183334350586,-128.122833251953
935,147.404972258955,116,vehicle.mitsubishi.fusorosa,86.2102170269569,-38.0667304992676,136.183349609375,-128.122207641602
935,147.41759165749,116,vehicle.mitsubishi.fusorosa,87.922754254767,-38.0667533874512,136.183349609375,-128.121536254883
935,147.431151460856,116,vehicle.mitsubishi.fusorosa,92.3538519888468,-38.066780090332,136.183364868164,-128.120834350586
936,147.444136559963,116,vehicle.mitsubishi.fusorosa,88.7855790240638,-38.0668029785156,136.183380126953,-128.119888305664
936,147.458423357457,116,vehicle.mitsubishi.fusorosa,96.2033204600623,-38.066837310791,136.183410644531,-128.119140625
936,147.470574960113,116,vehicle.mitsubishi.fusorosa,104.840765633584,-38.0668716430664,136.183410644531,-128.118057250977
936,147.483552660793,116,vehicle.mitsubishi.fusorosa,88.1235552085567,-38.0669021606445,136.183441162109,-128.117767333984
936,147.496637959033,116,vehicle.mitsubishi.fusorosa,90.2352242764634,-38.0669288635254,136.18342590332,-128.117248535156
936,147.509485960007,116,vehicle.mitsubishi.fusorosa,88.2071700821147,-38.066951751709,136.183456420898,-128.116577148438
936,147.522145260125,116,vehicle.mitsubishi.fusorosa,87.1087341101099,-38.0669822692871,136.183471679688,-128.11589050293
936,147.53580885753,116,vehicle.mitsubishi.fusorosa,92.5190665208141,-38.067008972168,136.183486938477,-128.115112304688
937,147.549595758319,116,vehicle.mitsubishi.fusorosa,92.9054758276069,-38.0670394897461,136.183502197266,-128.114227294922
937,147.569760560989,116,vehicle.mitsubishi.fusorosa,89.1455400298994,-38.0670738220215,136.183532714844,-128.113388061523
937,147.582535259426,116,vehicle.mitsubishi.fusorosa,88.8128341400406,-38.0671272277832,136.183547973633,-128.112075805664
937,147.595601160079,116,vehicle.mitsubishi.fusorosa,91.3054478468658,-38.0671615600586,136.183578491211,-128.111267089844
937,147.608882758766,116,vehicle.mitsubishi.fusorosa,88.6664700343671,-38.0671882629395,136.18359375,-128.1103515625
937,147.621191058308,116,vehicle.mitsubishi.fusorosa,93.1901788347629,-38.0672225952148,136.18359375,-128.109466552734
937,147.634037457407,116,vehicle.mitsubishi.fusorosa,88.2606171656402,-38.0672492980957,136.183624267578,-128.108871459961
937,147.648028358817,116,vehicle.mitsubishi.fusorosa,95.2409874684879,-38.0672760009766,136.183624267578,-128.108047485352
938,147.66163386032,116,vehicle.mitsubishi.fusorosa,92.4787128262259,-38.067310333252,136.183654785156,-128.107131958008
938,147.675305858254,116,vehicle.mitsubishi.fusorosa,94.1100384820788,-38.0673446655273,136.183670043945,-128.106170654297
938,147.688251059502,116,vehicle.mitsubishi.fusorosa,89.7108641254094,-38.0673713684082,136.183685302734,-128.10530090332
938,147.701003558934,116,vehicle.mitsubishi.fusorosa,86.1073192371343,-38.0674057006836,136.183715820312,-128.104537963867
938,147.713005058467,116,vehicle.mitsubishi.fusorosa,94.9700958290207,-38.0674362182617,136.183715820312,-128.103668212891
938,147.725567959249,116,vehicle.mitsubishi.fusorosa,86.7825852211568,-38.0674591064453,136.183731079102,-128.103225708008
938,147.738273561001,116,vehicle.mitsubishi.fusorosa,87.7690161581042,-38.0674896240234,136.183746337891,-128.10237121582
938,147.751852057874,116,vehicle.mitsubishi.fusorosa,90.013769611121,-38.0675163269043,136.183776855469,-128.101531982422
939,147.765295960009,116,vehicle.mitsubishi.fusorosa,89.6041613338363,-38.0675468444824,136.183792114258,-128.100570678711
939,147.778337560594,116,vehicle.mitsubishi.fusorosa,89.6333155978643,-38.0675849914551,136.183792114258,-128.099639892578
939,147.791611660272,116,vehicle.mitsubishi.fusorosa,90.6049317869514,-38.0676116943359,136.183822631836,-128.098846435547
939,147.803883560002,116,vehicle.mitsubishi.fusorosa,92.4285988948132,-38.0676422119141,136.183837890625,-128.098007202148
939,147.816430859268,116,vehicle.mitsubishi.fusorosa,86.6153742208338,-38.0676727294922,136.183837890625,-128.09733581543
939,147.82938785851,116,vehicle.mitsubishi.fusorosa,89.3202686403466,-38.0676956176758,136.183853149414,-128.096694946289
939,147.841757960618,116,vehicle.mitsubishi.fusorosa,88.0129517859561,-38.0677223205566,136.183868408203,-128.095901489258
939,147.854788661003,116,vehicle.mitsubishi.fusorosa,91.2012646867374,-38.0677528381348,136.183898925781,-128.095123291016
939,147.868485659361,116,vehicle.mitsubishi.fusorosa,92.982944061382,-38.0677833557129,136.183898925781,-128.094268798828
940,147.881081659347,116,vehicle.mitsubishi.fusorosa,88.9295279035831,-38.0678100585938,136.183929443359,-128.093338012695
940,147.893228858709,116,vehicle.mitsubishi.fusorosa,88.2667177108769,-38.0678443908691,136.183944702148,-128.092498779297
940,147.905126858503,116,vehicle.mitsubishi.fusorosa,84.7925326747847,-38.06787109375,136.183944702148,-128.091888427734
940,147.916748959571,116,vehicle.mitsubishi.fusorosa,84.1716437121601,-38.0678977966309,136.183959960938,-128.091125488281
940,147.928703658283,116,vehicle.mitsubishi.fusorosa,84.5334934574677,-38.0679206848145,136.183959960938,-128.090606689453
940,147.940274160355,116,vehicle.mitsubishi.fusorosa,85.2696814226488,-38.0679397583008,136.183975219727,-128.089904785156
940,147.952298957855,116,vehicle.mitsubishi.fusorosa,83.3197278407911,-38.0679588317871,136.183990478516,-128.089279174805
940,147.964565057307,116,vehicle.mitsubishi.fusorosa,84.664198477444,-38.0679817199707,136.184005737305,-128.088562011719
940,147.977882660925,116,vehicle.mitsubishi.fusorosa,90.228139127079,-38.0680046081543,136.184005737305,-128.087890625
941,147.990972660482,116,vehicle.mitsubishi.fusorosa,89.1557515327188,-38.0680351257324,136.184036254883,-128.087051391602
941,148.003305058926,116,vehicle.mitsubishi.fusorosa,87.5337467722489,-38.0680656433105,136.184051513672,-128.086059570312
941,148.015213258564,116,vehicle.mitsubishi.fusorosa,84.1883813694853,-38.0680923461914,136.184066772461,-128.08544921875
941,148.026669558138,116,vehicle.mitsubishi.fusorosa,86.3219024032407,-38.068115234375,136.184066772461,-128.084838867188
941,148.038479559124,116,vehicle.mitsubishi.fusorosa,81.5239517262685,-38.0681381225586,136.18408203125,-128.084213256836
941,148.0506750606,116,vehicle.mitsubishi.fusorosa,84.1298456633931,-38.0681610107422,136.18408203125,-128.083526611328
941,148.061938658357,116,vehicle.mitsubishi.fusorosa,88.9057922128832,-38.0681838989258,136.184112548828,-128.082916259766
941,148.073434557766,116,vehicle.mitsubishi.fusorosa,79.1759928365694,-38.0682106018066,136.184112548828,-128.082397460938
941,148.086579058319,116,vehicle.mitsubishi.fusorosa,90.2166028942869,-38.0682373046875,136.184112548828,-128.081771850586
942,148.099840257317,116,vehicle.mitsubishi.fusorosa,89.4995440511715,-38.0682601928711,136.184143066406,-128.080978393555
942,148.113611258566,116,vehicle.mitsubishi.fusorosa,90.2928608618521,-38.0682907104492,136.184173583984,-128.080184936523
942,148.125570259988,116,vehicle.mitsubishi.fusorosa,85.6276886141579,-38.0683250427246,136.184173583984,-128.079223632812
942,148.136862758547,116,vehicle.mitsubishi.fusorosa,78.7784045370371,-38.0683555603027,136.184204101562,-128.07861328125
942,148.148833058774,116,vehicle.mitsubishi.fusorosa,83.3370842904824,-38.0683860778809,136.184204101562,-128.077926635742
942,148.160456258804,116,vehicle.mitsubishi.fusorosa,83.0426416009138,-38.0684089660645,136.184204101562,-128.077362060547
942,148.173572059721,116,vehicle.mitsubishi.fusorosa,88.7791143580729,-38.0684242248535,136.184219360352,-128.076843261719
942,148.186766058207,116,vehicle.mitsubishi.fusorosa,89.3230565297531,-38.0684471130371,136.184234619141,-128.076110839844
943,148.199535157531,116,vehicle.mitsubishi.fusorosa,86.8325743094585,-38.068473815918,136.184265136719,-128.075332641602
943,148.211934357882,116,vehicle.mitsubishi.fusorosa,84.8309257620378,-38.0685043334961,136.184280395508,-128.074478149414
943,148.223767060786,116,vehicle.mitsubishi.fusorosa,85.8313543690691,-38.0685386657715,136.184295654297,-128.073776245117
943,148.235923860222,116,vehicle.mitsubishi.fusorosa,83.7124548708464,-38.0685615539551,136.184310913086,-128.07307434082
943,148.248033858836,116,vehicle.mitsubishi.fusorosa,83.5780798965255,-38.0685844421387,136.184310913086,-128.072463989258
943,148.259925760329,116,vehicle.mitsubishi.fusorosa,83.0002333022791,-38.0686073303223,136.184326171875,-128.071853637695
943,148.271995957941,116,vehicle.mitsubishi.fusorosa,83.4278082791228,-38.0686302185059,136.184341430664,-128.071197509766
943,148.284176457673,116,vehicle.mitsubishi.fusorosa,83.9159102699715,-38.0686531066895,136.184356689453,-128.070648193359
943,148.297178458422,116,vehicle.mitsubishi.fusorosa,88.3183700224108,-38.0686798095703,136.184371948242,-128.069885253906
944,148.309018857777,116,vehicle.mitsubishi.fusorosa,85.5700212116005,-38.0687065124512,136.184387207031,-128.068939208984
944,148.321596559137,116,vehicle.mitsubishi.fusorosa,86.2579976877821,-38.068733215332,136.18440246582,-128.068389892578
944,148.333525158465,116,vehicle.mitsubishi.fusorosa,84.3802390765341,-38.0687599182129,136.184417724609,-128.067672729492
944,148.345217958093,116,vehicle.mitsubishi.fusorosa,82.0876382845029,-38.0687828063965,136.184432983398,-128.067016601562
944,148.356845758855,116,vehicle.mitsubishi.fusorosa,81.4011813831874,-38.0688095092773,136.184432983398,-128.066345214844
944,148.369375057518,116,vehicle.mitsubishi.fusorosa,86.0466263293239,-38.0688323974609,136.184448242188,-128.06575012207
944,148.381145160645,116,vehicle.mitsubishi.fusorosa,83.4403324688868,-38.0688514709473,136.184463500977,-128.065078735352
944,148.392477057874,116,vehicle.mitsubishi.fusorosa,81.3711400396007,-38.0688743591309,136.184463500977,-128.064514160156
945,148.405427660793,116,vehicle.mitsubishi.fusorosa,88.5641226969248,-38.0688972473145,136.184478759766,-128.063995361328
945,148.417939860374,116,vehicle.mitsubishi.fusorosa,86.3142138554591,-38.0689163208008,136.184494018555,-128.063278198242
945,148.430023360997,116,vehicle.mitsubishi.fusorosa,82.753008955064,-38.0689430236816,136.184524536133,-128.062545776367
945,148.442384257913,116,vehicle.mitsubishi.fusorosa,84.8476685798061,-38.0689697265625,136.184524536133,-128.061889648438
945,148.454319059849,116,vehicle.mitsubishi.fusorosa,83.4554462918778,-38.0689964294434,136.184524536133,-128.06120300293
945,148.46654625982,116,vehicle.mitsubishi.fusorosa,83.4362198495075,-38.0690155029297,136.184555053711,-128.060592651367
945,148.478866759688,116,vehicle.mitsubishi.fusorosa,84.8933176956389,-38.0690422058105,136.184555053711,-128.059951782227
945,148.49051745981,116,vehicle.mitsubishi.fusorosa,82.7943745430912,-38.0690650939941,136.1845703125,-128.059280395508
945,148.502107158303,116,vehicle.mitsubishi.fusorosa,81.3131683722386,-38.069091796875,136.184585571289,-128.058746337891
945,148.51468975842,116,vehicle.mitsubishi.fusorosa,85.9733596970187,-38.0691108703613,136.184600830078,-128.058090209961
946,148.527463659644,116,vehicle.mitsubishi.fusorosa,86.9416154154708,-38.0691337585449,136.184600830078,-128.057464599609
946,148.540037158877,116,vehicle.mitsubishi.fusorosa,87.4997791409091,-38.069164276123,136.184631347656,-128.056671142578
946,148.552629560232,116,vehicle.mitsubishi.fusorosa,86.1956741233977,-38.0691871643066,136.184631347656,-128.055908203125
946,148.564524758607,116,vehicle.mitsubishi.fusorosa,80.7424616810124,-38.0692100524902,136.184661865234,-128.055206298828
946,148.576443661004,116,vehicle.mitsubishi.fusorosa,82.60648417449,-38.0692405700684,136.184677124023,-128.054580688477
946,148.588410258293,116,vehicle.mitsubishi.fusorosa,82.9362345901091,-38.069263458252,136.184677124023,-128.053909301758
946,148.600027058274,116,vehicle.mitsubishi.fusorosa,81.4499295339329,-38.0692863464355,136.184692382812,-128.053283691406
946,148.612191557884,116,vehicle.mitsubishi.fusorosa,83.2605972787999,-38.0693092346191,136.184707641602,-128.052688598633
946,148.624747458845,116,vehicle.mitsubishi.fusorosa,86.1597031430005,-38.0693321228027,136.184707641602,-128.052032470703
947,148.636942159384,116,vehicle.mitsubishi.fusorosa,84.2058916426065,-38.0693588256836,136.18473815918,-128.051391601562
947,148.649358160794,116,vehicle.mitsubishi.fusorosa,85.0513872807342,-38.0693855285645,136.184753417969,-128.050674438477
947,148.663972757757,116,vehicle.mitsubishi.fusorosa,95.1629979084738,-38.0694046020508,136.184768676758,-128.049896240234
947,148.676462758332,116,vehicle.mitsubishi.fusorosa,85.3776695260657,-38.0694389343262,136.184783935547,-128.04899597168
947,148.688699059188,116,vehicle.mitsubishi.fusorosa,83.3121999971411,-38.0694694519043,136.184814453125,-128.048370361328
947,148.700691159815,116,vehicle.mitsubishi.fusorosa,83.6773436514858,-38.0694999694824,136.184814453125,-128.047576904297
947,148.712478257716,116,vehicle.mitsubishi.fusorosa,82.4386030975807,-38.0695266723633,136.184814453125,-128.047012329102
947,148.724941860884,116,vehicle.mitsubishi.fusorosa,85.5210679532048,-38.0695457458496,136.184829711914,-128.046417236328
947,148.737721160054,116,vehicle.mitsubishi.fusorosa,87.7439711606314,-38.0695686340332,136.184844970703,-128.045822143555
948,148.750933360308,116,vehicle.mitsubishi.fusorosa,89.3102280459535,-38.0695915222168,136.184875488281,-128.04508972168
948,148.763795860112,116,vehicle.mitsubishi.fusorosa,89.0887033495978,-38.0696220397949,136.184875488281,-128.044189453125
948,148.776812560856,116,vehicle.mitsubishi.fusorosa,89.8272125149908,-38.0696563720703,136.184906005859,-128.043472290039
948,148.789970558137,116,vehicle.mitsubishi.fusorosa,89.045835213239,-38.0696830749512,136.184921264648,-128.042602539062
948,148.802205357701,116,vehicle.mitsubishi.fusorosa,86.2331390219354,-38.0697174072266,136.184936523438,-128.041809082031
948,148.814531959593,116,vehicle.mitsubishi.fusorosa,86.8430490848499,-38.0697479248047,136.184951782227,-128.041046142578
948,148.827232960612,116,vehicle.mitsubishi.fusorosa,87.3690159852418,-38.0697746276855,136.184951782227,-128.040283203125
948,148.839929159731,116,vehicle.mitsubishi.fusorosa,86.9326876211606,-38.0697975158691,136.184982299805,-128.039611816406
948,148.854110557586,116,vehicle.mitsubishi.fusorosa,96.456170179283,-38.0698318481445,136.184997558594,-128.038818359375
949,148.866963557899,116,vehicle.mitsubishi.fusorosa,88.1982149400514,-38.0698585510254,136.185012817383,-128.03791809082
949,148.880708958954,116,vehicle.mitsubishi.fusorosa,91.5267828880022,-38.0698852539062,136.185043334961,-128.037246704102
949,148.894330058247,116,vehicle.mitsubishi.fusorosa,92.5701598374695,-38.0699195861816,136.185043334961,-128.036468505859
949,148.907289858907,116,vehicle.mitsubishi.fusorosa,86.7726882458988,-38.069953918457,136.185073852539,-128.035537719727
949,148.91987266019,116,vehicle.mitsubishi.fusorosa,87.28600448085,-38.0699882507324,136.185089111328,-128.034759521484
949,148.932504560798,116,vehicle.mitsubishi.fusorosa,87.458671606549,-38.0700187683105,136.185089111328,-128.033889770508
949,148.945360757411,116,vehicle.mitsubishi.fusorosa,87.8582632551386,-38.0700416564941,136.185119628906,-128.033233642578
949,148.958492457867,116,vehicle.mitsubishi.fusorosa,89.6253142427799,-38.0700721740723,136.185134887695,-128.032485961914
950,148.971739258617,116,vehicle.mitsubishi.fusorosa,88.2587984279505,-38.0700988769531,136.185150146484,-128.031692504883
950,148.985129158944,116,vehicle.mitsubishi.fusorosa,88.8341921274034,-38.0701293945312,136.185165405273,-128.030807495117
950,148.998849060386,116,vehicle.mitsubishi.fusorosa,92.6195780355704,-38.0701637268066,136.185180664062,-128.029861450195
950,149.011936258525,116,vehicle.mitsubishi.fusorosa,90.0445921130019,-38.070198059082,136.185195922852,-128.029022216797
950,149.024190060794,116,vehicle.mitsubishi.fusorosa,87.6094834428061,-38.0702285766602,136.18522644043,-128.028106689453
950,149.037020359188,116,vehicle.mitsubishi.fusorosa,86.1523633220042,-38.0702629089355,136.185241699219,-128.027404785156
950,149.049623060971,116,vehicle.mitsubishi.fusorosa,88.7875413224265,-38.0702934265137,136.185241699219,-128.026550292969
950,149.062543559819,116,vehicle.mitsubishi.fusorosa,88.6190312196255,-38.0703201293945,136.185256958008,-128.025817871094
951,149.076011158526,116,vehicle.mitsubishi.fusorosa,93.3643997345518,-38.0703506469727,136.185287475586,-128.025009155273
951,149.089507460594,116,vehicle.mitsubishi.fusorosa,91.6751092920385,-38.0703811645508,136.185302734375,-128.02409362793
951,149.102768458426,116,vehicle.mitsubishi.fusorosa,90.3267071779584,-38.0704154968262,136.185317993164,-128.023101806641
951,149.115484960377,116,vehicle.mitsubishi.fusorosa,90.4251692783422,-38.0704498291016,136.185333251953,-128.02214050293
951,149.128401059657,116,vehicle.mitsubishi.fusorosa,90.7438945538825,-38.070484161377,136.185348510742,-128.021377563477
951,149.140534758568,116,vehicle.mitsubishi.fusorosa,90.9084202332395,-38.0705108642578,136.185363769531,-128.020538330078
951,149.153247658163,116,vehicle.mitsubishi.fusorosa,84.842902968837,-38.0705375671387,136.185394287109,-128.019882202148
951,149.165879059583,116,vehicle.mitsubishi.fusorosa,88.1535469004889,-38.0705680847168,136.185394287109,-128.019104003906
951,149.17950925976,116,vehicle.mitsubishi.fusorosa,93.7555490248191,-38.0705986022949,136.185409545898,-128.018218994141
952,149.192821059376,116,vehicle.mitsubishi.fusorosa,90.7548119650777,-38.0706253051758,136.185409545898,-128.01741027832
952,149.205624658614,116,vehicle.mitsubishi.fusorosa,87.4314404562702,-38.0706520080566,136.185440063477,-128.016448974609
952,149.218274060637,116,vehicle.mitsubishi.fusorosa,87.866503917097,-38.070686340332,136.185455322266,-128.015853881836
952,149.230980060995,116,vehicle.mitsubishi.fusorosa,85.808186186515,-38.0707130432129,136.185470581055,-128.014984130859
952,149.24312645942,116,vehicle.mitsubishi.fusorosa,88.6047754666435,-38.0707473754883,136.185470581055,-128.014144897461
952,149.256497658789,116,vehicle.mitsubishi.fusorosa,91.1375207046413,-38.0707702636719,136.185501098633,-128.013519287109
952,149.269209757447,116,vehicle.mitsubishi.fusorosa,88.1405390242266,-38.0707931518555,136.185501098633,-128.012634277344
952,149.282468959689,116,vehicle.mitsubishi.fusorosa,91.7800137837425,-38.0708274841309,136.185531616211,-128.011978149414
953,149.296189460903,116,vehicle.mitsubishi.fusorosa,93.3521763694079,-38.070858001709,136.185531616211,-128.011047363281
953,149.309359360486,116,vehicle.mitsubishi.fusorosa,89.8097877253137,-38.0708885192871,136.185546875,-128.010162353516
953,149.323051258922,116,vehicle.mitsubishi.fusorosa,92.1661923553904,-38.0709190368652,136.185577392578,-128.009353637695
953,149.335732057691,116,vehicle.mitsubishi.fusorosa,89.5235361045108,-38.0709495544434,136.185592651367,-128.008453369141
953,149.348682459444,116,vehicle.mitsubishi.fusorosa,86.546637216217,-38.0709838867188,136.185623168945,-128.007675170898
953,149.361108157784,116,vehicle.mitsubishi.fusorosa,86.1086525096052,-38.0710144042969,136.185638427734,-128.006866455078
953,149.373513057828,116,vehicle.mitsubishi.fusorosa,86.8055670428538,-38.071044921875,136.185638427734,-128.006118774414
953,149.386559359729,116,vehicle.mitsubishi.fusorosa,89.4539307671282,-38.0710678100586,136.185653686523,-128.005447387695
953,149.400325760245,116,vehicle.mitsubishi.fusorosa,93.0976463711895,-38.0710945129395,136.185668945312,-128.004653930664
954,149.414535157382,116,vehicle.mitsubishi.fusorosa,97.0404643252929,-38.0711288452148,136.185684204102,-128.003707885742
954,149.428235057741,116,vehicle.mitsubishi.fusorosa,92.5084978071732,-38.0711631774902,136.18571472168,-128.002716064453
954,149.440712459385,116,vehicle.mitsubishi.fusorosa,95.6474847863065,-38.0712013244629,136.185729980469,-128.00178527832
954,149.453795660287,116,vehicle.mitsubishi.fusorosa,89.5355936050802,-38.0712280273438,136.185745239258,-128.001235961914
954,149.466840859503,116,vehicle.mitsubishi.fusorosa,90.5523513451641,-38.0712585449219,136.185745239258,-128.000457763672
954,149.479439359158,116,vehicle.mitsubishi.fusorosa,86.6495948619891,-38.0712890625,136.185775756836,-127.99967956543
954,149.491961259395,116,vehicle.mitsubishi.fusorosa,87.3930661742721,-38.0713195800781,136.185791015625,-127.998886108398
954,149.506414558738,116,vehicle.mitsubishi.fusorosa,97.2819026256015,-38.0713424682617,136.185791015625,-127.998176574707
955,149.520019259304,116,vehicle.mitsubishi.fusorosa,92.5982217684662,-38.0713768005371,136.185821533203,-127.997215270996
955,149.533893059939,116,vehicle.mitsubishi.fusorosa,92.7568246624835,-38.0714111328125,136.185852050781,-127.996292114258
955,149.547271858901,116,vehicle.mitsubishi.fusorosa,90.9206949118346,-38.0714416503906,136.185852050781,-127.995376586914
955,149.560173258185,116,vehicle.mitsubishi.fusorosa,90.4517697409326,-38.0714797973633,136.185882568359,-127.994445800781
955,149.572715960443,116,vehicle.mitsubishi.fusorosa,88.5160462845622,-38.0715065002441,136.185882568359,-127.993774414062
955,149.585660457611,116,vehicle.mitsubishi.fusorosa,89.7190141142496,-38.071533203125,136.185897827148,-127.993110656738
955,149.59880656004,116,vehicle.mitsubishi.fusorosa,90.8995334603928,-38.0715599060059,136.185897827148,-127.992393493652
955,149.613992158324,116,vehicle.mitsubishi.fusorosa,101.103515906036,-38.0715827941895,136.185928344727,-127.991683959961
956,149.626910559833,116,vehicle.mitsubishi.fusorosa,92.5116241021463,-38.0716209411621,136.185943603516,-127.990608215332
956,149.640503458679,116,vehicle.mitsubishi.fusorosa,91.5612154590473,-38.0716552734375,136.185974121094,-127.989761352539
956,149.652925658971,116,vehicle.mitsubishi.fusorosa,98.5999591020592,-38.0716857910156,136.185989379883,-127.988899230957
956,149.665914457291,116,vehicle.mitsubishi.fusorosa,89.1116013788784,-38.0717163085938,136.186004638672,-127.988418579102
956,149.679803058505,116,vehicle.mitsubishi.fusorosa,94.7016399993506,-38.0717430114746,136.186004638672,-127.987670898438
956,149.692572757602,116,vehicle.mitsubishi.fusorosa,90.8834008632613,-38.07177734375,136.18603515625,-127.986770629883
956,149.70546175912,116,vehicle.mitsubishi.fusorosa,86.5448185077583,-38.0718078613281,136.186065673828,-127.986030578613
956,149.720505658537,116,vehicle.mitsubishi.fusorosa,100.925134455472,-38.0718383789062,136.186065673828,-127.985145568848
957,149.733846560121,116,vehicle.mitsubishi.fusorosa,90.7396024543477,-38.0718688964844,136.186080932617,-127.984130859375
957,149.747285258025,116,vehicle.mitsubishi.fusorosa,90.2994947452417,-38.0719032287598,136.186111450195,-127.983406066895
957,149.759677860886,116,vehicle.mitsubishi.fusorosa,96.0662874832976,-38.0719375610352,136.186126708984,-127.982521057129
957,149.772848557681,116,vehicle.mitsubishi.fusorosa,90.2333628555137,-38.0719680786133,136.186141967773,-127.981895446777
957,149.785404458642,116,vehicle.mitsubishi.fusorosa,89.1524986451452,-38.0719985961914,136.186141967773,-127.981033325195
957,149.798212457448,116,vehicle.mitsubishi.fusorosa,88.9152225866394,-38.0720291137695,136.186157226562,-127.980331420898
957,149.810956560075,116,vehicle.mitsubishi.fusorosa,88.4623274444284,-38.0720520019531,136.186172485352,-127.979568481445
957,149.82361375913,116,vehicle.mitsubishi.fusorosa,89.365823730237,-38.0720825195312,136.186187744141,-127.978698730469
957,149.837463658303,116,vehicle.mitsubishi.fusorosa,93.8037690563167,-38.0721092224121,136.18620300293,-127.978065490723
958,149.851924158633,116,vehicle.mitsubishi.fusorosa,96.8693149668412,-38.072135925293,136.186218261719,-127.977081298828
958,149.866918958724,116,vehicle.mitsubishi.fusorosa,100.950145253721,-38.0721702575684,136.186233520508,-127.976058959961
958,149.880411058664,116,vehicle.mitsubishi.fusorosa,91.732954454493,-38.072208404541,136.186264038086,-127.974952697754
958,149.893899157643,116,vehicle.mitsubishi.fusorosa,91.5390694619197,-38.0722465515137,136.186279296875,-127.974189758301
958,149.906825557351,116,vehicle.mitsubishi.fusorosa,90.0388060660956,-38.0722770690918,136.186294555664,-127.97322845459
958,149.919990759343,116,vehicle.mitsubishi.fusorosa,88.7217683345475,-38.0723075866699,136.186325073242,-127.972602844238
958,149.933256059885,116,vehicle.mitsubishi.fusorosa,91.6519155112206,-38.0723419189453,136.186325073242,-127.971687316895
958,149.946699157357,116,vehicle.mitsubishi.fusorosa,91.7290230062967,-38.0723686218262,136.186340332031,-127.970878601074
959,149.96024985984,116,vehicle.mitsubishi.fusorosa,90.5149530955845,-38.0724029541016,136.186370849609,-127.970008850098
959,149.974139060825,116,vehicle.mitsubishi.fusorosa,94.2185770378761,-38.072437286377,136.186386108398,-127.969062805176
959,149.987628757954,116,vehicle.mitsubishi.fusorosa,92.1943551345691,-38.0724678039551,136.186401367188,-127.968124389648
959,150.000864159316,116,vehicle.mitsubishi.fusorosa,92.8089795242324,-38.0725021362305,136.186416625977,-127.967231750488
959,150.019799057394,116,vehicle.mitsubishi.fusorosa,122.505913089355,-38.0725326538086,136.186447143555,-127.966293334961
959,150.042485360056,116,vehicle.mitsubishi.fusorosa,99.7861465619303,-38.0725746154785,136.186447143555,-127.96484375
959,150.065062958747,116,vehicle.mitsubishi.fusorosa,96.7603491107471,-38.0726547241211,136.186538696289,-127.963371276855
959,150.084384959191,116,vehicle.mitsubishi.fusorosa,124.374215728583,-38.0727195739746,136.186553955078,-127.961753845215
960,150.09797795862,116,vehicle.mitsubishi.fusorosa,94.3231072337622,-38.0727767944336,136.186569213867,-127.96021270752
960,150.111873257905,116,vehicle.mitsubishi.fusorosa,93.3471202258064,-38.0728225708008,136.186630249023,-127.959678649902
960,150.125268958509,116,vehicle.mitsubishi.fusorosa,93.1838269707384,-38.0728416442871,136.186614990234,-127.959106445312
960,150.138320360333,116,vehicle.mitsubishi.fusorosa,88.176279240248,-38.072868347168,136.186630249023,-127.958396911621
960,150.151933759451,116,vehicle.mitsubishi.fusorosa,93.1209649366565,-38.0728950500488,136.186630249023,-127.957794189453
960,150.165884759277,116,vehicle.mitsubishi.fusorosa,94.9498062089912,-38.0729179382324,136.186660766602,-127.956977844238
961,150.179574560374,116,vehicle.mitsubishi.fusorosa,93.9866887355296,-38.0729484558105,136.186676025391,-127.956047058105
961,150.193777058274,116,vehicle.mitsubishi.fusorosa,94.0220237508714,-38.0729789733887,136.186706542969,-127.955009460449
961,150.206518959254,116,vehicle.mitsubishi.fusorosa,110.280970141245,-38.0730171203613,136.186721801758,-127.953941345215
961,150.219289958477,116,vehicle.mitsubishi.fusorosa,81.9701189299168,-38.0730590820312,136.186721801758,-127.953094482422
961,150.231938559562,116,vehicle.mitsubishi.fusorosa,89.4090747341429,-38.0730972290039,136.186737060547,-127.95231628418
961,150.244364760816,116,vehicle.mitsubishi.fusorosa,87.2272124121183,-38.0731239318848,136.186752319336,-127.951637268066
961,150.257071059197,116,vehicle.mitsubishi.fusorosa,87.6856884643545,-38.0731468200684,136.186752319336,-127.950965881348
961,150.27068855986,116,vehicle.mitsubishi.fusorosa,92.7904248202451,-38.073169708252,136.186767578125,-127.950309753418
962,150.283727660775,116,vehicle.mitsubishi.fusorosa,90.8041020257051,-38.0731964111328,136.186782836914,-127.949378967285
962,150.301013559103,116,vehicle.mitsubishi.fusorosa,111.597659175239,-38.0732231140137,136.186813354492,-127.94849395752
962,150.314697358757,116,vehicle.mitsubishi.fusorosa,93.3934120704723,-38.0732650756836,136.186813354492,-127.947113037109
962,150.327610958368,116,vehicle.mitsubishi.fusorosa,87.5347570038913,-38.0733032226562,136.186859130859,-127.946266174316
962,150.339746657759,116,vehicle.mitsubishi.fusorosa,97.2663408894399,-38.0733375549316,136.186859130859,-127.945365905762
962,150.352163959295,116,vehicle.mitsubishi.fusorosa,86.5669747676426,-38.0733642578125,136.186874389648,-127.944816589355
962,150.364625159651,116,vehicle.mitsubishi.fusorosa,88.2254871994866,-38.0733947753906,136.186874389648,-127.944145202637
962,150.378629859537,116,vehicle.mitsubishi.fusorosa,93.4335059037746,-38.0734176635742,136.186904907227,-127.943260192871
963,150.3914565593,116,vehicle.mitsubishi.fusorosa,93.3396522088749,-38.0734519958496,136.186904907227,-127.942260742188
963,150.404528860003,116,vehicle.mitsubishi.fusorosa,87.5139596732036,-38.0734786987305,136.186935424805,-127.941482543945
963,150.417601358145,116,vehicle.mitsubishi.fusorosa,89.8508302432813,-38.0735092163086,136.186935424805,-127.94051361084
963,150.430370960385,116,vehicle.mitsubishi.fusorosa,88.9897882921917,-38.0735359191895,136.186965942383,-127.939735412598
963,150.442810460925,116,vehicle.mitsubishi.fusorosa,90.1224961895719,-38.0735664367676,136.186965942383,-127.938926696777
963,150.455776359886,116,vehicle.mitsubishi.fusorosa,89.3445153652979,-38.0735893249512,136.186981201172,-127.938217163086
963,150.468004859984,116,vehicle.mitsubishi.fusorosa,93.0425600593608,-38.0736198425293,136.186996459961,-127.937362670898
963,150.481092158705,116,vehicle.mitsubishi.fusorosa,89.5295101448399,-38.0736427307129,136.18701171875,-127.93675994873
963,150.494480259717,116,vehicle.mitsubishi.fusorosa,91.3012924857645,-38.0736694335938,136.18701171875,-127.935859680176
964,150.507173959166,116,vehicle.mitsubishi.fusorosa,86.897754190928,-38.0736999511719,136.187042236328,-127.935012817383
964,150.520865857601,116,vehicle.mitsubishi.fusorosa,92.9388041995292,-38.07373046875,136.187057495117,-127.93416595459
964,150.533346060663,116,vehicle.mitsubishi.fusorosa,94.7515522051683,-38.0737648010254,136.187072753906,-127.933258056641
964,150.546375159174,116,vehicle.mitsubishi.fusorosa,86.7506088977294,-38.0737953186035,136.187103271484,-127.932510375977
964,150.559390258044,116,vehicle.mitsubishi.fusorosa,89.8889087737419,-38.0738258361816,136.187103271484,-127.931648254395
964,150.572119358927,116,vehicle.mitsubishi.fusorosa,87.9811532224258,-38.0738525390625,136.187118530273,-127.930854797363
964,150.585270658135,116,vehicle.mitsubishi.fusorosa,89.5833794555794,-38.0738830566406,136.187133789062,-127.930038452148
964,150.600114259869,116,vehicle.mitsubishi.fusorosa,98.7762705546081,-38.0739097595215,136.187149047852,-127.929191589355
965,150.614585660398,116,vehicle.mitsubishi.fusorosa,94.9618278485401,-38.0739479064941,136.18717956543,-127.928192138672
965,150.631889160722,116,vehicle.mitsubishi.fusorosa,110.501305184265,-38.0739860534668,136.187210083008,-127.927223205566
965,150.644343759865,116,vehicle.mitsubishi.fusorosa,94.6216026867605,-38.0740356445312,136.187210083008,-127.925888061523
965,150.657151557505,116,vehicle.mitsubishi.fusorosa,83.8101648224858,-38.0740776062012,136.187271118164,-127.925270080566
965,150.670524757355,116,vehicle.mitsubishi.fusorosa,92.6677843348958,-38.074104309082,136.187255859375,-127.924476623535
965,150.683285158128,116,vehicle.mitsubishi.fusorosa,93.0892775132959,-38.0741424560547,136.187271118164,-127.923713684082
965,150.696633059531,116,vehicle.mitsubishi.fusorosa,90.8385346259812,-38.0741691589355,136.187301635742,-127.922950744629
965,150.710622660816,116,vehicle.mitsubishi.fusorosa,95.3143378932097,-38.0741996765137,136.187301635742,-127.922210693359
966,150.72377526015,116,vehicle.mitsubishi.fusorosa,91.5059034851565,-38.0742225646973,136.187316894531,-127.921417236328
966,150.737390257418,116,vehicle.mitsubishi.fusorosa,92.7379144094711,-38.0742530822754,136.187347412109,-127.920669555664
966,150.750211060047,116,vehicle.mitsubishi.fusorosa,93.1752188352017,-38.0742874145508,136.187362670898,-127.919639587402
966,150.763521257788,116,vehicle.mitsubishi.fusorosa,91.0610626732777,-38.0743179321289,136.187377929688,-127.918823242188
966,150.776367757469,116,vehicle.mitsubishi.fusorosa,90.0605981759949,-38.0743446350098,136.187393188477,-127.917930603027
966,150.78870575875,116,vehicle.mitsubishi.fusorosa,94.1183218565283,-38.0743789672852,136.187408447266,-127.917251586914
966,150.802289757878,116,vehicle.mitsubishi.fusorosa,92.8528970476164,-38.074405670166,136.187423706055,-127.916435241699
966,150.815162759274,116,vehicle.mitsubishi.fusorosa,90.3638576073967,-38.0744323730469,136.187438964844,-127.915557861328
967,150.828657660633,116,vehicle.mitsubishi.fusorosa,89.4484592477833,-38.074462890625,136.187469482422,-127.914657592773
967,150.84183825925,116,vehicle.mitsubishi.fusorosa,91.3274656772892,-38.0744972229004,136.187454223633,-127.913726806641
967,150.854240059853,116,vehicle.mitsubishi.fusorosa,91.4196699103598,-38.0745239257812,136.187484741211,-127.912933349609
967,150.867100160569,116,vehicle.mitsubishi.fusorosa,88.1707922684723,-38.0745506286621,136.1875,-127.91236114502
967,150.879636157304,116,vehicle.mitsubishi.fusorosa,88.5999244306922,-38.074577331543,136.1875,-127.911552429199
967,150.892975557595,116,vehicle.mitsubishi.fusorosa,90.7752503646852,-38.0746040344238,136.187530517578,-127.910804748535
967,150.905204858631,116,vehicle.mitsubishi.fusorosa,96.8704773308857,-38.0746307373047,136.187530517578,-127.909873962402
967,150.9179164581,116,vehicle.mitsubishi.fusorosa,87.1742199474117,-38.0746612548828,136.187561035156,-127.909324645996
967,150.931655660272,116,vehicle.mitsubishi.fusorosa,93.3808725159704,-38.0746917724609,136.187561035156,-127.90852355957
968,150.944929759949,116,vehicle.mitsubishi.fusorosa,90.5387502455686,-38.0747261047363,136.187591552734,-127.907577514648
968,150.95802886039,116,vehicle.mitsubishi.fusorosa,86.9754805076011,-38.0747566223145,136.187606811523,-127.906639099121
968,150.971120759845,116,vehicle.mitsubishi.fusorosa,89.8590195917884,-38.0747909545898,136.187606811523,-127.90576171875
968,150.983797658235,116,vehicle.mitsubishi.fusorosa,87.9852812650049,-38.074821472168,136.187637329102,-127.904945373535
968,150.996563360095,116,vehicle.mitsubishi.fusorosa,87.8958136371205,-38.0748519897461,136.187652587891,-127.904167175293
968,151.008793558925,116,vehicle.mitsubishi.fusorosa,87.8822467659798,-38.074878692627,136.18766784668,-127.903495788574
968,151.021563258022,116,vehicle.mitsubishi.fusorosa,88.112673629151,-38.0749053955078,136.18766784668,-127.902770996094
968,151.035413358361,116,vehicle.mitsubishi.fusorosa,93.7183387686623,-38.0749282836914,136.187683105469,-127.901977539062
969,151.048924658448,116,vehicle.mitsubishi.fusorosa,91.3085981659989,-38.0749549865723,136.187698364258,-127.901092529297
969,151.062048759311,116,vehicle.mitsubishi.fusorosa,91.4128411236148,-38.0749931335449,136.187728881836,-127.900199890137
969,151.075396660715,116,vehicle.mitsubishi.fusorosa,90.5265662108606,-38.0750198364258,136.187744140625,-127.899383544922
969,151.088100858033,116,vehicle.mitsubishi.fusorosa,88.9822519060435,-38.0750541687012,136.187759399414,-127.898506164551
969,151.100387558341,116,vehicle.mitsubishi.fusorosa,89.7592310704044,-38.0750885009766,136.187774658203,-127.897659301758
969,151.113279260695,116,vehicle.mitsubishi.fusorosa,89.0015467176304,-38.0751152038574,136.187774658203,-127.896881103516
969,151.125568859279,116,vehicle.mitsubishi.fusorosa,87.9472369337681,-38.0751342773438,136.187805175781,-127.896171569824
969,151.137951757759,116,vehicle.mitsubishi.fusorosa,86.0097699896265,-38.0751609802246,136.18782043457,-127.895629882812
969,151.15137656033,116,vehicle.mitsubishi.fusorosa,91.6987099061016,-38.0751876831055,136.187835693359,-127.894912719727
970,151.165049359202,116,vehicle.mitsubishi.fusorosa,94.5392971492064,-38.0752182006836,136.187835693359,-127.894004821777
970,151.178108859807,116,vehicle.mitsubishi.fusorosa,89.4606859949823,-38.0752487182617,136.187850952148,-127.893074035645
970,151.191535457969,116,vehicle.mitsubishi.fusorosa,93.1129806957995,-38.0752792358398,136.187881469727,-127.892280578613
970,151.204685460776,116,vehicle.mitsubishi.fusorosa,89.7854674122407,-38.075309753418,136.187896728516,-127.89136505127
970,151.217407558113,116,vehicle.mitsubishi.fusorosa,88.016927637671,-38.0753402709961,136.187911987305,-127.890556335449
970,151.229994658381,116,vehicle.mitsubishi.fusorosa,87.950814494736,-38.0753707885742,136.187927246094,-127.889762878418
970,151.242823857814,116,vehicle.mitsubishi.fusorosa,87.9550450765247,-38.0754013061523,136.187942504883,-127.888999938965
970,151.256511960179,116,vehicle.mitsubishi.fusorosa,92.5348007979677,-38.0754280090332,136.187957763672,-127.888236999512
971,151.269419260323,116,vehicle.mitsubishi.fusorosa,89.5780104754441,-38.0754585266113,136.187973022461,-127.887336730957
971,151.282776560634,116,vehicle.mitsubishi.fusorosa,92.5557998834815,-38.0754928588867,136.18798828125,-127.886489868164
971,151.295305259526,116,vehicle.mitsubishi.fusorosa,89.6687617533758,-38.0755195617676,136.188003540039,-127.88565826416
971,151.308058857918,116,vehicle.mitsubishi.fusorosa,85.9313223413777,-38.0755500793457,136.188034057617,-127.884956359863
971,151.320782259107,116,vehicle.mitsubishi.fusorosa,86.1212844282529,-38.0755805969238,136.188049316406,-127.884124755859
971,151.333268057555,116,vehicle.mitsubishi.fusorosa,87.3431966809455,-38.075611114502,136.188049316406,-127.883331298828
971,151.345804259181,116,vehicle.mitsubishi.fusorosa,86.8217509242057,-38.0756378173828,136.188079833984,-127.882537841797
971,151.358368657529,116,vehicle.mitsubishi.fusorosa,87.5746610942813,-38.0756645202637,136.188079833984,-127.881759643555
971,151.371667459607,116,vehicle.mitsubishi.fusorosa,88.5752007830205,-38.0756874084473,136.188095092773,-127.881103515625
972,151.3851252608,116,vehicle.mitsubishi.fusorosa,91.3935617352278,-38.0757179260254,136.188110351562,-127.880180358887
972,151.399154458195,116,vehicle.mitsubishi.fusorosa,93.8890829848964,-38.0757484436035,136.188125610352,-127.879318237305
972,151.412027660757,116,vehicle.mitsubishi.fusorosa,87.2081329124762,-38.0757827758789,136.18815612793,-127.878303527832
972,151.424302257597,116,vehicle.mitsubishi.fusorosa,89.0024048168705,-38.0758171081543,136.188171386719,-127.877540588379
972,151.436925858259,116,vehicle.mitsubishi.fusorosa,87.3931943702073,-38.0758476257324,136.188171386719,-127.87686920166
972,151.449625760317,116,vehicle.mitsubishi.fusorosa,88.109988337416,-38.0758743286133,136.188186645508,-127.876159667969
972,151.461690157652,116,vehicle.mitsubishi.fusorosa,88.3552144960169,-38.0758972167969,136.188217163086,-127.87548828125
972,151.47496015951,116,vehicle.mitsubishi.fusorosa,90.5012409142812,-38.0759201049805,136.188217163086,-127.874877929688
973,151.487337559462,116,vehicle.mitsubishi.fusorosa,88.6374235284538,-38.0759506225586,136.188232421875,-127.873985290527
973,151.50016855821,116,vehicle.mitsubishi.fusorosa,87.4791116971842,-38.0759773254395,136.188247680664,-127.873443603516
973,151.511698458344,116,vehicle.mitsubishi.fusorosa,103.449767198215,-38.0760040283203,136.188247680664,-127.872688293457
973,151.523859258741,116,vehicle.mitsubishi.fusorosa,81.518133171166,-38.076042175293,136.188262939453,-127.872062683105
973,151.535893760622,116,vehicle.mitsubishi.fusorosa,83.9236056984546,-38.0760726928711,136.188278198242,-127.871299743652
973,151.548269160092,116,vehicle.mitsubishi.fusorosa,84.4167023443896,-38.076099395752,136.188293457031,-127.870681762695
973,151.559933457524,116,vehicle.mitsubishi.fusorosa,83.6362908999926,-38.0761184692383,136.18830871582,-127.870079040527
973,151.572472058237,116,vehicle.mitsubishi.fusorosa,85.8037607598328,-38.0761451721191,136.188323974609,-127.869575500488
973,151.585090760142,116,vehicle.mitsubishi.fusorosa,87.0609978528034,-38.0761680603027,136.188323974609,-127.868865966797
974,151.59718105942,116,vehicle.mitsubishi.fusorosa,84.2368064794022,-38.0761947631836,136.188339233398,-127.868087768555
974,151.612170558423,116,vehicle.mitsubishi.fusorosa,101.225173478265,-38.0762214660645,136.188369750977,-127.867279052734
974,151.624310657382,116,vehicle.mitsubishi.fusorosa,85.6808297126202,-38.0762481689453,136.188369750977,-127.866409301758
974,151.636035460979,116,vehicle.mitsubishi.fusorosa,80.7601172350652,-38.0762786865234,136.188400268555,-127.86580657959
974,151.647964857519,116,vehicle.mitsubishi.fusorosa,83.7701410201969,-38.0763053894043,136.188400268555,-127.865112304688
974,151.660368558019,116,vehicle.mitsubishi.fusorosa,85.2462687727775,-38.0763282775879,136.188415527344,-127.864562988281
974,151.672691557556,116,vehicle.mitsubishi.fusorosa,84.8480275108862,-38.0763511657715,136.188430786133,-127.863891601562
974,151.684856258333,116,vehicle.mitsubishi.fusorosa,85.9784056070944,-38.0763816833496,136.188446044922,-127.86304473877
974,151.698463659734,116,vehicle.mitsubishi.fusorosa,91.941013157121,-38.0764083862305,136.188461303711,-127.862319946289
975,151.71120255813,116,vehicle.mitsubishi.fusorosa,85.2441441084866,-38.0764350891113,136.1884765625,-127.861450195312
975,151.723720058799,116,vehicle.mitsubishi.fusorosa,84.8015630667664,-38.0764656066895,136.188507080078,-127.860557556152
975,151.735356658697,116,vehicle.mitsubishi.fusorosa,88.2672083365386,-38.0764923095703,136.188507080078,-127.859931945801
975,151.746864259243,116,vehicle.mitsubishi.fusorosa,79.236253225178,-38.0765151977539,136.188522338867,-127.859375
975,151.758920557797,116,vehicle.mitsubishi.fusorosa,83.7076978023755,-38.0765380859375,136.188537597656,-127.858825683594
975,151.770464859903,116,vehicle.mitsubishi.fusorosa,83.2583306864015,-38.0765609741211,136.188537597656,-127.858154296875
975,151.782340757549,116,vehicle.mitsubishi.fusorosa,82.326739932169,-38.0765800476074,136.188552856445,-127.857666015625
975,151.794122558087,116,vehicle.mitsubishi.fusorosa,82.4311761021127,-38.0765991210938,136.188568115234,-127.856994628906
975,151.807878658175,116,vehicle.mitsubishi.fusorosa,92.130289773441,-38.0766220092773,136.188583374023,-127.856201171875
976,151.807878658175,116,vehicle.mitsubishi.fusorosa,92.130289773441,-38.0766220092773,136.188583374023,-127.856201171875
976,151.821743659675,116,vehicle.mitsubishi.fusorosa,92.945725262727,-38.0766487121582,136.188583374023,-127.85546875
976,151.834355358034,116,vehicle.mitsubishi.fusorosa,86.0934617748993,-38.0766830444336,136.188613891602,-127.85457611084
976,151.846141960472,116,vehicle.mitsubishi.fusorosa,85.7249388157662,-38.0767135620117,136.188629150391,-127.853866577148
976,151.857535257936,116,vehicle.mitsubishi.fusorosa,82.7720388615133,-38.0767402648926,136.18864440918,-127.85319519043
976,151.868701457977,116,vehicle.mitsubishi.fusorosa,79.9045896035045,-38.0767631530762,136.18864440918,-127.852653503418
976,151.880080059171,116,vehicle.mitsubishi.fusorosa,80.3915412714533,-38.0767822265625,136.188659667969,-127.852088928223
976,151.891178559512,116,vehicle.mitsubishi.fusorosa,82.8640038169409,-38.0768051147461,136.188659667969,-127.851531982422
976,151.903143558651,116,vehicle.mitsubishi.fusorosa,82.4828232239726,-38.0768203735352,136.188674926758,-127.851051330566
976,151.915527358651,116,vehicle.mitsubishi.fusorosa,85.198301809557,-38.0768394470215,136.188674926758,-127.850395202637
977,151.928251259029,116,vehicle.mitsubishi.fusorosa,86.3316130468725,-38.0768661499023,136.188705444336,-127.849632263184
977,151.940841857344,116,vehicle.mitsubishi.fusorosa,85.6781529633834,-38.0768928527832,136.188720703125,-127.848854064941
977,151.952440660447,116,vehicle.mitsubishi.fusorosa,84.0426052390091,-38.0769195556641,136.188735961914,-127.848045349121
977,151.964020259678,116,vehicle.mitsubishi.fusorosa,80.5954377322783,-38.0769462585449,136.188751220703,-127.847450256348
977,151.975934460759,116,vehicle.mitsubishi.fusorosa,82.3155763626292,-38.0769691467285,136.188751220703,-127.846900939941
977,151.987678859383,116,vehicle.mitsubishi.fusorosa,83.6327337476143,-38.0769958496094,136.188766479492,-127.846160888672
977,151.999240558594,116,vehicle.mitsubishi.fusorosa,80.8575195690758,-38.077018737793,136.188781738281,-127.845428466797
977,152.01138035953,116,vehicle.mitsubishi.fusorosa,83.2314755229682,-38.0770416259766,136.188781738281,-127.844841003418
977,152.024251960218,116,vehicle.mitsubishi.fusorosa,87.9606089600153,-38.0770606994629,136.18879699707,-127.844207763672
978,152.024251960218,116,vehicle.mitsubishi.fusorosa,87.9606089600153,-38.0770606994629,136.18879699707,-127.844207763672
978,152.036099057645,116,vehicle.mitsubishi.fusorosa,83.6240572720919,-38.0770874023438,136.188812255859,-127.84349822998
978,152.048376459628,116,vehicle.mitsubishi.fusorosa,83.3946268791598,-38.0771141052246,136.188827514648,-127.842826843262
978,152.05993906036,116,vehicle.mitsubishi.fusorosa,81.6975778286206,-38.0771369934082,136.188842773438,-127.842147827148
978,152.071707859635,116,vehicle.mitsubishi.fusorosa,81.5274694897489,-38.0771636962891,136.188858032227,-127.84156036377
978,152.083665657789,116,vehicle.mitsubishi.fusorosa,82.6984832999104,-38.0771827697754,136.188858032227,-127.840995788574
978,152.095834858716,116,vehicle.mitsubishi.fusorosa,83.2217392518417,-38.0772094726562,136.188888549805,-127.840316772461
978,152.107793558389,116,vehicle.mitsubishi.fusorosa,81.8518492926671,-38.0772285461426,136.188888549805,-127.839630126953
978,152.11946446076,116,vehicle.mitsubishi.fusorosa,80.7843212475254,-38.0772514343262,136.188919067383,-127.839057922363
978,152.132540058345,116,vehicle.mitsubishi.fusorosa,88.2850502222176,-38.077278137207,136.188919067383,-127.838417053223
979,152.144981957972,116,vehicle.mitsubishi.fusorosa,85.575244940035,-38.0773048400879,136.188934326172,-127.837669372559
979,152.164856657386,116,vehicle.mitsubishi.fusorosa,124.851349024016,-38.0773315429688,136.18896484375,-127.836898803711
979,152.176859758794,116,vehicle.mitsubishi.fusorosa,83.6015112931898,-38.0773773193359,136.18896484375,-127.835304260254
979,152.18862945959,116,vehicle.mitsubishi.fusorosa,53.94097688334,-38.0774154663086,136.189056396484,-127.834861755371
979,152.2002068609,116,vehicle.mitsubishi.fusorosa,103.279276050259,-38.0775375366211,136.189056396484,-127.83292388916
979,152.211877159774,116,vehicle.mitsubishi.fusorosa,63.184209223191,-38.0776138305664,136.189117431641,-127.832092285156
979,152.223572857678,116,vehicle.mitsubishi.fusorosa,129.554540004683,-38.0775985717773,136.189102172852,-127.835327148438
979,152.236609559506,116,vehicle.mitsubishi.fusorosa,90.6833880069292,-38.0777206420898,136.189163208008,-127.833297729492
980,152.249045558274,116,vehicle.mitsubishi.fusorosa,83.4470689207169,-38.0778007507324,136.189193725586,-127.831939697266
980,152.261680860072,116,vehicle.mitsubishi.fusorosa,79.5728683177935,-38.0778732299805,136.189239501953,-127.830604553223
980,152.27320015803,116,vehicle.mitsubishi.fusorosa,80.5469613966031,-38.0779037475586,136.189239501953,-127.83039855957
980,152.285064060241,116,vehicle.mitsubishi.fusorosa,82.108587747593,-38.0779228210449,136.189239501953,-127.831886291504
980,152.297247260809,116,vehicle.mitsubishi.fusorosa,81.0687712740971,-38.0778884887695,136.189239501953,-127.834182739258
980,152.309327460825,116,vehicle.mitsubishi.fusorosa,77.8476906288376,-38.0778694152832,136.189224243164,-127.83748626709
980,152.321515459567,116,vehicle.mitsubishi.fusorosa,81.0632415898302,-38.0778121948242,136.189208984375,-127.841354370117
980,152.333570960909,116,vehicle.mitsubishi.fusorosa,81.1579174937184,-38.0777397155762,136.189163208008,-127.844902038574
980,152.34631396085,116,vehicle.mitsubishi.fusorosa,58.5199676859716,-38.0776863098145,136.18913269043,-127.847007751465
981,152.358940560371,116,vehicle.mitsubishi.fusorosa,87.0152735455142,-38.0776405334473,136.189102172852,-127.849906921387
981,152.37113635987,116,vehicle.mitsubishi.fusorosa,122.539101194966,-38.0775947570801,136.189071655273,-127.851379394531
981,152.38359085843,116,vehicle.mitsubishi.fusorosa,92.6365089052235,-38.0775489807129,136.189056396484,-127.853187561035
981,152.39506335929,116,vehicle.mitsubishi.fusorosa,89.310662197721,-38.0775299072266,136.189056396484,-127.854713439941
981,152.407030757517,116,vehicle.mitsubishi.fusorosa,83.5590671043036,-38.0775947570801,136.189071655273,-127.855735778809
981,152.418837260455,116,vehicle.mitsubishi.fusorosa,83.3527314516263,-38.0775527954102,136.189056396484,-127.858268737793
981,152.430274359882,116,vehicle.mitsubishi.fusorosa,74.6955350108487,-38.0775260925293,136.189025878906,-127.859710693359
981,152.442162860185,116,vehicle.mitsubishi.fusorosa,86.78864474493,-38.0775146484375,136.189025878906,-127.860038757324
981,152.454906359315,116,vehicle.mitsubishi.fusorosa,80.830859250536,-38.0775756835938,136.189041137695,-127.858184814453
982,152.468225758523,116,vehicle.mitsubishi.fusorosa,91.6552794512711,-38.0776481628418,136.189071655273,-127.855751037598
982,152.480451658368,116,vehicle.mitsubishi.fusorosa,81.542966209518,-38.077693939209,136.189102172852,-127.85400390625
982,152.492033760995,116,vehicle.mitsubishi.fusorosa,78.1380634115179,-38.0777282714844,136.189117431641,-127.852401733398
982,152.503558859229,116,vehicle.mitsubishi.fusorosa,78.4976842622975,-38.077751159668,136.189117431641,-127.851051330566
982,152.516045659781,116,vehicle.mitsubishi.fusorosa,86.5429673203343,-38.0777702331543,136.18913269043,-127.849617004395
982,152.527572859079,116,vehicle.mitsubishi.fusorosa,78.8490644511187,-38.0777816772461,136.18913269043,-127.848129272461
982,152.539747457951,116,vehicle.mitsubishi.fusorosa,82.2193551979182,-38.0777969360352,136.189147949219,-127.846794128418
982,152.552217058837,116,vehicle.mitsubishi.fusorosa,86.4821889583107,-38.0778121948242,136.189147949219,-127.845397949219
982,152.565394360572,116,vehicle.mitsubishi.fusorosa,88.1199878518836,-38.0778274536133,136.189163208008,-127.843841552734
983,152.577470958233,116,vehicle.mitsubishi.fusorosa,81.4173994053012,-38.0778427124023,136.189193725586,-127.842231750488
983,152.590379457921,116,vehicle.mitsubishi.fusorosa,88.335343604555,-38.0778694152832,136.189193725586,-127.840835571289
983,152.602884158492,116,vehicle.mitsubishi.fusorosa,84.538445370832,-38.077880859375,136.189208984375,-127.839332580566
983,152.615282557905,116,vehicle.mitsubishi.fusorosa,83.9530435851823,-38.0779037475586,136.189224243164,-127.837982177734
983,152.626426160336,116,vehicle.mitsubishi.fusorosa,83.565854811123,-38.0779228210449,136.189239501953,-127.836654663086
983,152.638147357851,116,vehicle.mitsubishi.fusorosa,80.7086683401539,-38.0779418945312,136.189254760742,-127.835578918457
983,152.649460159242,116,vehicle.mitsubishi.fusorosa,82.2499213371596,-38.0779609680176,136.189254760742,-127.834289550781
983,152.661417357624,116,vehicle.mitsubishi.fusorosa,81.8615615980955,-38.0779762268066,136.189270019531,-127.833297729492
983,152.672853760421,116,vehicle.mitsubishi.fusorosa,81.9397203755084,-38.077995300293,136.18928527832,-127.831932067871
983,152.685156758875,116,vehicle.mitsubishi.fusorosa,81.8774036333638,-38.0780143737793,136.189300537109,-127.830917358398
984,152.697449158877,116,vehicle.mitsubishi.fusorosa,83.4238409406752,-38.0780296325684,136.189300537109,-127.829620361328
984,152.710118059069,116,vehicle.mitsubishi.fusorosa,85.6901746029323,-38.078052520752,136.189315795898,-127.82852935791
984,152.721555359662,116,vehicle.mitsubishi.fusorosa,84.0722294865939,-38.0780754089355,136.189331054688,-127.827308654785
984,152.733377758414,116,vehicle.mitsubishi.fusorosa,81.2525506851156,-38.0780982971191,136.189346313477,-127.826271057129
984,152.745367158204,116,vehicle.mitsubishi.fusorosa,80.4962525800605,-38.0781173706055,136.189361572266,-127.825149536133
984,152.757370360196,116,vehicle.mitsubishi.fusorosa,82.7026215467844,-38.0781402587891,136.189376831055,-127.824058532715
984,152.769529458135,116,vehicle.mitsubishi.fusorosa,81.0625869364438,-38.0781631469727,136.189392089844,-127.822998046875
984,152.781439960003,116,vehicle.mitsubishi.fusorosa,82.4532229420858,-38.0781860351562,136.189407348633,-127.82194519043
984,152.795605957508,116,vehicle.mitsubishi.fusorosa,96.5161245828285,-38.0782089233398,136.189407348633,-127.820930480957
985,152.808041159064,116,vehicle.mitsubishi.fusorosa,84.7764838993007,-38.0782356262207,136.189422607422,-127.819580078125
985,152.819853659719,116,vehicle.mitsubishi.fusorosa,80.7753575629639,-38.0782623291016,136.189453125,-127.818565368652
985,152.831638559699,116,vehicle.mitsubishi.fusorosa,81.415478186864,-38.0782814025879,136.189453125,-127.817665100098
985,152.842718660831,116,vehicle.mitsubishi.fusorosa,84.7801127444889,-38.0783081054688,136.189468383789,-127.816848754883
985,152.85444336012,116,vehicle.mitsubishi.fusorosa,78.6054433508282,-38.0783309936523,136.189483642578,-127.815986633301
985,152.866535060108,116,vehicle.mitsubishi.fusorosa,83.7599226366759,-38.0783538818359,136.189483642578,-127.815017700195
985,152.878358058631,116,vehicle.mitsubishi.fusorosa,81.4822989584332,-38.078369140625,136.189498901367,-127.814170837402
985,152.890273358673,116,vehicle.mitsubishi.fusorosa,83.9084679097655,-38.0783958435059,136.189514160156,-127.813346862793
985,152.903383057564,116,vehicle.mitsubishi.fusorosa,88.8256780178091,-38.0784187316895,136.189529418945,-127.812423706055
986,152.916185159236,116,vehicle.mitsubishi.fusorosa,84.279472802473,-38.078441619873,136.189544677734,-127.81128692627
986,152.928381357342,116,vehicle.mitsubishi.fusorosa,81.3854145686066,-38.0784721374512,136.189559936523,-127.810386657715
986,152.940022557974,116,vehicle.mitsubishi.fusorosa,81.7835549823159,-38.078498840332,136.189575195312,-127.809440612793
986,152.951804257929,116,vehicle.mitsubishi.fusorosa,81.9420569989201,-38.0785255432129,136.189590454102,-127.808708190918
986,152.963716458529,116,vehicle.mitsubishi.fusorosa,82.3627365400608,-38.0785446166992,136.189590454102,-127.807884216309
986,152.975751060992,116,vehicle.mitsubishi.fusorosa,82.8087995134719,-38.0785675048828,136.189605712891,-127.807037353516
986,152.987165357918,116,vehicle.mitsubishi.fusorosa,81.2132328788953,-38.0785865783691,136.18962097168,-127.806358337402
986,152.999117158353,116,vehicle.mitsubishi.fusorosa,82.0745892990843,-38.0786094665527,136.189636230469,-127.805587768555
987,153.012065060437,116,vehicle.mitsubishi.fusorosa,88.1224936926941,-38.0786361694336,136.189636230469,-127.804740905762
987,153.024486560374,116,vehicle.mitsubishi.fusorosa,85.0640892303952,-38.0786552429199,136.189651489258,-127.803924560547
987,153.036704957485,116,vehicle.mitsubishi.fusorosa,83.3547381827386,-38.0786819458008,136.189682006836,-127.803077697754
987,153.048474960029,116,vehicle.mitsubishi.fusorosa,82.559469248759,-38.0787048339844,136.189682006836,-127.802314758301
987,153.060052458197,116,vehicle.mitsubishi.fusorosa,81.1997070292182,-38.078727722168,136.189682006836,-127.801658630371
987,153.072427157313,116,vehicle.mitsubishi.fusorosa,84.4402260467378,-38.0787506103516,136.189697265625,-127.800987243652
987,153.084371760488,116,vehicle.mitsubishi.fusorosa,82.9119451234357,-38.0787734985352,136.189712524414,-127.80020904541
987,153.096185158938,116,vehicle.mitsubishi.fusorosa,83.1354219430904,-38.0787963867188,136.189727783203,-127.799392700195
987,153.108193859458,116,vehicle.mitsubishi.fusorosa,82.8718547014196,-38.0788230895996,136.189727783203,-127.798789978027
987,153.121258057654,116,vehicle.mitsubishi.fusorosa,88.7804305455475,-38.0788459777832,136.189743041992,-127.79810333252
988,153.133482858539,116,vehicle.mitsubishi.fusorosa,84.4661820602365,-38.0788650512695,136.189758300781,-127.797286987305
988,153.145914360881,116,vehicle.mitsubishi.fusorosa,84.3991322737809,-38.0788917541504,136.189788818359,-127.796440124512
988,153.157951857895,116,vehicle.mitsubishi.fusorosa,83.0293208588868,-38.0789184570312,136.189788818359,-127.79564666748
988,153.170091558248,116,vehicle.mitsubishi.fusorosa,82.7840588100347,-38.0789413452148,136.189804077148,-127.794906616211
988,153.182280559093,116,vehicle.mitsubishi.fusorosa,84.2323553667634,-38.0789680480957,136.189804077148,-127.79434967041
988,153.194268058985,116,vehicle.mitsubishi.fusorosa,83.1182534575908,-38.078987121582,136.189834594727,-127.793663024902
988,153.206483859569,116,vehicle.mitsubishi.fusorosa,81.6377942750395,-38.0790138244629,136.189849853516,-127.792915344238
988,153.219085860997,116,vehicle.mitsubishi.fusorosa,86.3881762503072,-38.0790405273438,136.189849853516,-127.792068481445
988,153.231569360942,116,vehicle.mitsubishi.fusorosa,85.3219729643693,-38.0790634155273,136.189865112305,-127.791343688965
989,153.244054660201,116,vehicle.mitsubishi.fusorosa,86.7966888709674,-38.0790939331055,136.189895629883,-127.790534973145
989,153.256301257759,116,vehicle.mitsubishi.fusorosa,81.9102739170516,-38.0791168212891,136.189910888672,-127.789733886719
989,153.268309958279,116,vehicle.mitsubishi.fusorosa,83.5013210990036,-38.0791511535645,136.189926147461,-127.788963317871
989,153.280261460692,116,vehicle.mitsubishi.fusorosa,80.5993367015092,-38.079174041748,136.18994140625,-127.788162231445
989,153.29195285961,116,vehicle.mitsubishi.fusorosa,79.4456622852735,-38.0791969299316,136.18994140625,-127.787475585938
989,153.304069258273,116,vehicle.mitsubishi.fusorosa,83.5248892341014,-38.0792236328125,136.18994140625,-127.786743164062
989,153.316310260445,116,vehicle.mitsubishi.fusorosa,84.4002227115005,-38.0792503356934,136.189956665039,-127.786071777344
989,153.328196357936,116,vehicle.mitsubishi.fusorosa,82.5125723146685,-38.0792694091797,136.189971923828,-127.785453796387
989,153.340720757842,116,vehicle.mitsubishi.fusorosa,85.4125875330985,-38.0792922973633,136.189987182617,-127.784797668457
990,153.352768160403,116,vehicle.mitsubishi.fusorosa,84.2044643734241,-38.0793190002441,136.190002441406,-127.783981323242
990,153.365013960749,116,vehicle.mitsubishi.fusorosa,83.9975868400957,-38.0793418884277,136.190017700195,-127.783325195312
990,153.376979257911,116,vehicle.mitsubishi.fusorosa,82.6635669839052,-38.0793647766113,136.190032958984,-127.782638549805
990,153.388908557594,116,vehicle.mitsubishi.fusorosa,82.5254024602646,-38.0793914794922,136.190032958984,-127.782012939453
990,153.400934457779,116,vehicle.mitsubishi.fusorosa,83.5718186763882,-38.0794105529785,136.190048217773,-127.78133392334
990,153.412463657558,116,vehicle.mitsubishi.fusorosa,82.3572307922611,-38.0794334411621,136.190048217773,-127.780700683594
990,153.424187559634,116,vehicle.mitsubishi.fusorosa,79.0443373824383,-38.0794563293457,136.190078735352,-127.780143737793
990,153.4360274598,116,vehicle.mitsubishi.fusorosa,82.3877900800319,-38.0794830322266,136.190078735352,-127.779418945312
990,153.449388958514,116,vehicle.mitsubishi.fusorosa,88.0098151989954,-38.0795059204102,136.19010925293,-127.778709411621
991,153.461957160383,116,vehicle.mitsubishi.fusorosa,85.6823664017138,-38.0795364379883,136.19010925293,-127.777809143066
991,153.474347960204,116,vehicle.mitsubishi.fusorosa,82.0051207293661,-38.0795631408691,136.190139770508,-127.77709197998
991,153.48612125963,116,vehicle.mitsubishi.fusorosa,83.2758820102172,-38.0795936584473,136.190139770508,-127.776275634766
991,153.497425358742,116,vehicle.mitsubishi.fusorosa,81.9882736521296,-38.0796165466309,136.190170288086,-127.775650024414
991,153.509673260152,116,vehicle.mitsubishi.fusorosa,84.3435724212869,-38.0796432495117,136.190170288086,-127.775032043457
991,153.521516658366,116,vehicle.mitsubishi.fusorosa,83.043762943495,-38.0796661376953,136.190185546875,-127.774391174316
991,153.532996859401,116,vehicle.mitsubishi.fusorosa,80.3198130192692,-38.0796890258789,136.190200805664,-127.773628234863
991,153.545107059181,116,vehicle.mitsubishi.fusorosa,83.2301918729209,-38.0797119140625,136.190200805664,-127.773040771484
991,153.557772658765,116,vehicle.mitsubishi.fusorosa,86.4603044842658,-38.0797386169434,136.190216064453,-127.772399902344
992,153.569998260587,116,vehicle.mitsubishi.fusorosa,83.9455345467873,-38.079761505127,136.190231323242,-127.771682739258
992,153.582908257842,116,vehicle.mitsubishi.fusorosa,87.3333424181786,-38.0797882080078,136.190246582031,-127.770935058594
992,153.594892159104,116,vehicle.mitsubishi.fusorosa,84.0610163238614,-38.0798187255859,136.19026184082,-127.770195007324
992,153.607922259718,116,vehicle.mitsubishi.fusorosa,88.1983431359866,-38.0798454284668,136.190277099609,-127.769500732422
992,153.620471559465,116,vehicle.mitsubishi.fusorosa,86.1088661597537,-38.0798683166504,136.190277099609,-127.768760681152
992,153.632244657725,116,vehicle.mitsubishi.fusorosa,82.9847007507205,-38.0798988342285,136.190307617188,-127.768081665039
992,153.643175657839,116,vehicle.mitsubishi.fusorosa,91.2705469540604,-38.0799255371094,136.190322875977,-127.767448425293
992,153.655273158103,116,vehicle.mitsubishi.fusorosa,82.9282742857192,-38.0799446105957,136.190322875977,-127.767051696777
992,153.668459460139,116,vehicle.mitsubishi.fusorosa,89.675081138435,-38.0799713134766,136.190322875977,-127.766494750977
993,153.681284159422,116,vehicle.mitsubishi.fusorosa,86.5271219322419,-38.0799942016602,136.190353393555,-127.765815734863
993,153.693696759641,116,vehicle.mitsubishi.fusorosa,81.863294881572,-38.0800247192383,136.190383911133,-127.765060424805
993,153.705822058022,116,vehicle.mitsubishi.fusorosa,83.6393436945367,-38.0800552368164,136.190383911133,-127.764312744141
993,153.718111258,116,vehicle.mitsubishi.fusorosa,83.9156881065558,-38.080078125,136.190399169922,-127.763694763184
993,153.730290260166,116,vehicle.mitsubishi.fusorosa,83.8507304469638,-38.0801048278809,136.190414428711,-127.763023376465
993,153.742115359753,116,vehicle.mitsubishi.fusorosa,82.7304116919417,-38.0801277160645,136.1904296875,-127.762382507324
993,153.753767758608,116,vehicle.mitsubishi.fusorosa,81.1475932473948,-38.0801544189453,136.1904296875,-127.761726379395
993,153.765785958618,116,vehicle.mitsubishi.fusorosa,82.8087140592587,-38.0801734924316,136.190444946289,-127.761184692383
993,153.778586260974,116,vehicle.mitsubishi.fusorosa,87.1262443832311,-38.0802001953125,136.190460205078,-127.760482788086
994,153.790568560362,116,vehicle.mitsubishi.fusorosa,83.4368232479047,-38.0802230834961,136.190475463867,-127.759735107422
994,153.803295858204,116,vehicle.mitsubishi.fusorosa,87.6107004731261,-38.080249786377,136.190490722656,-127.758926391602
994,153.815416160971,116,vehicle.mitsubishi.fusorosa,84.1836328727436,-38.0802764892578,136.190505981445,-127.758270263672
994,153.826992359012,116,vehicle.mitsubishi.fusorosa,81.3683128197582,-38.0803031921387,136.190521240234,-127.75749206543
994,153.838652960956,116,vehicle.mitsubishi.fusorosa,81.8534645552722,-38.0803298950195,136.190536499023,-127.756881713867
994,153.850233159959,116,vehicle.mitsubishi.fusorosa,81.5505692738554,-38.0803489685059,136.190536499023,-127.75634765625
994,153.861908759922,116,vehicle.mitsubishi.fusorosa,81.1530749710344,-38.0803718566895,136.190551757812,-127.755744934082
994,153.874248359352,116,vehicle.mitsubishi.fusorosa,84.189562509554,-38.0803909301758,136.190567016602,-127.755088806152
994,153.887898460031,116,vehicle.mitsubishi.fusorosa,91.5217950843865,-38.0804100036621,136.190567016602,-127.754432678223
995,153.900667659938,116,vehicle.mitsubishi.fusorosa,86.4874998027551,-38.0804405212402,136.19059753418,-127.753547668457
995,153.912257459015,116,vehicle.mitsubishi.fusorosa,86.9246178968596,-38.0804710388184,136.190612792969,-127.752723693848
995,153.92466685921,116,vehicle.mitsubishi.fusorosa,84.5593093797088,-38.0804977416992,136.190628051758,-127.75220489502
995,153.936534259468,116,vehicle.mitsubishi.fusorosa,83.2187735733072,-38.0805244445801,136.190628051758,-127.751525878906
995,153.948181860149,116,vehicle.mitsubishi.fusorosa,79.0501730225373,-38.0805511474609,136.190658569336,-127.750839233398
995,153.959652159363,116,vehicle.mitsubishi.fusorosa,81.198245560812,-38.0805778503418,136.190658569336,-127.75016784668
995,153.971637159586,116,vehicle.mitsubishi.fusorosa,82.3940838375964,-38.0805969238281,136.190673828125,-127.749610900879
995,153.983747657388,116,vehicle.mitsubishi.fusorosa,83.2120354596806,-38.0806159973145,136.190673828125,-127.749008178711
995,153.996711160988,116,vehicle.mitsubishi.fusorosa,87.4647431422359,-38.080638885498,136.190689086914,-127.748405456543
996,154.009147457778,116,vehicle.mitsubishi.fusorosa,85.0572400058297,-38.0806617736816,136.190704345703,-127.74764251709
996,154.021669659764,116,vehicle.mitsubishi.fusorosa,85.5492409659092,-38.0806884765625,136.190719604492,-127.746971130371
996,154.033849257976,116,vehicle.mitsubishi.fusorosa,84.5276886345374,-38.0807151794434,136.190734863281,-127.746253967285
996,154.045594360679,116,vehicle.mitsubishi.fusorosa,82.3250323346491,-38.0807418823242,136.19075012207,-127.745635986328
996,154.057666659355,116,vehicle.mitsubishi.fusorosa,85.0176076428171,-38.0807685852051,136.190765380859,-127.744895935059
996,154.069775659591,116,vehicle.mitsubishi.fusorosa,83.6350874560224,-38.0807914733887,136.190765380859,-127.744232177734
996,154.081685259938,116,vehicle.mitsubishi.fusorosa,82.0131733686707,-38.0808143615723,136.190780639648,-127.743545532227
996,154.093654260039,116,vehicle.mitsubishi.fusorosa,82.5563001828329,-38.0808372497559,136.190795898438,-127.742858886719
996,154.106915760785,116,vehicle.mitsubishi.fusorosa,91.453210212172,-38.0808639526367,136.190811157227,-127.742179870605
997,154.120139658451,116,vehicle.mitsubishi.fusorosa,90.8967216345192,-38.0808944702148,136.190826416016,-127.741363525391
997,154.132735658437,116,vehicle.mitsubishi.fusorosa,85.333909149705,-38.080924987793,136.190856933594,-127.74048614502
997,154.144602060318,116,vehicle.mitsubishi.fusorosa,85.396718179308,-38.0809593200684,136.190872192383,-127.739776611328
997,154.156717460603,116,vehicle.mitsubishi.fusorosa,83.6976897161787,-38.080982208252,136.190872192383,-127.739013671875
997,154.169051460922,116,vehicle.mitsubishi.fusorosa,85.3576208454759,-38.0810089111328,136.190887451172,-127.73836517334
997,154.180948358029,116,vehicle.mitsubishi.fusorosa,80.9938072193358,-38.0810317993164,136.19091796875,-127.737701416016
997,154.192972958088,116,vehicle.mitsubishi.fusorosa,83.0859609740365,-38.0810623168945,136.19091796875,-127.736991882324
997,154.205087158829,116,vehicle.mitsubishi.fusorosa,84.003771177749,-38.0810852050781,136.19091796875,-127.736335754395
997,154.217578459531,116,vehicle.mitsubishi.fusorosa,84.8317581753212,-38.0811042785645,136.190948486328,-127.735664367676
998,154.229729257524,116,vehicle.mitsubishi.fusorosa,83.333643438717,-38.0811309814453,136.190948486328,-127.734939575195
998,154.242747157812,116,vehicle.mitsubishi.fusorosa,88.2157679841256,-38.0811576843262,136.190979003906,-127.734352111816
998,154.25459555909,116,vehicle.mitsubishi.fusorosa,85.6872089243979,-38.0811805725098,136.190979003906,-127.733520507812
998,154.26625315845,116,vehicle.mitsubishi.fusorosa,80.5923968622874,-38.0812034606934,136.190994262695,-127.732971191406
998,154.277946759015,116,vehicle.mitsubishi.fusorosa,81.8690535807251,-38.081226348877,136.191009521484,-127.732398986816
998,154.289999160916,116,vehicle.mitsubishi.fusorosa,82.7643076012407,-38.0812492370605,136.191009521484,-127.731864929199
998,154.302170358598,116,vehicle.mitsubishi.fusorosa,83.8826742621949,-38.0812721252441,136.191024780273,-127.731140136719
998,154.314084157348,116,vehicle.mitsubishi.fusorosa,82.7555131633089,-38.0812950134277,136.191024780273,-127.730529785156
998,154.326631858945,116,vehicle.mitsubishi.fusorosa,85.2321395539341,-38.0813140869141,136.191055297852,-127.729942321777
999,154.33867906034,116,vehicle.mitsubishi.fusorosa,83.2820919753651,-38.0813407897949,136.191055297852,-127.729202270508
999,154.350931160152,116,vehicle.mitsubishi.fusorosa,83.5737895172492,-38.0813636779785,136.19108581543,-127.72868347168
999,154.363405358046,116,vehicle.mitsubishi.fusorosa,85.4535958518422,-38.0813903808594,136.19108581543,-127.727989196777
999,154.375454559922,116,vehicle.mitsubishi.fusorosa,83.5662445886028,-38.081413269043,136.191101074219,-127.72730255127
999,154.387556258589,116,vehicle.mitsubishi.fusorosa,83.5809430066193,-38.0814437866211,136.191116333008,-127.726554870605
999,154.39923465997,116,vehicle.mitsubishi.fusorosa,81.6775035205361,-38.0814628601074,136.191131591797,-127.725898742676
999,154.41120865941,116,vehicle.mitsubishi.fusorosa,83.0000709363509,-38.0814895629883,136.191146850586,-127.725280761719
999,154.422709457576,116,vehicle.mitsubishi.fusorosa,81.4383574401204,-38.0815086364746,136.191146850586,-127.72469329834
999,154.435976859182,116,vehicle.mitsubishi.fusorosa,89.4833003431011,-38.0815315246582,136.191162109375,-127.724136352539
1000,154.44798045978,116,vehicle.mitsubishi.fusorosa,83.7062209107694,-38.0815544128418,136.191162109375,-127.72338104248
1000,154.460294660181,116,vehicle.mitsubishi.fusorosa,83.9323146821733,-38.0815849304199,136.191192626953,-127.722755432129
1000,154.472386859357,116,vehicle.mitsubishi.fusorosa,83.8246051576045,-38.0816078186035,136.191192626953,-127.722045898438
1000,154.484176259488,116,vehicle.mitsubishi.fusorosa,81.8279256085444,-38.0816345214844,136.191223144531,-127.72135925293
1000,154.49609356001,116,vehicle.mitsubishi.fusorosa,81.825616274424,-38.081657409668,136.191223144531,-127.720703125
1000,154.508005060256,116,vehicle.mitsubishi.fusorosa,81.6736541444979,-38.0816802978516,136.19123840332,-127.720039367676
1000,154.519450258464,116,vehicle.mitsubishi.fusorosa,81.3475651114942,-38.0817070007324,136.191253662109,-127.71947479248
1000,154.53146025911,116,vehicle.mitsubishi.fusorosa,82.6404997079951,-38.0817260742188,136.191253662109,-127.718887329102
1000,154.54632435739,116,vehicle.mitsubishi.fusorosa,99.1162495580431,-38.0817489624023,136.191268920898,-127.718299865723
