tick,matlabTime,carlaTime,dt,egoX,egoY,egoZ,egoYaw,egoSpeed,vxDerived,vyDerived,throttle,brake,steerDeg,targetSpeed,decisionState,selectedCandidate,k2Active,feasibleCount,cteApprox,headErrDeg,cumCollisionCount,newEventsThisTick,goalDist
1,0.6723,21.386,0.1000,-63.900,-135.420,0.000,0.0227,0.000,0.000,0.000,1.000,0.000,0.00,4.00,cruise,8,0,15,0.000,-0.00,0,0,68.368
2,0.8302,21.961,0.6189,-63.900,-135.420,0.000,0.0227,0.000,0.000,0.000,1.000,0.000,0.00,4.00,cruise,8,0,15,0.000,-0.00,0,0,68.368
3,0.9274,22.092,0.1550,-63.900,-135.420,0.000,0.0227,0.000,0.000,0.000,1.000,0.000,0.00,4.00,cruise,8,0,15,0.000,-0.00,0,0,68.368
4,1.0205,22.212,0.1144,-63.900,-135.420,0.000,0.0227,0.000,0.000,0.000,1.000,0.000,0.00,3.20,merge,8,0,15,0.000,-0.00,0,0,68.368
5,1.2207,22.332,0.1109,-63.900,-135.420,0.000,0.0227,0.004,0.004,0.000,1.000,0.000,-6.66,3.20,merge,6,0,11,0.000,-0.00,0,0,68.368
6,1.2712,22.474,0.1576,-63.703,-135.416,0.000,0.0220,2.316,2.315,0.051,0.442,0.000,0.08,3.20,merge,8,0,13,0.001,-0.04,0,0,68.202
7,1.3799,22.587,0.1089,-63.380,-135.423,0.000,0.0126,3.259,3.259,0.041,0.000,0.010,1.17,3.20,merge,8,0,10,0.015,-0.58,0,0,67.937
8,1.4889,22.699,0.1106,-62.986,-135.416,0.000,0.0148,3.662,3.662,0.054,0.000,0.077,7.32,3.20,merge,9,0,7,0.017,-0.45,0,0,67.607
9,1.5900,22.810,0.1108,-62.581,-135.395,0.000,0.0257,3.616,3.614,0.093,0.000,0.069,0.68,3.20,merge,8,0,8,0.005,0.18,0,0,67.261
10,1.7013,22.924,0.1094,-62.183,-135.359,0.000,0.0425,3.456,3.452,0.147,0.000,0.043,5.72,3.20,merge,9,0,7,0.022,1.13,0,0,66.911
11,1.8170,23.036,0.1109,-61.808,-135.329,0.000,0.0529,3.271,3.267,0.173,0.000,0.012,12.37,3.20,merge,15,0,1,0.044,1.73,0,0,66.585
12,1.9216,23.137,0.1086,-61.490,-135.278,0.000,0.0775,3.093,3.084,0.239,0.054,0.000,5.86,3.20,merge,4,1,0,0.088,3.14,0,0,66.295
13,2.0230,23.245,0.1086,-61.175,-135.207,0.000,0.1080,2.975,2.958,0.321,0.112,0.000,-0.66,3.20,merge,5,1,0,0.151,4.89,0,0,65.996
14,2.1416,23.360,0.1120,-60.842,-135.158,0.000,0.1150,2.882,2.863,0.331,0.159,0.000,-7.38,3.20,merge,1,1,0,0.193,5.29,0,0,65.694
15,2.2602,23.475,0.1112,-60.514,-135.133,0.000,0.1049,2.819,2.803,0.295,0.191,0.000,-14.05,3.20,merge,1,1,0,0.210,4.71,0,0,65.413
16,2.3570,23.578,0.1114,-60.227,-135.140,0.000,0.0779,2.776,2.768,0.216,0.212,0.000,-20.73,3.20,merge,1,1,0,0.196,3.16,0,0,65.182
17,2.4768,23.690,0.1082,-59.928,-135.187,0.000,0.0287,2.732,2.730,0.078,0.234,0.000,-27.23,3.20,merge,1,1,0,0.143,0.34,0,0,64.965
18,2.5872,23.806,0.1117,-59.636,-135.280,0.000,-0.0423,2.688,2.685,-0.114,0.256,0.000,-20.52,3.20,merge,15,1,0,0.043,-3.72,0,0,64.782
19,2.6974,23.916,0.1098,-59.369,-135.398,0.000,-0.1145,2.793,2.775,-0.319,0.004,0.000,-13.93,2.80,avoid,15,1,0,0.081,-7.86,0,0,64.634
20,2.8069,24.025,0.1110,-59.087,-135.514,0.000,-0.1689,2.857,2.816,-0.480,0.000,0.010,-7.27,2.80,avoid,15,1,0,0.203,-10.98,0,0,64.474
21,2.9113,24.133,0.1100,-58.803,-135.615,0.000,-0.2026,2.791,2.734,-0.562,0.004,0.000,-0.67,2.80,avoid,15,1,0,0.311,-12.91,0,0,64.305
22,3.0575,24.253,0.1117,-58.487,-135.703,0.000,-0.2158,2.662,2.600,-0.570,0.069,0.000,6.03,2.80,avoid,15,1,0,0.406,-13.67,0,0,64.104
23,3.1465,24.364,0.1120,-58.205,-135.763,0.000,-0.2139,2.539,2.481,-0.539,0.130,0.000,12.75,2.80,avoid,14,0,2,0.472,-13.55,0,0,63.913
24,3.2534,24.473,0.1095,-57.938,-135.790,0.000,-0.1917,2.437,2.393,-0.464,0.181,0.000,19.32,2.80,avoid,14,0,2,0.505,-12.28,0,0,63.716
25,3.3782,24.593,0.1110,-57.651,-135.781,0.000,-0.1469,2.373,2.347,-0.347,0.214,0.000,25.98,2.80,avoid,8,0,15,0.503,-9.72,0,0,63.482
26,3.4817,24.702,0.1095,-57.405,-135.739,0.000,-0.0918,2.338,2.328,-0.214,0.231,0.000,22.65,2.80,avoid,8,0,15,0.466,-6.56,0,0,63.260
27,3.5937,24.815,0.1124,-57.156,-135.668,0.000,-0.0275,2.406,2.405,-0.066,0.197,0.000,29.39,2.80,avoid,15,1,0,0.400,-2.88,0,0,63.019
28,3.6932,24.916,0.1105,-56.934,-135.589,0.000,0.0321,2.390,2.389,0.077,0.205,0.000,35.00,2.80,avoid,15,1,0,0.327,0.54,0,0,62.795
29,3.8155,25.029,0.1111,-56.716,-135.463,0.000,0.1164,2.316,2.301,0.269,0.242,0.000,35.00,2.80,avoid,15,1,0,0.206,5.37,0,0,62.545
30,3.9258,25.146,0.1121,-56.524,-135.297,0.000,0.2157,2.344,2.290,0.502,0.228,0.000,28.27,2.80,avoid,1,1,0,0.044,11.06,0,0,62.291
31,4.0424,25.261,0.1104,-56.332,-135.119,0.000,0.3047,2.473,2.359,0.742,0.164,0.000,21.65,2.80,avoid,1,1,0,0.129,16.16,0,0,62.031
32,4.1480,25.365,0.1112,-56.141,-134.953,0.000,0.3731,2.568,2.392,0.936,0.116,0.000,14.98,2.80,avoid,1,1,0,0.291,20.08,0,0,61.778
33,4.2518,25.471,0.1101,-55.931,-134.785,0.000,0.4256,2.619,2.385,1.081,0.091,0.000,8.37,2.80,avoid,1,1,0,0.454,23.09,0,0,61.510
34,4.3784,25.594,0.1090,-55.666,-134.602,0.000,0.4621,2.612,2.338,1.164,0.094,0.000,1.83,2.80,avoid,1,1,0,0.631,25.17,0,0,61.188
35,4.4967,25.704,0.1110,-55.426,-134.453,0.000,0.4785,2.568,2.280,1.182,0.116,0.000,-4.83,2.80,avoid,1,0,1,0.774,26.11,0,0,60.907
36,4.5932,25.811,0.1121,-55.187,-134.330,0.000,0.4767,2.514,2.233,1.153,0.143,0.000,-11.55,2.80,avoid,2,0,2,0.892,26.01,0,0,60.642
37,4.6985,25.916,0.1113,-54.946,-134.232,0.000,0.4588,2.464,2.209,1.091,0.168,0.000,-4.87,2.80,avoid,15,1,0,0.984,24.99,0,0,60.391
38,4.8173,26.034,0.1095,-54.672,-134.134,0.000,0.4367,2.473,2.241,1.046,0.163,0.000,-11.44,2.80,avoid,5,1,0,1.076,23.72,0,0,60.114
39,4.9195,26.137,0.1097,-54.433,-134.050,0.000,0.4190,2.461,2.248,1.001,0.170,0.000,-18.03,2.80,avoid,1,1,0,1.155,22.71,0,0,59.873
40,5.0252,26.244,0.1105,-54.183,-133.994,0.000,0.3825,2.413,2.239,0.901,0.193,0.000,-24.65,2.80,avoid,8,0,10,1.206,20.61,0,0,59.641
41,5.1399,26.358,0.1114,-53.917,-133.970,0.000,0.3276,2.375,2.249,0.764,0.212,0.000,-31.34,2.80,avoid,8,0,10,1.223,17.47,0,0,59.417
42,5.2494,26.469,0.1098,-53.665,-133.989,0.000,0.2575,2.324,2.248,0.592,0.238,0.000,-35.00,2.80,avoid,8,0,10,1.198,13.45,0,0,59.230
43,5.3579,26.575,0.1070,-53.444,-134.050,0.000,0.1758,2.287,2.252,0.400,0.256,0.000,-35.00,2.80,avoid,8,0,10,1.133,8.78,0,0,59.093
44,5.4728,26.692,0.1106,-53.215,-134.153,0.000,0.0774,2.341,2.334,0.181,0.229,0.000,-31.15,2.80,avoid,8,0,15,1.024,3.13,0,0,58.978
45,5.5828,26.803,0.1098,-52.994,-134.270,0.000,-0.0140,2.459,2.459,-0.034,0.170,0.000,-35.00,2.80,avoid,1,1,0,0.902,-2.10,0,0,58.878
46,5.6844,26.904,0.1094,-52.794,-134.392,0.000,-0.0977,2.444,2.432,-0.238,0.178,0.000,-35.00,2.80,avoid,1,1,0,0.776,-6.90,0,0,58.799
47,5.7987,27.017,0.1101,-52.598,-134.556,0.000,-0.1976,2.453,2.405,-0.482,0.173,0.000,-28.40,2.80,avoid,15,1,0,0.608,-12.62,0,0,58.749
48,5.9052,27.126,0.1092,-52.409,-134.731,0.000,-0.2888,2.548,2.442,-0.726,0.126,0.000,-21.85,2.80,avoid,15,1,0,0.428,-17.85,0,0,58.714
49,6.0139,27.234,0.1070,-52.204,-134.904,0.000,-0.3607,2.614,2.446,-0.923,0.093,0.000,-15.43,2.80,avoid,15,1,0,0.250,-21.97,0,0,58.666
50,6.1212,27.341,0.1121,-51.987,-135.072,0.000,-0.4138,2.634,2.411,-1.059,0.083,0.000,-8.70,2.80,avoid,15,1,0,0.078,-25.01,0,0,58.606
51,6.2396,27.459,0.1087,-51.734,-135.248,0.000,-0.4520,2.610,2.348,-1.140,0.095,0.000,-2.18,2.80,avoid,15,1,0,0.104,-27.20,0,0,58.526
52,6.3447,27.563,0.1102,-51.505,-135.387,0.000,-0.4681,2.569,2.293,-1.159,0.115,0.000,0.93,2.80,avoid,3,1,0,0.249,-28.12,0,0,58.441
53,6.4582,27.678,0.1099,-51.244,-135.522,0.000,-0.4692,2.527,2.254,-1.142,0.137,0.000,7.53,2.80,avoid,11,0,5,0.389,-28.18,0,0,58.331
54,6.5613,27.781,0.1086,-51.010,-135.629,0.000,-0.4612,2.487,2.227,-1.107,0.156,0.000,14.04,2.80,avoid,11,0,5,0.502,-27.73,0,0,58.224
55,6.6756,27.897,0.1085,-50.741,-135.718,0.000,-0.4323,2.440,2.216,-1.022,0.180,0.000,20.55,2.80,avoid,8,0,9,0.597,-26.07,0,0,58.079
56,6.7792,28.000,0.1090,-50.499,-135.767,0.000,-0.3920,2.402,2.220,-0.918,0.199,0.000,27.09,2.80,avoid,10,0,6,0.651,-23.76,0,0,57.930
57,6.8844,28.105,0.1077,-50.255,-135.782,0.000,-0.3356,2.354,2.222,-0.775,0.223,0.000,33.55,2.80,avoid,8,0,11,0.671,-20.53,0,0,57.757
58,6.9942,28.216,0.1095,-50.010,-135.753,0.000,-0.2594,2.290,2.214,-0.588,0.255,0.000,35.00,2.80,avoid,8,0,10,0.648,-16.16,0,0,57.555
59,7.1066,28.326,0.1110,-49.787,-135.682,0.000,-0.1703,2.299,2.265,-0.390,0.251,0.000,35.00,2.80,avoid,13,0,3,0.582,-11.06,0,0,57.340
60,7.2142,28.436,0.1091,-49.570,-135.582,0.000,-0.0764,2.361,2.354,-0.180,0.219,0.000,35.00,2.80,avoid,15,1,0,0.487,-5.68,0,0,57.112
61,7.3281,28.545,0.1100,-49.362,-135.461,0.000,0.0184,2.419,2.419,0.045,0.190,0.000,28.40,2.80,avoid,8,0,8,0.371,-0.25,0,0,56.876
62,7.4426,28.663,0.1117,-49.129,-135.313,0.000,0.1150,2.540,2.523,0.291,0.130,0.000,21.70,2.80,avoid,8,0,8,0.228,5.29,0,0,56.605
63,7.5443,28.764,0.1103,-48.910,-135.185,0.000,0.1835,2.619,2.575,0.478,0.091,0.000,15.08,2.80,avoid,8,0,9,0.105,9.21,0,0,56.356
64,7.6615,28.881,0.1098,-48.644,-135.046,0.000,0.2408,2.644,2.568,0.631,0.078,0.000,8.49,2.80,avoid,6,0,6,0.028,12.50,0,0,56.065
65,7.7679,28.988,0.1108,-48.389,-134.928,0.000,0.2762,2.623,2.524,0.715,0.088,0.000,1.84,2.80,avoid,7,0,7,0.140,14.52,0,0,55.797
66,7.8802,29.098,0.1113,-48.125,-134.826,0.000,0.2923,2.574,2.465,0.742,0.113,0.000,-4.83,2.80,avoid,5,0,5,0.236,15.45,0,0,55.533
67,7.9908,29.210,0.1118,-47.852,-134.746,0.000,0.2896,2.512,2.408,0.717,0.144,0.000,-11.54,2.80,avoid,4,0,4,0.310,15.29,0,0,55.277
68,8.1023,29.320,0.1109,-47.584,-134.694,0.000,0.2697,2.456,2.368,0.654,0.172,0.000,-18.19,2.80,avoid,1,0,1,0.355,14.15,0,0,55.045
69,8.2069,29.429,0.1089,-47.323,-134.674,0.000,0.2339,2.408,2.343,0.558,0.196,0.000,-24.73,2.80,avoid,2,0,2,0.369,12.10,0,0,54.839
70,8.3280,29.547,0.1109,-47.049,-134.693,0.000,0.1759,2.359,2.322,0.413,0.221,0.000,-31.38,2.80,avoid,2,0,2,0.344,8.78,0,0,54.651
71,8.4273,29.648,0.1102,-46.825,-134.744,0.000,0.1123,2.321,2.306,0.260,0.239,0.000,-35.00,2.80,avoid,1,0,1,0.288,5.14,0,0,54.522
72,8.5431,29.762,0.1094,-46.601,-134.844,0.000,0.0245,2.281,2.280,0.056,0.259,0.000,-35.00,2.80,avoid,1,0,1,0.183,0.10,0,0,54.427
73,8.6591,29.879,0.1095,-46.391,-134.980,0.000,-0.0738,2.339,2.332,-0.172,0.231,0.000,-35.00,2.80,avoid,1,1,0,0.042,-5.53,0,0,54.369
74,8.7673,29.988,0.1100,-46.205,-135.131,0.000,-0.1681,2.403,2.369,-0.402,0.198,0.000,-28.40,2.80,avoid,15,1,0,0.112,-10.93,0,0,54.338
75,8.8766,30.097,0.1102,-46.014,-135.297,0.000,-0.2575,2.530,2.447,-0.644,0.135,0.000,-21.78,2.80,avoid,15,1,0,0.283,-16.05,0,0,54.316
76,8.9838,30.203,0.1102,-45.806,-135.461,0.000,-0.3285,2.618,2.478,-0.845,0.091,0.000,-15.17,2.80,avoid,15,1,0,0.452,-20.12,0,0,54.282
77,9.0927,30.313,0.1111,-45.577,-135.627,0.000,-0.3829,2.645,2.454,-0.988,0.077,0.000,-8.50,2.80,avoid,14,1,0,0.622,-23.24,0,0,54.235
78,9.2084,30.428,0.1091,-45.324,-135.790,0.000,-0.4195,2.623,2.396,-1.069,0.088,0.000,-1.96,2.80,avoid,8,1,0,0.791,-25.34,0,0,54.171
79,9.3129,30.534,0.1099,-45.085,-135.924,0.000,-0.4354,2.576,2.336,-1.086,0.000,0.429,4.64,0.00,emergency_stop,14,0,1,0.931,-26.25,0,0,54.097
80,9.4250,30.646,0.1115,-44.829,-136.041,0.000,-0.4327,2.408,2.186,-1.010,0.000,0.401,11.33,0.00,emergency_stop,10,0,6,1.054,-26.09,0,0,54.001
81,9.5378,30.758,0.1091,-44.589,-136.123,0.000,-0.4140,2.135,1.954,-0.859,0.000,0.356,17.88,0.00,emergency_stop,11,0,5,1.141,-25.02,0,0,53.892
82,9.6516,30.869,0.1105,-44.375,-136.170,0.000,-0.3831,1.875,1.739,-0.701,0.000,0.312,24.51,0.00,emergency_stop,8,0,11,1.193,-23.25,0,0,53.777
83,9.7510,30.971,0.1110,-44.200,-136.186,0.000,-0.3470,1.649,1.550,-0.561,0.000,0.275,31.17,0.00,emergency_stop,8,0,15,1.213,-21.18,0,0,53.667
84,9.8714,31.088,0.1083,-44.034,-136.174,0.000,-0.2977,1.285,1.228,-0.377,0.000,0.214,35.00,0.00,emergency_stop,8,0,15,1.204,-18.36,0,0,53.543
85,9.9841,31.200,0.1101,-43.935,-136.139,0.000,-0.2487,0.807,0.782,-0.199,0.000,0.134,35.00,0.00,emergency_stop,8,0,15,1.172,-15.55,0,0,53.450
86,10.0800,31.299,0.1096,-43.916,-136.120,0.000,-0.2329,0.001,0.001,-0.000,0.000,0.000,35.00,0.00,emergency_stop,8,0,8,1.153,-14.65,0,0,53.423
87,10.1977,31.419,0.1110,-43.916,-136.120,0.000,-0.2329,0.001,0.000,-0.000,0.000,0.000,35.00,0.00,emergency_stop,14,0,2,1.153,-14.65,0,0,53.423
88,10.3015,31.524,0.1095,-43.916,-136.120,0.000,-0.2329,0.000,0.000,-0.000,0.000,0.000,35.00,0.00,emergency_stop,14,0,2,1.153,-14.65,0,0,53.423
89,10.4151,31.630,0.1101,-43.916,-136.119,0.000,-0.2329,0.000,0.000,-0.000,0.000,0.000,35.00,0.00,emergency_stop,14,0,2,1.153,-14.65,0,0,53.422
90,10.5305,31.748,0.1104,-43.916,-136.119,0.000,-0.2329,0.000,0.000,-0.000,0.000,0.000,35.00,0.00,emergency_stop,14,0,2,1.153,-14.65,0,0,53.422
91,10.6382,31.858,0.1095,-43.916,-136.119,0.000,-0.2329,0.000,0.000,-0.000,0.000,0.000,28.43,0.00,emergency_stop,4,0,4,1.153,-14.65,0,0,53.422
92,10.7496,31.965,0.1094,-43.916,-136.119,0.000,-0.2329,0.000,0.000,-0.000,0.000,0.000,21.87,0.00,emergency_stop,4,0,4,1.153,-14.65,0,0,53.422
93,10.8514,32.073,0.1096,-43.916,-136.119,0.000,-0.2329,0.000,0.000,-0.000,0.300,0.000,16.22,0.60,brake,4,0,4,1.153,-14.65,0,0,53.422
94,10.9613,32.180,0.1102,-43.916,-136.119,0.000,-0.2330,0.025,0.024,-0.006,0.288,0.000,9.60,0.60,brake,2,0,1,1.153,-14.65,0,0,53.423
95,11.0775,32.298,0.1112,-43.914,-136.120,0.000,-0.2327,0.052,0.051,-0.012,0.274,0.000,16.27,0.60,brake,6,0,5,1.153,-14.63,0,0,53.421
96,11.1835,32.405,0.1092,-43.898,-136.120,0.000,-0.2303,0.240,0.234,-0.055,0.180,0.000,22.83,0.60,brake,6,0,5,1.154,-14.50,0,0,53.410
97,11.2938,32.515,0.1103,-43.864,-136.119,0.000,-0.2236,0.383,0.374,-0.085,0.108,0.000,29.44,0.60,brake,7,0,6,1.153,-14.11,0,0,53.387
98,11.4002,32.621,0.1094,-43.823,-136.112,0.000,-0.2125,0.456,0.446,-0.096,0.072,0.000,35.00,0.60,brake,7,0,6,1.148,-13.47,0,0,53.353
99,11.5127,32.733,0.1076,-43.779,-136.098,0.000,-0.1960,0.463,0.454,-0.090,0.068,0.000,35.00,0.60,brake,10,0,8,1.135,-12.53,0,0,53.313
100,11.6107,32.832,0.1058,-43.742,-136.082,0.000,-0.1794,0.465,0.458,-0.083,0.067,0.000,35.00,0.60,brake,13,0,6,1.120,-11.58,0,0,53.275
101,11.7254,32.942,0.1059,-43.701,-136.063,0.000,-0.1608,0.467,0.461,-0.075,0.066,0.000,28.65,0.60,brake,3,0,3,1.101,-10.51,0,0,53.233
102,11.8289,33.050,0.1092,-43.658,-136.046,0.000,-0.1440,0.483,0.478,-0.069,0.058,0.000,22.09,0.60,brake,1,1,0,1.085,-9.55,0,0,53.191
103,11.9388,33.159,0.1110,-43.611,-136.033,0.000,-0.1306,0.495,0.491,-0.064,0.053,0.000,15.43,0.60,brake,3,0,3,1.073,-8.78,0,0,53.150
104,12.0596,33.280,0.1111,-43.555,-136.024,0.000,-0.1196,0.496,0.493,-0.059,0.052,0.000,8.77,0.60,brake,4,0,4,1.066,-8.15,0,0,53.105
105,12.1823,33.389,0.1087,-43.505,-136.021,0.000,-0.1133,0.498,0.494,-0.056,0.051,0.000,2.25,0.60,brake,4,0,4,1.064,-7.79,0,0,53.068
106,12.2702,33.487,0.1082,-43.460,-136.021,0.000,-0.1102,0.484,0.481,-0.053,0.058,0.000,8.74,0.60,brake,8,0,8,1.065,-7.62,0,0,53.037
107,12.3792,33.598,0.1102,-43.409,-136.023,0.000,-0.1076,0.474,0.471,-0.051,1.000,0.000,15.36,2.80,avoid,7,0,7,1.068,-7.47,0,0,53.004
108,12.4963,33.716,0.1105,-43.356,-136.020,0.000,-0.1012,0.513,0.511,-0.052,1.000,0.000,21.99,2.80,avoid,6,0,6,1.066,-7.10,0,0,52.965
109,12.6033,33.823,0.1100,-43.287,-136.009,0.000,-0.0880,0.862,0.859,-0.076,0.969,0.000,15.39,2.80,avoid,2,0,2,1.056,-6.34,0,0,52.909
110,12.7079,33.930,0.1096,-43.165,-135.986,0.000,-0.0648,1.504,1.501,-0.097,0.648,0.000,19.16,2.80,avoid,6,0,6,1.036,-5.01,0,0,52.809
111,12.8296,34.049,0.1115,-42.948,-135.943,0.000,-0.0250,2.202,2.201,-0.055,0.299,0.000,12.47,2.80,avoid,2,1,0,0.998,-2.73,0,0,52.629
112,12.9287,34.148,0.1103,-42.715,-135.890,0.000,0.0144,2.634,2.634,0.038,0.000,0.339,5.85,0.60,brake,1,1,0,0.950,-0.47,0,0,52.432
113,13.0405,34.260,0.1122,-42.413,-135.840,0.000,0.0438,2.746,2.743,0.120,0.000,0.358,-0.88,0.60,brake,1,1,0,0.907,1.21,0,0,52.190
114,13.1530,34.372,0.1111,-42.118,-135.812,0.000,0.0520,2.560,2.557,0.133,0.000,0.327,-7.54,0.60,brake,1,1,0,0.886,1.68,0,0,51.970
115,13.2634,34.483,0.1109,-41.848,-135.809,0.000,0.0434,2.324,2.322,0.101,0.000,0.287,-14.20,0.60,brake,1,1,0,0.889,1.19,0,0,51.786
116,13.3909,34.607,0.1094,-41.580,-135.837,0.000,0.0153,2.056,2.056,0.031,0.000,0.243,-20.76,0.60,brake,2,0,2,0.923,-0.42,0,0,51.626
117,13.5035,34.719,0.1096,-41.372,-135.885,0.000,-0.0212,1.830,1.830,-0.039,0.000,0.205,-14.19,0.60,brake,15,1,0,0.976,-2.52,0,0,51.523
118,13.6058,34.827,0.1090,-41.194,-135.938,0.000,-0.0553,1.697,1.694,-0.094,0.000,0.183,-7.65,0.60,brake,15,1,0,1.033,-4.47,0,0,51.445
119,13.7142,34.935,0.1116,-41.025,-135.978,0.000,-0.0756,1.558,1.554,-0.118,0.000,0.160,-0.95,0.60,brake,10,1,0,1.077,-5.63,0,0,51.362
120,13.8257,35.046,0.1100,-40.864,-136.002,0.000,-0.0833,1.410,1.406,-0.117,0.000,0.135,5.65,0.60,brake,15,1,0,1.105,-6.07,0,0,51.274
121,13.9581,35.176,0.1112,-40.691,-136.012,0.000,-0.0790,1.248,1.244,-0.099,0.000,0.108,12.32,0.60,brake,15,1,0,1.118,-5.83,0,0,51.167
122,14.0668,35.285,0.1095,-40.643,-136.012,0.000,-0.0754,0.000,0.000,-0.000,0.300,0.000,5.75,0.60,brake,2,1,0,1.119,-5.62,0,0,51.136
123,14.1770,35.393,0.1103,-40.641,-136.012,0.000,-0.0752,0.008,0.008,-0.001,0.296,0.000,-0.86,0.60,brake,1,1,0,1.119,-5.61,0,0,51.135
124,14.2838,35.500,0.1099,-40.628,-136.013,0.000,-0.0751,0.174,0.174,-0.013,0.213,0.000,-7.46,0.60,brake,1,1,0,1.120,-5.60,0,0,51.127
125,14.3964,35.610,0.1101,-40.598,-136.017,0.000,-0.0765,0.344,0.343,-0.026,0.128,0.000,-0.85,0.60,brake,8,0,15,1.125,-5.68,0,0,51.110
126,14.5017,35.719,0.1121,-40.555,-136.023,0.000,-0.0781,0.430,0.428,-0.034,1.000,0.000,5.88,2.80,avoid,8,0,10,1.132,-5.77,0,0,51.086
127,14.6090,35.828,0.1088,-40.501,-136.025,0.000,-0.0768,0.541,0.539,-0.041,1.000,0.000,12.40,2.80,avoid,10,0,7,1.136,-5.70,0,0,51.053
128,14.7310,35.947,0.1106,-40.409,-136.020,0.000,-0.0678,1.037,1.035,-0.070,0.881,0.000,19.04,2.80,avoid,10,0,7,1.133,-5.18,0,0,50.989
129,14.8365,36.054,0.1109,-40.267,-135.999,0.000,-0.0456,1.654,1.653,-0.075,0.573,0.000,25.70,2.80,avoid,8,0,11,1.115,-3.91,0,0,50.880
130,14.9457,36.163,0.1108,-40.066,-135.943,0.000,0.0002,2.184,2.184,0.000,0.308,0.000,19.05,2.80,avoid,1,1,0,1.064,-1.29,0,0,50.706
131,15.0583,36.276,0.1110,-39.816,-135.853,0.000,0.0607,2.596,2.591,0.157,0.000,0.333,12.39,0.60,brake,1,1,0,0.980,2.18,0,0,50.476
132,15.1685,36.386,0.1111,-39.539,-135.765,0.000,0.1078,2.700,2.684,0.290,0.000,0.350,19.05,0.60,brake,11,1,0,0.897,4.88,0,0,50.228
133,15.2782,36.495,0.1120,-39.272,-135.675,0.000,0.1496,2.480,2.452,0.370,0.000,0.313,25.77,0.60,brake,12,1,0,0.814,7.27,0,0,49.987
134,15.3958,36.611,0.1101,-39.037,-135.557,0.000,0.2072,2.197,2.150,0.452,0.000,0.266,19.17,0.60,brake,1,1,0,0.701,10.57,0,0,49.746
135,15.5127,36.728,0.1116,-38.834,-135.429,0.000,0.2637,2.033,1.962,0.530,0.000,0.239,25.86,0.60,brake,11,1,0,0.578,13.81,0,0,49.517
136,15.6330,36.848,0.1079,-38.650,-135.306,0.000,0.3134,1.786,1.699,0.551,0.000,0.198,19.39,0.60,brake,1,1,0,0.458,16.66,0,0,49.304
137,15.7513,36.959,0.1076,-38.524,-135.202,0.000,0.3596,1.255,1.175,0.442,0.000,0.109,25.85,0.60,brake,12,1,0,0.358,19.30,0,0,49.144
138,15.8473,37.059,0.1071,-38.466,-135.154,0.000,0.3812,0.013,0.012,0.005,0.293,0.000,19.42,0.60,brake,11,1,0,0.311,20.54,0,0,49.070
139,15.9805,37.188,0.1144,-38.461,-135.151,0.000,0.3825,0.116,0.108,0.043,0.242,0.000,12.55,0.60,brake,10,0,1,0.308,20.62,0,0,49.065
140,16.0936,37.303,0.1153,-38.443,-135.138,0.000,0.3863,0.289,0.268,0.109,0.155,0.000,5.64,0.60,brake,8,1,0,0.295,20.83,0,0,49.043
141,16.1945,37.404,0.1144,-38.413,-135.120,0.000,0.3895,0.405,0.375,0.154,0.098,0.000,9.59,0.60,brake,11,1,0,0.279,21.02,0,0,49.011
142,16.3028,37.515,0.1149,-38.370,-135.097,0.000,0.3936,0.483,0.446,0.185,0.059,0.000,2.69,0.60,brake,10,1,0,0.256,21.25,0,0,48.965
143,16.4343,37.638,0.1084,-38.318,-135.069,0.000,0.3971,0.520,0.480,0.201,0.040,0.000,-3.81,0.60,brake,10,1,0,0.229,21.45,0,0,48.910
144,16.5730,37.781,0.1273,-38.255,-135.043,0.000,0.3960,0.490,0.452,0.189,0.055,0.000,-7.11,0.60,brake,10,1,0,0.205,21.39,0,0,48.850
145,16.6848,37.896,0.1278,-38.204,-135.027,0.000,0.3926,0.487,0.450,0.186,0.057,0.000,-6.87,0.60,brake,10,1,0,0.190,21.20,0,0,48.804
146,16.7953,38.007,0.1105,-38.154,-135.012,0.000,0.3887,0.479,0.444,0.182,0.060,0.000,-0.24,0.60,brake,11,0,1,0.176,20.97,0,0,48.762
147,16.9076,38.118,0.1099,-38.107,-134.996,0.000,0.3869,0.461,0.427,0.174,0.000,0.077,5.05,0.00,emergency_stop,11,1,0,0.162,20.87,0,0,48.719
148,17.0206,38.234,0.1140,-38.092,-134.990,0.000,0.3870,0.000,0.000,0.000,0.000,0.000,11.88,0.00,emergency_stop,12,1,0,0.156,20.87,0,0,48.705
149,17.1174,38.333,0.1110,-38.092,-134.990,0.000,0.3870,0.000,0.000,0.000,0.000,0.000,18.12,0.00,emergency_stop,12,1,0,0.156,20.87,0,0,48.705
150,17.2269,38.443,0.1130,-38.092,-134.990,0.000,0.3870,0.000,0.000,0.000,0.000,0.000,24.90,0.00,emergency_stop,13,1,0,0.156,20.87,0,0,48.705
151,17.3357,38.553,0.1105,-38.092,-134.990,0.000,0.3870,0.000,0.000,0.000,0.000,0.000,30.91,0.00,emergency_stop,13,1,0,0.156,20.87,0,0,48.705
152,17.4348,38.650,0.1109,-38.092,-134.990,0.000,0.3870,0.000,0.000,0.000,0.000,0.000,35.00,0.00,emergency_stop,14,1,0,0.156,20.87,0,0,48.705
153,17.5465,38.763,0.1086,-38.092,-134.990,0.000,0.3870,0.000,0.000,0.000,0.000,0.000,35.00,0.00,emergency_stop,15,1,0,0.156,20.87,0,0,48.705
154,17.6464,38.863,0.1088,-38.092,-134.990,0.000,0.3870,0.000,0.000,0.000,0.000,0.000,35.00,0.00,emergency_stop,15,1,0,0.156,20.87,0,0,48.705
155,17.7606,38.976,0.1105,-38.092,-134.990,0.000,0.3870,0.000,0.000,0.000,0.000,0.000,28.37,0.00,emergency_stop,1,1,0,0.156,20.87,0,0,48.705
156,17.8771,39.091,0.1105,-38.092,-134.990,0.000,0.3870,0.000,0.000,0.000,0.000,0.000,21.74,0.00,emergency_stop,1,1,0,0.156,20.87,0,0,48.705
157,17.9910,39.205,0.1102,-38.092,-134.990,0.000,0.3870,0.000,0.000,0.000,0.000,0.000,15.12,0.00,emergency_stop,1,1,0,0.156,20.87,0,0,48.705
158,18.0892,39.305,0.1093,-38.092,-134.990,0.000,0.3870,0.000,0.000,0.000,0.000,0.000,21.68,0.00,emergency_stop,13,0,4,0.156,20.87,0,0,48.705
159,18.1976,39.415,0.1110,-38.092,-134.990,0.000,0.3870,0.000,0.000,0.000,0.000,0.000,28.34,0.00,emergency_stop,14,0,2,0.156,20.87,0,0,48.705
160,18.3062,39.525,0.1113,-38.092,-134.990,0.000,0.3870,0.000,0.000,0.000,0.000,0.000,21.66,0.00,emergency_stop,3,0,4,0.156,20.87,0,0,48.705
161,18.4154,39.635,0.1104,-38.092,-134.990,0.000,0.3870,0.000,0.000,0.000,0.000,0.000,15.03,0.00,emergency_stop,3,0,4,0.156,20.87,0,0,48.705
162,18.5392,39.757,0.1110,-38.092,-134.990,0.000,0.3870,0.000,0.000,0.000,0.000,0.000,8.37,0.00,emergency_stop,4,0,4,0.156,20.87,0,0,48.705
163,18.6486,39.865,0.1093,-38.092,-134.990,0.000,0.3870,0.000,0.000,0.000,0.000,0.000,1.82,0.00,emergency_stop,4,0,4,0.156,20.87,0,0,48.705
164,18.7562,39.975,0.1100,-38.092,-134.990,0.000,0.3870,0.000,0.000,0.000,0.000,0.000,-4.78,0.00,emergency_stop,5,0,5,0.156,20.87,0,0,48.705
165,18.8663,40.084,0.1090,-38.092,-134.990,0.000,0.3870,0.000,0.000,0.000,0.000,0.000,-11.32,0.00,emergency_stop,4,0,4,0.156,20.87,0,0,48.705
166,18.9766,40.194,0.1088,-38.092,-134.990,0.000,0.3870,0.000,0.000,0.000,0.000,0.000,-17.85,0.00,emergency_stop,4,0,4,0.156,20.87,0,0,48.705
167,19.0886,40.303,0.1103,-38.092,-134.990,0.000,0.3870,0.000,0.000,0.000,0.000,0.000,-24.47,0.00,emergency_stop,1,0,1,0.156,20.87,0,0,48.705
168,19.1987,40.413,0.1091,-38.092,-134.990,0.000,0.3870,0.000,0.000,0.000,0.000,0.000,-31.02,0.00,emergency_stop,4,0,4,0.156,20.87,0,0,48.705
169,19.3070,40.523,0.1093,-38.092,-134.990,0.000,0.3870,0.000,0.000,0.000,0.300,0.000,-35.00,0.60,brake,4,0,4,0.156,20.87,0,0,48.705
170,19.4164,40.632,0.1090,-38.091,-134.991,0.000,0.3869,0.030,0.028,0.011,0.285,0.000,-35.00,0.60,brake,2,0,2,0.156,20.87,0,0,48.705
171,19.5250,40.742,0.1104,-38.090,-134.991,0.000,0.3862,0.059,0.054,0.022,0.271,0.000,-35.00,0.60,brake,2,0,2,0.156,20.83,0,0,48.704
172,19.6357,40.852,0.1119,-38.077,-134.993,0.000,0.3807,0.213,0.198,0.079,0.194,0.000,-35.00,0.60,brake,1,0,1,0.159,20.51,0,0,48.698
173,19.7500,40.965,0.1105,-38.051,-134.999,0.000,0.3697,0.312,0.291,0.113,0.144,0.000,-35.00,0.60,brake,2,0,2,0.165,19.88,0,0,48.685
174,19.8563,41.075,0.1090,-38.014,-135.007,0.000,0.3542,0.413,0.387,0.143,0.094,0.000,-35.00,0.60,brake,3,0,3,0.174,18.99,0,0,48.669
175,19.9632,41.183,0.1105,-37.973,-135.018,0.000,0.3365,0.440,0.415,0.145,0.080,0.000,-35.00,0.60,brake,4,0,4,0.186,17.98,0,0,48.651
176,20.0721,41.291,0.1086,-37.929,-135.031,0.000,0.3175,0.454,0.432,0.142,0.073,0.000,-35.00,0.60,brake,2,0,2,0.200,16.89,0,0,48.632
177,20.1845,41.398,0.1101,-37.885,-135.044,0.000,0.2987,0.459,0.439,0.135,0.070,0.000,-28.39,0.60,brake,14,0,1,0.215,15.81,0,0,48.615
178,20.2882,41.501,0.1115,-37.841,-135.056,0.000,0.2819,0.460,0.442,0.128,0.070,0.000,-21.70,0.60,brake,15,1,0,0.227,14.85,0,0,48.596
179,20.4043,41.621,0.1110,-37.786,-135.062,0.000,0.2672,0.466,0.449,0.123,0.067,0.000,-15.05,0.60,brake,15,0,1,0.235,14.01,0,0,48.567
180,20.5081,41.724,0.1104,-37.737,-135.064,0.000,0.2574,0.489,0.473,0.125,0.055,0.000,-8.42,0.60,brake,15,0,1,0.237,13.45,0,0,48.536
181,20.6206,41.838,0.1107,-37.680,-135.059,0.000,0.2503,0.496,0.481,0.123,0.052,0.000,-1.77,0.60,brake,15,1,0,0.234,13.04,0,0,48.497
182,20.7395,41.955,0.1105,-37.622,-135.050,0.000,0.2472,0.484,0.470,0.119,0.058,0.000,-8.41,0.60,brake,3,1,0,0.226,12.87,0,0,48.453
183,20.8433,42.058,0.1090,-37.573,-135.040,0.000,0.2451,0.470,0.456,0.114,1.000,0.000,-14.94,2.80,avoid,2,1,0,0.217,12.74,0,0,48.414
184,20.9600,42.177,0.1103,-37.515,-135.035,0.000,0.2383,0.507,0.493,0.120,1.000,0.000,-21.56,2.80,avoid,1,1,0,0.214,12.36,0,0,48.374
185,21.0706,42.281,0.1106,-37.458,-135.036,0.000,0.2297,0.474,0.461,0.108,1.000,0.000,-28.20,2.80,avoid,1,1,0,0.216,11.86,4,4,48.338
186,21.1941,42.396,0.1101,-37.429,-135.036,0.000,0.2276,0.189,0.184,0.043,1.000,0.000,-34.81,2.80,avoid,1,1,0,0.217,11.74,13,9,48.321
187,21.2741,42.488,0.1000,-37.409,-135.036,0.000,0.2261,0.236,0.230,0.053,1.000,0.000,-28.80,2.80,avoid,15,1,0,0.217,11.66,20,7,48.308
188,21.3813,42.591,0.1031,-37.369,-135.043,0.000,0.2163,0.523,0.511,0.112,1.000,0.000,-22.62,2.80,avoid,13,0,3,0.225,11.09,28,8,48.289
189,21.4930,42.702,0.1084,-37.298,-135.051,0.000,0.2009,0.957,0.938,0.191,0.921,0.000,-16.12,2.80,avoid,13,0,3,0.234,10.21,33,5,48.250
190,21.6001,42.815,0.1120,-37.163,-135.058,0.000,0.1813,1.345,1.323,0.243,0.727,0.000,-9.40,2.80,avoid,14,0,3,0.244,9.09,42,9,48.171
191,21.7129,42.926,0.1104,-37.013,-135.051,0.000,0.1705,1.388,1.368,0.236,0.706,0.000,-2.77,2.80,avoid,14,0,4,0.241,8.47,51,9,48.072
192,21.8152,43.030,0.1115,-36.872,-135.034,0.000,0.1669,1.362,1.343,0.226,0.719,0.000,-9.46,2.80,avoid,2,0,3,0.227,8.26,59,8,47.970
193,21.9434,43.156,0.1114,-36.717,-135.014,0.000,0.1628,1.186,1.171,0.192,0.807,0.000,-16.15,2.80,avoid,3,0,3,0.210,8.03,69,10,47.858
194,22.0524,43.267,0.1099,-36.596,-135.008,0.000,0.1531,1.006,0.995,0.153,0.897,0.000,-22.74,2.80,avoid,4,0,1,0.207,7.47,78,9,47.779
195,22.1681,43.380,0.1096,-36.493,-135.011,0.000,0.1393,0.901,0.892,0.125,0.950,0.000,-29.32,2.80,avoid,1,1,0,0.213,6.68,87,9,47.718
196,22.2801,43.492,0.1107,-36.401,-135.023,0.000,0.1209,0.808,0.802,0.098,0.996,0.000,-22.68,2.80,avoid,14,0,2,0.227,5.63,96,9,47.670
197,22.3750,43.590,0.1088,-36.326,-135.035,0.000,0.1051,0.798,0.793,0.084,1.000,0.000,-16.15,2.80,avoid,12,0,4,0.240,4.72,104,8,47.633
198,22.4913,43.700,0.1083,-36.241,-135.039,0.000,0.0932,0.821,0.817,0.076,0.990,0.000,-9.65,2.80,avoid,13,0,3,0.247,4.04,113,9,47.584
199,22.6068,43.820,0.1111,-36.138,-135.036,0.000,0.0845,0.891,0.888,0.075,0.955,0.000,-2.98,2.80,avoid,13,0,3,0.246,3.54,123,10,47.519
200,22.7152,43.928,0.1110,-36.038,-135.026,0.000,0.0813,0.979,0.976,0.079,0.910,0.000,3.68,2.80,avoid,14,0,3,0.239,3.36,132,9,47.450
201,22.8258,44.037,0.1099,-35.926,-135.008,0.000,0.0837,1.003,1.000,0.084,0.898,0.000,-2.92,2.80,avoid,2,0,3,0.223,3.50,141,9,47.368
202,22.9444,44.158,0.1108,-35.809,-134.993,0.000,0.0838,0.957,0.954,0.080,0.921,0.000,-9.57,2.80,avoid,2,0,3,0.211,3.50,150,9,47.284
203,23.0332,44.247,0.1004,-35.722,-134.990,0.000,0.0792,0.992,0.989,0.079,0.904,0.000,-15.59,2.80,avoid,1,1,0,0.209,3.24,157,7,47.229
204,23.1299,44.345,0.1021,-35.626,-134.996,0.000,0.0676,0.995,0.993,0.067,0.902,0.000,-21.72,2.80,avoid,1,1,0,0.217,2.58,165,8,47.175
205,23.2446,44.460,0.1091,-35.519,-135.015,0.000,0.0467,0.991,0.990,0.046,0.905,0.000,-28.27,2.80,avoid,1,1,0,0.239,1.37,174,9,47.126
206,23.3638,44.579,0.1100,-35.409,-135.049,0.000,0.0166,1.038,1.038,0.017,0.000,0.173,-21.66,0.00,emergency_stop,15,0,1,0.275,-0.35,184,10,47.086
207,23.4583,44.674,0.1000,-35.310,-135.085,0.000,-0.0116,1.254,1.254,-0.015,0.000,0.209,-15.66,0.00,emergency_stop,15,1,0,0.313,-1.97,192,8,47.055
208,23.5658,44.781,0.1035,-35.190,-135.119,0.000,-0.0369,1.098,1.098,-0.041,0.000,0.183,-9.45,0.00,emergency_stop,15,1,0,0.351,-3.41,201,9,47.011
209,23.6742,44.886,0.1090,-35.108,-135.138,0.000,-0.0496,0.088,0.088,-0.004,0.000,0.015,-2.91,0.00,emergency_stop,15,1,0,0.371,-4.14,210,9,46.976
210,23.7968,45.004,0.1110,-35.109,-135.136,0.000,-0.0497,0.008,0.008,-0.000,0.000,0.001,3.75,0.00,emergency_stop,15,0,1,0.370,-4.15,220,10,46.976
211,23.8964,45.111,0.1084,-35.110,-135.136,0.000,-0.0498,0.004,0.004,-0.000,0.000,0.001,10.25,0.00,emergency_stop,15,0,1,0.369,-4.15,229,9,46.976
212,24.0028,45.218,0.1000,-35.110,-135.135,0.000,-0.0498,0.001,0.001,-0.000,0.000,0.000,16.25,0.00,emergency_stop,15,1,0,0.368,-4.15,238,9,46.975
213,24.0970,45.313,0.1056,-35.110,-135.134,0.000,-0.0498,0.000,0.000,-0.000,0.000,0.000,9.92,0.00,emergency_stop,4,0,1,0.367,-4.15,246,8,46.975
214,24.2173,45.429,0.1087,-35.110,-135.134,0.000,-0.0498,0.004,0.004,-0.000,0.000,0.001,3.39,0.00,emergency_stop,4,0,1,0.367,-4.15,256,10,46.975
215,24.3228,45.535,0.1062,-35.111,-135.133,0.000,-0.0498,0.005,0.005,-0.000,0.000,0.001,-2.98,0.00,emergency_stop,2,1,0,0.366,-4.15,265,9,46.974
216,24.4248,45.642,0.1053,-35.111,-135.133,0.000,-0.0498,0.001,0.001,-0.000,0.000,0.000,-9.29,0.00,emergency_stop,5,0,5,0.366,-4.15,274,9,46.974
217,24.5213,45.738,0.1016,-35.111,-135.133,0.000,-0.0498,0.000,0.000,-0.000,0.000,0.000,-15.32,0.00,emergency_stop,5,0,5,0.366,-4.15,282,8,46.974
218,24.6268,45.843,0.1088,-35.111,-135.133,0.000,-0.0498,0.000,0.000,-0.000,0.000,0.000,-15.32,0.00,emergency_stop,5,0,5,0.366,-4.15,291,9,46.974
219,24.7468,45.962,0.1096,-35.111,-135.133,0.000,-0.0498,0.000,0.000,-0.000,0.000,0.000,-21.90,0.00,emergency_stop,4,0,5,0.366,-4.15,301,10,46.974
220,24.8305,46.044,0.1041,-35.111,-135.133,0.000,-0.0498,0.000,0.000,-0.000,0.000,0.000,-27.10,0.00,emergency_stop,4,0,5,0.366,-4.16,308,7,46.974
221,24.9453,46.161,0.1138,-35.111,-135.133,0.000,-0.0498,0.000,0.000,-0.000,0.300,0.000,-27.09,0.60,brake,4,0,5,0.366,-4.16,317,9,46.974
222,25.0545,46.271,0.1072,-35.113,-135.131,0.000,-0.0492,0.064,0.064,-0.003,0.268,0.000,-33.53,0.60,brake,3,0,5,0.364,-4.12,327,10,46.974
223,25.1613,46.377,0.1114,-35.117,-135.128,0.000,-0.0480,0.053,0.053,-0.003,0.274,0.000,-26.84,0.60,brake,15,0,1,0.361,-4.05,336,9,46.974
224,25.2792,46.495,0.1076,-35.119,-135.126,0.000,-0.0474,0.034,0.034,-0.002,0.283,0.000,-20.39,0.60,brake,13,0,5,0.359,-4.02,346,10,46.974
225,25.3855,46.601,0.1087,-35.118,-135.126,0.000,-0.0479,0.015,0.015,-0.001,0.293,0.000,-13.87,0.60,brake,14,0,4,0.359,-4.04,355,9,46.973
226,25.4921,46.707,0.1096,-35.114,-135.126,0.000,-0.0487,0.037,0.037,-0.002,0.282,0.000,-7.29,0.60,brake,14,0,4,0.359,-4.09,364,9,46.971
227,25.5997,46.815,0.1107,-35.109,-135.127,0.000,-0.0495,0.043,0.043,-0.002,0.278,0.000,-13.93,0.60,brake,3,0,5,0.360,-4.14,373,9,46.968
228,25.7226,46.936,0.1090,-35.105,-135.127,0.000,-0.0502,0.016,0.016,-0.001,0.292,0.000,-20.47,0.60,brake,3,0,4,0.360,-4.18,383,10,46.966
229,25.8321,47.045,0.1110,-35.103,-135.127,0.000,-0.0506,0.004,0.004,-0.000,0.298,0.000,-27.13,0.60,brake,3,0,4,0.360,-4.20,392,9,46.965
230,25.9385,47.154,0.1082,-35.103,-135.127,0.000,-0.0512,0.015,0.015,-0.001,0.293,0.000,-33.63,0.60,brake,3,0,5,0.360,-4.23,401,9,46.964
231,26.0648,47.277,0.1097,-35.101,-135.128,0.000,-0.0527,0.020,0.020,-0.001,0.290,0.000,-27.04,0.60,brake,13,0,5,0.361,-4.32,410,9,46.964
232,26.1585,47.374,0.1105,-35.100,-135.129,0.000,-0.0541,0.007,0.007,-0.000,0.296,0.000,-20.42,0.60,brake,13,0,5,0.362,-4.40,418,8,46.964
233,26.2558,47.471,0.1072,-35.098,-135.129,0.000,-0.0549,0.008,0.008,-0.000,0.296,0.000,-13.98,0.60,brake,14,0,2,0.363,-4.45,426,8,46.964
234,26.3640,47.581,0.1094,-35.098,-135.129,0.000,-0.0553,0.004,0.004,-0.000,0.298,0.000,-7.42,0.60,brake,13,0,3,0.362,-4.47,435,9,46.963
235,26.4759,47.690,0.1102,-35.097,-135.128,0.000,-0.0557,0.005,0.005,-0.000,1.000,0.000,-0.81,2.80,avoid,12,0,5,0.362,-4.49,444,9,46.962
236,26.5968,47.810,0.1111,-35.094,-135.128,0.000,-0.0556,0.051,0.051,-0.003,1.000,0.000,5.86,2.80,avoid,13,0,4,0.361,-4.49,454,10,46.960
237,26.7032,47.919,0.1100,-35.075,-135.127,0.000,-0.0550,0.338,0.337,-0.019,1.000,0.000,12.45,2.80,avoid,13,0,5,0.361,-4.45,463,9,46.948
238,26.8095,48.026,0.1096,-35.021,-135.121,0.000,-0.0496,0.571,0.571,-0.028,1.000,0.000,19.03,2.80,avoid,14,0,4,0.356,-4.14,472,9,46.911
239,26.9178,48.133,0.1099,-34.949,-135.105,0.000,-0.0366,0.777,0.776,-0.028,1.000,0.000,12.43,2.80,avoid,2,0,3,0.342,-3.40,481,9,46.855
240,27.0398,48.252,0.1106,-34.829,-135.080,0.000,-0.0163,1.290,1.289,-0.021,0.000,0.215,5.80,0.00,emergency_stop,3,0,5,0.319,-2.23,490,9,46.764
241,27.1320,48.348,0.1084,-34.690,-135.061,0.000,-0.0021,1.585,1.585,-0.003,0.000,0.264,-0.71,0.00,emergency_stop,3,0,5,0.304,-1.42,498,8,46.666
242,27.2500,48.468,0.1097,-34.516,-135.056,0.000,0.0021,1.312,1.312,0.003,0.000,0.219,-7.29,0.00,emergency_stop,3,0,5,0.302,-1.18,508,10,46.558
243,27.3534,48.572,0.1108,-34.441,-135.057,0.000,0.0008,0.012,0.012,0.000,0.000,0.002,-13.94,0.00,emergency_stop,2,0,4,0.306,-1.25,516,8,46.516
244,27.4652,48.680,0.1102,-34.443,-135.057,0.000,0.0010,0.004,0.004,0.000,0.000,0.001,-7.33,0.00,emergency_stop,13,0,5,0.305,-1.24,526,10,46.516
245,27.5789,48.788,0.1091,-34.443,-135.057,0.000,0.0012,0.009,0.009,0.000,0.000,0.001,-0.78,0.00,emergency_stop,12,0,5,0.305,-1.23,535,9,46.517
246,27.6921,48.907,0.1114,-34.443,-135.056,0.000,0.0014,0.013,0.013,0.000,0.000,0.002,5.90,0.00,emergency_stop,13,0,4,0.304,-1.22,545,10,46.516
247,27.7984,49.014,0.1099,-34.444,-135.055,0.000,0.0016,0.011,0.011,0.000,0.000,0.002,12.50,0.00,emergency_stop,13,0,5,0.303,-1.21,554,9,46.515
248,27.9075,49.124,0.1110,-34.444,-135.054,0.000,0.0018,0.008,0.008,0.000,0.000,0.001,19.16,0.00,emergency_stop,14,0,4,0.302,-1.20,563,9,46.515
249,28.0166,49.232,0.1108,-34.445,-135.054,0.000,0.0018,0.002,0.002,0.000,0.000,0.000,25.81,0.00,emergency_stop,14,0,4,0.302,-1.20,572,9,46.515
250,28.1359,49.351,0.1075,-34.445,-135.054,0.000,0.0018,0.000,0.000,0.000,0.000,0.000,32.26,0.00,emergency_stop,14,0,4,0.302,-1.20,582,10,46.516
251,28.2516,49.468,0.1000,-34.445,-135.054,0.000,0.0018,0.001,0.001,0.000,0.000,0.000,35.00,0.00,emergency_stop,13,0,5,0.303,-1.20,590,8,46.516
252,28.3349,49.553,0.1104,-34.445,-135.054,0.000,0.0018,0.001,0.001,0.000,0.000,0.000,35.00,0.00,emergency_stop,13,0,5,0.303,-1.20,596,6,46.516
253,28.4471,49.661,0.1017,-34.445,-135.054,0.000,0.0018,0.001,0.001,0.000,0.000,0.000,35.00,0.00,emergency_stop,13,0,5,0.303,-1.20,606,10,46.516
254,28.5525,49.768,0.1101,-34.445,-135.054,0.000,0.0018,0.001,0.001,0.000,0.000,0.000,35.00,0.00,emergency_stop,13,0,5,0.303,-1.20,615,9,46.516
255,28.6596,49.877,0.1120,-34.446,-135.054,0.000,0.0018,0.001,0.001,0.000,0.000,0.000,35.00,0.00,emergency_stop,13,0,5,0.303,-1.20,623,8,46.516
256,28.7669,49.984,0.1105,-34.446,-135.054,0.000,0.0018,0.001,0.001,0.000,0.000,0.000,35.00,0.00,emergency_stop,13,0,4,0.303,-1.20,633,10,46.516
257,28.8916,50.104,0.1090,-34.446,-135.054,0.000,0.0018,0.001,0.001,0.000,0.300,0.000,35.00,0.60,brake,13,0,5,0.303,-1.20,643,10,46.516
258,28.9964,50.213,0.1100,-34.448,-135.055,0.000,0.0012,0.037,0.037,0.000,0.281,0.000,35.00,0.60,brake,14,0,4,0.303,-1.23,652,9,46.518
259,29.1032,50.317,0.1085,-34.451,-135.055,0.000,0.0004,0.027,0.027,0.000,0.286,0.000,28.49,0.60,brake,3,0,5,0.304,-1.27,661,9,46.520
260,29.2114,50.427,0.1107,-34.453,-135.055,0.000,0.0005,0.016,0.016,0.000,0.292,0.000,21.85,0.60,brake,3,0,4,0.303,-1.27,670,9,46.521
261,29.3231,50.536,0.1111,-34.450,-135.053,0.000,0.0016,0.032,0.032,0.000,0.284,0.000,15.18,0.60,brake,3,0,4,0.301,-1.21,679,9,46.518
262,29.4493,50.655,0.1092,-34.446,-135.051,0.000,0.0030,0.014,0.014,0.000,0.293,0.000,8.63,0.60,brake,3,0,5,0.299,-1.13,689,10,46.514
263,29.5344,50.750,0.1044,-34.445,-135.051,0.000,0.0034,0.013,0.013,0.000,0.294,0.000,2.37,0.60,brake,3,0,5,0.299,-1.10,697,8,46.513
264,29.6413,50.857,0.1003,-34.444,-135.051,0.000,0.0038,0.017,0.017,0.000,0.292,0.000,-3.65,0.60,brake,2,0,4,0.299,-1.08,706,9,46.512
265,29.7485,50.966,0.1105,-34.443,-135.051,0.000,0.0038,0.003,0.003,0.000,0.298,0.000,-10.28,0.60,brake,2,0,5,0.299,-1.08,715,9,46.512
266,29.8537,51.071,0.1079,-34.442,-135.051,0.000,0.0034,0.005,0.005,0.000,0.297,0.000,-3.81,0.60,brake,13,0,5,0.299,-1.10,724,9,46.511
267,29.9611,51.178,0.1073,-34.440,-135.051,0.000,0.0031,0.007,0.007,0.000,0.000,0.001,2.63,0.00,emergency_stop,13,0,5,0.300,-1.12,733,9,46.511
268,30.0719,51.286,0.1105,-34.440,-135.051,0.000,0.0030,0.000,0.000,0.000,0.000,0.000,9.26,0.00,emergency_stop,13,0,4,0.300,-1.13,742,9,46.510
269,30.2024,51.404,0.1106,-34.440,-135.051,0.000,0.0030,0.001,0.001,0.000,0.000,0.000,15.90,0.00,emergency_stop,13,0,5,0.300,-1.13,752,10,46.510
270,30.2909,51.506,0.1069,-34.440,-135.051,0.000,0.0030,0.002,0.002,0.000,0.000,0.000,22.31,0.00,emergency_stop,14,0,4,0.300,-1.13,760,8,46.510
271,30.4094,51.624,0.1143,-34.440,-135.051,0.000,0.0030,0.001,0.001,0.000,0.000,0.000,15.45,0.00,emergency_stop,3,0,5,0.299,-1.13,770,10,46.510
272,30.5129,51.730,0.1091,-34.440,-135.051,0.000,0.0031,0.002,0.002,0.000,0.000,0.000,8.90,0.00,emergency_stop,3,0,4,0.299,-1.13,779,9,46.510
273,30.6201,51.836,0.1082,-34.441,-135.050,0.000,0.0031,0.001,0.001,0.000,0.000,0.000,2.41,0.00,emergency_stop,3,0,4,0.299,-1.12,788,9,46.510
274,30.7276,51.943,0.1091,-34.441,-135.050,0.000,0.0031,0.001,0.001,0.000,0.000,0.000,-4.14,0.00,emergency_stop,3,0,3,0.299,-1.13,797,9,46.510
275,30.8371,52.053,0.1094,-34.441,-135.050,0.000,0.0030,0.001,0.001,0.000,0.000,0.000,-10.70,0.00,emergency_stop,3,0,5,0.299,-1.13,806,9,46.510
276,30.9460,52.163,0.1095,-34.441,-135.051,0.000,0.0030,0.002,0.002,0.000,0.000,0.000,-4.13,0.00,emergency_stop,15,0,1,0.299,-1.13,815,9,46.510
277,31.0549,52.273,0.1106,-34.441,-135.051,0.000,0.0030,0.000,0.000,0.000,0.000,0.000,2.50,0.00,emergency_stop,14,0,2,0.299,-1.13,824,9,46.511
278,31.1640,52.380,0.1086,-34.441,-135.051,0.000,0.0030,0.000,0.000,0.000,0.000,0.000,9.01,0.00,emergency_stop,13,0,5,0.299,-1.13,833,9,46.511
279,31.2783,52.490,0.1083,-34.441,-135.051,0.000,0.0030,0.000,0.000,0.000,0.000,0.000,15.51,0.00,emergency_stop,12,0,5,0.299,-1.13,842,9,46.511
280,31.3837,52.599,0.1094,-34.441,-135.051,0.000,0.0030,0.000,0.000,0.000,0.000,0.000,22.08,0.00,emergency_stop,13,0,4,0.299,-1.13,851,9,46.511
281,31.5017,52.718,0.1120,-34.441,-135.051,0.000,0.0030,0.000,0.000,0.000,0.300,0.000,28.80,0.60,brake,13,0,5,0.299,-1.13,861,10,46.511
282,31.6120,52.828,0.1090,-34.444,-135.051,0.000,0.0025,0.060,0.060,0.000,0.270,0.000,35.00,0.60,brake,14,0,4,0.300,-1.16,870,9,46.513
283,31.7231,52.936,0.1100,-34.448,-135.052,0.000,0.0016,0.039,0.039,0.000,0.280,0.000,35.00,0.60,brake,14,0,4,0.301,-1.21,879,9,46.516
284,31.8264,53.042,0.1105,-34.449,-135.052,0.000,0.0017,0.007,0.007,0.000,0.297,0.000,35.00,0.60,brake,14,0,4,0.300,-1.20,888,9,46.516
285,31.9331,53.149,0.1096,-34.447,-135.050,0.000,0.0035,0.047,0.047,0.000,0.277,0.000,35.00,0.60,brake,13,0,5,0.298,-1.10,897,9,46.513
286,32.0618,53.269,0.1095,-34.443,-135.045,0.000,0.0072,0.049,0.049,0.000,0.276,0.000,35.00,0.60,brake,13,0,5,0.294,-0.89,907,10,46.507
287,32.1432,53.359,0.1020,-34.440,-135.042,0.000,0.0103,0.069,0.069,0.001,0.266,0.000,35.00,0.60,brake,13,0,5,0.290,-0.71,914,7,46.503
288,32.2519,53.468,0.1037,-34.436,-135.037,0.000,0.0140,0.102,0.102,0.001,0.000,0.017,35.00,0.00,emergency_stop,13,0,5,0.286,-0.50,923,9,46.497
289,32.3560,53.575,0.1098,-34.435,-135.037,0.000,0.0153,0.004,0.004,0.000,0.000,0.001,35.00,0.00,emergency_stop,13,0,5,0.285,-0.43,931,8,46.495
290,32.4786,53.694,0.1100,-34.435,-135.037,0.000,0.0152,0.001,0.001,0.000,0.000,0.000,35.00,0.00,emergency_stop,13,0,4,0.285,-0.43,942,11,46.496
291,32.5879,53.801,0.1109,-34.435,-135.037,0.000,0.0152,0.000,0.000,0.000,0.000,0.000,35.00,0.00,emergency_stop,13,0,3,0.285,-0.43,951,9,46.496
292,32.6933,53.909,0.1110,-34.436,-135.037,0.000,0.0152,0.000,0.000,0.000,0.000,0.000,35.00,0.00,emergency_stop,12,0,5,0.285,-0.43,960,9,46.496
293,32.8100,54.026,0.1110,-34.436,-135.037,0.000,0.0152,0.002,0.002,0.000,0.000,0.000,35.00,0.00,emergency_stop,13,0,5,0.285,-0.43,970,10,46.496
294,32.9187,54.134,0.1110,-34.436,-135.037,0.000,0.0152,0.002,0.002,0.000,0.000,0.000,35.00,0.00,emergency_stop,14,0,4,0.286,-0.43,979,9,46.497
295,33.0269,54.242,0.1091,-34.436,-135.037,0.000,0.0152,0.001,0.001,0.000,0.000,0.000,35.00,0.00,emergency_stop,14,0,4,0.286,-0.43,988,9,46.497
296,33.1464,54.360,0.1120,-34.436,-135.037,0.000,0.0152,0.001,0.001,0.000,0.000,0.000,35.00,0.00,emergency_stop,13,0,5,0.286,-0.43,998,10,46.497
297,33.2515,54.468,0.1113,-34.437,-135.037,0.000,0.0152,0.001,0.001,0.000,0.000,0.000,35.00,0.00,emergency_stop,13,0,5,0.286,-0.43,1007,9,46.497
298,33.3604,54.578,0.1103,-34.437,-135.037,0.000,0.0152,0.000,0.000,0.000,0.000,0.000,35.00,0.00,emergency_stop,13,0,5,0.286,-0.43,1015,8,46.497
299,33.4693,54.685,0.1101,-34.437,-135.038,0.000,0.0152,0.000,0.000,0.000,0.000,0.000,35.00,0.00,emergency_stop,13,0,5,0.286,-0.43,1025,10,46.497
300,33.5742,54.791,0.1112,-34.437,-135.038,0.000,0.0152,0.000,0.000,0.000,0.000,0.000,35.00,0.00,emergency_stop,13,0,4,0.286,-0.43,1034,9,46.497
301,33.6979,54.909,0.1119,-34.437,-135.038,0.000,0.0152,0.000,0.000,0.000,0.000,0.000,35.00,0.00,emergency_stop,13,0,5,0.286,-0.43,1044,10,46.498
302,33.8002,55.017,0.1109,-34.437,-135.038,0.000,0.0152,0.000,0.000,0.000,0.300,0.000,35.00,0.60,brake,14,0,4,0.286,-0.43,1053,9,46.498
303,33.9191,55.135,0.1115,-34.439,-135.038,0.000,0.0148,0.040,0.040,0.001,0.280,0.000,28.31,0.60,brake,3,0,4,0.287,-0.45,1063,10,46.499
304,34.0260,55.243,0.1108,-34.440,-135.038,0.000,0.0146,0.029,0.029,0.000,0.286,0.000,21.66,0.60,brake,3,0,4,0.287,-0.47,1072,9,46.500
305,34.1314,55.349,0.1090,-34.440,-135.037,0.000,0.0150,0.008,0.008,0.000,0.296,0.000,15.12,0.60,brake,3,0,5,0.286,-0.44,1081,9,46.499
306,34.2503,55.468,0.1112,-34.436,-135.035,0.000,0.0162,0.037,0.037,0.001,0.281,0.000,8.45,0.60,brake,3,0,5,0.284,-0.37,1091,10,46.495
307,34.3434,55.561,0.1095,-34.432,-135.034,0.000,0.0170,0.034,0.034,0.001,0.283,0.000,1.88,0.60,brake,2,0,4,0.283,-0.32,1099,8,46.492
308,34.4522,55.668,0.1110,-34.428,-135.034,0.000,0.0174,0.036,0.036,0.001,0.282,0.000,-4.78,0.60,brake,2,0,5,0.283,-0.30,1108,9,46.489
309,34.5705,55.785,0.1094,-34.426,-135.034,0.000,0.0174,0.022,0.022,0.000,0.289,0.000,1.78,0.60,brake,13,0,5,0.283,-0.30,1118,10,46.488
310,34.6793,55.894,0.1110,-34.424,-135.034,0.000,0.0173,0.025,0.025,0.000,0.288,0.000,8.44,0.60,brake,14,0,4,0.283,-0.31,1127,9,46.487
311,34.7854,56.000,0.1090,-34.422,-135.033,0.000,0.0176,0.023,0.023,0.000,0.289,0.000,1.90,0.60,brake,3,0,5,0.282,-0.29,1136,9,46.485
312,34.8905,56.105,0.1100,-34.420,-135.033,0.000,0.0178,0.025,0.025,0.000,0.287,0.000,-4.70,0.60,brake,3,0,4,0.282,-0.28,1145,9,46.484
313,35.0095,56.226,0.1111,-34.418,-135.033,0.000,0.0179,0.013,0.013,0.000,0.294,0.000,-11.37,0.60,brake,1,1,0,0.282,-0.27,1155,10,46.483
314,35.1165,56.333,0.1092,-34.416,-135.033,0.000,0.0176,0.020,0.020,0.000,0.290,0.000,-17.92,0.60,brake,1,1,0,0.282,-0.29,1164,9,46.482
315,35.2237,56.439,0.1100,-34.415,-135.034,0.000,0.0170,0.014,0.014,0.000,0.293,0.000,-24.52,0.60,brake,2,0,2,0.283,-0.32,1173,9,46.482
316,35.3416,56.557,0.1126,-34.414,-135.035,0.000,0.0158,0.025,0.025,0.000,1.000,0.000,-31.28,2.80,avoid,4,0,4,0.284,-0.39,1183,10,46.481
317,35.4456,56.663,0.1098,-34.411,-135.036,0.000,0.0141,0.036,0.036,0.001,1.000,0.000,-35.00,2.80,avoid,3,0,4,0.285,-0.49,1192,9,46.481
318,35.5378,56.756,0.1096,-34.404,-135.042,0.000,0.0086,0.154,0.154,0.001,1.000,0.000,-35.00,2.80,avoid,3,0,5,0.292,-0.81,1199,7,46.482
319,35.6601,56.876,0.1105,-34.377,-135.064,0.000,-0.0086,0.451,0.451,-0.004,1.000,0.000,-35.00,2.80,avoid,3,0,5,0.314,-1.79,1210,11,46.484
320,35.7658,56.983,0.1114,-34.330,-135.102,0.000,-0.0371,0.788,0.788,-0.029,0.000,0.131,-35.00,0.00,emergency_stop,3,0,6,0.353,-3.43,1219,9,46.487
321,35.8713,57.088,0.1091,-34.298,-135.134,0.000,-0.0575,0.001,0.001,-0.000,0.000,0.000,-28.46,0.00,emergency_stop,13,0,3,0.385,-4.59,1228,9,46.494
322,35.9927,57.208,0.1108,-34.299,-135.133,0.000,-0.0575,0.000,0.000,-0.000,0.000,0.000,-21.81,0.00,emergency_stop,13,0,6,0.385,-4.60,1238,10,46.494
323,36.0993,57.314,0.1100,-34.299,-135.133,0.000,-0.0575,0.001,0.001,-0.000,0.000,0.000,-28.41,0.00,emergency_stop,3,0,5,0.385,-4.59,1247,9,46.494
324,36.2096,57.422,0.1087,-34.299,-135.133,0.000,-0.0575,0.001,0.001,-0.000,0.000,0.000,-34.55,0.00,emergency_stop,3,0,5,0.385,-4.59,1256,9,46.494
325,36.3125,57.529,0.1090,-34.299,-135.133,0.000,-0.0575,0.001,0.001,-0.000,0.000,0.000,-34.55,0.00,emergency_stop,3,0,5,0.385,-4.59,1265,9,46.494
326,36.4201,57.636,0.1091,-34.299,-135.134,0.000,-0.0575,0.001,0.001,-0.000,0.000,0.000,-34.54,0.00,emergency_stop,3,0,5,0.385,-4.59,1274,9,46.494
327,36.5391,57.755,0.1097,-34.299,-135.134,0.000,-0.0575,0.001,0.001,-0.000,0.000,0.000,-34.54,0.00,emergency_stop,3,0,6,0.385,-4.59,1284,10,46.494
328,36.6422,57.860,0.1116,-34.300,-135.134,0.000,-0.0575,0.001,0.001,-0.000,0.000,0.000,-34.54,0.00,emergency_stop,3,0,6,0.385,-4.59,1293,9,46.494
329,36.7583,57.976,0.1111,-34.300,-135.134,0.000,-0.0575,0.001,0.001,-0.000,0.000,0.000,-27.87,0.00,emergency_stop,13,0,5,0.385,-4.59,1303,10,46.494
330,36.8620,58.080,0.1091,-34.300,-135.133,0.000,-0.0575,0.001,0.001,-0.000,0.000,0.000,-21.33,0.00,emergency_stop,13,0,5,0.385,-4.59,1312,9,46.494
331,36.9802,58.196,0.1104,-34.300,-135.133,0.000,-0.0575,0.001,0.001,-0.000,0.000,0.000,-14.70,0.00,emergency_stop,13,0,6,0.385,-4.59,1322,10,46.495
332,37.0879,58.302,0.1094,-34.300,-135.133,0.000,-0.0575,0.001,0.001,-0.000,0.000,0.000,-8.14,0.00,emergency_stop,13,0,6,0.385,-4.59,1331,9,46.495
333,37.1953,58.411,0.1107,-34.300,-135.133,0.000,-0.0575,0.001,0.001,-0.000,0.000,0.000,-14.78,0.00,emergency_stop,3,0,5,0.385,-4.59,1340,9,46.495
334,37.2990,58.515,0.1089,-34.300,-135.133,0.000,-0.0575,0.001,0.001,-0.000,0.300,0.000,-21.31,0.60,brake,3,0,5,0.385,-4.60,1349,9,46.495
335,37.4157,58.633,0.1110,-34.305,-135.131,0.000,-0.0568,0.089,0.089,-0.005,0.255,0.000,-27.97,0.60,brake,1,0,1,0.382,-4.56,1359,10,46.496
336,37.5218,58.739,0.1084,-34.312,-135.127,0.000,-0.0550,0.083,0.083,-0.005,0.259,0.000,-34.47,0.60,brake,3,0,5,0.379,-4.45,1368,9,46.497
337,37.6287,58.843,0.1086,-34.318,-135.124,0.000,-0.0534,0.062,0.062,-0.003,0.269,0.000,-34.63,0.60,brake,3,0,5,0.375,-4.36,1377,9,46.497
338,37.7446,58.961,0.1098,-34.321,-135.122,0.000,-0.0524,0.044,0.044,-0.002,0.278,0.000,-34.67,0.60,brake,3,0,6,0.373,-4.30,1387,10,46.497
339,37.8468,59.066,0.1089,-34.322,-135.121,0.000,-0.0525,0.019,0.019,-0.001,0.290,0.000,-34.66,0.60,brake,3,0,6,0.372,-4.31,1395,8,46.498
340,37.9515,59.171,0.1085,-34.322,-135.121,0.000,-0.0534,0.008,0.008,-0.000,0.296,0.000,-28.15,0.60,brake,13,0,5,0.372,-4.36,1404,9,46.498
341,38.0679,59.287,0.1112,-34.320,-135.122,0.000,-0.0549,0.014,0.014,-0.001,0.293,0.000,-21.47,0.60,brake,13,0,5,0.373,-4.44,1414,10,46.497
342,38.1751,59.393,0.1099,-34.318,-135.123,0.000,-0.0562,0.013,0.013,-0.001,0.000,0.002,-14.88,0.00,emergency_stop,13,0,3,0.374,-4.52,1423,9,46.497
343,38.2936,59.510,0.1100,-34.317,-135.123,0.000,-0.0566,0.001,0.001,-0.000,0.000,0.000,-8.28,0.00,emergency_stop,13,0,3,0.374,-4.54,1434,11,46.496
344,38.4012,59.613,0.1093,-34.318,-135.123,0.000,-0.0566,0.001,0.001,-0.000,0.000,0.000,-1.72,0.00,emergency_stop,13,0,4,0.374,-4.54,1443,9,46.496
345,38.5181,59.733,0.1115,-34.318,-135.122,0.000,-0.0566,0.003,0.003,-0.000,0.000,0.000,-8.41,0.00,emergency_stop,3,0,3,0.373,-4.54,1453,10,46.496
346,38.6274,59.842,0.1105,-34.318,-135.122,0.000,-0.0566,0.002,0.002,-0.000,0.000,0.000,-15.04,0.00,emergency_stop,3,0,4,0.373,-4.54,1462,9,46.496
347,38.7340,59.952,0.1087,-34.318,-135.122,0.000,-0.0566,0.001,0.001,-0.000,0.000,0.000,-21.56,0.00,emergency_stop,3,0,4,0.373,-4.55,1471,9,46.495
348,38.8377,60.057,0.1114,-34.318,-135.121,0.000,-0.0567,0.001,0.001,-0.000,0.000,0.000,-14.88,0.00,emergency_stop,13,0,5,0.373,-4.55,1479,8,46.496
349,38.9519,60.171,0.1113,-34.318,-135.121,0.000,-0.0567,0.001,0.001,-0.000,0.000,0.000,-8.20,0.00,emergency_stop,13,0,5,0.373,-4.55,1489,10,46.495
350,39.0586,60.276,0.1084,-34.318,-135.121,0.000,-0.0567,0.002,0.002,-0.000,0.000,0.000,-1.69,0.00,emergency_stop,13,0,5,0.372,-4.55,1498,9,46.495
351,39.1780,60.394,0.1105,-34.318,-135.121,0.000,-0.0567,0.003,0.003,-0.000,0.000,0.000,4.94,0.00,emergency_stop,12,0,6,0.372,-4.55,1509,11,46.495
352,39.2829,60.499,0.1102,-34.318,-135.121,0.000,-0.0567,0.000,0.000,-0.000,0.000,0.000,11.55,0.00,emergency_stop,12,0,6,0.372,-4.55,1518,9,46.495
353,39.3881,60.604,0.1101,-34.318,-135.121,0.000,-0.0567,0.001,0.001,-0.000,0.000,0.000,18.15,0.00,emergency_stop,13,0,5,0.372,-4.55,1527,9,46.495
354,39.5050,60.722,0.1102,-34.319,-135.121,0.000,-0.0567,0.001,0.001,-0.000,0.000,0.000,24.77,0.00,emergency_stop,13,0,5,0.372,-4.55,1537,10,46.495
355,39.6111,60.829,0.1104,-34.319,-135.121,0.000,-0.0567,0.001,0.001,-0.000,0.000,0.000,31.39,0.00,emergency_stop,13,0,6,0.372,-4.55,1546,9,46.495
356,39.7274,60.944,0.1110,-34.319,-135.121,0.000,-0.0567,0.000,0.000,-0.000,0.300,0.000,35.00,0.60,brake,13,0,5,0.372,-4.55,1556,10,46.495
357,39.8314,61.050,0.1092,-34.320,-135.120,0.000,-0.0568,0.038,0.038,-0.002,0.281,0.000,35.00,0.60,brake,13,0,5,0.371,-4.56,1564,8,46.496
358,39.9383,61.155,0.1100,-34.322,-135.119,0.000,-0.0568,0.026,0.025,-0.001,0.287,0.000,35.00,0.60,brake,13,0,5,0.370,-4.55,1574,10,46.496
359,40.0538,61.273,0.1085,-34.321,-135.116,0.000,-0.0550,0.051,0.051,-0.003,0.274,0.000,35.00,0.60,brake,13,0,5,0.367,-4.45,1583,9,46.493
360,40.1666,61.382,0.1095,-34.317,-135.111,0.000,-0.0511,0.053,0.053,-0.003,0.000,0.009,35.00,0.00,emergency_stop,13,0,5,0.362,-4.23,1593,10,46.486
361,40.2734,61.489,0.1117,-34.316,-135.110,0.000,-0.0499,0.001,0.001,-0.000,0.000,0.000,35.00,0.00,emergency_stop,12,0,6,0.361,-4.16,1602,9,46.485
362,40.3773,61.594,0.1086,-34.316,-135.110,0.000,-0.0499,0.001,0.001,-0.000,0.000,0.000,35.00,0.00,emergency_stop,12,0,6,0.361,-4.16,1611,9,46.485
363,40.4984,61.714,0.1093,-34.316,-135.110,0.000,-0.0499,0.001,0.001,-0.000,0.000,0.000,35.00,0.00,emergency_stop,13,0,5,0.361,-4.16,1621,10,46.485
364,40.6007,61.818,0.1108,-34.316,-135.110,0.000,-0.0499,0.001,0.001,-0.000,0.000,0.000,35.00,0.00,emergency_stop,13,0,5,0.361,-4.16,1630,9,46.485
365,40.7131,61.926,0.1115,-34.317,-135.110,0.000,-0.0499,0.001,0.001,-0.000,0.000,0.000,35.00,0.00,emergency_stop,13,0,6,0.361,-4.16,1639,9,46.485
366,40.8332,62.048,0.1111,-34.317,-135.110,0.000,-0.0499,0.001,0.001,-0.000,0.000,0.000,35.00,0.00,emergency_stop,13,0,6,0.361,-4.16,1649,10,46.485
367,40.9380,62.155,0.1110,-34.317,-135.109,0.000,-0.0499,0.001,0.001,-0.000,0.000,0.000,35.00,0.00,emergency_stop,13,0,5,0.361,-4.16,1658,9,46.485
368,41.0457,62.263,0.1089,-34.317,-135.109,0.000,-0.0499,0.001,0.001,-0.000,0.000,0.000,35.00,0.00,emergency_stop,13,0,5,0.361,-4.16,1666,8,46.485
369,41.1545,62.372,0.1109,-34.317,-135.109,0.000,-0.0500,0.001,0.001,-0.000,0.000,0.000,35.00,0.00,emergency_stop,13,0,5,0.361,-4.16,1675,9,46.485
370,41.2641,62.481,0.1105,-34.317,-135.109,0.000,-0.0500,0.000,0.000,-0.000,0.000,0.000,35.00,0.00,emergency_stop,13,0,5,0.361,-4.16,1684,9,46.485
371,41.3868,62.590,0.1105,-34.317,-135.109,0.000,-0.0500,0.000,0.000,-0.000,0.000,0.000,35.00,0.00,emergency_stop,13,0,5,0.361,-4.16,1694,10,46.485
372,41.4921,62.708,0.1123,-34.317,-135.109,0.000,-0.0500,0.000,0.000,-0.000,0.000,0.000,28.26,0.00,emergency_stop,3,0,5,0.360,-4.16,1703,9,46.485
373,41.6007,62.818,0.1102,-34.317,-135.109,0.000,-0.0500,0.000,0.000,-0.000,0.000,0.000,21.65,0.00,emergency_stop,3,0,5,0.360,-4.16,1711,8,46.485
374,41.7088,62.925,0.1077,-34.318,-135.109,0.000,-0.0500,0.001,0.001,-0.000,0.300,0.000,15.19,0.60,brake,2,0,2,0.360,-4.16,1721,10,46.485
375,41.8160,63.030,0.1088,-34.319,-135.109,0.000,-0.0501,0.018,0.018,-0.001,0.291,0.000,8.66,0.60,brake,3,0,5,0.360,-4.17,1730,9,46.486
376,41.9208,63.136,0.1081,-34.321,-135.109,0.000,-0.0503,0.012,0.012,-0.001,0.294,0.000,2.17,0.60,brake,3,0,4,0.360,-4.18,1739,9,46.487
377,42.0365,63.254,0.1102,-34.321,-135.109,0.000,-0.0503,0.010,0.010,-0.001,0.295,0.000,-4.44,0.60,brake,3,0,5,0.360,-4.18,1749,10,46.487
378,42.1408,63.359,0.1100,-34.318,-135.109,0.000,-0.0505,0.028,0.028,-0.001,0.286,0.000,-11.03,0.60,brake,3,0,5,0.360,-4.19,1757,8,46.485
379,42.2545,63.471,0.1109,-34.315,-135.109,0.000,-0.0508,0.036,0.035,-0.002,0.282,0.000,-17.69,0.60,brake,3,0,6,0.360,-4.21,1766,9,46.483
380,42.3650,63.581,0.1091,-34.310,-135.110,0.000,-0.0520,0.040,0.039,-0.002,0.280,0.000,-24.23,0.60,brake,3,0,6,0.362,-4.28,1776,10,46.482
381,42.4716,63.689,0.1116,-34.307,-135.112,0.000,-0.0532,0.028,0.028,-0.002,0.286,0.000,-17.53,0.60,brake,13,0,5,0.363,-4.35,1785,9,46.481
382,42.5802,63.796,0.1101,-34.305,-135.113,0.000,-0.0542,0.029,0.029,-0.002,0.285,0.000,-10.93,0.60,brake,13,0,6,0.364,-4.41,1794,9,46.481
383,42.6981,63.914,0.1110,-34.303,-135.113,0.000,-0.0550,0.021,0.021,-0.001,0.290,0.000,-17.59,0.60,brake,3,0,5,0.365,-4.45,1804,10,46.480
384,42.8016,64.018,0.1101,-34.301,-135.114,0.000,-0.0554,0.011,0.011,-0.001,0.295,0.000,-24.19,0.60,brake,3,0,5,0.365,-4.47,1813,9,46.479
385,42.9167,64.133,0.1108,-34.300,-135.114,0.000,-0.0562,0.019,0.019,-0.001,0.291,0.000,-30.84,0.60,brake,3,0,5,0.366,-4.52,1822,9,46.479
386,43.0205,64.239,0.1101,-34.298,-135.115,0.000,-0.0574,0.018,0.018,-0.001,0.291,0.000,-34.83,0.60,brake,3,0,6,0.367,-4.59,1831,9,46.479
387,43.1391,64.356,0.1101,-34.297,-135.117,0.000,-0.0589,0.015,0.015,-0.001,0.292,0.000,-34.73,0.60,brake,3,0,6,0.369,-4.67,1840,9,46.480
388,43.2447,64.464,0.1088,-34.296,-135.119,0.000,-0.0606,0.014,0.014,-0.001,1.000,0.000,-34.62,2.80,avoid,3,0,6,0.370,-4.77,1849,9,46.480
389,43.3505,64.570,0.1121,-34.295,-135.121,0.000,-0.0627,0.048,0.047,-0.003,1.000,0.000,-27.89,2.80,avoid,13,0,5,0.372,-4.89,1858,9,46.481
390,43.4683,64.686,0.1106,-34.282,-135.129,0.000,-0.0693,0.227,0.227,-0.016,0.000,0.038,-21.26,0.00,emergency_stop,13,0,5,0.381,-5.27,1868,10,46.480
391,43.5751,64.793,0.1100,-34.275,-135.133,0.000,-0.0723,0.001,0.001,-0.000,0.000,0.000,-14.66,0.00,emergency_stop,12,0,6,0.385,-5.44,1877,9,46.479
392,43.6923,64.909,0.1111,-34.275,-135.133,0.000,-0.0724,0.000,0.000,-0.000,0.000,0.000,-7.99,0.00,emergency_stop,13,0,5,0.385,-5.45,1888,11,46.480
393,43.8003,65.015,0.1082,-34.276,-135.133,0.000,-0.0724,0.001,0.001,-0.000,0.000,0.000,-1.50,0.00,emergency_stop,13,0,6,0.385,-5.45,1897,9,46.480
394,43.9086,65.126,0.1120,-34.276,-135.132,0.000,-0.0724,0.003,0.003,-0.000,0.000,0.001,-8.22,0.00,emergency_stop,3,0,5,0.384,-5.45,1905,8,46.479
395,44.0182,65.235,0.1082,-34.276,-135.132,0.000,-0.0724,0.002,0.002,-0.000,0.000,0.000,-14.71,0.00,emergency_stop,3,0,5,0.384,-5.45,1915,10,46.479
396,44.1292,65.343,0.1091,-34.276,-135.132,0.000,-0.0725,0.001,0.001,-0.000,0.000,0.000,-21.25,0.00,emergency_stop,3,0,5,0.384,-5.45,1924,9,46.479
397,44.2316,65.449,0.1102,-34.276,-135.132,0.000,-0.0725,0.001,0.001,-0.000,0.000,0.000,-27.87,0.00,emergency_stop,3,0,6,0.384,-5.46,1933,9,46.479
398,44.3465,65.565,0.1121,-34.276,-135.132,0.000,-0.0726,0.001,0.001,-0.000,0.000,0.000,-34.00,0.00,emergency_stop,3,0,6,0.384,-5.46,1942,9,46.479
399,44.4537,65.671,0.1097,-34.276,-135.132,0.000,-0.0727,0.001,0.001,-0.000,0.000,0.000,-27.42,0.00,emergency_stop,13,0,5,0.384,-5.47,1952,10,46.479
400,44.5707,65.789,0.1116,-34.276,-135.132,0.000,-0.0728,0.001,0.001,-0.000,0.000,0.000,-20.72,0.00,emergency_stop,13,0,5,0.384,-5.47,1961,9,46.479
401,44.6810,65.897,0.1117,-34.277,-135.132,0.000,-0.0728,0.001,0.001,-0.000,0.000,0.000,-14.02,0.00,emergency_stop,13,0,6,0.384,-5.47,1971,10,46.479
402,44.7967,66.014,0.1088,-34.277,-135.132,0.000,-0.0728,0.001,0.001,-0.000,0.000,0.000,-20.55,0.00,emergency_stop,3,0,5,0.384,-5.47,1981,10,46.480
403,44.9013,66.118,0.1110,-34.277,-135.132,0.000,-0.0728,0.001,0.001,-0.000,0.000,0.000,-27.21,0.00,emergency_stop,3,0,5,0.384,-5.47,1990,9,46.480
404,45.0215,66.238,0.1121,-34.277,-135.132,0.000,-0.0728,0.001,0.001,-0.000,0.300,0.000,-33.94,0.60,brake,3,0,5,0.384,-5.47,2000,10,46.480
405,45.1271,66.343,0.1099,-34.280,-135.130,0.000,-0.0719,0.054,0.054,-0.004,0.273,0.000,-34.01,0.60,brake,3,0,6,0.382,-5.42,2009,9,46.480
406,45.2340,66.450,0.1086,-34.284,-135.126,0.000,-0.0698,0.052,0.052,-0.004,0.274,0.000,-34.13,0.60,brake,3,0,6,0.378,-5.30,2018,9,46.479
407,45.3416,66.558,0.1100,-34.287,-135.123,0.000,-0.0682,0.038,0.038,-0.003,0.281,0.000,-27.52,0.60,brake,13,0,5,0.375,-5.21,2027,9,46.479
408,45.4598,66.677,0.1121,-34.289,-135.122,0.000,-0.0676,0.020,0.020,-0.001,0.290,0.000,-20.80,0.60,brake,13,0,5,0.374,-5.18,2036,9,46.479
409,45.5569,66.775,0.1084,-34.289,-135.121,0.000,-0.0678,0.006,0.005,-0.000,0.000,0.001,-14.29,0.00,emergency_stop,13,0,5,0.373,-5.19,2045,9,46.478
410,45.6772,66.891,0.1095,-34.288,-135.121,0.000,-0.0681,0.001,0.001,-0.000,0.000,0.000,-7.72,0.00,emergency_stop,13,0,5,0.373,-5.20,2055,10,46.478
411,45.7839,66.999,0.1090,-34.289,-135.121,0.000,-0.0681,0.001,0.001,-0.000,0.000,0.000,-1.18,0.00,emergency_stop,13,0,5,0.373,-5.20,2064,9,46.478
412,45.8953,67.111,0.1090,-34.289,-135.121,0.000,-0.0681,0.003,0.003,-0.000,0.000,0.000,5.35,0.00,emergency_stop,13,0,6,0.373,-5.20,2073,9,46.478
413,46.0056,67.221,0.1094,-34.289,-135.120,0.000,-0.0681,0.002,0.002,-0.000,0.000,0.000,-1.21,0.00,emergency_stop,3,0,5,0.372,-5.20,2082,9,46.477
414,46.1192,67.332,0.1098,-34.289,-135.120,0.000,-0.0681,0.003,0.003,-0.000,0.000,0.000,-7.80,0.00,emergency_stop,3,0,5,0.372,-5.20,2091,9,46.477
415,46.2261,67.441,0.1097,-34.289,-135.120,0.000,-0.0681,0.002,0.002,-0.000,0.000,0.000,-14.38,0.00,emergency_stop,3,0,5,0.372,-5.20,2100,9,46.477
416,46.3406,67.549,0.1080,-34.289,-135.119,0.000,-0.0681,0.001,0.001,-0.000,0.000,0.000,-20.86,0.00,emergency_stop,3,0,3,0.371,-5.20,2109,9,46.477
417,46.4463,67.660,0.1113,-34.289,-135.119,0.000,-0.0681,0.001,0.001,-0.000,0.000,0.000,-27.54,0.00,emergency_stop,2,0,2,0.371,-5.20,2118,9,46.477
418,46.5509,67.768,0.1108,-34.289,-135.119,0.000,-0.0682,0.001,0.001,-0.000,0.000,0.000,-34.19,0.00,emergency_stop,2,0,2,0.371,-5.21,2127,9,46.477
419,46.6614,67.876,0.1093,-34.289,-135.119,0.000,-0.0682,0.000,0.000,-0.000,0.000,0.000,-35.00,0.00,emergency_stop,1,0,1,0.371,-5.21,2136,9,46.477
420,46.7662,67.983,0.1115,-34.289,-135.119,0.000,-0.0682,0.000,0.000,-0.000,0.000,0.000,-35.00,0.00,emergency_stop,1,0,1,0.371,-5.21,2145,9,46.477
421,46.8883,68.102,0.1085,-34.289,-135.119,0.000,-0.0682,0.000,0.000,-0.000,0.000,0.000,-35.00,0.00,emergency_stop,1,1,0,0.371,-5.21,2155,10,46.477
422,46.9942,68.210,0.1095,-34.289,-135.120,0.000,-0.0682,0.000,0.000,-0.000,0.000,0.000,-35.00,0.00,emergency_stop,1,1,0,0.371,-5.21,2164,9,46.477
423,47.1021,68.317,0.1088,-34.289,-135.120,0.000,-0.0682,0.000,0.000,-0.000,0.300,0.000,-35.00,0.60,brake,1,1,0,0.371,-5.21,2173,9,46.477
424,47.2091,68.426,0.1091,-34.291,-135.118,0.000,-0.0674,0.036,0.036,-0.002,0.282,0.000,-35.00,0.60,brake,2,1,0,0.370,-5.16,2182,9,46.477
425,47.3153,68.532,0.1121,-34.293,-135.116,0.000,-0.0664,0.029,0.029,-0.002,0.285,0.000,-34.36,0.60,brake,3,1,0,0.367,-5.10,2191,9,46.476
426,47.4336,68.649,0.1108,-34.293,-135.115,0.000,-0.0662,0.014,0.014,-0.001,0.293,0.000,-34.38,0.60,brake,3,1,0,0.366,-5.09,2201,10,46.475
427,47.5405,68.756,0.1109,-34.291,-135.116,0.000,-0.0677,0.024,0.024,-0.002,0.288,0.000,-34.30,0.60,brake,3,1,0,0.368,-5.18,2210,9,46.475
428,47.6487,68.863,0.1101,-34.287,-135.119,0.000,-0.0705,0.035,0.035,-0.002,0.283,0.000,-34.14,0.60,brake,3,1,0,0.371,-5.34,2219,9,46.475
429,47.7630,68.979,0.1121,-34.283,-135.122,0.000,-0.0733,0.040,0.039,-0.003,0.280,0.000,-33.98,0.60,brake,3,1,0,0.374,-5.50,2229,10,46.475
430,47.8713,69.085,0.1098,-34.280,-135.124,0.000,-0.0758,0.041,0.041,-0.003,0.280,0.000,-35.00,0.60,brake,1,0,1,0.376,-5.65,2238,9,46.475
431,47.9888,69.203,0.1090,-34.278,-135.126,0.000,-0.0781,0.024,0.024,-0.002,0.288,0.000,-35.00,0.60,brake,1,0,1,0.378,-5.77,2248,10,46.475
432,48.0962,69.310,0.1090,-34.276,-135.127,0.000,-0.0799,0.008,0.008,-0.001,0.296,0.000,-28.46,0.60,brake,5,0,5,0.379,-5.88,2257,9,46.475
433,48.2014,69.416,0.1093,-34.274,-135.128,0.000,-0.0811,0.022,0.022,-0.002,0.289,0.000,-21.90,0.60,brake,5,0,5,0.380,-5.95,2266,9,46.475
434,48.3073,69.524,0.1109,-34.274,-135.127,0.000,-0.0817,0.007,0.007,-0.001,0.296,0.000,-15.24,0.60,brake,5,0,5,0.379,-5.98,2275,9,46.474
435,48.4268,69.643,0.1091,-34.273,-135.127,0.000,-0.0821,0.016,0.016,-0.001,0.292,0.000,-21.79,0.60,brake,4,0,5,0.379,-6.00,2285,10,46.473
436,48.5333,69.749,0.1116,-34.271,-135.127,0.000,-0.0828,0.017,0.017,-0.001,0.292,0.000,-15.09,0.60,brake,14,0,2,0.379,-6.04,2294,9,46.472
437,48.6395,69.855,0.1120,-34.270,-135.126,0.000,-0.0834,0.028,0.028,-0.002,1.000,0.000,-8.37,2.80,avoid,14,0,2,0.379,-6.08,2303,9,46.471
438,48.7558,69.972,0.1111,-34.267,-135.126,0.000,-0.0838,0.059,0.059,-0.005,1.000,0.000,-1.70,2.80,avoid,14,0,2,0.378,-6.10,2313,10,46.469
439,48.8617,70.078,0.1109,-34.251,-135.127,0.000,-0.0841,0.270,0.269,-0.023,1.000,0.000,4.95,2.80,avoid,14,0,2,0.380,-6.12,2322,9,46.461
440,48.9826,70.194,0.1091,-34.201,-135.128,0.000,-0.0832,0.596,0.594,-0.049,0.000,0.099,11.49,0.00,emergency_stop,14,0,2,0.382,-6.06,2332,10,46.432
441,49.0854,70.298,0.1090,-34.173,-135.127,0.000,-0.0803,0.002,0.002,-0.000,0.000,0.000,18.03,0.00,emergency_stop,14,0,2,0.382,-5.90,2341,9,46.415
442,49.2016,70.415,0.1099,-34.174,-135.127,0.000,-0.0804,0.003,0.003,-0.000,0.000,0.000,11.44,0.00,emergency_stop,3,0,5,0.381,-5.90,2351,10,46.415
443,49.3069,70.521,0.1092,-34.174,-135.126,0.000,-0.0804,0.004,0.004,-0.000,0.000,0.001,4.88,0.00,emergency_stop,3,0,5,0.381,-5.91,2360,9,46.415
444,49.4119,70.628,0.1120,-34.174,-135.126,0.000,-0.0805,0.004,0.004,-0.000,0.000,0.001,-1.83,0.00,emergency_stop,3,0,5,0.380,-5.91,2369,9,46.414
445,49.5305,70.745,0.1095,-34.174,-135.125,0.000,-0.0805,0.003,0.003,-0.000,0.000,0.000,-8.40,0.00,emergency_stop,4,0,4,0.380,-5.91,2379,10,46.414
446,49.6354,70.852,0.1091,-34.174,-135.125,0.000,-0.0805,0.002,0.002,-0.000,0.000,0.000,-14.95,0.00,emergency_stop,4,0,4,0.380,-5.91,2388,9,46.414
447,49.7409,70.958,0.1101,-34.174,-135.125,0.000,-0.0806,0.001,0.001,-0.000,0.000,0.000,-21.56,0.00,emergency_stop,4,0,4,0.380,-5.92,2397,9,46.414
448,49.8583,71.075,0.1102,-34.174,-135.125,0.000,-0.0806,0.001,0.001,-0.000,0.000,0.000,-23.30,0.00,emergency_stop,4,0,4,0.380,-5.92,2407,10,46.414
449,49.9622,71.179,0.1105,-34.174,-135.125,0.000,-0.0805,0.001,0.001,-0.000,0.000,0.000,-23.30,0.00,emergency_stop,4,0,1,0.380,-5.91,2416,9,46.414
450,50.0754,71.291,0.1117,-34.174,-135.125,0.000,-0.0805,0.001,0.001,-0.000,0.000,0.000,-23.30,0.00,emergency_stop,4,0,4,0.380,-5.91,2425,9,46.414
451,50.1837,71.398,0.1090,-34.174,-135.125,0.000,-0.0805,0.001,0.001,-0.000,0.000,0.000,-23.29,0.00,emergency_stop,4,0,4,0.380,-5.91,2434,9,46.414
452,50.3024,71.516,0.1096,-34.175,-135.125,0.000,-0.0805,0.001,0.001,-0.000,0.000,0.000,-23.29,0.00,emergency_stop,4,0,5,0.380,-5.91,2444,10,46.414
453,50.4073,71.623,0.1080,-34.175,-135.125,0.000,-0.0805,0.001,0.001,-0.000,0.000,0.000,-23.29,0.00,emergency_stop,4,0,5,0.380,-5.91,2453,9,46.415
454,50.5121,71.729,0.1089,-34.175,-135.125,0.000,-0.0805,0.001,0.001,-0.000,0.300,0.000,-23.29,0.60,brake,4,0,5,0.380,-5.91,2462,9,46.415
455,50.6174,71.834,0.1076,-34.178,-135.124,0.000,-0.0803,0.064,0.064,-0.005,0.268,0.000,-23.29,0.60,brake,4,0,5,0.378,-5.90,2471,9,46.415
456,50.7389,71.952,0.1100,-34.184,-135.121,0.000,-0.0801,0.057,0.057,-0.005,0.271,0.000,-23.28,0.60,brake,4,0,5,0.376,-5.89,2481,10,46.417
457,50.8433,72.059,0.1100,-34.188,-135.120,0.000,-0.0797,0.057,0.057,-0.005,0.272,0.000,-23.30,0.60,brake,4,0,5,0.374,-5.86,2490,9,46.418
458,50.9461,72.162,0.1100,-34.190,-135.118,0.000,-0.0793,0.017,0.017,-0.001,0.291,0.000,-23.32,0.60,brake,4,0,4,0.373,-5.85,2498,8,46.418
459,51.0578,72.273,0.1084,-34.191,-135.118,0.000,-0.0796,0.008,0.008,-0.001,0.296,0.000,-23.30,0.60,brake,4,0,4,0.372,-5.86,2507,9,46.418
460,51.1649,72.381,0.1099,-34.190,-135.118,0.000,-0.0802,0.007,0.007,-0.001,0.296,0.000,-23.25,0.60,brake,4,0,4,0.372,-5.90,2516,9,46.418
461,51.2750,72.490,0.1096,-34.188,-135.119,0.000,-0.0815,0.026,0.026,-0.002,0.287,0.000,-23.16,0.60,brake,4,0,4,0.373,-5.97,2525,9,46.417
462,51.3959,72.609,0.1090,-34.185,-135.120,0.000,-0.0827,0.022,0.022,-0.002,0.289,0.000,-23.07,0.60,brake,4,0,4,0.374,-6.04,2535,10,46.417
463,51.5056,72.719,0.1106,-34.183,-135.121,0.000,-0.0839,0.006,0.006,-0.001,0.297,0.000,-22.98,0.60,brake,4,0,4,0.375,-6.11,2544,9,46.416
464,51.6112,72.826,0.1085,-34.182,-135.121,0.000,-0.0847,0.004,0.004,-0.000,0.298,0.000,-22.93,0.60,brake,4,0,5,0.375,-6.15,2553,9,46.416
465,51.7106,72.925,0.1085,-34.181,-135.122,0.000,-0.0857,0.020,0.020,-0.002,0.290,0.000,-22.86,0.60,brake,4,0,5,0.376,-6.21,2561,8,46.415
466,51.8307,73.042,0.1100,-34.180,-135.122,0.000,-0.0864,0.003,0.003,-0.000,0.298,0.000,-29.46,0.60,brake,3,0,3,0.376,-6.25,2571,10,46.415
467,51.9310,73.147,0.1068,-34.180,-135.122,0.000,-0.0873,0.003,0.003,-0.000,0.299,0.000,-23.05,0.60,brake,4,0,4,0.376,-6.30,2580,9,46.415
468,52.0381,73.254,0.1105,-34.179,-135.123,0.000,-0.0880,0.028,0.028,-0.002,1.000,0.000,-22.67,2.80,avoid,4,0,4,0.377,-6.34,2589,9,46.415
469,52.1559,73.372,0.1094,-34.177,-135.123,0.000,-0.0892,0.045,0.045,-0.004,1.000,0.000,-22.58,2.80,avoid,4,0,4,0.378,-6.41,2599,10,46.414
470,52.2639,73.480,0.1097,-34.163,-135.130,0.000,-0.0939,0.259,0.258,-0.024,1.000,0.000,-22.24,2.80,avoid,4,0,5,0.385,-6.68,2608,9,46.412
471,52.3732,73.586,0.1089,-34.128,-135.146,0.000,-0.1052,0.521,0.518,-0.055,1.000,0.000,-21.40,2.80,avoid,4,0,5,0.402,-7.33,2617,9,46.404
472,52.4760,73.692,0.1093,-34.093,-135.163,0.000,-0.1113,0.255,0.253,-0.028,1.000,0.000,-19.41,2.80,avoid,4,0,5,0.420,-7.68,2626,9,46.398
473,52.5938,73.809,0.1118,-34.078,-135.170,0.000,-0.1139,0.041,0.041,-0.005,1.000,0.000,-19.22,2.80,avoid,4,0,5,0.426,-7.83,2636,10,46.395
474,52.7018,73.915,0.1092,-34.074,-135.172,0.000,-0.1149,0.034,0.034,-0.004,1.000,0.000,-19.14,2.80,avoid,4,0,5,0.428,-7.89,2645,9,46.394
475,52.8180,74.032,0.1101,-34.070,-135.173,0.000,-0.1159,0.033,0.033,-0.004,1.000,0.000,-12.54,2.80,avoid,5,0,5,0.430,-7.94,2655,10,46.392
476,52.9255,74.138,0.1118,-34.067,-135.174,0.000,-0.1165,0.033,0.033,-0.004,1.000,0.000,-7.42,2.80,avoid,5,0,5,0.431,-7.98,2664,9,46.391
477,53.0339,74.247,0.1104,-34.062,-135.174,0.000,-0.1170,0.035,0.035,-0.004,1.000,0.000,-7.42,2.80,avoid,5,0,6,0.431,-8.00,2673,9,46.388
478,53.1489,74.365,0.1120,-34.058,-135.173,0.000,-0.1174,0.034,0.033,-0.004,1.000,0.000,-7.43,2.80,avoid,5,0,6,0.430,-8.03,2683,10,46.385
479,53.2536,74.471,0.1095,-34.054,-135.173,0.000,-0.1177,0.035,0.035,-0.004,1.000,0.000,-7.44,2.80,avoid,5,0,6,0.430,-8.05,2692,9,46.383
480,53.3596,74.577,0.1110,-34.050,-135.172,0.000,-0.1181,0.034,0.034,-0.004,1.000,0.000,-7.45,2.80,avoid,5,0,6,0.430,-8.07,2701,9,46.380
481,53.4810,74.694,0.1106,-34.046,-135.172,0.000,-0.1185,0.034,0.033,-0.004,1.000,0.000,-14.09,2.80,avoid,4,0,5,0.429,-8.09,2711,10,46.377
482,53.5853,74.800,0.1103,-34.042,-135.172,0.000,-0.1190,0.030,0.030,-0.004,1.000,0.000,-19.24,2.80,avoid,4,0,5,0.430,-8.12,2720,9,46.375
483,53.7013,74.916,0.1103,-34.038,-135.173,0.000,-0.1198,0.032,0.031,-0.004,1.000,0.000,-19.20,2.80,avoid,4,0,5,0.431,-8.16,2730,10,46.374
484,53.8058,75.022,0.1108,-34.035,-135.174,0.000,-0.1206,0.032,0.032,-0.004,1.000,0.000,-19.15,2.80,avoid,4,0,5,0.432,-8.21,2739,9,46.373
485,53.9110,75.128,0.1101,-34.031,-135.176,0.000,-0.1214,0.032,0.032,-0.004,1.000,0.000,-19.09,2.80,avoid,4,0,5,0.433,-8.26,2748,9,46.372
486,54.0284,75.245,0.1102,-34.027,-135.177,0.000,-0.1223,0.031,0.031,-0.004,1.000,0.000,-17.54,2.80,avoid,4,0,5,0.435,-8.31,2758,10,46.371
487,54.1359,75.351,0.1095,-34.024,-135.178,0.000,-0.1230,0.031,0.031,-0.004,1.000,0.000,-17.50,2.80,avoid,4,0,5,0.436,-8.35,2767,9,46.369
488,54.2521,75.467,0.1086,-34.020,-135.179,0.000,-0.1238,0.030,0.030,-0.004,1.000,0.000,-17.46,2.80,avoid,4,0,5,0.437,-8.39,2777,10,46.368
489,54.3605,75.573,0.1091,-34.017,-135.179,0.000,-0.1244,0.031,0.031,-0.004,1.000,0.000,-10.91,2.80,avoid,15,0,1,0.437,-8.43,2786,9,46.366
490,54.4672,75.681,0.1099,-34.013,-135.180,0.000,-0.1250,0.032,0.032,-0.004,1.000,0.000,-4.32,2.80,avoid,15,1,0,0.438,-8.46,2795,9,46.364
491,54.5753,75.790,0.1095,-34.009,-135.179,0.000,-0.1253,0.036,0.036,-0.005,1.000,0.000,2.25,2.80,avoid,15,1,0,0.437,-8.48,2804,9,46.361
492,54.6835,75.896,0.1071,-34.004,-135.177,0.000,-0.1254,0.042,0.042,-0.005,1.000,0.000,8.68,2.80,avoid,15,1,0,0.436,-8.48,2813,9,46.357
493,54.8005,76.013,0.1100,-33.999,-135.175,0.000,-0.1254,0.046,0.046,-0.006,1.000,0.000,15.28,2.80,avoid,15,1,0,0.433,-8.48,2823,10,46.352
494,54.9072,76.120,0.1079,-33.994,-135.172,0.000,-0.1252,0.053,0.053,-0.007,1.000,0.000,21.76,2.80,avoid,15,1,0,0.430,-8.47,2832,9,46.347
495,54.9990,76.215,0.1085,-33.989,-135.168,0.000,-0.1251,0.046,0.046,-0.006,1.000,0.000,28.27,2.80,avoid,15,1,0,0.427,-8.47,2840,8,46.341
496,55.1056,76.322,0.1105,-33.984,-135.164,0.000,-0.1246,0.062,0.061,-0.008,1.000,0.000,21.64,2.80,avoid,4,0,5,0.422,-8.44,2849,9,46.335
497,55.2160,76.431,0.1089,-33.978,-135.159,0.000,-0.1242,0.058,0.057,-0.007,1.000,0.000,15.10,2.80,avoid,4,0,6,0.418,-8.41,2858,9,46.327
498,55.3318,76.548,0.1105,-33.972,-135.155,0.000,-0.1244,0.059,0.059,-0.007,1.000,0.000,8.47,2.80,avoid,4,0,6,0.414,-8.43,2868,10,46.320
499,55.4381,76.654,0.1091,-33.967,-135.152,0.000,-0.1249,0.052,0.052,-0.006,1.000,0.000,1.93,2.80,avoid,4,0,5,0.411,-8.46,2877,9,46.315
500,55.5460,76.760,0.1105,-33.962,-135.150,0.000,-0.1255,0.047,0.047,-0.006,1.000,0.000,-4.71,2.80,avoid,1,1,0,0.409,-8.49,2886,9,46.311
501,55.6619,76.871,0.1096,-33.958,-135.149,0.000,-0.1260,0.042,0.041,-0.005,1.000,0.000,-11.28,2.80,avoid,1,1,0,0.408,-8.52,2895,9,46.307
502,55.7705,76.985,0.1099,-33.953,-135.150,0.000,-0.1261,0.036,0.036,-0.005,1.000,0.000,-17.88,2.80,avoid,4,0,1,0.409,-8.52,2904,9,46.305
503,55.8711,77.086,0.1076,-33.950,-135.151,0.000,-0.1269,0.034,0.034,-0.004,1.000,0.000,-18.92,2.80,avoid,4,0,2,0.410,-8.57,2912,8,46.304
504,55.9891,77.201,0.1114,-33.946,-135.153,0.000,-0.1281,0.035,0.034,-0.004,1.000,0.000,-18.81,2.80,avoid,4,0,2,0.412,-8.64,2921,9,46.304
505,56.0966,77.311,0.1086,-33.943,-135.154,0.000,-0.1286,0.033,0.033,-0.004,1.000,0.000,-18.78,2.80,avoid,4,0,3,0.414,-8.67,2930,9,46.303
506,56.2088,77.419,0.1101,-33.939,-135.156,0.000,-0.1288,0.032,0.032,-0.004,1.000,0.000,-18.77,2.80,avoid,4,0,4,0.416,-8.68,2939,9,46.302
507,56.3172,77.534,0.1101,-33.936,-135.158,0.000,-0.1289,0.037,0.037,-0.005,1.000,0.000,-18.75,3.00,replan,4,0,5,0.418,-8.69,2948,9,46.302
508,56.4261,77.642,0.1106,-33.932,-135.160,0.000,-0.1294,0.034,0.033,-0.004,1.000,0.000,-25.38,3.00,replan,1,0,1,0.420,-8.71,2957,9,46.301
509,56.5314,77.747,0.1089,-33.929,-135.162,0.000,-0.1301,0.034,0.034,-0.004,1.000,0.000,-31.92,3.00,replan,1,0,1,0.422,-8.75,2966,9,46.301
510,56.6370,77.853,0.1085,-33.926,-135.164,0.000,-0.1313,0.036,0.036,-0.005,1.000,0.000,-25.41,2.80,avoid,4,0,4,0.424,-8.82,2975,9,46.301
511,56.7459,77.964,0.1110,-33.923,-135.167,0.000,-0.1327,0.033,0.033,-0.004,1.000,0.000,-18.75,2.80,avoid,4,0,4,0.427,-8.90,2984,9,46.302
512,56.8636,78.080,0.1072,-33.920,-135.168,0.000,-0.1335,0.031,0.031,-0.004,1.000,0.000,-16.81,2.80,avoid,4,0,4,0.429,-8.95,2994,10,46.301
513,56.9698,78.186,0.1100,-33.916,-135.169,0.000,-0.1340,0.031,0.031,-0.004,1.000,0.000,-10.21,2.80,avoid,15,1,0,0.430,-8.98,3003,9,46.300
514,57.0784,78.291,0.1085,-33.913,-135.170,0.000,-0.1344,0.033,0.032,-0.004,1.000,0.000,-3.70,2.80,avoid,15,1,0,0.430,-9.00,3012,9,46.298
515,57.1933,78.408,0.1085,-33.908,-135.170,0.000,-0.1346,0.036,0.036,-0.005,1.000,0.000,2.81,2.80,avoid,15,1,0,0.430,-9.01,3022,10,46.295
516,57.2996,78.515,0.1107,-33.903,-135.168,0.000,-0.1347,0.042,0.042,-0.006,1.000,0.000,9.45,2.80,avoid,15,0,1,0.429,-9.02,3031,9,46.291
517,57.4059,78.622,0.1109,-33.898,-135.166,0.000,-0.1346,0.048,0.047,-0.006,1.000,0.000,16.11,2.80,avoid,15,0,1,0.426,-9.01,3040,9,46.287
518,57.5134,78.730,0.1102,-33.893,-135.163,0.000,-0.1344,0.055,0.054,-0.007,1.000,0.000,9.50,2.80,avoid,4,0,5,0.423,-9.00,3049,9,46.281
519,57.6310,78.847,0.1104,-33.887,-135.159,0.000,-0.1343,0.048,0.048,-0.006,1.000,0.000,2.87,2.80,avoid,4,0,5,0.420,-8.99,3059,10,46.274
520,57.7352,78.952,0.1105,-33.882,-135.157,0.000,-0.1344,0.043,0.042,-0.006,1.000,0.000,-3.76,2.80,avoid,4,0,4,0.418,-9.00,3068,9,46.270
521,57.8524,79.069,0.1125,-33.877,-135.156,0.000,-0.1348,0.039,0.038,-0.005,1.000,0.000,-10.51,2.80,avoid,4,0,5,0.417,-9.02,3078,10,46.266
522,57.9599,79.176,0.1093,-33.873,-135.156,0.000,-0.1354,0.034,0.034,-0.005,1.000,0.000,-17.06,2.80,avoid,4,0,5,0.418,-9.06,3087,9,46.264
523,58.0659,79.281,0.1098,-33.870,-135.158,0.000,-0.1361,0.034,0.034,-0.005,1.000,0.000,-17.56,2.80,avoid,4,0,5,0.419,-9.10,3096,9,46.263
524,58.1857,79.399,0.1112,-33.866,-135.159,0.000,-0.1371,0.035,0.034,-0.005,1.000,0.000,-17.47,2.80,avoid,4,0,5,0.421,-9.16,3106,10,46.262
525,58.2959,79.508,0.1102,-33.863,-135.161,0.000,-0.1380,0.035,0.034,-0.005,1.000,0.000,-17.40,2.80,avoid,4,0,5,0.423,-9.20,3115,9,46.262
526,58.3999,79.617,0.1110,-33.859,-135.163,0.000,-0.1388,0.034,0.033,-0.005,1.000,0.000,-17.33,2.80,avoid,4,0,5,0.424,-9.25,3124,9,46.261
527,58.5180,79.735,0.1108,-33.855,-135.164,0.000,-0.1396,0.033,0.033,-0.005,1.000,0.000,-10.68,3.00,replan,15,0,1,0.426,-9.30,3134,10,46.260
528,58.6236,79.841,0.1095,-33.852,-135.165,0.000,-0.1402,0.033,0.033,-0.005,1.000,0.000,-17.25,3.00,replan,1,1,0,0.427,-9.33,3143,9,46.259
529,58.7321,79.949,0.1111,-33.848,-135.166,0.000,-0.1408,0.033,0.032,-0.005,1.000,0.000,-23.92,3.00,replan,1,1,0,0.428,-9.37,3152,9,46.257
530,58.8502,80.066,0.1105,-33.844,-135.168,0.000,-0.1417,0.034,0.034,-0.005,1.000,0.000,-30.55,3.00,replan,1,1,0,0.430,-9.42,3162,10,46.257
531,58.9561,80.173,0.1107,-33.842,-135.170,0.000,-0.1430,0.036,0.036,-0.005,1.000,0.000,-35.00,3.00,replan,1,1,0,0.432,-9.50,3171,9,46.257
532,59.0615,80.277,0.1101,-33.839,-135.173,0.000,-0.1448,0.038,0.038,-0.005,1.000,0.000,-35.00,3.00,replan,1,1,0,0.435,-9.60,3180,9,46.258
533,59.1829,80.395,0.1111,-33.837,-135.177,0.000,-0.1471,0.038,0.037,-0.006,1.000,0.000,-35.00,3.00,replan,1,1,0,0.439,-9.73,3190,10,46.259
534,59.2858,80.501,0.1095,-33.834,-135.180,0.000,-0.1491,0.036,0.036,-0.005,1.000,0.000,-35.00,3.00,replan,1,1,0,0.442,-9.85,3199,9,46.261
535,59.4045,80.618,0.1120,-33.832,-135.183,0.000,-0.1513,0.035,0.035,-0.005,1.000,0.000,-28.28,3.00,replan,4,0,4,0.445,-9.97,3209,10,46.262
536,59.5060,80.722,0.1111,-33.829,-135.185,0.000,-0.1527,0.031,0.031,-0.005,1.000,0.000,-21.61,3.00,replan,4,0,5,0.447,-10.05,3218,9,46.262
537,59.6248,80.840,0.1107,-33.826,-135.186,0.000,-0.1537,0.030,0.030,-0.005,1.000,0.000,-28.25,3.00,replan,1,1,0,0.449,-10.11,3228,10,46.261
538,59.7310,80.946,0.1101,-33.823,-135.188,0.000,-0.1545,0.031,0.031,-0.005,1.000,0.000,-34.86,3.00,replan,1,1,0,0.450,-10.15,3237,9,46.260
539,59.8349,81.053,0.1110,-33.820,-135.190,0.000,-0.1559,0.032,0.032,-0.005,1.000,0.000,-35.00,3.00,replan,1,1,0,0.452,-10.23,3246,9,46.260
540,59.9593,81.170,0.1095,-33.817,-135.192,0.000,-0.1579,0.033,0.032,-0.005,1.000,0.000,-35.00,3.00,replan,1,1,0,0.455,-10.34,3256,10,46.261
541,60.0573,81.275,0.1090,-33.815,-135.194,0.000,-0.1596,0.032,0.032,-0.005,1.000,0.000,-35.00,3.20,follow,1,1,0,0.457,-10.45,3265,9,46.261
542,60.1781,81.392,0.1116,-33.812,-135.197,0.000,-0.1615,0.032,0.032,-0.005,1.000,0.000,-35.00,3.20,follow,1,1,0,0.459,-10.55,3275,10,46.262
543,60.2810,81.497,0.1091,-33.810,-135.199,0.000,-0.1632,0.031,0.031,-0.005,1.000,0.000,-28.45,3.20,follow,4,0,4,0.462,-10.65,3284,9,46.262
544,60.3970,81.612,0.1095,-33.807,-135.201,0.000,-0.1646,0.029,0.029,-0.005,1.000,0.000,-21.88,2.80,avoid,4,0,5,0.463,-10.73,3294,10,46.262
545,60.5055,81.720,0.1113,-33.804,-135.202,0.000,-0.1654,0.029,0.028,-0.005,1.000,0.000,-15.20,2.80,avoid,4,0,5,0.464,-10.78,3303,9,46.261
546,60.6109,81.825,0.1101,-33.800,-135.202,0.000,-0.1659,0.028,0.028,-0.005,1.000,0.000,-21.81,2.80,avoid,1,1,0,0.465,-10.80,3312,9,46.259
547,60.7152,81.932,0.1093,-33.797,-135.202,0.000,-0.1664,0.027,0.027,-0.005,1.000,0.000,-15.25,2.80,avoid,15,0,1,0.465,-10.83,3321,9,46.257
548,60.8275,82.042,0.1100,-33.793,-135.202,0.000,-0.1668,0.028,0.027,-0.005,1.000,0.000,-21.85,2.80,avoid,1,1,0,0.465,-10.86,3330,9,46.255
549,60.9471,82.161,0.1103,-33.789,-135.204,0.000,-0.1670,0.031,0.030,-0.005,1.000,0.000,-28.47,2.80,avoid,1,1,0,0.467,-10.87,3340,10,46.254
550,61.0487,82.266,0.1103,-33.786,-135.205,0.000,-0.1676,0.016,0.015,-0.003,1.000,0.000,-35.00,2.80,avoid,1,1,0,0.468,-10.90,3348,8,46.254
551,61.1586,82.374,0.1108,-33.784,-135.207,0.000,-0.1687,0.028,0.028,-0.005,1.000,0.000,-35.00,2.80,avoid,1,1,0,0.470,-10.97,3357,9,46.253
552,61.2781,82.493,0.1105,-33.781,-135.210,0.000,-0.1704,0.028,0.028,-0.005,1.000,0.000,-35.00,2.80,avoid,1,1,0,0.473,-11.06,3367,10,46.254
553,61.3825,82.598,0.1100,-33.779,-135.212,0.000,-0.1718,0.027,0.027,-0.005,1.000,0.000,-35.00,2.80,avoid,1,1,0,0.475,-11.14,3376,9,46.254
554,61.4874,82.704,0.1090,-33.776,-135.214,0.000,-0.1729,0.026,0.026,-0.004,1.000,0.000,-28.46,2.80,avoid,4,0,5,0.477,-11.21,3385,9,46.255
555,61.5982,82.814,0.1096,-33.773,-135.216,0.000,-0.1738,0.027,0.026,-0.005,1.000,0.000,-21.88,2.80,avoid,4,0,5,0.479,-11.26,3394,9,46.255
556,61.7178,82.934,0.1106,-33.770,-135.217,0.000,-0.1744,0.030,0.030,-0.005,1.000,0.000,-15.25,2.80,avoid,15,0,1,0.480,-11.29,3404,10,46.253
557,61.8231,83.039,0.1119,-33.766,-135.217,0.000,-0.1749,0.028,0.028,-0.005,1.000,0.000,-21.96,2.80,avoid,1,1,0,0.480,-11.32,3413,9,46.252
558,61.9393,83.155,0.1108,-33.763,-135.217,0.000,-0.1754,0.029,0.028,-0.005,1.000,0.000,-28.61,3.00,replan,1,1,0,0.481,-11.35,3423,10,46.250
559,62.0437,83.259,0.1103,-33.760,-135.218,0.000,-0.1762,0.029,0.028,-0.005,1.000,0.000,-35.00,3.00,replan,1,1,0,0.482,-11.40,3432,9,46.248
560,62.1617,83.374,0.1116,-33.757,-135.220,0.000,-0.1777,0.030,0.030,-0.005,1.000,0.000,-35.00,3.00,replan,1,1,0,0.483,-11.48,3442,10,46.248
561,62.2656,83.482,0.1108,-33.754,-135.222,0.000,-0.1796,0.031,0.031,-0.006,1.000,0.000,-28.35,3.00,replan,4,1,0,0.486,-11.59,3451,9,46.249
562,62.3890,83.600,0.1110,-33.751,-135.223,0.000,-0.1811,0.029,0.029,-0.005,1.000,0.000,-21.69,3.00,replan,4,1,0,0.487,-11.68,3461,10,46.248
563,62.4880,83.704,0.1100,-33.748,-135.224,0.000,-0.1819,0.029,0.028,-0.005,1.000,0.000,-15.09,3.00,replan,4,0,1,0.488,-11.72,3470,9,46.247
564,62.5938,83.808,0.1090,-33.745,-135.224,0.000,-0.1824,0.030,0.029,-0.005,1.000,0.000,-10.22,3.00,replan,4,0,1,0.489,-11.75,3479,9,46.245
565,62.7067,83.923,0.1115,-33.741,-135.224,0.000,-0.1827,0.031,0.030,-0.006,1.000,0.000,-3.53,3.00,replan,15,0,1,0.488,-11.77,3489,10,46.243
566,62.8267,84.040,0.1109,-33.736,-135.223,0.000,-0.1828,0.035,0.034,-0.006,1.000,0.000,-10.19,3.00,replan,3,1,0,0.487,-11.77,3499,10,46.239
567,62.9285,84.146,0.1106,-33.732,-135.222,0.000,-0.1829,0.030,0.030,-0.006,1.000,0.000,-16.82,2.80,avoid,1,1,0,0.486,-11.78,3508,9,46.236
568,63.0453,84.261,0.1116,-33.728,-135.222,0.000,-0.1833,0.030,0.029,-0.005,1.000,0.000,-23.52,2.80,avoid,1,0,1,0.487,-11.80,3518,10,46.234
569,63.1514,84.368,0.1114,-33.725,-135.223,0.000,-0.1841,0.030,0.029,-0.005,1.000,0.000,-22.80,2.80,avoid,3,0,3,0.487,-11.85,3527,9,46.233
570,63.2730,84.484,0.1095,-33.722,-135.224,0.000,-0.1851,0.030,0.030,-0.006,1.000,0.000,-22.74,2.80,avoid,3,0,3,0.489,-11.91,3537,10,46.232
571,63.3743,84.589,0.1120,-33.719,-135.225,0.000,-0.1860,0.030,0.029,-0.006,1.000,0.000,-22.68,2.80,avoid,3,0,4,0.490,-11.96,3546,9,46.231
572,63.4894,84.704,0.1106,-33.715,-135.227,0.000,-0.1870,0.031,0.030,-0.006,1.000,0.000,-22.63,2.80,avoid,3,0,4,0.491,-12.01,3556,10,46.230
573,63.5931,84.807,0.1094,-33.712,-135.228,0.000,-0.1879,0.030,0.029,-0.006,1.000,0.000,-22.58,2.80,avoid,3,0,4,0.493,-12.06,3565,9,46.229
574,63.7057,84.921,0.1105,-33.709,-135.229,0.000,-0.1888,0.029,0.029,-0.005,1.000,0.000,-15.95,2.80,avoid,14,0,2,0.494,-12.12,3575,10,46.228
575,63.8117,85.026,0.1100,-33.706,-135.230,0.000,-0.1895,0.030,0.029,-0.006,1.000,0.000,-9.35,2.80,avoid,15,0,1,0.495,-12.16,3584,9,46.227
576,63.9263,85.142,0.1105,-33.702,-135.230,0.000,-0.1898,0.031,0.030,-0.006,1.000,0.000,-2.72,2.80,avoid,15,1,0,0.495,-12.18,3594,10,46.225
577,64.0287,85.245,0.1087,-33.698,-135.229,0.000,-0.1899,0.036,0.035,-0.007,1.000,0.000,-9.24,2.80,avoid,1,1,0,0.494,-12.18,3603,9,46.222
578,64.1464,85.363,0.1104,-33.693,-135.228,0.000,-0.1901,0.033,0.032,-0.006,1.000,0.000,-2.61,2.80,avoid,15,1,0,0.493,-12.19,3613,10,46.218
579,64.2511,85.468,0.1076,-33.689,-135.227,0.000,-0.1903,0.036,0.035,-0.007,1.000,0.000,3.84,2.80,avoid,15,1,0,0.493,-12.20,3622,9,46.216
580,64.3644,85.583,0.1101,-33.684,-135.225,0.000,-0.1902,0.041,0.040,-0.008,1.000,0.000,-2.76,2.80,avoid,4,0,3,0.491,-12.20,3632,10,46.211
581,64.4697,85.687,0.1091,-33.680,-135.224,0.000,-0.1903,0.035,0.034,-0.007,1.000,0.000,-9.31,3.00,replan,4,0,3,0.490,-12.20,3641,9,46.208
582,64.5873,85.802,0.1110,-33.676,-135.224,0.000,-0.1906,0.031,0.031,-0.006,1.000,0.000,-10.30,3.00,replan,4,0,4,0.489,-12.22,3651,10,46.205
583,64.6896,85.905,0.1095,-33.672,-135.224,0.000,-0.1910,0.031,0.030,-0.006,1.000,0.000,-3.73,3.00,replan,14,0,2,0.490,-12.24,3660,9,46.203
584,64.8064,86.021,0.1090,-33.668,-135.224,0.000,-0.1913,0.034,0.033,-0.006,1.000,0.000,2.81,3.00,replan,15,0,1,0.490,-12.26,3670,10,46.201
585,64.9059,86.123,0.1103,-33.664,-135.223,0.000,-0.1914,0.038,0.038,-0.007,1.000,0.000,9.43,3.00,replan,14,0,2,0.489,-12.26,3679,9,46.197
586,65.0219,86.240,0.1111,-33.659,-135.221,0.000,-0.1913,0.045,0.044,-0.008,1.000,0.000,16.10,3.00,replan,14,0,2,0.487,-12.26,3689,10,46.193
587,65.1372,86.354,0.1091,-33.653,-135.218,0.000,-0.1910,0.050,0.049,-0.010,1.000,0.000,22.65,3.00,replan,14,0,2,0.484,-12.24,3699,10,46.187
588,65.2418,86.460,0.1097,-33.648,-135.214,0.000,-0.1906,0.054,0.053,-0.010,1.000,0.000,16.06,3.00,replan,1,1,0,0.481,-12.22,3708,9,46.181
589,65.3566,86.574,0.1122,-33.642,-135.211,0.000,-0.1902,0.048,0.048,-0.009,1.000,0.000,22.80,3.00,replan,15,0,1,0.477,-12.20,3718,10,46.175
590,65.4586,86.677,0.1095,-33.637,-135.208,0.000,-0.1899,0.052,0.051,-0.010,1.000,0.000,29.37,3.00,replan,15,0,1,0.474,-12.18,3727,9,46.169
591,65.5771,86.793,0.1110,-33.631,-135.203,0.000,-0.1889,0.071,0.070,-0.013,1.000,0.000,35.00,3.00,replan,15,0,1,0.470,-12.12,3737,10,46.162
592,65.6838,86.899,0.1073,-33.622,-135.198,0.000,-0.1856,0.099,0.097,-0.018,1.000,0.000,28.56,3.00,replan,4,0,5,0.465,-11.93,3746,9,46.153
593,65.7917,87.006,0.1100,-33.613,-135.194,0.000,-0.1825,0.083,0.082,-0.015,1.000,0.000,21.96,3.00,replan,4,0,5,0.461,-11.76,3755,9,46.145
594,65.8973,87.114,0.1102,-33.606,-135.191,0.000,-0.1807,0.072,0.071,-0.013,1.000,0.000,15.35,3.00,replan,4,0,5,0.459,-11.65,3764,9,46.138
595,66.0151,87.232,0.1097,-33.598,-135.189,0.000,-0.1796,0.060,0.059,-0.011,1.000,0.000,21.94,3.20,follow,15,0,1,0.457,-11.59,3774,10,46.132
596,66.1243,87.338,0.1095,-33.592,-135.187,0.000,-0.1785,0.063,0.062,-0.011,1.000,0.000,28.51,3.20,follow,14,0,2,0.455,-11.53,3783,9,46.127
597,66.2277,87.443,0.1102,-33.586,-135.185,0.000,-0.1772,0.068,0.067,-0.012,1.000,0.000,35.00,3.20,follow,15,0,1,0.453,-11.45,3792,9,46.121
598,66.3476,87.560,0.1109,-33.578,-135.182,0.000,-0.1749,0.081,0.079,-0.014,1.000,0.000,28.34,3.20,follow,1,1,0,0.450,-11.32,3802,10,46.114
599,66.4541,87.671,0.1084,-33.571,-135.178,0.000,-0.1724,0.080,0.079,-0.014,1.000,0.000,21.84,3.20,follow,1,1,0,0.446,-11.18,3811,9,46.107
600,66.5639,87.776,0.1089,-33.564,-135.175,0.000,-0.1709,0.072,0.071,-0.012,1.000,0.000,15.30,3.20,follow,4,0,3,0.444,-11.09,3820,9,46.101
601,66.6664,87.882,0.1110,-33.557,-135.173,0.000,-0.1691,0.067,0.066,-0.011,1.000,0.000,8.65,3.20,follow,4,0,3,0.442,-10.99,3829,9,46.095
602,66.7831,87.998,0.1099,-33.549,-135.172,0.000,-0.1676,0.082,0.081,-0.014,1.000,0.000,2.05,3.20,follow,4,0,4,0.441,-10.90,3839,10,46.089
603,66.8880,88.104,0.1087,-33.542,-135.172,0.000,-0.1669,0.034,0.033,-0.006,1.000,0.000,-4.47,3.20,follow,4,0,4,0.441,-10.86,3848,9,46.086
604,66.9951,88.210,0.1095,-33.537,-135.173,0.000,-0.1666,0.047,0.046,-0.008,1.000,0.000,-11.04,3.20,follow,4,0,4,0.442,-10.84,3857,9,46.084
605,67.1081,88.325,0.1115,-33.532,-135.175,0.000,-0.1661,0.037,0.036,-0.006,1.000,0.000,-4.35,3.20,follow,15,0,1,0.444,-10.81,3867,10,46.082
606,67.2262,88.440,0.1091,-33.528,-135.176,0.000,-0.1653,0.039,0.038,-0.006,1.000,0.000,-10.90,3.20,follow,1,1,0,0.445,-10.77,3877,10,46.081
607,67.3300,88.544,0.1116,-33.525,-135.177,0.000,-0.1646,0.034,0.033,-0.006,1.000,0.000,-17.59,3.20,follow,1,1,0,0.446,-10.73,3886,9,46.080
608,67.4437,88.660,0.1101,-33.521,-135.179,0.000,-0.1638,0.031,0.030,-0.005,1.000,0.000,-24.20,3.20,follow,1,1,0,0.449,-10.69,3896,10,46.080
609,67.5469,88.763,0.1090,-33.519,-135.182,0.000,-0.1634,0.030,0.030,-0.005,1.000,0.000,-30.74,3.20,merge,1,1,0,0.452,-10.66,3905,9,46.081
610,67.6634,88.880,0.1119,-33.517,-135.186,0.000,-0.1631,0.030,0.030,-0.005,1.000,0.000,-35.00,3.20,merge,1,1,0,0.455,-10.64,3915,10,46.083
611,67.7659,88.984,0.1105,-33.516,-135.189,0.000,-0.1630,0.029,0.029,-0.005,1.000,0.000,-28.37,3.20,merge,4,1,0,0.459,-10.64,3924,9,46.085
612,67.8896,89.102,0.1115,-33.515,-135.193,0.000,-0.1632,0.026,0.026,-0.004,1.000,0.000,-21.68,3.20,merge,4,1,0,0.462,-10.65,3934,10,46.087
613,67.9950,89.208,0.1096,-33.512,-135.195,0.000,-0.1642,0.033,0.033,-0.005,1.000,0.000,-15.10,3.20,merge,4,1,0,0.465,-10.71,3943,9,46.088
614,68.1041,89.323,0.1121,-33.509,-135.198,0.000,-0.1650,0.032,0.032,-0.005,1.000,0.000,-8.37,3.20,merge,15,0,1,0.467,-10.75,3952,9,46.087
615,68.2110,89.428,0.1112,-33.505,-135.199,0.000,-0.1653,0.033,0.033,-0.005,1.000,0.000,-1.71,3.20,merge,14,0,2,0.468,-10.77,3962,10,46.086
616,68.3302,89.545,0.1110,-33.501,-135.198,0.000,-0.1655,0.036,0.036,-0.006,1.000,0.000,4.95,3.20,merge,14,0,2,0.468,-10.78,3972,10,46.083
617,68.4347,89.650,0.1101,-33.496,-135.197,0.000,-0.1655,0.042,0.041,-0.007,1.000,0.000,11.56,3.20,merge,14,1,0,0.467,-10.78,3981,9,46.080
618,68.5484,89.765,0.1086,-33.491,-135.195,0.000,-0.1654,0.047,0.047,-0.008,1.000,0.000,18.07,3.20,merge,15,1,0,0.465,-10.77,3991,10,46.075
619,68.6558,89.874,0.1090,-33.485,-135.192,0.000,-0.1651,0.044,0.044,-0.007,1.000,0.000,24.61,3.20,merge,15,1,0,0.462,-10.76,4000,9,46.070
620,68.7597,89.977,0.1097,-33.480,-135.189,0.000,-0.1646,0.058,0.057,-0.009,1.000,0.000,31.19,3.20,merge,15,1,0,0.459,-10.73,4009,9,46.064
621,68.8785,90.093,0.1099,-33.474,-135.184,0.000,-0.1637,0.061,0.060,-0.010,1.000,0.000,24.60,3.20,merge,3,0,3,0.454,-10.68,4019,10,46.056
622,68.9882,90.201,0.1110,-33.469,-135.180,0.000,-0.1630,0.062,0.062,-0.010,1.000,0.000,17.94,3.20,merge,4,0,4,0.450,-10.64,4028,9,46.050
623,69.0959,90.312,0.1111,-33.461,-135.176,0.000,-0.1618,0.058,0.057,-0.009,1.000,0.000,11.28,4.00,cruise,4,0,5,0.447,-10.57,4037,9,46.043
624,69.2097,90.427,0.1116,-33.455,-135.174,0.000,-0.1611,0.053,0.053,-0.009,1.000,0.000,17.97,3.20,merge,14,0,2,0.445,-10.53,4047,10,46.038
625,69.3132,90.531,0.1078,-33.449,-135.173,0.000,-0.1605,0.057,0.056,-0.009,1.000,0.000,11.50,3.20,merge,1,1,0,0.444,-10.50,4056,9,46.033
626,69.4327,90.644,0.1093,-33.442,-135.171,0.000,-0.1594,0.068,0.067,-0.011,1.000,0.000,4.94,3.20,merge,1,1,0,0.442,-10.43,4066,10,46.028
627,69.5325,90.748,0.1097,-33.436,-135.170,0.000,-0.1582,0.061,0.061,-0.010,1.000,0.000,-1.64,3.20,merge,1,1,0,0.442,-10.36,4075,9,46.023
628,69.6458,90.863,0.1095,-33.430,-135.170,0.000,-0.1576,0.045,0.044,-0.007,1.000,0.000,-8.21,3.20,merge,1,1,0,0.441,-10.33,4084,9,46.020
629,69.7478,90.967,0.1098,-33.426,-135.171,0.000,-0.1574,0.041,0.041,-0.006,1.000,0.000,-14.79,3.20,merge,1,1,0,0.442,-10.32,4093,9,46.018
630,69.8657,91.083,0.1097,-33.422,-135.172,0.000,-0.1572,0.036,0.036,-0.006,1.000,0.000,-14.18,3.20,merge,4,0,4,0.444,-10.30,4103,10,46.017
631,69.9762,91.188,0.1088,-33.419,-135.174,0.000,-0.1569,0.026,0.026,-0.004,1.000,0.000,-14.20,3.20,merge,4,0,4,0.446,-10.29,4112,9,46.017
632,70.0886,91.303,0.1112,-33.416,-135.176,0.000,-0.1563,0.033,0.033,-0.005,1.000,0.000,-14.24,3.20,merge,4,0,4,0.448,-10.26,4122,10,46.017
633,70.1925,91.407,0.1102,-33.413,-135.178,0.000,-0.1557,0.033,0.033,-0.005,1.000,0.000,-14.29,3.20,merge,4,0,4,0.449,-10.22,4131,9,46.016
634,70.3063,91.522,0.1118,-33.410,-135.179,0.000,-0.1551,0.032,0.031,-0.005,1.000,0.000,-7.58,3.20,merge,15,0,1,0.451,-10.19,4141,10,46.016
635,70.4086,91.626,0.1080,-33.407,-135.180,0.000,-0.1545,0.035,0.034,-0.005,1.000,0.000,-1.10,3.20,merge,15,0,1,0.452,-10.15,4150,9,46.014
636,70.5272,91.744,0.1113,-33.401,-135.180,0.000,-0.1538,0.043,0.043,-0.007,1.000,0.000,5.58,3.20,merge,15,0,1,0.452,-10.11,4160,10,46.011
637,70.6406,91.858,0.1105,-33.395,-135.179,0.000,-0.1533,0.052,0.051,-0.008,1.000,0.000,12.21,3.20,merge,14,0,2,0.451,-10.08,4170,10,46.007
638,70.7459,91.963,0.1106,-33.389,-135.177,0.000,-0.1528,0.061,0.061,-0.009,1.000,0.000,18.84,4.00,cruise,14,0,2,0.449,-10.06,4179,9,46.002
639,70.8538,92.070,0.1110,-33.382,-135.174,0.000,-0.1521,0.074,0.073,-0.011,1.000,0.000,25.50,4.00,cruise,14,0,2,0.446,-10.02,4188,9,45.995
640,70.9703,92.184,0.1113,-33.374,-135.169,0.000,-0.1511,0.070,0.069,-0.010,1.000,0.000,32.18,4.00,cruise,15,0,1,0.442,-9.95,4197,9,45.987
641,71.0886,92.301,0.1110,-33.366,-135.165,0.000,-0.1495,0.082,0.082,-0.012,1.000,0.000,25.52,4.00,cruise,4,0,5,0.438,-9.87,4207,10,45.978
642,71.1942,92.408,0.1088,-33.358,-135.160,0.000,-0.1488,0.082,0.081,-0.012,1.000,0.000,18.99,4.00,cruise,4,0,5,0.433,-9.82,4216,9,45.970
643,71.3040,92.517,0.1105,-33.350,-135.157,0.000,-0.1484,0.072,0.071,-0.011,1.000,0.000,12.36,4.00,cruise,4,0,6,0.430,-9.80,4225,9,45.963
644,71.4065,92.623,0.1100,-33.343,-135.153,0.000,-0.1486,0.066,0.065,-0.010,1.000,0.000,18.96,4.00,cruise,14,0,2,0.427,-9.81,4234,9,45.956
645,71.5252,92.741,0.1112,-33.335,-135.150,0.000,-0.1481,0.087,0.086,-0.013,1.000,0.000,25.63,4.00,cruise,14,0,2,0.423,-9.79,4244,10,45.948
646,71.6333,92.849,0.1098,-33.327,-135.145,0.000,-0.1475,0.078,0.077,-0.011,1.000,0.000,32.22,4.00,cruise,13,0,3,0.419,-9.75,4253,9,45.940
647,71.7369,92.953,0.1079,-33.319,-135.141,0.000,-0.1470,0.082,0.081,-0.012,1.000,0.000,35.00,4.00,cruise,14,0,2,0.415,-9.72,4262,9,45.932
648,71.8463,93.062,0.1120,-33.311,-135.136,0.000,-0.1453,0.096,0.095,-0.014,1.000,0.000,35.00,4.00,cruise,14,0,2,0.410,-9.63,4271,9,45.923
649,71.9592,93.177,0.1118,-33.302,-135.130,0.000,-0.1430,0.098,0.097,-0.014,1.000,0.000,35.00,4.00,cruise,14,0,2,0.405,-9.49,4281,10,45.914
650,72.0797,93.293,0.1092,-33.293,-135.125,0.000,-0.1406,0.100,0.099,-0.014,1.000,0.000,35.00,4.00,cruise,14,0,2,0.399,-9.36,4291,10,45.904
651,72.1892,93.405,0.1111,-33.284,-135.120,0.000,-0.1383,0.099,0.098,-0.014,1.000,0.000,28.33,4.00,cruise,4,0,6,0.394,-9.23,4300,9,45.894
652,72.2948,93.509,0.1096,-33.275,-135.115,0.000,-0.1366,0.094,0.093,-0.013,1.000,0.000,21.76,4.00,cruise,4,0,6,0.390,-9.13,4309,9,45.886
653,72.4090,93.623,0.1101,-33.266,-135.110,0.000,-0.1355,0.089,0.088,-0.012,1.000,0.000,15.15,4.00,cruise,4,0,7,0.385,-9.06,4319,10,45.877
654,72.5088,93.728,0.1119,-33.258,-135.107,0.000,-0.1345,0.084,0.084,-0.011,1.000,0.000,8.44,4.00,cruise,3,0,6,0.382,-9.01,4328,9,45.869
655,72.6275,93.843,0.1102,-33.250,-135.104,0.000,-0.1338,0.077,0.076,-0.010,1.000,0.000,1.82,4.00,cruise,4,0,7,0.380,-8.97,4338,10,45.862
656,72.7402,93.958,0.1115,-33.242,-135.103,0.000,-0.1334,0.067,0.066,-0.009,1.000,0.000,-4.87,3.20,merge,4,0,7,0.379,-8.94,4348,10,45.857
657,72.8448,94.061,0.1110,-33.237,-135.103,0.000,-0.1333,0.050,0.049,-0.007,1.000,0.000,-11.53,3.20,merge,4,0,6,0.378,-8.94,4357,9,45.854
658,72.9605,94.177,0.1099,-33.232,-135.104,0.000,-0.1332,0.045,0.045,-0.006,1.000,0.000,-18.12,3.20,merge,4,0,6,0.380,-8.93,4367,10,45.852
659,73.0683,94.281,0.1102,-33.228,-135.105,0.000,-0.1331,0.036,0.035,-0.005,1.000,0.000,-19.46,3.20,merge,4,0,6,0.381,-8.93,4376,9,45.851
660,73.1849,94.399,0.1112,-33.225,-135.107,0.000,-0.1333,0.029,0.029,-0.004,1.000,0.000,-19.46,3.20,merge,4,0,5,0.383,-8.94,4386,10,45.850
661,73.2900,94.504,0.1086,-33.222,-135.109,0.000,-0.1332,0.031,0.031,-0.004,1.000,0.000,-25.98,3.20,merge,2,0,2,0.385,-8.93,4395,9,45.850
662,73.3923,94.608,0.1101,-33.220,-135.110,0.000,-0.1332,0.025,0.024,-0.003,1.000,0.000,-32.59,3.20,merge,2,0,2,0.387,-8.93,4404,9,45.850
663,73.5102,94.726,0.1071,-33.218,-135.112,0.000,-0.1334,0.017,0.017,-0.002,1.000,0.000,-26.16,3.20,merge,4,0,5,0.388,-8.94,4414,10,45.851
664,73.6121,94.829,0.1094,-33.216,-135.113,0.000,-0.1337,0.022,0.022,-0.003,1.000,0.000,-19.60,3.20,merge,4,0,6,0.390,-8.96,4423,9,45.851
665,73.7212,94.936,0.1109,-33.213,-135.114,0.000,-0.1338,0.028,0.028,-0.004,1.000,0.000,-12.95,3.20,merge,5,0,7,0.390,-8.97,4432,9,45.850
666,73.8384,95.054,0.1080,-33.210,-135.114,0.000,-0.1337,0.030,0.030,-0.004,1.000,0.000,-6.57,3.20,merge,5,0,7,0.391,-8.96,4442,10,45.848
667,73.9504,95.167,0.1105,-33.205,-135.115,0.000,-0.1332,0.036,0.036,-0.005,1.000,0.000,-6.66,3.20,merge,5,0,7,0.391,-8.93,4451,9,45.845
668,74.0447,95.264,0.1093,-33.201,-135.115,0.000,-0.1326,0.038,0.038,-0.005,1.000,0.000,-13.22,3.20,merge,4,0,5,0.391,-8.90,4458,7,45.843
669,74.1681,95.384,0.1102,-33.196,-135.115,0.000,-0.1318,0.029,0.029,-0.004,1.000,0.000,-18.26,3.20,merge,4,0,5,0.392,-8.85,4468,10,45.841
670,74.2803,95.493,0.1105,-33.193,-135.117,0.000,-0.1311,0.030,0.030,-0.004,1.000,0.000,-11.63,3.20,merge,15,0,1,0.393,-8.81,4478,10,45.840
671,74.3894,95.602,0.1106,-33.190,-135.118,0.000,-0.1304,0.034,0.034,-0.004,1.000,0.000,-6.96,3.20,merge,5,0,6,0.395,-8.77,4487,9,45.840
672,74.4944,95.708,0.1085,-33.186,-135.119,0.000,-0.1298,0.038,0.038,-0.005,1.000,0.000,-13.47,3.20,merge,2,0,2,0.396,-8.74,4496,9,45.838
673,74.6050,95.822,0.1107,-33.181,-135.119,0.000,-0.1295,0.027,0.026,-0.003,1.000,0.000,-18.57,3.20,merge,4,0,5,0.396,-8.72,4505,9,45.836
674,74.7090,95.927,0.1079,-33.178,-135.121,0.000,-0.1293,0.031,0.030,-0.004,1.000,0.000,-18.59,4.00,cruise,4,0,6,0.398,-8.71,4514,9,45.835
675,74.8251,96.043,0.1106,-33.175,-135.123,0.000,-0.1289,0.029,0.029,-0.004,1.000,0.000,-18.62,4.00,cruise,4,0,6,0.400,-8.68,4524,10,45.835
676,74.9297,96.146,0.1112,-33.173,-135.125,0.000,-0.1285,0.029,0.029,-0.004,1.000,0.000,-18.66,4.00,cruise,4,0,5,0.402,-8.66,4533,9,45.835
677,75.0461,96.262,0.1102,-33.169,-135.126,0.000,-0.1283,0.029,0.028,-0.004,1.000,0.000,-18.69,3.20,merge,4,0,5,0.403,-8.65,4543,10,45.834
678,75.1468,96.366,0.1082,-33.166,-135.127,0.000,-0.1280,0.030,0.030,-0.004,1.000,0.000,-18.72,3.20,merge,4,0,5,0.405,-8.64,4551,8,45.834
679,75.2646,96.482,0.1106,-33.163,-135.129,0.000,-0.1279,0.027,0.027,-0.003,1.000,0.000,-18.75,3.20,merge,4,0,5,0.406,-8.63,4562,11,45.833
680,75.3721,96.587,0.1079,-33.160,-135.130,0.000,-0.1277,0.029,0.028,-0.004,1.000,0.000,-12.28,3.20,merge,15,0,1,0.407,-8.62,4571,9,45.832
681,75.4787,96.693,0.1098,-33.157,-135.131,0.000,-0.1273,0.034,0.033,-0.004,1.000,0.000,-5.69,3.20,merge,15,0,1,0.408,-8.60,4580,9,45.831
682,75.5918,96.808,0.1080,-33.152,-135.131,0.000,-0.1270,0.043,0.042,-0.005,1.000,0.000,0.79,3.20,merge,14,0,2,0.408,-8.57,4590,10,45.828
683,75.6949,96.912,0.1111,-33.147,-135.130,0.000,-0.1266,0.053,0.052,-0.007,1.000,0.000,7.46,3.20,merge,15,0,1,0.407,-8.55,4599,9,45.824
684,75.8057,97.022,0.1100,-33.140,-135.127,0.000,-0.1261,0.065,0.064,-0.008,1.000,0.000,14.06,3.20,merge,14,0,2,0.405,-8.53,4608,9,45.819
685,75.9239,97.138,0.1098,-33.132,-135.124,0.000,-0.1255,0.075,0.074,-0.009,1.000,0.000,20.65,3.20,merge,14,0,2,0.402,-8.49,4618,10,45.811
686,76.0305,97.246,0.1097,-33.124,-135.120,0.000,-0.1246,0.084,0.083,-0.010,1.000,0.000,14.06,3.20,merge,4,0,6,0.398,-8.44,4627,9,45.803
687,76.1364,97.353,0.1110,-33.116,-135.115,0.000,-0.1237,0.072,0.072,-0.009,1.000,0.000,7.40,3.20,merge,4,0,6,0.394,-8.39,4636,9,45.795
688,76.2553,97.471,0.1101,-33.108,-135.112,0.000,-0.1234,0.063,0.062,-0.008,1.000,0.000,0.80,3.20,merge,4,0,5,0.391,-8.37,4646,10,45.788
689,76.3621,97.579,0.1095,-33.102,-135.111,0.000,-0.1232,0.045,0.044,-0.005,1.000,0.000,-5.78,3.20,merge,4,0,5,0.389,-8.36,4655,9,45.783
690,76.4694,97.686,0.1111,-33.097,-135.110,0.000,-0.1231,0.035,0.035,-0.004,1.000,0.000,0.89,3.20,merge,15,0,1,0.389,-8.35,4664,9,45.781
691,76.5882,97.803,0.1111,-33.093,-135.110,0.000,-0.1229,0.046,0.046,-0.006,1.000,0.000,7.55,3.20,merge,15,0,1,0.389,-8.34,4674,10,45.777
692,76.6943,97.910,0.1120,-33.087,-135.109,0.000,-0.1225,0.058,0.058,-0.007,1.000,0.000,14.27,3.20,merge,14,0,2,0.388,-8.32,4683,9,45.773
693,76.7998,98.016,0.1116,-33.080,-135.106,0.000,-0.1218,0.069,0.068,-0.008,1.000,0.000,20.96,3.20,merge,14,0,2,0.385,-8.28,4692,9,45.767
694,76.9140,98.130,0.1100,-33.072,-135.103,0.000,-0.1208,0.067,0.067,-0.008,1.000,0.000,27.57,3.20,merge,14,0,2,0.382,-8.22,4702,10,45.760
695,77.0197,98.235,0.1089,-33.066,-135.100,0.000,-0.1200,0.071,0.071,-0.009,1.000,0.000,34.10,3.20,merge,14,0,2,0.379,-8.18,4711,9,45.754
696,77.1343,98.352,0.1108,-33.058,-135.096,0.000,-0.1193,0.082,0.081,-0.010,1.000,0.000,27.45,3.20,merge,3,0,5,0.376,-8.14,4721,10,45.746
697,77.2389,98.456,0.1092,-33.051,-135.091,0.000,-0.1187,0.096,0.095,-0.011,1.000,0.000,20.90,4.00,cruise,4,0,6,0.371,-8.10,4730,9,45.738
698,77.3531,98.571,0.1103,-33.041,-135.086,0.000,-0.1181,0.100,0.099,-0.012,1.000,0.000,14.28,4.00,cruise,4,0,6,0.366,-8.07,4740,10,45.729
699,77.4556,98.675,0.1101,-33.033,-135.082,0.000,-0.1172,0.075,0.074,-0.009,1.000,0.000,7.68,4.00,cruise,4,0,6,0.363,-8.02,4748,8,45.721
700,77.5816,98.794,0.1107,-33.025,-135.080,0.000,-0.1162,0.077,0.076,-0.009,1.000,0.000,1.04,4.00,cruise,4,0,6,0.361,-7.96,4759,11,45.714
701,77.6884,98.902,0.1100,-33.017,-135.078,0.000,-0.1157,0.061,0.061,-0.007,1.000,0.000,-5.57,3.20,merge,4,0,5,0.359,-7.93,4768,9,45.709
702,77.7914,99.009,0.1095,-33.012,-135.078,0.000,-0.1156,0.052,0.052,-0.006,1.000,0.000,-12.13,3.20,merge,4,0,5,0.359,-7.92,4777,9,45.705
703,77.9067,99.123,0.1100,-33.006,-135.079,0.000,-0.1156,0.045,0.045,-0.005,1.000,0.000,-18.74,3.20,merge,4,0,5,0.359,-7.92,4787,10,45.703
704,78.0109,99.229,0.1099,-33.003,-135.080,0.000,-0.1156,0.034,0.034,-0.004,1.000,0.000,-20.35,3.20,merge,4,0,6,0.361,-7.92,4795,8,45.702
705,78.1196,99.334,0.1090,-33.000,-135.081,0.000,-0.1158,0.028,0.028,-0.003,1.000,0.000,-13.82,3.20,merge,5,0,7,0.362,-7.94,4805,10,45.701
706,78.2399,99.456,0.1106,-32.996,-135.082,0.000,-0.1160,0.037,0.037,-0.004,1.000,0.000,-20.37,3.20,merge,4,0,6,0.363,-7.95,4815,10,45.700
707,78.3460,99.561,0.1105,-32.993,-135.083,0.000,-0.1160,0.030,0.030,-0.003,1.000,0.000,-20.39,3.20,merge,4,0,4,0.364,-7.95,4824,9,45.699
708,78.4488,99.668,0.1122,-32.990,-135.084,0.000,-0.1162,0.033,0.032,-0.004,1.000,0.000,-20.40,3.20,merge,4,0,4,0.365,-7.96,4832,8,45.698
709,78.5671,99.784,0.1108,-32.987,-135.084,0.000,-0.1165,0.033,0.033,-0.004,1.000,0.000,-20.41,3.20,merge,4,0,4,0.365,-7.97,4843,11,45.696
710,78.6715,99.888,0.1079,-32.984,-135.085,0.000,-0.1166,0.027,0.027,-0.003,1.000,0.000,-13.93,3.20,merge,15,1,0,0.366,-7.98,4852,9,45.695
711,78.7869,100.002,0.1116,-32.981,-135.085,0.000,-0.1168,0.030,0.030,-0.003,1.000,0.000,-20.45,3.20,merge,4,1,0,0.366,-7.99,4862,10,45.694
712,78.8918,100.107,0.1081,-32.978,-135.085,0.000,-0.1169,0.035,0.035,-0.004,1.000,0.000,-13.96,3.20,merge,14,1,0,0.367,-8.00,4871,9,45.692
713,79.0074,100.226,0.1098,-32.975,-135.086,0.000,-0.1170,0.034,0.034,-0.004,1.000,0.000,-7.38,3.20,merge,14,0,2,0.367,-8.01,4881,10,45.690
714,79.1121,100.329,0.1095,-32.971,-135.085,0.000,-0.1172,0.040,0.040,-0.005,1.000,0.000,-0.80,3.20,merge,14,0,2,0.367,-8.02,4890,9,45.688
715,79.2309,100.446,0.1098,-32.965,-135.083,0.000,-0.1171,0.052,0.051,-0.006,1.000,0.000,5.78,3.20,merge,14,0,2,0.365,-8.01,4900,10,45.683
716,79.3363,100.553,0.1100,-32.959,-135.081,0.000,-0.1169,0.063,0.062,-0.007,1.000,0.000,-0.82,3.20,merge,4,0,6,0.363,-8.00,4909,9,45.677
717,79.4400,100.657,0.1085,-32.953,-135.078,0.000,-0.1169,0.052,0.052,-0.006,1.000,0.000,-7.32,3.20,merge,4,0,6,0.361,-8.00,4918,9,45.672
718,79.5583,100.774,0.1106,-32.947,-135.077,0.000,-0.1172,0.034,0.034,-0.004,1.000,0.000,-13.96,3.20,merge,4,0,5,0.359,-8.02,4928,10,45.668
719,79.6620,100.879,0.1120,-32.944,-135.077,0.000,-0.1176,0.027,0.027,-0.003,1.000,0.000,-20.68,3.20,merge,4,0,5,0.359,-8.04,4937,9,45.665
720,79.7825,100.996,0.1109,-32.940,-135.077,0.000,-0.1179,0.034,0.033,-0.004,1.000,0.000,-21.16,3.20,merge,4,0,5,0.360,-8.06,4947,10,45.664
721,79.8873,101.101,0.1100,-32.938,-135.078,0.000,-0.1180,0.024,0.024,-0.003,1.000,0.000,-21.17,3.20,merge,4,0,5,0.360,-8.06,4956,9,45.663
722,80.0013,101.218,0.1102,-32.935,-135.079,0.000,-0.1180,0.026,0.025,-0.003,1.000,0.000,-21.18,3.20,merge,4,0,5,0.362,-8.06,4966,10,45.663
723,80.1067,101.324,0.1101,-32.933,-135.080,0.000,-0.1180,0.025,0.025,-0.003,1.000,0.000,-21.19,4.00,cruise,4,0,6,0.363,-8.06,4975,9,45.662
724,80.2150,101.429,0.1091,-32.930,-135.082,0.000,-0.1178,0.027,0.027,-0.003,1.000,0.000,-21.22,4.00,cruise,4,0,6,0.364,-8.05,4984,9,45.662
725,80.3185,101.536,0.1081,-32.928,-135.083,0.000,-0.1173,0.028,0.028,-0.003,1.000,0.000,-21.25,4.00,cruise,4,0,6,0.366,-8.02,4993,9,45.662
726,80.4367,101.652,0.1105,-32.925,-135.085,0.000,-0.1170,0.028,0.028,-0.003,1.000,0.000,-21.29,3.20,merge,4,0,4,0.368,-8.01,5003,10,45.661
727,80.5401,101.756,0.1111,-32.922,-135.086,0.000,-0.1168,0.031,0.030,-0.004,1.000,0.000,-21.32,3.20,merge,4,0,4,0.369,-7.99,5012,9,45.661
728,80.6546,101.872,0.1113,-32.919,-135.088,0.000,-0.1165,0.016,0.016,-0.002,1.000,0.000,-21.35,3.20,merge,4,0,4,0.371,-7.98,5022,10,45.661
729,80.7727,101.989,0.1103,-32.916,-135.089,0.000,-0.1164,0.028,0.027,-0.003,1.000,0.000,-14.73,3.20,merge,15,0,1,0.372,-7.97,5032,10,45.660
730,80.8829,102.095,0.1120,-32.912,-135.090,0.000,-0.1165,0.036,0.036,-0.004,1.000,0.000,-8.01,3.20,merge,15,0,1,0.373,-7.97,5041,9,45.658
731,80.9906,102.203,0.1109,-32.908,-135.089,0.000,-0.1166,0.044,0.043,-0.005,1.000,0.000,-1.35,3.20,merge,15,0,1,0.373,-7.98,5050,9,45.656
732,81.1053,102.320,0.1115,-32.902,-135.088,0.000,-0.1168,0.059,0.059,-0.007,1.000,0.000,5.33,3.20,merge,15,0,1,0.371,-7.99,5060,10,45.651
733,81.2114,102.427,0.1113,-32.900,-135.085,0.000,-0.1177,0.023,0.023,-0.003,1.000,0.000,12.01,3.20,merge,14,0,2,0.368,-8.05,5069,9,45.647
734,81.3181,102.535,0.1087,-32.897,-135.083,0.000,-0.1183,0.028,0.027,-0.003,1.000,0.000,18.54,3.20,merge,14,0,2,0.366,-8.08,5078,9,45.644
735,81.4267,102.642,0.1099,-32.895,-135.080,0.000,-0.1193,0.040,0.040,-0.005,1.000,0.000,11.94,3.20,merge,4,0,6,0.364,-8.13,5087,9,45.641
736,81.5448,102.761,0.1113,-32.893,-135.077,0.000,-0.1205,0.038,0.038,-0.005,1.000,0.000,5.27,3.20,merge,4,0,5,0.360,-8.21,5097,10,45.637
737,81.6533,102.872,0.1101,-32.891,-135.074,0.000,-0.1216,0.031,0.031,-0.004,1.000,0.000,-1.34,3.20,merge,4,0,5,0.358,-8.27,5105,8,45.633
738,81.7606,102.978,0.1103,-32.889,-135.072,0.000,-0.1225,0.026,0.025,-0.003,1.000,0.000,-7.96,3.20,merge,4,0,5,0.355,-8.32,5115,10,45.630
739,81.8782,103.093,0.1112,-32.888,-135.070,0.000,-0.1232,0.018,0.018,-0.002,1.000,0.000,-14.63,3.20,merge,4,0,5,0.353,-8.36,5125,10,45.628
740,81.9846,103.198,0.1102,-32.887,-135.069,0.000,-0.1237,0.019,0.019,-0.002,1.000,0.000,-20.11,4.00,cruise,4,0,5,0.352,-8.39,5134,9,45.627
741,82.0909,103.305,0.1100,-32.887,-135.067,0.000,-0.1241,0.010,0.010,-0.001,1.000,0.000,-13.51,4.00,cruise,5,0,5,0.351,-8.41,5143,9,45.625
742,82.2062,103.424,0.1115,-32.886,-135.066,0.000,-0.1246,0.012,0.012,-0.001,1.000,0.000,-20.11,4.00,cruise,4,0,5,0.350,-8.44,5153,10,45.624
743,82.3104,103.528,0.1105,-32.886,-135.065,0.000,-0.1249,0.007,0.007,-0.001,1.000,0.000,-20.10,4.00,cruise,4,0,6,0.349,-8.46,5161,8,45.623
744,82.4320,103.644,0.1109,-32.887,-135.064,0.000,-0.1254,0.012,0.012,-0.002,1.000,0.000,-20.07,4.00,cruise,4,0,5,0.348,-8.49,5172,11,45.623
745,82.5344,103.749,0.1100,-32.888,-135.063,0.000,-0.1259,0.008,0.008,-0.001,1.000,0.000,-20.04,4.00,cruise,4,0,5,0.347,-8.52,5181,9,45.623
746,82.6503,103.867,0.1111,-32.888,-135.063,0.000,-0.1261,0.003,0.003,-0.000,1.000,0.000,-20.03,4.00,cruise,4,0,5,0.346,-8.52,5191,10,45.622
747,82.7536,103.971,0.1079,-32.888,-135.062,0.000,-0.1260,0.004,0.004,-0.001,1.000,0.000,-20.05,4.00,cruise,4,0,5,0.346,-8.52,5200,9,45.622
748,82.8581,104.077,0.1090,-32.887,-135.062,0.000,-0.1260,0.014,0.014,-0.002,1.000,0.000,-20.08,4.00,cruise,4,0,5,0.346,-8.52,5208,8,45.621
749,82.9813,104.194,0.1115,-32.885,-135.061,0.000,-0.1262,0.014,0.014,-0.002,1.000,0.000,-20.10,3.20,merge,4,0,4,0.345,-8.53,5219,11,45.619
750,83.0860,104.299,0.1105,-32.884,-135.060,0.000,-0.1265,0.019,0.019,-0.002,1.000,0.000,-13.47,3.20,merge,5,0,5,0.344,-8.55,5228,9,45.618
751,83.2033,104.419,0.1096,-32.882,-135.059,0.000,-0.1269,0.022,0.022,-0.003,1.000,0.000,-20.05,3.20,merge,4,0,5,0.343,-8.57,5238,10,45.616
752,83.3091,104.526,0.1107,-32.881,-135.057,0.000,-0.1275,0.015,0.015,-0.002,1.000,0.000,-20.15,3.20,merge,4,0,6,0.341,-8.60,5247,9,45.614
753,83.4158,104.632,0.1094,-32.880,-135.056,0.000,-0.1278,0.013,0.013,-0.002,1.000,0.000,-20.16,3.20,merge,4,0,6,0.340,-8.63,5256,9,45.613
754,83.5203,104.737,0.1087,-32.879,-135.055,0.000,-0.1282,0.010,0.010,-0.001,1.000,0.000,-20.16,3.20,merge,4,0,6,0.339,-8.64,5265,9,45.611
755,83.6377,104.854,0.1116,-32.879,-135.054,0.000,-0.1287,0.011,0.011,-0.001,1.000,0.000,-20.15,3.20,merge,4,0,6,0.338,-8.67,5275,10,45.610
756,83.7429,104.960,0.1070,-32.879,-135.053,0.000,-0.1290,0.015,0.015,-0.002,1.000,0.000,-20.15,3.20,merge,4,0,6,0.337,-8.69,5284,9,45.609
757,83.8471,105.065,0.1087,-32.879,-135.052,0.000,-0.1294,0.006,0.006,-0.001,1.000,0.000,-20.13,3.20,merge,4,0,5,0.336,-8.72,5293,9,45.609
758,83.9645,105.182,0.1109,-32.880,-135.052,0.000,-0.1298,0.003,0.003,-0.000,1.000,0.000,-20.10,3.20,merge,4,0,5,0.336,-8.74,5303,10,45.609
759,84.0699,105.287,0.1101,-32.880,-135.051,0.000,-0.1299,0.004,0.004,-0.001,1.000,0.000,-13.50,3.20,merge,15,0,1,0.335,-8.74,5312,9,45.608
760,84.1898,105.405,0.1096,-32.879,-135.051,0.000,-0.1300,0.014,0.014,-0.002,1.000,0.000,-6.92,3.20,merge,14,0,2,0.334,-8.75,5322,10,45.607
761,84.3013,105.515,0.1100,-32.878,-135.049,0.000,-0.1303,0.018,0.018,-0.002,1.000,0.000,-0.32,3.20,merge,14,0,2,0.333,-8.77,5331,9,45.606
762,84.4050,105.623,0.1099,-32.877,-135.047,0.000,-0.1311,0.032,0.032,-0.004,1.000,0.000,6.27,3.20,merge,14,0,2,0.331,-8.81,5340,9,45.603
763,84.5125,105.731,0.1098,-32.875,-135.044,0.000,-0.1320,0.024,0.023,-0.003,1.000,0.000,12.86,3.20,merge,13,0,3,0.328,-8.86,5349,9,45.600
764,84.6167,105.835,0.1096,-32.874,-135.042,0.000,-0.1330,0.026,0.025,-0.003,1.000,0.000,19.44,3.20,merge,13,0,3,0.326,-8.92,5358,9,45.597
765,84.7388,105.954,0.1101,-32.872,-135.039,0.000,-0.1341,0.029,0.028,-0.004,1.000,0.000,12.83,3.20,merge,3,0,5,0.323,-8.98,5368,10,45.594
766,84.8439,106.060,0.1118,-32.871,-135.037,0.000,-0.1349,0.014,0.014,-0.002,1.000,0.000,6.12,3.20,merge,4,0,4,0.321,-9.03,5377,9,45.592
767,84.9626,106.175,0.1099,-32.871,-135.035,0.000,-0.1357,0.029,0.029,-0.004,1.000,0.000,-0.47,3.20,merge,4,0,4,0.319,-9.08,5387,10,45.589
768,85.0626,106.280,0.1097,-32.870,-135.032,0.000,-0.1366,0.021,0.021,-0.003,1.000,0.000,-7.05,3.20,merge,4,0,4,0.316,-9.13,5396,9,45.587
769,85.1798,106.395,0.1105,-32.869,-135.030,0.000,-0.1375,0.019,0.019,-0.003,1.000,0.000,-13.68,3.20,merge,4,0,4,0.314,-9.18,5406,10,45.585
770,85.2821,106.499,0.1091,-32.869,-135.029,0.000,-0.1381,0.009,0.009,-0.001,1.000,0.000,-20.23,3.20,merge,2,0,2,0.313,-9.21,5415,9,45.584
771,85.3983,106.614,0.1100,-32.869,-135.028,0.000,-0.1385,0.005,0.005,-0.001,1.000,0.000,-20.11,3.20,follow,4,0,4,0.312,-9.23,5425,10,45.583
772,85.5019,106.719,0.1105,-32.869,-135.027,0.000,-0.1387,0.001,0.001,-0.000,1.000,0.000,-20.10,3.20,follow,4,0,6,0.311,-9.25,5434,9,45.582
773,85.6180,106.834,0.1099,-32.869,-135.026,0.000,-0.1390,0.007,0.007,-0.001,1.000,0.000,-20.09,3.20,follow,4,0,6,0.311,-9.26,5444,10,45.582
774,85.7229,106.940,0.1100,-32.869,-135.026,0.000,-0.1391,0.005,0.005,-0.001,1.000,0.000,-20.09,3.20,follow,4,0,7,0.310,-9.27,5453,9,45.581
775,85.8301,107.047,0.1103,-32.868,-135.025,0.000,-0.1393,0.011,0.011,-0.002,1.000,0.000,-20.11,3.20,follow,4,0,6,0.309,-9.28,5462,9,45.580
776,85.9485,107.165,0.1105,-32.867,-135.024,0.000,-0.1395,0.009,0.009,-0.001,1.000,0.000,-20.12,3.20,follow,4,0,6,0.308,-9.29,5472,10,45.579
777,86.0552,107.272,0.1101,-32.867,-135.024,0.000,-0.1397,0.007,0.007,-0.001,1.000,0.000,-20.13,3.20,follow,4,0,5,0.308,-9.30,5481,9,45.578
778,86.1766,107.390,0.1120,-32.866,-135.023,0.000,-0.1400,0.009,0.009,-0.001,1.000,0.000,-26.85,3.20,follow,2,0,2,0.307,-9.32,5491,10,45.577
779,86.2842,107.497,0.1106,-32.866,-135.022,0.000,-0.1402,0.003,0.003,-0.000,1.000,0.000,-33.48,3.20,follow,1,0,1,0.306,-9.33,5500,9,45.576
780,86.3879,107.602,0.1103,-32.866,-135.022,0.000,-0.1404,0.008,0.007,-0.001,1.000,0.000,-35.00,3.20,follow,1,0,1,0.306,-9.34,5509,9,45.576
781,86.5044,107.721,0.1107,-32.867,-135.021,0.000,-0.1406,0.006,0.005,-0.001,1.000,0.000,-28.36,3.20,follow,4,0,5,0.306,-9.35,5519,10,45.576
782,86.6116,107.827,0.1104,-32.867,-135.021,0.000,-0.1406,0.004,0.004,-0.001,1.000,0.000,-21.73,3.20,follow,5,0,6,0.305,-9.36,5528,9,45.576
783,86.7165,107.935,0.1119,-32.867,-135.021,0.000,-0.1408,0.006,0.006,-0.001,1.000,0.000,-15.02,3.20,follow,5,0,6,0.305,-9.36,5536,8,45.576
784,86.8339,108.050,0.1119,-32.867,-135.020,0.000,-0.1408,0.001,0.001,-0.000,1.000,0.000,-8.96,3.20,follow,5,0,6,0.304,-9.37,5547,11,45.575
785,86.9505,108.166,0.1110,-32.866,-135.019,0.000,-0.1411,0.012,0.012,-0.002,1.000,0.000,-8.98,3.20,merge,5,0,6,0.303,-9.38,5557,10,45.574
786,87.0516,108.269,0.1088,-32.865,-135.018,0.000,-0.1416,0.018,0.018,-0.003,1.000,0.000,-8.98,3.20,merge,5,0,6,0.302,-9.41,5565,8,45.572
787,87.1697,108.386,0.1100,-32.864,-135.016,0.000,-0.1421,0.015,0.015,-0.002,1.000,0.000,-8.99,2.80,avoid,5,0,5,0.300,-9.44,5575,10,45.571
788,87.2788,108.491,0.1102,-32.864,-135.015,0.000,-0.1423,0.006,0.006,-0.001,1.000,0.000,-15.60,2.80,avoid,2,0,2,0.300,-9.46,5584,9,45.570
789,87.3921,108.606,0.1109,-32.864,-135.015,0.000,-0.1426,0.002,0.002,-0.000,1.000,0.000,-22.25,2.80,avoid,1,0,1,0.299,-9.47,5594,10,45.569
790,87.4929,108.709,0.1101,-32.864,-135.014,0.000,-0.1429,0.013,0.013,-0.002,1.000,0.000,-28.86,2.80,avoid,1,0,1,0.298,-9.49,5603,9,45.569
791,87.6135,108.825,0.1107,-32.864,-135.014,0.000,-0.1431,0.004,0.004,-0.001,1.000,0.000,-22.22,2.80,avoid,5,0,5,0.298,-9.50,5613,10,45.568
792,87.7170,108.929,0.1100,-32.864,-135.013,0.000,-0.1432,0.006,0.006,-0.001,1.000,0.000,-15.61,2.80,avoid,5,0,5,0.297,-9.51,5622,9,45.568
793,87.8290,109.044,0.1105,-32.864,-135.013,0.000,-0.1434,0.006,0.006,-0.001,1.000,0.000,-8.99,2.80,avoid,5,0,5,0.297,-9.51,5632,10,45.567
794,87.9361,109.148,0.1102,-32.863,-135.012,0.000,-0.1436,0.008,0.008,-0.001,1.000,0.000,-8.98,2.80,avoid,5,0,5,0.296,-9.53,5641,9,45.566
795,88.0482,109.264,0.1108,-32.863,-135.010,0.000,-0.1440,0.014,0.014,-0.002,1.000,0.000,-15.63,2.80,avoid,2,0,2,0.295,-9.55,5651,10,45.565
796,88.1549,109.369,0.1115,-32.862,-135.009,0.000,-0.1446,0.014,0.014,-0.002,1.000,0.000,-22.32,2.80,avoid,1,0,1,0.293,-9.59,5660,9,45.563
797,88.2711,109.485,0.1116,-32.862,-135.008,0.000,-0.1449,0.005,0.005,-0.001,1.000,0.000,-15.63,2.80,avoid,5,0,5,0.292,-9.60,5670,10,45.563
798,88.3875,109.601,0.1110,-32.862,-135.007,0.000,-0.1453,0.006,0.006,-0.001,1.000,0.000,-8.98,2.80,avoid,5,0,5,0.291,-9.62,5680,10,45.562
799,88.4906,109.705,0.1090,-32.861,-135.006,0.000,-0.1457,0.009,0.008,-0.001,1.000,0.000,-8.98,2.80,avoid,5,0,5,0.290,-9.65,5689,9,45.561
800,88.5963,109.812,0.1100,-32.861,-135.005,0.000,-0.1461,0.008,0.008,-0.001,1.000,0.000,-8.98,2.80,avoid,5,0,5,0.289,-9.67,5698,9,45.559
801,88.7136,109.929,0.1108,-32.861,-135.004,0.000,-0.1465,0.008,0.008,-0.001,1.000,0.000,-8.98,3.00,replan,5,0,6,0.288,-9.69,5708,10,45.558
802,88.8158,110.031,0.1093,-32.860,-135.003,0.000,-0.1468,0.004,0.004,-0.001,1.000,0.000,-8.97,3.00,replan,5,0,6,0.287,-9.71,5717,9,45.557
803,88.9294,110.145,0.1100,-32.860,-135.002,0.000,-0.1473,0.010,0.009,-0.001,1.000,0.000,-8.97,3.00,replan,5,0,6,0.286,-9.74,5727,10,45.556
804,89.0445,110.260,0.1113,-32.860,-135.000,0.000,-0.1477,0.011,0.011,-0.002,1.000,0.000,-8.97,3.00,replan,5,0,6,0.285,-9.76,5737,10,45.555
805,89.1476,110.364,0.1105,-32.859,-134.999,0.000,-0.1481,0.012,0.012,-0.002,1.000,0.000,-8.97,3.00,replan,5,0,6,0.283,-9.79,5746,9,45.554
806,89.2654,110.481,0.1095,-32.859,-134.998,0.000,-0.1487,0.009,0.009,-0.001,1.000,0.000,-8.96,3.00,replan,5,0,6,0.282,-9.82,5756,10,45.552
807,89.3745,110.587,0.1100,-32.859,-134.996,0.000,-0.1491,0.010,0.010,-0.001,1.000,0.000,-2.36,3.00,replan,15,0,1,0.281,-9.84,5765,9,45.551
808,89.4831,110.697,0.1116,-32.858,-134.995,0.000,-0.1496,0.018,0.018,-0.003,1.000,0.000,-8.96,3.00,replan,5,1,0,0.279,-9.87,5774,9,45.550
809,89.6002,110.813,0.1120,-32.857,-134.993,0.000,-0.1504,0.017,0.017,-0.003,1.000,0.000,-8.95,3.00,replan,5,1,0,0.277,-9.92,5784,10,45.547
810,89.7050,110.919,0.1096,-32.857,-134.991,0.000,-0.1510,0.017,0.017,-0.003,1.000,0.000,-2.37,3.00,replan,15,0,1,0.276,-9.95,5793,9,45.546
811,89.8207,111.034,0.1126,-32.856,-134.990,0.000,-0.1515,0.010,0.010,-0.001,1.000,0.000,4.38,3.00,replan,15,0,1,0.274,-9.98,5803,10,45.544
812,89.9251,111.139,0.1089,-32.856,-134.988,0.000,-0.1521,0.018,0.017,-0.003,1.000,0.000,10.92,3.00,replan,15,0,1,0.273,-10.02,5812,9,45.543
813,90.0397,111.254,0.1107,-32.854,-134.986,0.000,-0.1531,0.030,0.029,-0.005,1.000,0.000,4.27,3.00,replan,4,0,4,0.270,-10.07,5822,10,45.540
814,90.1546,111.369,0.1110,-32.853,-134.983,0.000,-0.1542,0.020,0.020,-0.003,1.000,0.000,-2.39,3.00,replan,4,0,5,0.267,-10.13,5832,10,45.537
815,90.2549,111.472,0.1092,-32.853,-134.982,0.000,-0.1547,0.011,0.011,-0.002,1.000,0.000,-8.94,3.20,merge,4,0,5,0.266,-10.16,5841,9,45.536
816,90.3704,111.586,0.1111,-32.853,-134.980,0.000,-0.1552,0.008,0.008,-0.001,1.000,0.000,-8.91,3.20,merge,5,0,5,0.265,-10.19,5851,10,45.535
817,90.4773,111.691,0.1081,-32.853,-134.980,0.000,-0.1555,0.009,0.009,-0.001,1.000,0.000,-8.91,3.20,merge,5,1,0,0.264,-10.21,5860,9,45.534
818,90.5841,111.797,0.1086,-32.852,-134.978,0.000,-0.1560,0.015,0.015,-0.002,1.000,0.000,-8.90,3.20,merge,5,1,0,0.263,-10.24,5869,9,45.533
819,90.6903,111.907,0.1111,-32.852,-134.977,0.000,-0.1565,0.012,0.012,-0.002,1.000,0.000,-2.24,3.20,merge,15,0,1,0.261,-10.27,5878,9,45.531
820,90.8068,112.023,0.1114,-32.851,-134.975,0.000,-0.1571,0.014,0.014,-0.002,1.000,0.000,4.45,3.20,merge,15,0,1,0.260,-10.30,5888,10,45.529
821,90.9136,112.128,0.1101,-32.850,-134.974,0.000,-0.1576,0.018,0.018,-0.003,1.000,0.000,11.05,3.20,merge,15,0,1,0.258,-10.33,5897,9,45.528
822,91.0335,112.247,0.1105,-32.849,-134.971,0.000,-0.1585,0.022,0.021,-0.003,1.000,0.000,17.68,3.20,merge,15,0,1,0.256,-10.38,5907,10,45.525
823,91.1408,112.356,0.1111,-32.848,-134.969,0.000,-0.1594,0.020,0.020,-0.003,1.000,0.000,11.02,3.20,merge,4,0,5,0.253,-10.43,5916,9,45.522
824,91.2474,112.464,0.1096,-32.847,-134.966,0.000,-0.1606,0.020,0.020,-0.003,1.000,0.000,4.44,3.20,merge,4,0,5,0.251,-10.50,5925,9,45.520
825,91.3629,112.579,0.1120,-32.847,-134.964,0.000,-0.1619,0.020,0.020,-0.003,1.000,0.000,11.16,3.20,merge,15,0,1,0.248,-10.58,5935,10,45.517
826,91.4687,112.683,0.1098,-32.846,-134.961,0.000,-0.1628,0.032,0.032,-0.005,1.000,0.000,17.75,3.20,merge,15,0,1,0.246,-10.63,5944,9,45.515
827,91.5867,112.800,0.1101,-32.846,-134.958,0.000,-0.1631,0.027,0.027,-0.004,1.000,0.000,11.14,3.20,merge,5,0,6,0.243,-10.65,5954,10,45.512
828,91.6924,112.906,0.1104,-32.845,-134.955,0.000,-0.1634,0.041,0.040,-0.007,1.000,0.000,4.52,3.20,merge,5,0,5,0.240,-10.66,5963,9,45.510
829,91.8058,113.022,0.1106,-32.845,-134.951,0.000,-0.1638,0.043,0.043,-0.007,1.000,0.000,-2.12,3.20,merge,4,0,5,0.236,-10.69,5973,10,45.506
830,91.9063,113.124,0.1098,-32.844,-134.947,0.000,-0.1641,0.040,0.040,-0.007,1.000,0.000,-8.71,3.20,merge,4,0,6,0.232,-10.70,5982,9,45.503
831,92.0278,113.243,0.1099,-32.844,-134.943,0.000,-0.1644,0.041,0.040,-0.007,1.000,0.000,-15.30,3.20,merge,4,0,5,0.228,-10.72,5992,10,45.499
832,92.1339,113.347,0.1111,-32.844,-134.940,0.000,-0.1645,0.032,0.032,-0.005,1.000,0.000,-20.36,3.20,merge,4,0,5,0.224,-10.72,6001,9,45.496
833,92.2478,113.463,0.1108,-32.844,-134.936,0.000,-0.1645,0.033,0.032,-0.005,1.000,0.000,-20.44,4.00,cruise,4,0,5,0.221,-10.72,6011,10,45.493
834,92.3504,113.566,0.1109,-32.844,-134.933,0.000,-0.1643,0.039,0.038,-0.006,1.000,0.000,-13.78,4.00,cruise,5,0,6,0.218,-10.71,6020,9,45.491
835,92.4634,113.680,0.1108,-32.845,-134.929,0.000,-0.1636,0.044,0.044,-0.007,1.000,0.000,-9.71,4.00,cruise,5,0,6,0.214,-10.68,6030,10,45.488
836,92.5719,113.785,0.1091,-32.845,-134.925,0.000,-0.1632,0.035,0.035,-0.006,1.000,0.000,-9.87,4.00,cruise,5,0,5,0.210,-10.65,6039,9,45.485
837,92.6904,113.901,0.1101,-32.845,-134.920,0.000,-0.1628,0.058,0.057,-0.009,1.000,0.000,-10.08,4.00,cruise,5,0,5,0.204,-10.63,6049,10,45.480
838,92.7888,114.005,0.1095,-32.845,-134.916,0.000,-0.1620,0.045,0.045,-0.007,1.000,0.000,-10.29,4.00,cruise,5,0,5,0.200,-10.58,6058,9,45.477
839,92.9081,114.123,0.1085,-32.845,-134.909,0.000,-0.1614,0.050,0.049,-0.008,1.000,0.000,-10.53,4.00,cruise,5,0,5,0.194,-10.55,6068,10,45.471
840,93.0131,114.229,0.1090,-32.845,-134.904,0.000,-0.1604,0.076,0.075,-0.012,1.000,0.000,-10.78,4.00,cruise,5,0,5,0.188,-10.49,6077,9,45.467
841,93.1144,114.332,0.1084,-32.846,-134.898,0.000,-0.1600,0.041,0.040,-0.007,1.000,0.000,-11.00,4.00,cruise,5,0,6,0.182,-10.47,6086,9,45.462
842,93.2331,114.446,0.1087,-32.846,-134.892,0.000,-0.1593,0.070,0.069,-0.011,1.000,0.000,-11.22,4.00,cruise,5,0,6,0.177,-10.43,6096,10,45.458
843,93.3347,114.552,0.1115,-32.846,-134.887,0.000,-0.1590,0.035,0.034,-0.006,1.000,0.000,-11.39,4.00,cruise,5,0,5,0.172,-10.41,6105,9,45.454
844,93.4520,114.668,0.1098,-32.847,-134.881,0.000,-0.1587,0.049,0.049,-0.008,1.000,0.000,-11.60,3.20,merge,5,0,5,0.166,-10.39,6115,10,45.449
845,93.5543,114.772,0.1107,-32.846,-134.877,0.000,-0.1579,0.049,0.049,-0.008,1.000,0.000,-11.78,3.20,merge,5,0,5,0.162,-10.35,6124,9,45.446
846,93.6778,114.890,0.1091,-32.846,-134.872,0.000,-0.1576,0.040,0.040,-0.006,1.000,0.000,-11.97,3.20,merge,5,0,5,0.157,-10.33,6134,10,45.442
847,93.7787,114.994,0.1109,-32.847,-134.867,0.000,-0.1569,0.065,0.064,-0.010,1.000,0.000,-12.16,3.20,merge,5,0,5,0.152,-10.29,6143,9,45.438
848,93.8889,115.103,0.1105,-32.846,-134.863,0.000,-0.1561,0.030,0.030,-0.005,1.000,0.000,-12.36,3.20,merge,5,0,5,0.148,-10.24,6152,9,45.434
849,94.0039,115.219,0.1103,-32.846,-134.857,0.000,-0.1557,0.033,0.033,-0.005,1.000,0.000,-12.57,3.20,merge,5,0,6,0.142,-10.22,6162,10,45.429
850,94.1180,115.335,0.1119,-32.846,-134.853,0.000,-0.1547,0.063,0.062,-0.010,1.000,0.000,-12.78,3.20,merge,5,0,6,0.138,-10.16,6172,10,45.426
851,94.2256,115.440,0.1106,-32.846,-134.849,0.000,-0.1543,0.028,0.027,-0.004,1.000,0.000,-12.94,3.20,merge,5,0,6,0.133,-10.14,6181,9,45.423
852,94.3417,115.555,0.1115,-32.847,-134.842,0.000,-0.1540,0.058,0.057,-0.009,1.000,0.000,-13.15,3.20,merge,5,0,6,0.127,-10.12,6191,10,45.418
853,94.4538,115.667,0.1115,-32.848,-134.838,0.000,-0.1531,0.049,0.049,-0.007,1.000,0.000,-13.32,3.20,merge,5,0,5,0.123,-10.07,6200,9,45.415
854,94.5553,115.772,0.1107,-32.846,-134.833,0.000,-0.1525,0.045,0.044,-0.007,1.000,0.000,-13.54,3.20,merge,5,0,5,0.118,-10.04,6209,9,45.410
855,94.6743,115.888,0.1091,-32.844,-134.828,0.000,-0.1515,0.057,0.057,-0.009,1.000,0.000,-13.81,3.20,merge,5,1,0,0.113,-9.98,6219,10,45.404
856,94.7770,115.991,0.1109,-32.842,-134.824,0.000,-0.1504,0.052,0.051,-0.008,1.000,0.000,-14.04,3.20,merge,5,1,0,0.109,-9.92,6228,9,45.400
857,94.8922,116.107,0.1093,-32.840,-134.819,0.000,-0.1497,0.044,0.043,-0.007,1.000,0.000,-14.28,3.20,merge,5,1,0,0.104,-9.88,6238,10,45.395
858,94.9980,116.213,0.1100,-32.839,-134.814,0.000,-0.1487,0.058,0.057,-0.009,1.000,0.000,-14.52,3.20,merge,5,1,0,0.099,-9.82,6247,9,45.390
859,95.1103,116.327,0.1105,-32.837,-134.809,0.000,-0.1475,0.068,0.067,-0.010,1.000,0.000,-14.80,3.20,merge,5,1,0,0.094,-9.75,6257,10,45.385
860,95.2172,116.433,0.1108,-32.835,-134.804,0.000,-0.1467,0.034,0.033,-0.005,1.000,0.000,-15.03,3.20,merge,5,1,0,0.089,-9.70,6266,9,45.380
861,95.3373,116.550,0.1107,-32.834,-134.799,0.000,-0.1458,0.046,0.045,-0.007,1.000,0.000,-15.26,4.00,cruise,5,0,5,0.084,-9.66,6276,10,45.374
862,95.4391,116.654,0.1111,-32.833,-134.795,0.000,-0.1448,0.066,0.066,-0.010,1.000,0.000,-15.49,4.00,cruise,5,0,5,0.080,-9.60,6285,9,45.370
863,95.5543,116.769,0.1076,-32.831,-134.790,0.000,-0.1434,0.048,0.048,-0.007,1.000,0.000,-15.76,4.00,cruise,5,0,5,0.075,-9.52,6295,10,45.366
864,95.6567,116.874,0.1093,-32.830,-134.784,0.000,-0.1425,0.050,0.049,-0.007,1.000,0.000,-16.02,4.00,cruise,5,0,5,0.069,-9.47,6304,9,45.360
865,95.7634,116.979,0.1096,-32.830,-134.779,0.000,-0.1411,0.060,0.059,-0.008,1.000,0.000,-16.29,4.00,cruise,5,0,5,0.064,-9.39,6313,9,45.356
866,95.8829,117.095,0.1096,-32.828,-134.773,0.000,-0.1396,0.057,0.057,-0.008,1.000,0.000,-16.59,3.20,merge,5,0,5,0.058,-9.30,6323,10,45.350
867,95.9891,117.204,0.1110,-32.827,-134.770,0.000,-0.1387,0.037,0.036,-0.005,1.000,0.000,-16.77,3.20,merge,5,0,5,0.055,-9.25,6332,9,45.347
868,96.0945,117.311,0.1105,-32.827,-134.765,0.000,-0.1384,0.036,0.035,-0.005,1.000,0.000,-10.14,3.20,merge,6,0,6,0.051,-9.23,6341,9,45.343
869,96.2145,117.429,0.1111,-32.827,-134.761,0.000,-0.1377,0.050,0.050,-0.007,1.000,0.000,-5.73,3.20,merge,6,0,6,0.046,-9.19,6351,10,45.339
870,96.3203,117.536,0.1089,-32.826,-134.757,0.000,-0.1369,0.062,0.062,-0.008,1.000,0.000,-12.26,3.20,merge,5,0,5,0.042,-9.14,6360,9,45.335
871,96.4286,117.643,0.1111,-32.825,-134.751,0.000,-0.1363,0.036,0.036,-0.005,1.000,0.000,-18.93,3.20,merge,5,0,5,0.036,-9.11,6369,9,45.329
872,96.5463,117.761,0.1104,-32.824,-134.745,0.000,-0.1352,0.055,0.055,-0.007,1.000,0.000,-12.30,3.20,merge,6,0,6,0.030,-9.04,6379,10,45.325
873,96.6515,117.867,0.1108,-32.823,-134.741,0.000,-0.1339,0.061,0.060,-0.008,1.000,0.000,-6.74,3.20,merge,6,0,6,0.026,-8.97,6388,9,45.320
874,96.7637,117.976,0.1111,-32.821,-134.736,0.000,-0.1331,0.042,0.042,-0.006,1.000,0.000,-7.00,3.20,merge,6,1,0,0.021,-8.93,6397,9,45.315
875,96.8794,118.092,0.1099,-32.818,-134.730,0.000,-0.1316,0.066,0.066,-0.009,1.000,0.000,-7.35,3.20,merge,6,1,0,0.015,-8.84,6407,10,45.309
876,96.9870,118.200,0.1100,-32.814,-134.727,0.000,-0.1299,0.062,0.061,-0.008,1.000,0.000,-7.66,3.20,merge,6,1,0,0.012,-8.74,6416,9,45.304
877,97.0897,118.304,0.1096,-32.810,-134.721,0.000,-0.1286,0.061,0.061,-0.008,1.000,0.000,-14.24,3.20,merge,5,1,0,0.007,-8.67,6425,9,45.297
878,97.2047,118.420,0.1117,-32.806,-134.716,0.000,-0.1270,0.070,0.070,-0.009,1.000,0.000,-20.94,3.20,merge,4,1,0,0.001,-8.58,6435,10,45.290
879,97.3067,118.524,0.1102,-32.802,-134.713,0.000,-0.1252,0.053,0.053,-0.007,1.000,0.000,-14.33,3.20,merge,15,0,1,0.002,-8.47,6444,9,45.286
880,97.4238,118.639,0.1115,-32.799,-134.707,0.000,-0.1241,0.056,0.056,-0.007,1.000,0.000,-21.01,3.20,merge,4,0,4,0.007,-8.41,6454,10,45.279
881,97.5388,118.754,0.1078,-32.795,-134.703,0.000,-0.1223,0.063,0.063,-0.008,1.000,0.000,-27.49,3.20,merge,3,0,3,0.011,-8.31,6464,10,45.273
882,97.6438,118.861,0.1108,-32.792,-134.699,0.000,-0.1207,0.054,0.054,-0.007,1.000,0.000,-20.84,3.20,merge,5,0,6,0.015,-8.22,6473,9,45.269
883,97.7486,118.966,0.1110,-32.789,-134.693,0.000,-0.1196,0.057,0.057,-0.007,1.000,0.000,-20.94,3.20,merge,5,0,6,0.021,-8.15,6482,9,45.262
884,97.8669,119.082,0.1105,-32.785,-134.688,0.000,-0.1176,0.063,0.063,-0.007,1.000,0.000,-21.28,3.20,merge,5,0,5,0.025,-8.04,6492,10,45.256
885,97.9823,119.197,0.1115,-32.784,-134.684,0.000,-0.1162,0.057,0.056,-0.007,1.000,0.000,-21.54,3.20,merge,5,0,5,0.030,-7.96,6502,10,45.251
886,98.0884,119.302,0.1108,-32.783,-134.679,0.000,-0.1155,0.038,0.038,-0.004,1.000,0.000,-21.74,3.20,merge,5,0,5,0.035,-7.92,6511,9,45.246
887,98.2029,119.418,0.1100,-32.782,-134.673,0.000,-0.1144,0.046,0.046,-0.005,1.000,0.000,-21.96,3.20,merge,5,0,5,0.040,-7.85,6521,10,45.242
888,98.3070,119.524,0.1101,-32.782,-134.671,0.000,-0.1136,0.040,0.039,-0.004,1.000,0.000,-22.09,3.20,merge,5,0,6,0.043,-7.81,6530,9,45.240
889,98.4242,119.638,0.1100,-32.782,-134.666,0.000,-0.1133,0.028,0.028,-0.003,1.000,0.000,-22.23,4.00,cruise,5,0,6,0.048,-7.79,6540,10,45.236
890,98.5309,119.743,0.1103,-32.782,-134.662,0.000,-0.1128,0.042,0.041,-0.005,1.000,0.000,-22.36,4.00,cruise,5,0,5,0.052,-7.76,6549,9,45.232
891,98.6456,119.860,0.1105,-32.782,-134.658,0.000,-0.1119,0.054,0.054,-0.006,1.000,0.000,-22.52,4.00,cruise,5,0,5,0.056,-7.71,6559,10,45.229
892,98.7473,119.963,0.1120,-32.782,-134.654,0.000,-0.1113,0.032,0.032,-0.004,1.000,0.000,-22.67,3.20,merge,5,0,5,0.060,-7.68,6568,9,45.226
893,98.8615,120.077,0.1119,-32.780,-134.649,0.000,-0.1105,0.044,0.044,-0.005,1.000,0.000,-22.87,3.20,merge,5,0,5,0.064,-7.63,6578,10,45.221
894,98.9793,120.192,0.1100,-32.780,-134.645,0.000,-0.1095,0.063,0.063,-0.007,1.000,0.000,-16.27,3.20,merge,6,0,6,0.069,-7.57,6588,10,45.217
895,99.0829,120.297,0.1103,-32.778,-134.641,0.000,-0.1084,0.041,0.041,-0.004,1.000,0.000,-12.67,3.20,merge,6,0,6,0.073,-7.51,6597,9,45.213
896,99.2039,120.414,0.1095,-32.777,-134.634,0.000,-0.1075,0.049,0.049,-0.005,1.000,0.000,-12.95,3.20,merge,6,0,6,0.079,-7.46,6607,10,45.207
897,99.3053,120.520,0.1104,-32.777,-134.629,0.000,-0.1064,0.062,0.062,-0.007,1.000,0.000,-13.21,3.20,merge,6,0,6,0.085,-7.40,6616,9,45.202
898,99.4092,120.626,0.1100,-32.775,-134.625,0.000,-0.1052,0.043,0.042,-0.004,1.000,0.000,-19.81,3.20,merge,5,0,5,0.088,-7.33,6625,9,45.198
899,99.5242,120.741,0.1105,-32.772,-134.620,0.000,-0.1041,0.053,0.053,-0.006,1.000,0.000,-24.19,3.20,merge,5,0,5,0.094,-7.27,6635,10,45.192
900,99.6296,120.843,0.1099,-32.769,-134.616,0.000,-0.1027,0.070,0.070,-0.007,1.000,0.000,-24.44,3.20,merge,5,0,5,0.098,-7.18,6644,9,45.187
901,99.7461,120.959,0.1105,-32.766,-134.611,0.000,-0.1010,0.049,0.049,-0.005,1.000,0.000,-17.81,3.20,merge,6,0,6,0.102,-7.09,6654,10,45.181
902,99.8607,121.074,0.1097,-32.763,-134.605,0.000,-0.0996,0.060,0.060,-0.006,1.000,0.000,-14.70,3.20,merge,6,0,6,0.108,-7.00,6664,10,45.175
903,99.9653,121.178,0.1102,-32.760,-134.601,0.000,-0.0979,0.078,0.078,-0.008,1.000,0.000,-15.02,3.20,merge,6,0,6,0.113,-6.91,6673,9,45.170
904,100.0819,121.293,0.1105,-32.757,-134.596,0.000,-0.0964,0.043,0.043,-0.004,1.000,0.000,-15.32,3.20,merge,6,0,6,0.117,-6.83,6683,10,45.164
905,100.1881,121.399,0.1115,-32.753,-134.591,0.000,-0.0949,0.065,0.065,-0.006,1.000,0.000,-15.65,3.20,merge,6,0,6,0.122,-6.74,6692,9,45.158
906,100.3016,121.517,0.1108,-32.749,-134.586,0.000,-0.0931,0.081,0.081,-0.008,1.000,0.000,-16.02,3.20,merge,6,0,6,0.127,-6.63,6702,10,45.151
907,100.4051,121.621,0.1120,-32.745,-134.581,0.000,-0.0918,0.051,0.051,-0.005,1.000,0.000,-16.31,3.20,merge,6,0,6,0.132,-6.56,6711,9,45.145
908,100.5204,121.737,0.1087,-32.741,-134.576,0.000,-0.0905,0.063,0.062,-0.006,1.000,0.000,-16.62,3.20,merge,6,0,6,0.137,-6.49,6721,10,45.138
909,100.6285,121.843,0.1117,-32.738,-134.573,0.000,-0.0889,0.061,0.060,-0.005,1.000,0.000,-16.91,3.20,merge,6,0,6,0.140,-6.39,6730,9,45.134
910,100.7457,121.959,0.1105,-32.734,-134.567,0.000,-0.0877,0.053,0.053,-0.005,1.000,0.000,-17.23,3.20,follow,6,0,6,0.146,-6.33,6740,10,45.127
911,100.8519,122.066,0.1100,-32.731,-134.562,0.000,-0.0863,0.063,0.063,-0.005,1.000,0.000,-17.52,3.20,follow,6,0,6,0.150,-6.24,6749,9,45.121
912,100.9554,122.173,0.1113,-32.727,-134.558,0.000,-0.0852,0.048,0.047,-0.004,1.000,0.000,-17.79,3.20,follow,6,0,6,0.155,-6.18,6758,9,45.116
913,101.0738,122.290,0.1109,-32.724,-134.553,0.000,-0.0837,0.058,0.057,-0.005,1.000,0.000,-18.10,3.20,follow,6,1,0,0.159,-6.10,6768,10,45.110
914,101.1859,122.398,0.1110,-32.720,-134.550,0.000,-0.0820,0.063,0.063,-0.005,1.000,0.000,-18.39,3.20,follow,6,1,0,0.163,-6.00,6777,9,45.105
915,101.2929,122.507,0.1076,-32.717,-134.544,0.000,-0.0811,0.055,0.055,-0.004,1.000,0.000,-24.85,3.20,follow,5,1,0,0.168,-5.95,6786,9,45.099
916,101.3971,122.612,0.1110,-32.715,-134.540,0.000,-0.0795,0.074,0.073,-0.006,1.000,0.000,-18.95,3.20,follow,6,1,0,0.172,-5.86,6795,9,45.094
917,101.5161,122.731,0.1088,-32.712,-134.535,0.000,-0.0785,0.039,0.039,-0.003,1.000,0.000,-25.48,3.20,follow,5,1,0,0.178,-5.80,6805,10,45.088
918,101.6205,122.836,0.1103,-32.710,-134.530,0.000,-0.0776,0.051,0.051,-0.004,1.000,0.000,-29.05,3.20,follow,5,1,0,0.182,-5.75,6814,9,45.083
919,101.7261,122.942,0.1104,-32.708,-134.527,0.000,-0.0764,0.046,0.046,-0.004,1.000,0.000,-22.43,3.20,follow,6,0,6,0.185,-5.68,6823,9,45.079
920,101.8423,123.059,0.1118,-32.704,-134.524,0.000,-0.0752,0.050,0.050,-0.004,1.000,0.000,-19.90,3.20,follow,6,0,6,0.188,-5.61,6833,10,45.075
921,101.9472,123.163,0.1097,-32.702,-134.520,0.000,-0.0744,0.047,0.047,-0.003,1.000,0.000,-20.12,3.20,follow,6,0,6,0.192,-5.56,6842,9,45.070
922,102.0676,123.281,0.1116,-32.698,-134.515,0.000,-0.0732,0.049,0.049,-0.004,1.000,0.000,-20.39,3.20,follow,6,0,6,0.196,-5.50,6852,10,45.064
923,102.1829,123.396,0.1092,-32.695,-134.512,0.000,-0.0719,0.054,0.054,-0.004,1.000,0.000,-20.62,3.20,follow,6,0,6,0.200,-5.42,6861,9,45.060
924,102.2948,123.504,0.1101,-32.692,-134.507,0.000,-0.0710,0.051,0.051,-0.004,1.000,0.000,-20.87,3.20,merge,6,0,6,0.204,-5.37,6870,9,45.054
925,102.3988,123.615,0.1122,-32.689,-134.503,0.000,-0.0698,0.067,0.067,-0.005,1.000,0.000,-21.13,3.20,merge,6,0,6,0.209,-5.30,6879,9,45.049
926,102.5049,123.721,0.1109,-32.686,-134.499,0.000,-0.0685,0.049,0.048,-0.003,1.000,0.000,-27.79,3.20,merge,5,0,5,0.213,-5.23,6888,9,45.044
927,102.6107,123.828,0.1109,-32.684,-134.494,0.000,-0.0673,0.055,0.055,-0.004,1.000,0.000,-34.44,3.20,merge,4,0,4,0.217,-5.16,6897,9,45.039
928,102.7369,123.950,0.1112,-32.682,-134.491,0.000,-0.0662,0.041,0.041,-0.003,1.000,0.000,-31.06,3.20,merge,5,0,5,0.221,-5.09,6907,10,45.035
929,102.8397,124.056,0.1090,-32.681,-134.487,0.000,-0.0656,0.039,0.039,-0.003,1.000,0.000,-31.18,3.20,merge,5,0,5,0.224,-5.06,6916,9,45.031
930,102.9462,124.162,0.1070,-32.679,-134.484,0.000,-0.0647,0.051,0.051,-0.003,1.000,0.000,-24.76,3.20,merge,6,0,6,0.228,-5.01,6925,9,45.027
931,103.0537,124.268,0.1074,-32.677,-134.480,0.000,-0.0637,0.036,0.036,-0.002,1.000,0.000,-22.41,3.20,merge,6,0,6,0.231,-4.95,6934,9,45.023
932,103.1625,124.378,0.1076,-32.676,-134.475,0.000,-0.0629,0.044,0.044,-0.003,1.000,0.000,-22.62,3.20,merge,6,0,6,0.236,-4.90,6943,9,45.019
933,103.2735,124.487,0.1096,-32.674,-134.472,0.000,-0.0615,0.059,0.059,-0.004,1.000,0.000,-22.85,3.20,merge,6,1,0,0.239,-4.82,6952,9,45.015
934,103.3822,124.595,0.1112,-32.673,-134.466,0.000,-0.0609,0.049,0.049,-0.003,1.000,0.000,-29.52,3.20,merge,1,1,0,0.245,-4.79,6961,9,45.009
935,103.6359,124.706,0.1096,-32.671,-134.463,0.000,-0.0597,0.055,0.055,-0.003,1.000,0.000,-35.00,3.20,merge,1,1,0,0.248,-4.72,6968,7,45.006
936,104.1895,125.039,0.3274,-32.670,-134.460,0.000,-0.0595,0.014,0.014,-0.001,1.000,0.000,-15.36,3.20,merge,7,1,0,0.251,-4.71,6973,5,45.003
937,104.8279,125.608,0.5740,-32.669,-134.457,0.000,-0.0592,0.019,0.019,-0.001,1.000,0.000,19.09,3.20,merge,15,0,1,0.254,-4.69,6979,6,44.999
938,105.0654,126.177,0.5401,-32.665,-134.449,0.000,-0.0597,0.045,0.045,-0.003,1.000,0.000,35.00,3.20,merge,13,0,3,0.262,-4.72,6984,5,44.991
939,105.5178,126.490,0.2930,-32.659,-134.435,0.000,-0.0607,0.058,0.057,-0.003,1.000,0.000,35.00,3.20,merge,15,0,1,0.276,-4.78,6990,6,44.976
940,105.8379,126.855,0.3747,-32.642,-134.411,0.000,-0.0559,0.179,0.179,-0.010,1.000,0.000,35.00,3.20,merge,15,0,1,0.299,-4.50,6995,5,44.947
941,106.0017,127.125,0.3080,-32.617,-134.371,0.000,-0.0427,0.337,0.337,-0.014,1.000,0.000,35.00,3.20,merge,12,0,4,0.339,-3.75,7000,5,44.899
942,106.1780,127.319,0.1772,-32.583,-134.325,0.000,-0.0257,0.301,0.301,-0.008,1.000,0.000,34.43,3.20,follow,12,0,3,0.384,-2.78,7006,6,44.842
943,106.3652,127.497,0.1853,-32.548,-134.279,0.000,-0.0093,0.322,0.322,-0.003,1.000,0.000,23.31,3.20,follow,6,0,7,0.430,-1.83,7012,6,44.784
944,106.5528,127.673,0.1914,-32.513,-134.234,0.000,0.0058,0.318,0.318,0.002,1.000,0.000,11.83,3.20,follow,5,0,5,0.473,-0.97,7018,6,44.728
945,106.8505,127.857,0.1772,-32.478,-134.190,0.000,0.0196,0.277,0.277,0.005,1.000,0.000,1.20,3.20,follow,5,0,5,0.517,-0.18,7023,5,44.672
946,107.0828,128.145,0.2814,-32.458,-134.162,0.000,0.0250,0.151,0.151,0.004,1.000,0.000,-15.68,3.20,follow,1,1,0,0.545,0.13,7028,5,44.636
947,107.3193,128.419,0.2498,-32.415,-134.118,0.000,0.0441,0.183,0.183,0.008,1.000,0.000,-0.69,3.20,follow,10,0,6,0.587,1.23,7034,6,44.576
948,107.6703,128.720,0.2810,-32.383,-134.092,0.000,0.0557,0.088,0.087,0.005,1.000,0.000,0.03,3.20,follow,10,0,6,0.612,1.89,7040,6,44.537
949,107.8868,129.000,0.3067,-32.360,-134.057,0.000,0.0648,0.155,0.155,0.010,1.000,0.000,18.43,3.20,merge,15,1,0,0.647,2.41,7046,6,44.495
950,108.2439,129.313,0.2997,-32.335,-134.033,0.000,0.0717,0.142,0.142,0.010,1.000,0.000,0.45,3.20,merge,10,0,6,0.671,2.81,7052,6,44.460
951,108.4922,129.579,0.2980,-32.307,-134.000,0.000,0.0804,0.151,0.150,0.012,1.000,0.000,18.33,3.20,merge,15,1,0,0.703,3.31,7060,8,44.418
952,108.7203,129.831,0.2334,-32.280,-133.977,0.000,0.0899,0.165,0.165,0.015,1.000,0.000,4.33,3.20,merge,6,0,6,0.725,3.85,7067,7,44.384
953,109.0260,130.048,0.2278,-32.253,-133.941,0.000,0.0993,0.166,0.165,0.016,1.000,0.000,-9.34,3.20,merge,7,0,7,0.761,4.39,7074,7,44.338
954,109.2246,130.345,0.3099,-32.227,-133.916,0.000,0.1087,0.173,0.172,0.019,1.000,0.000,-27.93,3.20,merge,7,0,7,0.785,4.93,7080,6,44.303
955,109.4122,130.534,0.1947,-32.202,-133.898,0.000,0.1191,0.148,0.147,0.018,1.000,0.000,-31.68,4.00,cruise,8,0,8,0.803,5.52,7086,6,44.274
956,109.9541,130.822,0.1867,-32.191,-133.881,0.000,0.1230,0.027,0.027,0.003,1.000,0.000,-32.41,3.20,follow,8,0,10,0.819,5.74,7091,5,44.254
957,110.1610,131.275,0.5407,-32.184,-133.874,0.000,0.1251,0.051,0.050,0.006,1.000,0.000,-35.00,3.20,follow,3,0,3,0.826,5.87,7096,5,44.244
958,110.3640,131.465,0.2022,-32.175,-133.869,0.000,0.1281,0.061,0.060,0.008,1.000,0.000,-35.00,3.20,follow,3,0,3,0.831,6.04,7101,5,44.235
959,110.5772,131.680,0.2102,-32.165,-133.860,0.000,0.1314,0.064,0.063,0.008,1.000,0.000,-35.00,3.20,follow,3,0,3,0.840,6.23,7107,6,44.222
960,110.9395,131.993,0.2122,-32.155,-133.848,0.000,0.1340,0.019,0.019,0.002,1.000,0.000,-22.27,3.20,follow,14,0,2,0.851,6.38,7114,7,44.207
961,111.1116,132.247,0.3346,-32.147,-133.838,0.000,0.1361,0.069,0.068,0.009,1.000,0.000,-25.91,3.20,follow,9,0,7,0.862,6.50,7120,6,44.193
962,111.2495,132.396,0.1774,-32.140,-133.829,0.000,0.1378,0.082,0.082,0.011,1.000,0.000,-35.00,3.20,merge,8,0,1,0.870,6.60,7125,5,44.182
963,111.3985,132.551,0.1397,-32.132,-133.820,0.000,0.1405,0.080,0.079,0.011,1.000,0.000,-35.00,3.20,merge,8,0,2,0.879,6.75,7131,6,44.170
964,111.5291,132.683,0.1467,-32.124,-133.816,0.000,0.1439,0.068,0.068,0.010,1.000,0.000,-35.00,3.20,merge,8,0,3,0.883,6.94,7136,5,44.162
965,111.6844,132.838,0.1337,-32.115,-133.812,0.000,0.1483,0.068,0.067,0.010,1.000,0.000,-35.00,3.20,merge,8,0,4,0.886,7.19,7142,6,44.154
966,111.8300,132.990,0.1540,-32.107,-133.807,0.000,0.1520,0.088,0.087,0.013,1.000,0.000,-35.00,3.20,merge,8,0,9,0.892,7.41,7147,5,44.145
967,111.9661,133.116,0.1449,-32.103,-133.798,0.000,0.1537,0.065,0.064,0.010,1.000,0.000,-35.00,3.20,merge,8,0,8,0.900,7.51,7153,6,44.135
968,112.1137,133.272,0.1340,-32.099,-133.788,0.000,0.1546,0.064,0.063,0.010,1.000,0.000,-35.00,3.20,merge,7,0,7,0.910,7.56,7158,5,44.125
969,112.2550,133.402,0.1525,-32.096,-133.782,0.000,0.1556,0.051,0.050,0.008,1.000,0.000,-35.00,3.20,merge,8,0,8,0.916,7.62,7164,6,44.118
970,112.4085,133.561,0.1431,-32.090,-133.776,0.000,0.1571,0.058,0.057,0.009,1.000,0.000,-35.00,3.20,merge,8,0,9,0.922,7.70,7170,6,44.110
971,112.5614,133.713,0.1483,-32.085,-133.769,0.000,0.1584,0.067,0.066,0.011,1.000,0.000,-35.00,3.20,merge,8,0,9,0.929,7.78,7176,6,44.101
972,112.7081,133.863,0.1547,-32.080,-133.761,0.000,0.1594,0.063,0.063,0.010,1.000,0.000,-35.00,3.20,merge,8,0,9,0.937,7.84,7182,6,44.092
973,112.8555,134.018,0.1437,-32.075,-133.753,0.000,0.1606,0.049,0.049,0.008,1.000,0.000,-35.00,4.00,cruise,8,0,8,0.944,7.90,7187,5,44.083
974,112.9840,134.145,0.1495,-32.071,-133.749,0.000,0.1625,0.049,0.048,0.008,1.000,0.000,-35.00,3.20,merge,8,0,8,0.949,8.01,7192,5,44.077
975,113.1218,134.276,0.1279,-32.066,-133.747,0.000,0.1653,0.039,0.038,0.006,1.000,0.000,-35.00,3.20,merge,8,0,8,0.951,8.17,7198,6,44.072
976,113.2651,134.410,0.1360,-32.060,-133.745,0.000,0.1684,0.045,0.044,0.007,1.000,0.000,-35.00,3.20,merge,8,0,8,0.952,8.35,7203,5,44.068
977,113.4199,134.560,0.1477,-32.055,-133.741,0.000,0.1712,0.066,0.065,0.011,1.000,0.000,-35.00,3.20,merge,8,0,8,0.956,8.51,7209,6,44.061
978,113.5549,134.714,0.1538,-32.052,-133.729,0.000,0.1721,0.067,0.066,0.011,1.000,0.000,-35.00,3.20,merge,8,0,8,0.968,8.56,7214,5,44.050
979,113.6827,134.844,0.1312,-32.050,-133.721,0.000,0.1730,0.063,0.062,0.011,1.000,0.000,-35.00,3.20,merge,8,0,8,0.976,8.61,7220,6,44.042
980,113.8045,134.968,0.1257,-32.046,-133.714,0.000,0.1741,0.062,0.061,0.011,1.000,0.000,-35.00,3.20,merge,8,0,8,0.983,8.67,7224,4,44.034
981,113.9394,135.095,0.1256,-32.041,-133.710,0.000,0.1761,0.059,0.059,0.010,1.000,0.000,-35.00,3.20,merge,8,0,8,0.987,8.79,7230,6,44.028
982,114.0727,135.224,0.1342,-32.037,-133.704,0.000,0.1781,0.056,0.056,0.010,1.000,0.000,-35.00,3.20,merge,8,0,8,0.992,8.91,7235,5,44.021
983,114.2068,135.362,0.1340,-32.033,-133.699,0.000,0.1804,0.059,0.058,0.011,1.000,0.000,-35.00,3.20,merge,8,0,8,0.997,9.03,7239,4,44.014
984,114.3314,135.494,0.1321,-32.029,-133.694,0.000,0.1826,0.052,0.051,0.009,1.000,0.000,-35.00,3.20,merge,8,0,8,1.002,9.16,7244,5,44.008
985,114.4674,135.626,0.1257,-32.025,-133.689,0.000,0.1847,0.058,0.057,0.011,1.000,0.000,-35.00,3.20,merge,8,0,8,1.007,9.28,7249,5,44.002
986,114.5938,135.760,0.1363,-32.022,-133.682,0.000,0.1864,0.064,0.063,0.012,1.000,0.000,-35.00,4.00,cruise,8,0,8,1.014,9.38,7254,5,43.994
987,114.7173,135.886,0.1267,-32.019,-133.674,0.000,0.1876,0.064,0.063,0.012,1.000,0.000,-35.00,4.00,cruise,8,0,8,1.022,9.45,7259,5,43.986
988,114.8593,136.015,0.1256,-32.016,-133.667,0.000,0.1890,0.062,0.061,0.012,1.000,0.000,-35.00,4.00,cruise,7,0,7,1.030,9.53,7265,6,43.978
989,114.9783,136.145,0.1421,-32.013,-133.660,0.000,0.1906,0.059,0.058,0.011,1.000,0.000,-35.00,4.00,cruise,6,0,6,1.037,9.62,7269,4,43.970
990,115.1199,136.275,0.1172,-32.009,-133.653,0.000,0.1924,0.062,0.061,0.012,1.000,0.000,-35.00,4.00,cruise,7,0,7,1.043,9.72,7275,6,43.963
991,115.2653,136.427,0.1426,-32.005,-133.646,0.000,0.1951,0.065,0.064,0.013,1.000,0.000,-35.00,3.20,merge,8,0,8,1.050,9.88,7280,5,43.955
992,115.3966,136.557,0.1432,-32.001,-133.641,0.000,0.1978,0.054,0.053,0.011,1.000,0.000,-35.00,3.20,merge,8,0,8,1.054,10.03,7286,6,43.949
993,115.5240,136.681,0.1312,-31.997,-133.635,0.000,0.1999,0.068,0.067,0.014,1.000,0.000,-35.00,3.20,merge,8,0,8,1.061,10.15,7291,5,43.941
994,115.6537,136.809,0.1277,-31.995,-133.626,0.000,0.2012,0.061,0.060,0.012,1.000,0.000,-35.00,3.20,merge,8,0,8,1.070,10.23,7296,5,43.932
995,115.7995,136.960,0.1321,-31.993,-133.618,0.000,0.2026,0.052,0.051,0.010,1.000,0.000,-35.00,3.20,merge,8,0,8,1.078,10.31,7302,6,43.925
996,115.9307,137.089,0.1407,-31.990,-133.613,0.000,0.2039,0.046,0.045,0.009,1.000,0.000,-35.00,3.20,merge,7,0,7,1.083,10.38,7306,4,43.919
997,116.0704,137.227,0.1352,-31.987,-133.608,0.000,0.2056,0.050,0.049,0.010,1.000,0.000,-35.00,3.20,merge,8,0,8,1.088,10.48,7312,6,43.913
998,116.2131,137.379,0.1412,-31.984,-133.602,0.000,0.2077,0.049,0.048,0.010,1.000,0.000,-35.00,3.20,merge,8,0,8,1.094,10.60,7317,5,43.907
999,116.3485,137.510,0.1430,-31.982,-133.597,0.000,0.2094,0.046,0.045,0.010,1.000,0.000,-35.00,3.20,merge,8,0,8,1.099,10.70,7322,5,43.901
1000,116.4811,137.646,0.1320,-31.979,-133.591,0.000,0.2110,0.043,0.042,0.009,1.000,0.000,-35.00,3.20,merge,8,0,8,1.104,10.79,7327,5,43.895
