tick,matlabTime,carlaEventTime,otherActorId,otherActorType,impulseMagnitude,egoXAtImpact,egoYAtImpact,egoYawDegAtImpact
185,21.0695,42.256,116,vehicle.mitsubishi.fusorosa,311.906,-37.475,135.035,-13.26
185,21.0701,42.268,116,vehicle.mitsubishi.fusorosa,86.673,-37.469,135.035,-13.24
185,21.0702,42.293,116,vehicle.mitsubishi.fusorosa,173.578,-37.458,135.036,-13.16
185,21.0703,42.307,116,vehicle.mitsubishi.fusorosa,149.507,-37.452,135.036,-13.11
186,21.1925,42.320,116,vehicle.mitsubishi.fusorosa,59.569,-37.448,135.036,-13.11
186,21.1934,42.333,116,vehicle.mitsubishi.fusorosa,38.701,-37.445,135.036,-13.09
186,21.1937,42.346,116,vehicle.mitsubishi.fusorosa,70.936,-37.441,135.036,-13.08
186,21.1939,42.359,116,vehicle.mitsubishi.fusorosa,45.458,-37.439,135.036,-13.07
186,21.1939,42.372,116,vehicle.mitsubishi.fusorosa,40.257,-37.436,135.036,-13.06
186,21.1939,42.384,116,vehicle.mitsubishi.fusorosa,45.868,-37.434,135.036,-13.05
186,21.1940,42.396,116,vehicle.mitsubishi.fusorosa,39.370,-37.431,135.036,-13.04
186,21.1940,42.409,116,vehicle.mitsubishi.fusorosa,43.141,-37.429,135.036,-13.04
186,21.1940,42.422,116,vehicle.mitsubishi.fusorosa,35.839,-37.426,135.036,-13.04
187,21.2737,42.436,116,vehicle.mitsubishi.fusorosa,31.701,-37.423,135.036,-13.03
187,21.2738,42.449,116,vehicle.mitsubishi.fusorosa,37.816,-37.420,135.036,-13.03
187,21.2739,42.462,116,vehicle.mitsubishi.fusorosa,116.620,-37.417,135.036,-13.02
187,21.2739,42.475,116,vehicle.mitsubishi.fusorosa,23.231,-37.415,135.036,-13.01
187,21.2740,42.488,116,vehicle.mitsubishi.fusorosa,26.311,-37.412,135.036,-12.99
187,21.2740,42.501,116,vehicle.mitsubishi.fusorosa,0.346,-37.409,135.036,-12.96
187,21.2740,42.514,116,vehicle.mitsubishi.fusorosa,47.610,-37.406,135.037,-12.89
188,21.3809,42.527,116,vehicle.mitsubishi.fusorosa,4.005,-37.402,135.038,-12.82
188,21.3810,42.539,116,vehicle.mitsubishi.fusorosa,117.614,-37.397,135.039,-12.71
188,21.3811,42.552,116,vehicle.mitsubishi.fusorosa,42.112,-37.393,135.040,-12.65
188,21.3811,42.564,116,vehicle.mitsubishi.fusorosa,46.659,-37.388,135.041,-12.60
188,21.3811,42.578,116,vehicle.mitsubishi.fusorosa,43.225,-37.382,135.042,-12.53
188,21.3812,42.591,116,vehicle.mitsubishi.fusorosa,48.577,-37.376,135.042,-12.47
188,21.3812,42.605,116,vehicle.mitsubishi.fusorosa,28.707,-37.369,135.043,-12.39
188,21.3812,42.619,116,vehicle.mitsubishi.fusorosa,43.001,-37.362,135.044,-12.30
189,21.4924,42.639,116,vehicle.mitsubishi.fusorosa,167.881,-37.354,135.045,-12.21
189,21.4927,42.652,116,vehicle.mitsubishi.fusorosa,41.641,-37.344,135.047,-12.11
189,21.4927,42.702,116,vehicle.mitsubishi.fusorosa,42.174,-37.309,135.049,-11.65
189,21.4928,42.715,116,vehicle.mitsubishi.fusorosa,23.807,-37.298,135.051,-11.51
189,21.4928,42.727,116,vehicle.mitsubishi.fusorosa,20.630,-37.285,135.052,-11.36
190,21.5997,42.741,116,vehicle.mitsubishi.fusorosa,25.033,-37.272,135.053,-11.21
190,21.5998,42.754,116,vehicle.mitsubishi.fusorosa,84.193,-37.257,135.055,-11.03
190,21.5998,42.766,116,vehicle.mitsubishi.fusorosa,37.323,-37.242,135.056,-10.90
190,21.5999,42.778,116,vehicle.mitsubishi.fusorosa,37.283,-37.228,135.057,-10.79
190,21.5999,42.790,116,vehicle.mitsubishi.fusorosa,36.803,-37.212,135.057,-10.69
190,21.5999,42.802,116,vehicle.mitsubishi.fusorosa,33.830,-37.197,135.057,-10.60
190,21.6000,42.815,116,vehicle.mitsubishi.fusorosa,33.400,-37.181,135.057,-10.50
190,21.6000,42.828,116,vehicle.mitsubishi.fusorosa,35.139,-37.163,135.058,-10.39
190,21.6001,42.840,116,vehicle.mitsubishi.fusorosa,32.095,-37.147,135.058,-10.29
191,21.7124,42.853,116,vehicle.mitsubishi.fusorosa,34.796,-37.129,135.058,-10.18
191,21.7125,42.866,116,vehicle.mitsubishi.fusorosa,175.135,-37.111,135.057,-10.07
191,21.7125,42.878,116,vehicle.mitsubishi.fusorosa,38.644,-37.095,135.057,-10.01
191,21.7126,42.890,116,vehicle.mitsubishi.fusorosa,36.530,-37.079,135.056,-9.95
191,21.7126,42.902,116,vehicle.mitsubishi.fusorosa,34.987,-37.063,135.055,-9.91
191,21.7126,42.914,116,vehicle.mitsubishi.fusorosa,33.873,-37.047,135.054,-9.86
191,21.7127,42.926,116,vehicle.mitsubishi.fusorosa,34.541,-37.029,135.052,-9.82
191,21.7127,42.939,116,vehicle.mitsubishi.fusorosa,32.256,-37.013,135.051,-9.77
191,21.7128,42.953,116,vehicle.mitsubishi.fusorosa,30.827,-36.996,135.049,-9.72
192,21.8148,42.970,116,vehicle.mitsubishi.fusorosa,35.282,-36.975,135.048,-9.66
192,21.8149,42.982,116,vehicle.mitsubishi.fusorosa,210.178,-36.952,135.046,-9.61
192,21.8150,42.994,116,vehicle.mitsubishi.fusorosa,39.278,-36.935,135.044,-9.59
192,21.8150,43.007,116,vehicle.mitsubishi.fusorosa,34.388,-36.920,135.041,-9.58
192,21.8150,43.018,116,vehicle.mitsubishi.fusorosa,37.605,-36.904,135.039,-9.57
192,21.8151,43.030,116,vehicle.mitsubishi.fusorosa,34.770,-36.888,135.036,-9.56
192,21.8151,43.043,116,vehicle.mitsubishi.fusorosa,38.444,-36.872,135.034,-9.56
192,21.8151,43.056,116,vehicle.mitsubishi.fusorosa,39.017,-36.855,135.031,-9.56
193,21.9430,43.069,116,vehicle.mitsubishi.fusorosa,41.638,-36.837,135.028,-9.56
193,21.9431,43.083,116,vehicle.mitsubishi.fusorosa,244.461,-36.818,135.025,-9.55
193,21.9432,43.095,116,vehicle.mitsubishi.fusorosa,47.433,-36.802,135.023,-9.55
193,21.9432,43.108,116,vehicle.mitsubishi.fusorosa,41.678,-36.788,135.021,-9.53
193,21.9432,43.120,116,vehicle.mitsubishi.fusorosa,45.661,-36.774,135.019,-9.51
193,21.9433,43.132,116,vehicle.mitsubishi.fusorosa,43.510,-36.759,135.017,-9.48
193,21.9433,43.144,116,vehicle.mitsubishi.fusorosa,42.536,-36.745,135.016,-9.43
193,21.9433,43.156,116,vehicle.mitsubishi.fusorosa,43.934,-36.731,135.015,-9.38
193,21.9434,43.168,116,vehicle.mitsubishi.fusorosa,26.825,-36.717,135.014,-9.33
193,21.9434,43.181,116,vehicle.mitsubishi.fusorosa,37.180,-36.702,135.013,-9.26
194,22.0520,43.194,116,vehicle.mitsubishi.fusorosa,42.296,-36.686,135.012,-9.20
194,22.0521,43.207,116,vehicle.mitsubishi.fusorosa,247.025,-36.670,135.011,-9.14
194,22.0522,43.219,116,vehicle.mitsubishi.fusorosa,42.409,-36.657,135.010,-9.10
194,22.0522,43.231,116,vehicle.mitsubishi.fusorosa,38.497,-36.645,135.009,-9.05
194,22.0522,43.242,116,vehicle.mitsubishi.fusorosa,44.536,-36.633,135.009,-8.99
194,22.0523,43.254,116,vehicle.mitsubishi.fusorosa,38.937,-36.621,135.008,-8.92
194,22.0523,43.267,116,vehicle.mitsubishi.fusorosa,44.100,-36.609,135.008,-8.85
194,22.0523,43.279,116,vehicle.mitsubishi.fusorosa,32.692,-36.596,135.008,-8.77
194,22.0524,43.293,116,vehicle.mitsubishi.fusorosa,37.362,-36.584,135.008,-8.70
195,22.1677,43.305,116,vehicle.mitsubishi.fusorosa,43.089,-36.570,135.008,-8.60
195,22.1678,43.318,116,vehicle.mitsubishi.fusorosa,199.180,-36.558,135.008,-8.52
195,22.1679,43.330,116,vehicle.mitsubishi.fusorosa,35.397,-36.546,135.008,-8.44
195,22.1679,43.342,116,vehicle.mitsubishi.fusorosa,40.961,-36.536,135.008,-8.37
195,22.1680,43.355,116,vehicle.mitsubishi.fusorosa,43.393,-36.526,135.009,-8.29
195,22.1680,43.367,116,vehicle.mitsubishi.fusorosa,37.311,-36.515,135.009,-8.19
195,22.1680,43.380,116,vehicle.mitsubishi.fusorosa,40.105,-36.504,135.010,-8.09
195,22.1681,43.391,116,vehicle.mitsubishi.fusorosa,42.316,-36.493,135.011,-7.98
195,22.1681,43.404,116,vehicle.mitsubishi.fusorosa,40.285,-36.483,135.012,-7.88
196,22.2796,43.417,116,vehicle.mitsubishi.fusorosa,44.716,-36.471,135.013,-7.76
196,22.2798,43.430,116,vehicle.mitsubishi.fusorosa,155.932,-36.459,135.014,-7.64
196,22.2798,43.442,116,vehicle.mitsubishi.fusorosa,42.873,-36.449,135.016,-7.53
196,22.2799,43.454,116,vehicle.mitsubishi.fusorosa,33.807,-36.440,135.017,-7.43
196,22.2799,43.467,116,vehicle.mitsubishi.fusorosa,25.391,-36.430,135.018,-7.32
196,22.2799,43.480,116,vehicle.mitsubishi.fusorosa,32.075,-36.420,135.020,-7.19
196,22.2800,43.492,116,vehicle.mitsubishi.fusorosa,36.495,-36.410,135.021,-7.06
196,22.2800,43.504,116,vehicle.mitsubishi.fusorosa,34.052,-36.401,135.023,-6.93
196,22.2800,43.517,116,vehicle.mitsubishi.fusorosa,36.239,-36.391,135.025,-6.80
197,22.3745,43.530,116,vehicle.mitsubishi.fusorosa,42.918,-36.381,135.027,-6.65
197,22.3746,43.543,116,vehicle.mitsubishi.fusorosa,143.549,-36.371,135.029,-6.49
197,22.3747,43.555,116,vehicle.mitsubishi.fusorosa,44.883,-36.362,135.031,-6.37
197,22.3747,43.567,116,vehicle.mitsubishi.fusorosa,53.222,-36.352,135.032,-6.28
197,22.3748,43.578,116,vehicle.mitsubishi.fusorosa,38.105,-36.344,135.033,-6.19
197,22.3749,43.590,116,vehicle.mitsubishi.fusorosa,39.988,-36.335,135.034,-6.11
197,22.3749,43.602,116,vehicle.mitsubishi.fusorosa,43.548,-36.326,135.035,-6.02
197,22.3750,43.615,116,vehicle.mitsubishi.fusorosa,52.800,-36.317,135.035,-5.93
198,22.4909,43.627,116,vehicle.mitsubishi.fusorosa,41.024,-36.306,135.037,-5.83
198,22.4910,43.639,116,vehicle.mitsubishi.fusorosa,160.737,-36.297,135.037,-5.74
198,22.4910,43.651,116,vehicle.mitsubishi.fusorosa,51.126,-36.288,135.038,-5.66
198,22.4911,43.663,116,vehicle.mitsubishi.fusorosa,47.901,-36.279,135.038,-5.60
198,22.4911,43.676,116,vehicle.mitsubishi.fusorosa,35.626,-36.270,135.038,-5.53
198,22.4912,43.688,116,vehicle.mitsubishi.fusorosa,43.063,-36.260,135.038,-5.47
198,22.4912,43.700,116,vehicle.mitsubishi.fusorosa,46.281,-36.250,135.039,-5.40
198,22.4912,43.712,116,vehicle.mitsubishi.fusorosa,49.727,-36.241,135.039,-5.34
198,22.4913,43.724,116,vehicle.mitsubishi.fusorosa,52.314,-36.230,135.039,-5.27
199,22.6063,43.736,116,vehicle.mitsubishi.fusorosa,50.293,-36.221,135.039,-5.20
199,22.6065,43.748,116,vehicle.mitsubishi.fusorosa,50.810,-36.210,135.040,-5.13
199,22.6065,43.760,116,vehicle.mitsubishi.fusorosa,188.995,-36.199,135.040,-5.07
199,22.6066,43.772,116,vehicle.mitsubishi.fusorosa,60.356,-36.190,135.039,-5.03
199,22.6066,43.784,116,vehicle.mitsubishi.fusorosa,54.377,-36.180,135.038,-4.99
199,22.6066,43.796,116,vehicle.mitsubishi.fusorosa,49.752,-36.170,135.038,-4.96
199,22.6067,43.808,116,vehicle.mitsubishi.fusorosa,49.966,-36.160,135.037,-4.92
199,22.6067,43.820,116,vehicle.mitsubishi.fusorosa,54.098,-36.150,135.037,-4.88
199,22.6067,43.832,116,vehicle.mitsubishi.fusorosa,53.597,-36.138,135.036,-4.84
199,22.6067,43.845,116,vehicle.mitsubishi.fusorosa,48.787,-36.127,135.036,-4.80
200,22.7147,43.857,116,vehicle.mitsubishi.fusorosa,53.618,-36.115,135.035,-4.75
200,22.7149,43.869,116,vehicle.mitsubishi.fusorosa,171.476,-36.104,135.035,-4.71
200,22.7149,43.881,116,vehicle.mitsubishi.fusorosa,53.371,-36.093,135.033,-4.69
200,22.7150,43.892,116,vehicle.mitsubishi.fusorosa,53.296,-36.083,135.032,-4.68
200,22.7150,43.904,116,vehicle.mitsubishi.fusorosa,51.035,-36.072,135.031,-4.67
200,22.7150,43.916,116,vehicle.mitsubishi.fusorosa,55.240,-36.061,135.029,-4.67
200,22.7151,43.928,116,vehicle.mitsubishi.fusorosa,54.249,-36.049,135.028,-4.66
200,22.7151,43.940,116,vehicle.mitsubishi.fusorosa,45.387,-36.038,135.026,-4.66
200,22.7151,43.951,116,vehicle.mitsubishi.fusorosa,42.286,-36.026,135.025,-4.65
201,22.8251,43.963,116,vehicle.mitsubishi.fusorosa,52.519,-36.014,135.024,-4.64
201,22.8255,43.976,116,vehicle.mitsubishi.fusorosa,47.760,-36.002,135.022,-4.64
201,22.8255,43.989,116,vehicle.mitsubishi.fusorosa,166.944,-35.989,135.021,-4.65
201,22.8256,44.001,116,vehicle.mitsubishi.fusorosa,67.248,-35.975,135.018,-4.66
201,22.8256,44.013,116,vehicle.mitsubishi.fusorosa,51.716,-35.963,135.016,-4.69
201,22.8256,44.025,116,vehicle.mitsubishi.fusorosa,49.630,-35.952,135.013,-4.72
201,22.8257,44.037,116,vehicle.mitsubishi.fusorosa,52.608,-35.939,135.011,-4.76
201,22.8257,44.049,116,vehicle.mitsubishi.fusorosa,62.143,-35.926,135.008,-4.80
201,22.8257,44.063,116,vehicle.mitsubishi.fusorosa,56.531,-35.914,135.006,-4.83
202,22.9439,44.076,116,vehicle.mitsubishi.fusorosa,56.043,-35.900,135.003,-4.86
202,22.9441,44.089,116,vehicle.mitsubishi.fusorosa,171.230,-35.887,135.001,-4.88
202,22.9441,44.102,116,vehicle.mitsubishi.fusorosa,52.849,-35.874,134.999,-4.89
202,22.9442,44.116,116,vehicle.mitsubishi.fusorosa,48.276,-35.862,134.998,-4.89
202,22.9442,44.132,116,vehicle.mitsubishi.fusorosa,58.009,-35.850,134.996,-4.88
202,22.9442,44.146,116,vehicle.mitsubishi.fusorosa,68.114,-35.834,134.995,-4.85
202,22.9443,44.158,116,vehicle.mitsubishi.fusorosa,53.704,-35.822,134.994,-4.82
202,22.9443,44.170,116,vehicle.mitsubishi.fusorosa,49.749,-35.809,134.993,-4.80
202,22.9444,44.184,116,vehicle.mitsubishi.fusorosa,51.465,-35.797,134.993,-4.77
203,23.0327,44.197,116,vehicle.mitsubishi.fusorosa,52.854,-35.784,134.992,-4.76
203,23.0329,44.211,116,vehicle.mitsubishi.fusorosa,138.037,-35.770,134.991,-4.72
203,23.0330,44.223,116,vehicle.mitsubishi.fusorosa,61.891,-35.758,134.990,-4.67
203,23.0330,44.235,116,vehicle.mitsubishi.fusorosa,48.394,-35.746,134.990,-4.63
203,23.0331,44.247,116,vehicle.mitsubishi.fusorosa,47.099,-35.734,134.990,-4.59
203,23.0331,44.259,116,vehicle.mitsubishi.fusorosa,46.752,-35.722,134.990,-4.54
203,23.0331,44.272,116,vehicle.mitsubishi.fusorosa,43.783,-35.710,134.990,-4.48
204,23.1295,44.285,116,vehicle.mitsubishi.fusorosa,56.844,-35.697,134.991,-4.40
204,23.1296,44.297,116,vehicle.mitsubishi.fusorosa,183.454,-35.684,134.991,-4.32
204,23.1297,44.309,116,vehicle.mitsubishi.fusorosa,29.269,-35.672,134.992,-4.24
204,23.1297,44.321,116,vehicle.mitsubishi.fusorosa,45.312,-35.661,134.992,-4.16
204,23.1297,44.333,116,vehicle.mitsubishi.fusorosa,60.790,-35.650,134.993,-4.07
204,23.1298,44.345,116,vehicle.mitsubishi.fusorosa,46.394,-35.638,134.994,-3.98
204,23.1298,44.356,116,vehicle.mitsubishi.fusorosa,59.560,-35.626,134.996,-3.88
204,23.1298,44.369,116,vehicle.mitsubishi.fusorosa,43.548,-35.615,134.997,-3.77
205,23.2442,44.386,116,vehicle.mitsubishi.fusorosa,225.516,-35.602,134.999,-3.65
205,23.2443,44.399,116,vehicle.mitsubishi.fusorosa,50.086,-35.587,135.001,-3.49
205,23.2444,44.411,116,vehicle.mitsubishi.fusorosa,41.431,-35.575,135.003,-3.37
205,23.2444,44.423,116,vehicle.mitsubishi.fusorosa,43.297,-35.564,135.005,-3.25
205,23.2445,44.434,116,vehicle.mitsubishi.fusorosa,43.788,-35.554,135.007,-3.13
205,23.2445,44.446,116,vehicle.mitsubishi.fusorosa,39.064,-35.543,135.009,-2.99
205,23.2445,44.460,116,vehicle.mitsubishi.fusorosa,51.032,-35.532,135.012,-2.85
205,23.2446,44.471,116,vehicle.mitsubishi.fusorosa,55.829,-35.519,135.015,-2.67
205,23.2446,44.484,116,vehicle.mitsubishi.fusorosa,45.583,-35.508,135.018,-2.52
206,23.3634,44.496,116,vehicle.mitsubishi.fusorosa,54.390,-35.496,135.021,-2.36
206,23.3635,44.509,116,vehicle.mitsubishi.fusorosa,167.672,-35.484,135.024,-2.20
206,23.3636,44.520,116,vehicle.mitsubishi.fusorosa,25.529,-35.473,135.027,-2.02
206,23.3636,44.532,116,vehicle.mitsubishi.fusorosa,42.084,-35.462,135.030,-1.87
206,23.3636,44.544,116,vehicle.mitsubishi.fusorosa,41.600,-35.452,135.033,-1.70
206,23.3637,44.556,116,vehicle.mitsubishi.fusorosa,45.025,-35.441,135.037,-1.53
206,23.3637,44.567,116,vehicle.mitsubishi.fusorosa,44.598,-35.430,135.041,-1.34
206,23.3637,44.579,116,vehicle.mitsubishi.fusorosa,44.066,-35.420,135.044,-1.16
206,23.3638,44.591,116,vehicle.mitsubishi.fusorosa,53.840,-35.409,135.049,-0.95
206,23.3638,44.603,116,vehicle.mitsubishi.fusorosa,46.200,-35.398,135.053,-0.75
207,23.4579,44.616,116,vehicle.mitsubishi.fusorosa,46.708,-35.386,135.058,-0.52
207,23.4581,44.628,116,vehicle.mitsubishi.fusorosa,141.283,-35.374,135.063,-0.30
207,23.4581,44.640,116,vehicle.mitsubishi.fusorosa,44.661,-35.361,135.068,-0.08
207,23.4581,44.651,116,vehicle.mitsubishi.fusorosa,48.628,-35.349,135.072,0.12
207,23.4582,44.663,116,vehicle.mitsubishi.fusorosa,47.589,-35.336,135.076,0.30
207,23.4582,44.674,116,vehicle.mitsubishi.fusorosa,48.013,-35.323,135.080,0.48
207,23.4582,44.685,116,vehicle.mitsubishi.fusorosa,48.162,-35.310,135.085,0.67
207,23.4583,44.698,116,vehicle.mitsubishi.fusorosa,52.195,-35.297,135.089,0.85
208,23.5654,44.711,116,vehicle.mitsubishi.fusorosa,52.267,-35.282,135.094,1.06
208,23.5656,44.723,116,vehicle.mitsubishi.fusorosa,151.569,-35.267,135.099,1.26
208,23.5656,44.734,116,vehicle.mitsubishi.fusorosa,39.666,-35.254,135.103,1.43
208,23.5656,44.746,116,vehicle.mitsubishi.fusorosa,49.464,-35.241,135.106,1.58
208,23.5657,44.758,116,vehicle.mitsubishi.fusorosa,48.812,-35.228,135.110,1.72
208,23.5657,44.770,116,vehicle.mitsubishi.fusorosa,48.465,-35.215,135.113,1.86
208,23.5657,44.781,116,vehicle.mitsubishi.fusorosa,46.906,-35.202,135.116,1.99
208,23.5658,44.793,116,vehicle.mitsubishi.fusorosa,45.750,-35.190,135.119,2.11
208,23.5658,44.805,116,vehicle.mitsubishi.fusorosa,47.107,-35.178,135.122,2.23
209,23.6737,44.817,116,vehicle.mitsubishi.fusorosa,48.458,-35.166,135.125,2.36
209,23.6739,44.829,116,vehicle.mitsubishi.fusorosa,129.910,-35.154,135.128,2.47
209,23.6740,44.840,116,vehicle.mitsubishi.fusorosa,46.475,-35.143,135.131,2.57
209,23.6740,44.851,116,vehicle.mitsubishi.fusorosa,40.944,-35.133,135.133,2.65
209,23.6741,44.863,116,vehicle.mitsubishi.fusorosa,33.188,-35.124,135.135,2.71
209,23.6741,44.875,116,vehicle.mitsubishi.fusorosa,13.879,-35.115,135.137,2.78
209,23.6741,44.886,116,vehicle.mitsubishi.fusorosa,14.120,-35.109,135.137,2.82
209,23.6742,44.898,116,vehicle.mitsubishi.fusorosa,20.730,-35.108,135.138,2.84
209,23.6742,44.910,116,vehicle.mitsubishi.fusorosa,31.521,-35.108,135.138,2.84
210,23.7963,44.922,116,vehicle.mitsubishi.fusorosa,35.262,-35.108,135.137,2.84
210,23.7965,44.934,116,vehicle.mitsubishi.fusorosa,39.492,-35.108,135.137,2.85
210,23.7965,44.945,116,vehicle.mitsubishi.fusorosa,32.617,-35.109,135.137,2.85
210,23.7965,44.957,116,vehicle.mitsubishi.fusorosa,34.672,-35.109,135.137,2.85
210,23.7966,44.969,116,vehicle.mitsubishi.fusorosa,34.179,-35.109,135.137,2.85
210,23.7966,44.980,116,vehicle.mitsubishi.fusorosa,34.302,-35.109,135.137,2.85
210,23.7966,44.992,116,vehicle.mitsubishi.fusorosa,35.658,-35.109,135.137,2.85
210,23.7967,45.004,116,vehicle.mitsubishi.fusorosa,35.399,-35.109,135.137,2.85
210,23.7967,45.016,116,vehicle.mitsubishi.fusorosa,35.115,-35.109,135.136,2.85
210,23.7967,45.028,116,vehicle.mitsubishi.fusorosa,35.026,-35.109,135.136,2.85
211,23.8960,45.040,116,vehicle.mitsubishi.fusorosa,36.708,-35.109,135.136,2.85
211,23.8961,45.052,116,vehicle.mitsubishi.fusorosa,35.552,-35.109,135.136,2.85
211,23.8961,45.064,116,vehicle.mitsubishi.fusorosa,36.134,-35.109,135.136,2.85
211,23.8962,45.075,116,vehicle.mitsubishi.fusorosa,34.626,-35.109,135.136,2.85
211,23.8962,45.087,116,vehicle.mitsubishi.fusorosa,36.453,-35.109,135.136,2.85
211,23.8962,45.099,116,vehicle.mitsubishi.fusorosa,36.981,-35.109,135.136,2.85
211,23.8963,45.111,116,vehicle.mitsubishi.fusorosa,35.480,-35.110,135.136,2.85
211,23.8963,45.123,116,vehicle.mitsubishi.fusorosa,36.827,-35.110,135.136,2.85
211,23.8963,45.136,116,vehicle.mitsubishi.fusorosa,37.932,-35.110,135.136,2.85
212,24.0024,45.147,116,vehicle.mitsubishi.fusorosa,36.022,-35.110,135.136,2.85
212,24.0025,45.159,116,vehicle.mitsubishi.fusorosa,38.272,-35.110,135.135,2.85
212,24.0026,45.171,116,vehicle.mitsubishi.fusorosa,35.762,-35.110,135.135,2.85
212,24.0026,45.182,116,vehicle.mitsubishi.fusorosa,35.022,-35.110,135.135,2.85
212,24.0027,45.194,116,vehicle.mitsubishi.fusorosa,35.866,-35.110,135.135,2.85
212,24.0027,45.206,116,vehicle.mitsubishi.fusorosa,36.686,-35.110,135.135,2.85
212,24.0027,45.218,116,vehicle.mitsubishi.fusorosa,37.398,-35.110,135.135,2.85
212,24.0028,45.230,116,vehicle.mitsubishi.fusorosa,35.077,-35.110,135.135,2.85
212,24.0028,45.242,116,vehicle.mitsubishi.fusorosa,38.325,-35.110,135.135,2.85
213,24.0965,45.254,116,vehicle.mitsubishi.fusorosa,37.283,-35.110,135.135,2.85
213,24.0967,45.266,116,vehicle.mitsubishi.fusorosa,41.267,-35.110,135.135,2.85
213,24.0968,45.278,116,vehicle.mitsubishi.fusorosa,35.432,-35.110,135.134,2.85
213,24.0968,45.289,116,vehicle.mitsubishi.fusorosa,34.875,-35.110,135.134,2.85
213,24.0968,45.301,116,vehicle.mitsubishi.fusorosa,36.296,-35.110,135.134,2.85
213,24.0969,45.313,116,vehicle.mitsubishi.fusorosa,35.299,-35.110,135.134,2.85
213,24.0969,45.324,116,vehicle.mitsubishi.fusorosa,34.851,-35.110,135.134,2.85
213,24.0969,45.336,116,vehicle.mitsubishi.fusorosa,36.108,-35.110,135.134,2.85
214,24.2168,45.348,116,vehicle.mitsubishi.fusorosa,35.728,-35.110,135.134,2.85
214,24.2169,45.360,116,vehicle.mitsubishi.fusorosa,43.675,-35.110,135.134,2.85
214,24.2170,45.372,116,vehicle.mitsubishi.fusorosa,37.342,-35.110,135.134,2.85
214,24.2170,45.383,116,vehicle.mitsubishi.fusorosa,35.311,-35.110,135.134,2.85
214,24.2171,45.395,116,vehicle.mitsubishi.fusorosa,36.209,-35.110,135.134,2.85
214,24.2171,45.407,116,vehicle.mitsubishi.fusorosa,36.123,-35.110,135.134,2.85
214,24.2171,45.418,116,vehicle.mitsubishi.fusorosa,35.315,-35.110,135.134,2.85
214,24.2172,45.429,116,vehicle.mitsubishi.fusorosa,34.381,-35.110,135.134,2.85
214,24.2172,45.441,116,vehicle.mitsubishi.fusorosa,36.278,-35.110,135.134,2.85
214,24.2172,45.453,116,vehicle.mitsubishi.fusorosa,36.022,-35.110,135.133,2.85
215,24.3224,45.465,116,vehicle.mitsubishi.fusorosa,37.602,-35.110,135.133,2.85
215,24.3225,45.477,116,vehicle.mitsubishi.fusorosa,44.163,-35.110,135.133,2.85
215,24.3226,45.489,116,vehicle.mitsubishi.fusorosa,35.836,-35.111,135.133,2.85
215,24.3226,45.500,116,vehicle.mitsubishi.fusorosa,35.324,-35.111,135.133,2.85
215,24.3227,45.511,116,vehicle.mitsubishi.fusorosa,35.133,-35.111,135.133,2.85
215,24.3227,45.523,116,vehicle.mitsubishi.fusorosa,35.741,-35.111,135.133,2.85
215,24.3227,45.535,116,vehicle.mitsubishi.fusorosa,36.299,-35.111,135.133,2.85
215,24.3228,45.546,116,vehicle.mitsubishi.fusorosa,34.005,-35.111,135.133,2.85
215,24.3228,45.558,116,vehicle.mitsubishi.fusorosa,37.839,-35.111,135.133,2.85
216,24.4244,45.570,116,vehicle.mitsubishi.fusorosa,36.929,-35.111,135.133,2.85
216,24.4246,45.583,116,vehicle.mitsubishi.fusorosa,45.832,-35.111,135.133,2.85
216,24.4246,45.595,116,vehicle.mitsubishi.fusorosa,37.198,-35.111,135.133,2.85
216,24.4246,45.607,116,vehicle.mitsubishi.fusorosa,36.827,-35.111,135.133,2.85
216,24.4247,45.619,116,vehicle.mitsubishi.fusorosa,39.232,-35.111,135.133,2.85
216,24.4247,45.631,116,vehicle.mitsubishi.fusorosa,36.486,-35.111,135.133,2.85
216,24.4247,45.642,116,vehicle.mitsubishi.fusorosa,35.756,-35.111,135.133,2.85
216,24.4248,45.653,116,vehicle.mitsubishi.fusorosa,34.854,-35.111,135.133,2.85
216,24.4248,45.666,116,vehicle.mitsubishi.fusorosa,37.954,-35.111,135.133,2.85
217,24.5209,45.678,116,vehicle.mitsubishi.fusorosa,38.198,-35.111,135.133,2.85
217,24.5210,45.690,116,vehicle.mitsubishi.fusorosa,40.609,-35.111,135.133,2.85
217,24.5211,45.703,116,vehicle.mitsubishi.fusorosa,38.829,-35.111,135.133,2.85
217,24.5211,45.715,116,vehicle.mitsubishi.fusorosa,37.103,-35.111,135.133,2.85
217,24.5211,45.727,116,vehicle.mitsubishi.fusorosa,36.963,-35.111,135.133,2.85
217,24.5212,45.738,116,vehicle.mitsubishi.fusorosa,34.987,-35.111,135.133,2.85
217,24.5212,45.749,116,vehicle.mitsubishi.fusorosa,34.322,-35.111,135.133,2.85
217,24.5212,45.761,116,vehicle.mitsubishi.fusorosa,37.564,-35.111,135.133,2.85
218,24.6264,45.773,116,vehicle.mitsubishi.fusorosa,37.200,-35.111,135.133,2.85
218,24.6266,45.785,116,vehicle.mitsubishi.fusorosa,39.447,-35.111,135.133,2.85
218,24.6266,45.797,116,vehicle.mitsubishi.fusorosa,35.130,-35.111,135.133,2.85
218,24.6266,45.808,116,vehicle.mitsubishi.fusorosa,35.876,-35.111,135.133,2.85
218,24.6267,45.820,116,vehicle.mitsubishi.fusorosa,35.412,-35.111,135.133,2.85
218,24.6267,45.832,116,vehicle.mitsubishi.fusorosa,36.493,-35.111,135.133,2.85
218,24.6267,45.843,116,vehicle.mitsubishi.fusorosa,35.883,-35.111,135.133,2.85
218,24.6268,45.855,116,vehicle.mitsubishi.fusorosa,36.288,-35.111,135.133,2.85
218,24.6268,45.869,116,vehicle.mitsubishi.fusorosa,41.762,-35.111,135.133,2.85
219,24.7463,45.881,116,vehicle.mitsubishi.fusorosa,39.039,-35.111,135.133,2.85
219,24.7465,45.893,116,vehicle.mitsubishi.fusorosa,38.228,-35.111,135.133,2.85
219,24.7465,45.905,116,vehicle.mitsubishi.fusorosa,35.579,-35.111,135.133,2.85
219,24.7466,45.916,116,vehicle.mitsubishi.fusorosa,35.933,-35.111,135.133,2.85
219,24.7466,45.928,116,vehicle.mitsubishi.fusorosa,36.430,-35.111,135.133,2.85
219,24.7466,45.940,116,vehicle.mitsubishi.fusorosa,35.643,-35.111,135.133,2.85
219,24.7467,45.951,116,vehicle.mitsubishi.fusorosa,34.725,-35.111,135.133,2.85
219,24.7467,45.962,116,vehicle.mitsubishi.fusorosa,34.975,-35.111,135.133,2.85
219,24.7467,45.973,116,vehicle.mitsubishi.fusorosa,34.474,-35.111,135.133,2.86
219,24.7468,45.986,116,vehicle.mitsubishi.fusorosa,38.567,-35.111,135.133,2.86
220,24.8300,45.998,116,vehicle.mitsubishi.fusorosa,37.523,-35.111,135.133,2.86
220,24.8302,46.010,116,vehicle.mitsubishi.fusorosa,37.989,-35.111,135.133,2.86
220,24.8302,46.022,116,vehicle.mitsubishi.fusorosa,34.950,-35.111,135.133,2.86
220,24.8303,46.033,116,vehicle.mitsubishi.fusorosa,33.671,-35.111,135.133,2.86
220,24.8303,46.044,116,vehicle.mitsubishi.fusorosa,35.584,-35.111,135.133,2.86
220,24.8303,46.055,116,vehicle.mitsubishi.fusorosa,34.937,-35.111,135.133,2.86
220,24.8304,46.067,116,vehicle.mitsubishi.fusorosa,36.636,-35.111,135.133,2.86
221,24.9449,46.080,116,vehicle.mitsubishi.fusorosa,39.764,-35.111,135.133,2.86
221,24.9450,46.092,116,vehicle.mitsubishi.fusorosa,36.754,-35.111,135.133,2.86
221,24.9451,46.103,116,vehicle.mitsubishi.fusorosa,34.740,-35.111,135.133,2.86
221,24.9451,46.116,116,vehicle.mitsubishi.fusorosa,37.581,-35.111,135.133,2.86
221,24.9451,46.127,116,vehicle.mitsubishi.fusorosa,35.040,-35.111,135.133,2.86
221,24.9452,46.138,116,vehicle.mitsubishi.fusorosa,34.547,-35.111,135.133,2.86
221,24.9452,46.150,116,vehicle.mitsubishi.fusorosa,35.299,-35.111,135.133,2.86
221,24.9452,46.161,116,vehicle.mitsubishi.fusorosa,35.233,-35.111,135.133,2.86
221,24.9452,46.173,116,vehicle.mitsubishi.fusorosa,37.669,-35.111,135.133,2.86
222,25.0540,46.187,116,vehicle.mitsubishi.fusorosa,41.233,-35.111,135.133,2.86
222,25.0541,46.199,116,vehicle.mitsubishi.fusorosa,43.818,-35.111,135.133,2.86
222,25.0542,46.212,116,vehicle.mitsubishi.fusorosa,44.866,-35.111,135.132,2.86
222,25.0542,46.224,116,vehicle.mitsubishi.fusorosa,44.786,-35.112,135.132,2.85
222,25.0543,46.235,116,vehicle.mitsubishi.fusorosa,42.470,-35.112,135.132,2.85
222,25.0543,46.246,116,vehicle.mitsubishi.fusorosa,41.747,-35.112,135.132,2.84
222,25.0543,46.259,116,vehicle.mitsubishi.fusorosa,49.648,-35.113,135.132,2.84
222,25.0544,46.271,116,vehicle.mitsubishi.fusorosa,42.584,-35.113,135.131,2.83
222,25.0544,46.283,116,vehicle.mitsubishi.fusorosa,45.311,-35.113,135.131,2.82
222,25.0544,46.295,116,vehicle.mitsubishi.fusorosa,46.894,-35.114,135.131,2.81
223,25.1609,46.307,116,vehicle.mitsubishi.fusorosa,46.679,-35.114,135.130,2.80
223,25.1610,46.320,116,vehicle.mitsubishi.fusorosa,46.626,-35.115,135.130,2.80
223,25.1611,46.332,116,vehicle.mitsubishi.fusorosa,44.314,-35.115,135.130,2.79
223,25.1611,46.343,116,vehicle.mitsubishi.fusorosa,42.685,-35.116,135.129,2.78
223,25.1611,46.354,116,vehicle.mitsubishi.fusorosa,42.814,-35.116,135.129,2.77
223,25.1612,46.365,116,vehicle.mitsubishi.fusorosa,42.498,-35.116,135.129,2.76
223,25.1612,46.377,116,vehicle.mitsubishi.fusorosa,42.769,-35.117,135.128,2.76
223,25.1612,46.388,116,vehicle.mitsubishi.fusorosa,44.013,-35.117,135.128,2.75
223,25.1612,46.400,116,vehicle.mitsubishi.fusorosa,44.712,-35.117,135.128,2.74
224,25.2788,46.412,116,vehicle.mitsubishi.fusorosa,44.710,-35.117,135.128,2.74
224,25.2789,46.424,116,vehicle.mitsubishi.fusorosa,48.216,-35.118,135.127,2.73
224,25.2790,46.437,116,vehicle.mitsubishi.fusorosa,46.762,-35.118,135.127,2.73
224,25.2790,46.448,116,vehicle.mitsubishi.fusorosa,44.021,-35.118,135.127,2.73
224,25.2791,46.460,116,vehicle.mitsubishi.fusorosa,44.509,-35.118,135.127,2.72
224,25.2791,46.471,116,vehicle.mitsubishi.fusorosa,44.509,-35.119,135.127,2.72
224,25.2791,46.483,116,vehicle.mitsubishi.fusorosa,45.228,-35.119,135.126,2.72
224,25.2792,46.495,116,vehicle.mitsubishi.fusorosa,45.786,-35.119,135.126,2.72
224,25.2792,46.506,116,vehicle.mitsubishi.fusorosa,44.365,-35.119,135.126,2.72
224,25.2792,46.519,116,vehicle.mitsubishi.fusorosa,48.502,-35.119,135.126,2.72
225,25.3851,46.530,116,vehicle.mitsubishi.fusorosa,44.898,-35.119,135.126,2.72
225,25.3852,46.542,116,vehicle.mitsubishi.fusorosa,43.760,-35.119,135.126,2.72
225,25.3853,46.554,116,vehicle.mitsubishi.fusorosa,36.341,-35.119,135.126,2.72
225,25.3853,46.566,116,vehicle.mitsubishi.fusorosa,38.264,-35.119,135.126,2.72
225,25.3854,46.578,116,vehicle.mitsubishi.fusorosa,35.714,-35.118,135.126,2.73
225,25.3854,46.589,116,vehicle.mitsubishi.fusorosa,37.342,-35.118,135.126,2.73
225,25.3854,46.601,116,vehicle.mitsubishi.fusorosa,43.525,-35.118,135.126,2.73
225,25.3855,46.612,116,vehicle.mitsubishi.fusorosa,40.184,-35.118,135.126,2.74
225,25.3855,46.624,116,vehicle.mitsubishi.fusorosa,36.702,-35.117,135.126,2.74
226,25.4916,46.636,116,vehicle.mitsubishi.fusorosa,36.640,-35.117,135.126,2.75
226,25.4918,46.648,116,vehicle.mitsubishi.fusorosa,42.875,-35.117,135.126,2.75
226,25.4918,46.660,116,vehicle.mitsubishi.fusorosa,45.871,-35.117,135.126,2.76
226,25.4918,46.672,116,vehicle.mitsubishi.fusorosa,28.552,-35.116,135.126,2.77
226,25.4919,46.683,116,vehicle.mitsubishi.fusorosa,39.266,-35.116,135.126,2.77
226,25.4920,46.696,116,vehicle.mitsubishi.fusorosa,35.368,-35.115,135.126,2.77
226,25.4920,46.707,116,vehicle.mitsubishi.fusorosa,26.915,-35.115,135.126,2.78
226,25.4921,46.719,116,vehicle.mitsubishi.fusorosa,36.754,-35.114,135.126,2.79
226,25.4921,46.732,116,vehicle.mitsubishi.fusorosa,45.624,-35.114,135.126,2.79
227,25.5993,46.744,116,vehicle.mitsubishi.fusorosa,37.092,-35.113,135.126,2.81
227,25.5994,46.756,116,vehicle.mitsubishi.fusorosa,33.350,-35.113,135.126,2.81
227,25.5995,46.767,116,vehicle.mitsubishi.fusorosa,37.917,-35.112,135.126,2.81
227,25.5995,46.779,116,vehicle.mitsubishi.fusorosa,34.834,-35.111,135.126,2.82
227,25.5995,46.791,116,vehicle.mitsubishi.fusorosa,42.909,-35.111,135.126,2.82
227,25.5996,46.803,116,vehicle.mitsubishi.fusorosa,36.766,-35.110,135.126,2.83
227,25.5996,46.815,116,vehicle.mitsubishi.fusorosa,44.095,-35.110,135.127,2.83
227,25.5996,46.826,116,vehicle.mitsubishi.fusorosa,38.853,-35.109,135.127,2.84
227,25.5997,46.839,116,vehicle.mitsubishi.fusorosa,47.314,-35.109,135.127,2.84
228,25.7219,46.851,116,vehicle.mitsubishi.fusorosa,40.414,-35.108,135.127,2.85
228,25.7221,46.863,116,vehicle.mitsubishi.fusorosa,38.386,-35.107,135.127,2.85
228,25.7221,46.874,116,vehicle.mitsubishi.fusorosa,44.978,-35.107,135.127,2.85
228,25.7222,46.886,116,vehicle.mitsubishi.fusorosa,41.270,-35.106,135.127,2.85
228,25.7222,46.899,116,vehicle.mitsubishi.fusorosa,46.731,-35.106,135.127,2.86
228,25.7223,46.911,116,vehicle.mitsubishi.fusorosa,43.045,-35.106,135.127,2.86
228,25.7223,46.924,116,vehicle.mitsubishi.fusorosa,43.513,-35.105,135.127,2.87
228,25.7224,46.936,116,vehicle.mitsubishi.fusorosa,41.180,-35.105,135.127,2.87
228,25.7225,46.948,116,vehicle.mitsubishi.fusorosa,45.304,-35.105,135.127,2.88
228,25.7226,46.961,116,vehicle.mitsubishi.fusorosa,39.275,-35.104,135.127,2.88
229,25.8317,46.974,116,vehicle.mitsubishi.fusorosa,32.706,-35.104,135.127,2.88
229,25.8318,46.986,116,vehicle.mitsubishi.fusorosa,31.872,-35.104,135.127,2.88
229,25.8318,46.998,116,vehicle.mitsubishi.fusorosa,36.308,-35.104,135.127,2.89
229,25.8319,47.010,116,vehicle.mitsubishi.fusorosa,37.251,-35.103,135.127,2.89
229,25.8319,47.022,116,vehicle.mitsubishi.fusorosa,31.657,-35.103,135.127,2.89
229,25.8319,47.034,116,vehicle.mitsubishi.fusorosa,35.468,-35.103,135.127,2.89
229,25.8320,47.045,116,vehicle.mitsubishi.fusorosa,36.684,-35.103,135.127,2.90
229,25.8320,47.058,116,vehicle.mitsubishi.fusorosa,41.796,-35.103,135.127,2.90
229,25.8320,47.070,116,vehicle.mitsubishi.fusorosa,36.388,-35.103,135.127,2.91
230,25.9381,47.082,116,vehicle.mitsubishi.fusorosa,38.457,-35.103,135.127,2.91
230,25.9382,47.093,116,vehicle.mitsubishi.fusorosa,28.421,-35.103,135.127,2.91
230,25.9383,47.106,116,vehicle.mitsubishi.fusorosa,39.939,-35.103,135.127,2.91
230,25.9383,47.118,116,vehicle.mitsubishi.fusorosa,37.813,-35.103,135.127,2.92
230,25.9383,47.130,116,vehicle.mitsubishi.fusorosa,39.093,-35.103,135.127,2.92
230,25.9384,47.142,116,vehicle.mitsubishi.fusorosa,36.660,-35.103,135.127,2.93
230,25.9384,47.154,116,vehicle.mitsubishi.fusorosa,34.741,-35.103,135.127,2.93
230,25.9384,47.166,116,vehicle.mitsubishi.fusorosa,37.168,-35.103,135.127,2.93
230,25.9385,47.179,116,vehicle.mitsubishi.fusorosa,40.392,-35.102,135.127,2.94
231,26.0639,47.191,116,vehicle.mitsubishi.fusorosa,39.756,-35.102,135.127,2.95
231,26.0640,47.203,116,vehicle.mitsubishi.fusorosa,34.278,-35.102,135.127,2.95
231,26.0641,47.215,116,vehicle.mitsubishi.fusorosa,40.153,-35.102,135.127,2.96
231,26.0641,47.227,116,vehicle.mitsubishi.fusorosa,36.872,-35.102,135.127,2.98
231,26.0642,47.252,116,vehicle.mitsubishi.fusorosa,54.775,-35.102,135.127,2.98
231,26.0642,47.265,116,vehicle.mitsubishi.fusorosa,37.841,-35.101,135.128,3.01
231,26.0645,47.277,116,vehicle.mitsubishi.fusorosa,39.770,-35.101,135.128,3.01
231,26.0646,47.288,116,vehicle.mitsubishi.fusorosa,34.570,-35.101,135.128,3.02
231,26.0647,47.301,116,vehicle.mitsubishi.fusorosa,39.812,-35.101,135.128,3.02
232,26.1581,47.313,116,vehicle.mitsubishi.fusorosa,40.850,-35.101,135.128,3.04
232,26.1583,47.325,116,vehicle.mitsubishi.fusorosa,36.545,-35.100,135.128,3.06
232,26.1584,47.338,116,vehicle.mitsubishi.fusorosa,42.455,-35.100,135.128,3.07
232,26.1584,47.350,116,vehicle.mitsubishi.fusorosa,31.964,-35.100,135.128,3.08
232,26.1584,47.362,116,vehicle.mitsubishi.fusorosa,34.253,-35.100,135.129,3.09
232,26.1585,47.374,116,vehicle.mitsubishi.fusorosa,40.413,-35.100,135.129,3.09
232,26.1585,47.386,116,vehicle.mitsubishi.fusorosa,42.259,-35.100,135.129,3.10
232,26.1585,47.399,116,vehicle.mitsubishi.fusorosa,39.121,-35.099,135.129,3.11
233,26.2555,47.412,116,vehicle.mitsubishi.fusorosa,43.995,-35.099,135.129,3.11
233,26.2556,47.424,116,vehicle.mitsubishi.fusorosa,35.833,-35.099,135.129,3.12
233,26.2556,47.436,116,vehicle.mitsubishi.fusorosa,36.570,-35.099,135.129,3.13
233,26.2557,47.447,116,vehicle.mitsubishi.fusorosa,38.629,-35.099,135.129,3.13
233,26.2557,47.459,116,vehicle.mitsubishi.fusorosa,36.973,-35.099,135.129,3.14
233,26.2557,47.471,116,vehicle.mitsubishi.fusorosa,41.379,-35.098,135.129,3.14
233,26.2558,47.483,116,vehicle.mitsubishi.fusorosa,35.975,-35.098,135.129,3.15
233,26.2558,47.496,116,vehicle.mitsubishi.fusorosa,35.394,-35.098,135.129,3.15
234,26.3635,47.509,116,vehicle.mitsubishi.fusorosa,36.054,-35.098,135.129,3.16
234,26.3637,47.522,116,vehicle.mitsubishi.fusorosa,38.384,-35.098,135.129,3.16
234,26.3637,47.534,116,vehicle.mitsubishi.fusorosa,37.671,-35.098,135.129,3.16
234,26.3638,47.546,116,vehicle.mitsubishi.fusorosa,34.197,-35.098,135.129,3.16
234,26.3638,47.557,116,vehicle.mitsubishi.fusorosa,35.956,-35.098,135.129,3.16
234,26.3638,47.569,116,vehicle.mitsubishi.fusorosa,34.141,-35.098,135.129,3.17
234,26.3639,47.581,116,vehicle.mitsubishi.fusorosa,41.131,-35.098,135.129,3.17
234,26.3639,47.593,116,vehicle.mitsubishi.fusorosa,35.401,-35.098,135.129,3.17
234,26.3639,47.605,116,vehicle.mitsubishi.fusorosa,43.886,-35.098,135.129,3.17
235,26.4755,47.619,116,vehicle.mitsubishi.fusorosa,51.644,-35.098,135.129,3.18
235,26.4756,47.632,116,vehicle.mitsubishi.fusorosa,43.563,-35.097,135.129,3.18
235,26.4757,47.643,116,vehicle.mitsubishi.fusorosa,42.124,-35.097,135.129,3.18
235,26.4757,47.655,116,vehicle.mitsubishi.fusorosa,40.527,-35.097,135.128,3.19
235,26.4758,47.667,116,vehicle.mitsubishi.fusorosa,37.076,-35.097,135.128,3.19
235,26.4758,47.678,116,vehicle.mitsubishi.fusorosa,36.597,-35.097,135.128,3.19
235,26.4758,47.690,116,vehicle.mitsubishi.fusorosa,38.166,-35.097,135.128,3.19
235,26.4759,47.703,116,vehicle.mitsubishi.fusorosa,37.286,-35.097,135.128,3.19
235,26.4759,47.715,116,vehicle.mitsubishi.fusorosa,38.895,-35.097,135.128,3.19
236,26.5963,47.727,116,vehicle.mitsubishi.fusorosa,39.147,-35.097,135.128,3.19
236,26.5965,47.740,116,vehicle.mitsubishi.fusorosa,38.307,-35.097,135.128,3.19
236,26.5965,47.751,116,vehicle.mitsubishi.fusorosa,39.313,-35.097,135.128,3.19
236,26.5966,47.763,116,vehicle.mitsubishi.fusorosa,45.294,-35.097,135.128,3.19
236,26.5966,47.775,116,vehicle.mitsubishi.fusorosa,40.877,-35.096,135.128,3.19
236,26.5966,47.786,116,vehicle.mitsubishi.fusorosa,41.337,-35.096,135.128,3.19
236,26.5967,47.798,116,vehicle.mitsubishi.fusorosa,42.707,-35.095,135.128,3.19
236,26.5967,47.810,116,vehicle.mitsubishi.fusorosa,41.528,-35.095,135.128,3.18
236,26.5967,47.822,116,vehicle.mitsubishi.fusorosa,40.015,-35.094,135.128,3.19
236,26.5968,47.834,116,vehicle.mitsubishi.fusorosa,38.670,-35.093,135.128,3.18
237,26.7028,47.847,116,vehicle.mitsubishi.fusorosa,43.196,-35.092,135.128,3.19
237,26.7029,47.859,116,vehicle.mitsubishi.fusorosa,40.816,-35.091,135.127,3.19
237,26.7030,47.871,116,vehicle.mitsubishi.fusorosa,46.496,-35.090,135.127,3.19
237,26.7030,47.884,116,vehicle.mitsubishi.fusorosa,40.830,-35.088,135.127,3.19
237,26.7031,47.895,116,vehicle.mitsubishi.fusorosa,38.842,-35.085,135.127,3.19
237,26.7031,47.907,116,vehicle.mitsubishi.fusorosa,38.500,-35.082,135.127,3.18
237,26.7031,47.919,116,vehicle.mitsubishi.fusorosa,39.828,-35.079,135.127,3.17
237,26.7032,47.931,116,vehicle.mitsubishi.fusorosa,39.177,-35.075,135.127,3.15
237,26.7032,47.943,116,vehicle.mitsubishi.fusorosa,40.329,-35.070,135.126,3.14
238,26.8090,47.955,116,vehicle.mitsubishi.fusorosa,37.668,-35.065,135.126,3.12
238,26.8092,47.967,116,vehicle.mitsubishi.fusorosa,71.385,-35.060,135.125,3.09
238,26.8093,47.979,116,vehicle.mitsubishi.fusorosa,42.649,-35.053,135.125,3.07
238,26.8093,47.991,116,vehicle.mitsubishi.fusorosa,40.553,-35.047,135.124,3.03
238,26.8093,48.003,116,vehicle.mitsubishi.fusorosa,41.674,-35.041,135.124,2.99
238,26.8094,48.014,116,vehicle.mitsubishi.fusorosa,38.007,-35.035,135.123,2.95
238,26.8094,48.026,116,vehicle.mitsubishi.fusorosa,41.553,-35.028,135.122,2.90
238,26.8094,48.037,116,vehicle.mitsubishi.fusorosa,37.411,-35.021,135.121,2.84
238,26.8095,48.050,116,vehicle.mitsubishi.fusorosa,41.346,-35.014,135.119,2.78
239,26.9174,48.062,116,vehicle.mitsubishi.fusorosa,42.017,-35.006,135.118,2.71
239,26.9175,48.075,116,vehicle.mitsubishi.fusorosa,85.268,-34.998,135.117,2.64
239,26.9175,48.086,116,vehicle.mitsubishi.fusorosa,42.637,-34.991,135.115,2.57
239,26.9176,48.098,116,vehicle.mitsubishi.fusorosa,41.507,-34.983,135.114,2.49
239,26.9176,48.110,116,vehicle.mitsubishi.fusorosa,41.646,-34.975,135.112,2.40
239,26.9176,48.122,116,vehicle.mitsubishi.fusorosa,41.966,-34.966,135.110,2.30
239,26.9177,48.133,116,vehicle.mitsubishi.fusorosa,40.091,-34.958,135.108,2.20
239,26.9177,48.145,116,vehicle.mitsubishi.fusorosa,42.861,-34.949,135.105,2.10
239,26.9177,48.159,116,vehicle.mitsubishi.fusorosa,48.348,-34.940,135.103,1.99
240,27.0394,48.171,116,vehicle.mitsubishi.fusorosa,46.335,-34.928,135.100,1.84
240,27.0395,48.183,116,vehicle.mitsubishi.fusorosa,105.792,-34.918,135.097,1.71
240,27.0395,48.195,116,vehicle.mitsubishi.fusorosa,45.293,-34.907,135.094,1.58
240,27.0396,48.207,116,vehicle.mitsubishi.fusorosa,44.382,-34.895,135.092,1.47
240,27.0396,48.218,116,vehicle.mitsubishi.fusorosa,44.345,-34.883,135.089,1.36
240,27.0397,48.240,116,vehicle.mitsubishi.fusorosa,48.715,-34.870,135.087,1.25
240,27.0397,48.252,116,vehicle.mitsubishi.fusorosa,53.740,-34.845,135.083,1.06
240,27.0397,48.265,116,vehicle.mitsubishi.fusorosa,51.859,-34.829,135.080,0.93
240,27.0397,48.277,116,vehicle.mitsubishi.fusorosa,48.265,-34.813,135.077,0.81
241,27.1316,48.289,116,vehicle.mitsubishi.fusorosa,49.513,-34.797,135.074,0.68
241,27.1317,48.302,116,vehicle.mitsubishi.fusorosa,158.976,-34.779,135.071,0.55
241,27.1318,48.313,116,vehicle.mitsubishi.fusorosa,53.191,-34.761,135.068,0.43
241,27.1318,48.325,116,vehicle.mitsubishi.fusorosa,50.090,-34.744,135.066,0.34
241,27.1318,48.336,116,vehicle.mitsubishi.fusorosa,50.820,-34.726,135.064,0.26
241,27.1319,48.348,116,vehicle.mitsubishi.fusorosa,47.906,-34.708,135.063,0.19
241,27.1319,48.360,116,vehicle.mitsubishi.fusorosa,46.924,-34.690,135.061,0.12
241,27.1319,48.373,116,vehicle.mitsubishi.fusorosa,49.636,-34.672,135.059,0.05
242,27.2495,48.385,116,vehicle.mitsubishi.fusorosa,48.710,-34.651,135.057,-0.02
242,27.2497,48.397,116,vehicle.mitsubishi.fusorosa,198.118,-34.632,135.056,-0.08
242,27.2497,48.409,116,vehicle.mitsubishi.fusorosa,47.838,-34.614,135.055,-0.13
242,27.2497,48.420,116,vehicle.mitsubishi.fusorosa,45.926,-34.596,135.055,-0.15
242,27.2498,48.432,116,vehicle.mitsubishi.fusorosa,44.397,-34.580,135.055,-0.15
242,27.2498,48.444,116,vehicle.mitsubishi.fusorosa,42.849,-34.564,135.055,-0.14
242,27.2498,48.455,116,vehicle.mitsubishi.fusorosa,42.582,-34.548,135.055,-0.14
242,27.2499,48.468,116,vehicle.mitsubishi.fusorosa,43.564,-34.532,135.055,-0.13
242,27.2499,48.479,116,vehicle.mitsubishi.fusorosa,41.274,-34.516,135.056,-0.12
242,27.2499,48.491,116,vehicle.mitsubishi.fusorosa,41.543,-34.501,135.056,-0.11
243,27.3529,48.503,116,vehicle.mitsubishi.fusorosa,41.201,-34.486,135.056,-0.11
243,27.3532,48.515,116,vehicle.mitsubishi.fusorosa,201.572,-34.472,135.056,-0.09
243,27.3532,48.526,116,vehicle.mitsubishi.fusorosa,34.203,-34.460,135.057,-0.09
243,27.3533,48.537,116,vehicle.mitsubishi.fusorosa,13.175,-34.451,135.057,-0.08
243,27.3533,48.549,116,vehicle.mitsubishi.fusorosa,2.719,-34.444,135.058,-0.07
243,27.3533,48.561,116,vehicle.mitsubishi.fusorosa,2.598,-34.441,135.058,-0.06
243,27.3534,48.572,116,vehicle.mitsubishi.fusorosa,24.339,-34.440,135.058,-0.05
243,27.3534,48.584,116,vehicle.mitsubishi.fusorosa,33.707,-34.441,135.057,-0.05
244,27.4647,48.596,116,vehicle.mitsubishi.fusorosa,32.829,-34.441,135.057,-0.05
244,27.4648,48.609,116,vehicle.mitsubishi.fusorosa,37.814,-34.441,135.057,-0.05
244,27.4649,48.621,116,vehicle.mitsubishi.fusorosa,65.921,-34.442,135.057,-0.05
244,27.4649,48.633,116,vehicle.mitsubishi.fusorosa,37.915,-34.442,135.057,-0.05
244,27.4650,48.645,116,vehicle.mitsubishi.fusorosa,38.749,-34.442,135.057,-0.05
244,27.4650,48.656,116,vehicle.mitsubishi.fusorosa,36.852,-34.442,135.057,-0.05
244,27.4650,48.668,116,vehicle.mitsubishi.fusorosa,39.709,-34.442,135.057,-0.05
244,27.4651,48.680,116,vehicle.mitsubishi.fusorosa,39.315,-34.442,135.057,-0.06
244,27.4651,48.692,116,vehicle.mitsubishi.fusorosa,40.601,-34.443,135.057,-0.06
244,27.4651,48.706,116,vehicle.mitsubishi.fusorosa,46.694,-34.443,135.057,-0.06
245,27.5783,48.718,116,vehicle.mitsubishi.fusorosa,42.168,-34.443,135.057,-0.06
245,27.5785,48.730,116,vehicle.mitsubishi.fusorosa,57.291,-34.443,135.057,-0.06
245,27.5785,48.742,116,vehicle.mitsubishi.fusorosa,41.702,-34.443,135.057,-0.06
245,27.5786,48.754,116,vehicle.mitsubishi.fusorosa,42.385,-34.443,135.057,-0.06
245,27.5786,48.765,116,vehicle.mitsubishi.fusorosa,39.457,-34.443,135.057,-0.06
245,27.5787,48.777,116,vehicle.mitsubishi.fusorosa,40.909,-34.443,135.057,-0.06
245,27.5787,48.788,116,vehicle.mitsubishi.fusorosa,40.994,-34.443,135.057,-0.07
245,27.5787,48.800,116,vehicle.mitsubishi.fusorosa,41.670,-34.443,135.057,-0.07
245,27.5788,48.813,116,vehicle.mitsubishi.fusorosa,45.576,-34.443,135.057,-0.07
246,27.6916,48.825,116,vehicle.mitsubishi.fusorosa,43.865,-34.443,135.057,-0.07
246,27.6917,48.837,116,vehicle.mitsubishi.fusorosa,42.693,-34.443,135.057,-0.07
246,27.6918,48.848,116,vehicle.mitsubishi.fusorosa,55.798,-34.443,135.056,-0.07
246,27.6918,48.860,116,vehicle.mitsubishi.fusorosa,41.887,-34.443,135.056,-0.07
246,27.6919,48.872,116,vehicle.mitsubishi.fusorosa,43.700,-34.443,135.056,-0.07
246,27.6919,48.883,116,vehicle.mitsubishi.fusorosa,41.458,-34.443,135.056,-0.07
246,27.6919,48.895,116,vehicle.mitsubishi.fusorosa,43.384,-34.443,135.056,-0.08
246,27.6920,48.907,116,vehicle.mitsubishi.fusorosa,42.144,-34.443,135.056,-0.08
246,27.6920,48.918,116,vehicle.mitsubishi.fusorosa,41.470,-34.443,135.056,-0.08
246,27.6920,48.931,116,vehicle.mitsubishi.fusorosa,45.612,-34.443,135.056,-0.08
247,27.7979,48.944,116,vehicle.mitsubishi.fusorosa,44.656,-34.443,135.056,-0.08
247,27.7981,48.956,116,vehicle.mitsubishi.fusorosa,58.962,-34.443,135.055,-0.08
247,27.7981,48.968,116,vehicle.mitsubishi.fusorosa,44.072,-34.444,135.055,-0.08
247,27.7982,48.979,116,vehicle.mitsubishi.fusorosa,41.971,-34.444,135.055,-0.08
247,27.7982,48.991,116,vehicle.mitsubishi.fusorosa,42.075,-34.444,135.055,-0.09
247,27.7983,49.003,116,vehicle.mitsubishi.fusorosa,41.991,-34.444,135.055,-0.09
247,27.7983,49.014,116,vehicle.mitsubishi.fusorosa,43.165,-34.444,135.055,-0.09
247,27.7983,49.026,116,vehicle.mitsubishi.fusorosa,43.746,-34.444,135.055,-0.09
247,27.7984,49.039,116,vehicle.mitsubishi.fusorosa,44.996,-34.444,135.055,-0.09
248,27.9070,49.051,116,vehicle.mitsubishi.fusorosa,44.289,-34.444,135.054,-0.09
248,27.9072,49.064,116,vehicle.mitsubishi.fusorosa,59.967,-34.444,135.054,-0.09
248,27.9073,49.076,116,vehicle.mitsubishi.fusorosa,45.556,-34.444,135.054,-0.09
248,27.9073,49.088,116,vehicle.mitsubishi.fusorosa,44.739,-34.444,135.054,-0.10
248,27.9074,49.100,116,vehicle.mitsubishi.fusorosa,41.981,-34.444,135.054,-0.10
248,27.9074,49.112,116,vehicle.mitsubishi.fusorosa,44.657,-34.444,135.054,-0.10
248,27.9074,49.124,116,vehicle.mitsubishi.fusorosa,43.987,-34.444,135.054,-0.10
248,27.9075,49.136,116,vehicle.mitsubishi.fusorosa,43.587,-34.444,135.054,-0.10
248,27.9075,49.149,116,vehicle.mitsubishi.fusorosa,47.684,-34.444,135.054,-0.10
249,28.0161,49.162,116,vehicle.mitsubishi.fusorosa,46.402,-34.444,135.054,-0.10
249,28.0163,49.174,116,vehicle.mitsubishi.fusorosa,57.697,-34.444,135.054,-0.10
249,28.0164,49.185,116,vehicle.mitsubishi.fusorosa,43.515,-34.444,135.054,-0.10
249,28.0164,49.197,116,vehicle.mitsubishi.fusorosa,42.801,-34.444,135.054,-0.10
249,28.0164,49.209,116,vehicle.mitsubishi.fusorosa,42.832,-34.444,135.054,-0.10
249,28.0165,49.221,116,vehicle.mitsubishi.fusorosa,43.280,-34.444,135.054,-0.10
249,28.0165,49.232,116,vehicle.mitsubishi.fusorosa,42.846,-34.444,135.054,-0.10
249,28.0165,49.244,116,vehicle.mitsubishi.fusorosa,41.968,-34.445,135.054,-0.10
249,28.0166,49.256,116,vehicle.mitsubishi.fusorosa,45.050,-34.445,135.054,-0.10
250,28.1354,49.268,116,vehicle.mitsubishi.fusorosa,43.584,-34.445,135.054,-0.10
250,28.1355,49.280,116,vehicle.mitsubishi.fusorosa,57.672,-34.445,135.054,-0.10
250,28.1356,49.292,116,vehicle.mitsubishi.fusorosa,42.647,-34.445,135.054,-0.10
250,28.1356,49.303,116,vehicle.mitsubishi.fusorosa,42.937,-34.445,135.054,-0.10
250,28.1357,49.315,116,vehicle.mitsubishi.fusorosa,44.084,-34.445,135.054,-0.10
250,28.1357,49.327,116,vehicle.mitsubishi.fusorosa,44.317,-34.445,135.054,-0.10
250,28.1357,49.339,116,vehicle.mitsubishi.fusorosa,44.046,-34.445,135.054,-0.10
250,28.1358,49.351,116,vehicle.mitsubishi.fusorosa,44.248,-34.445,135.054,-0.10
250,28.1358,49.363,116,vehicle.mitsubishi.fusorosa,42.673,-34.445,135.054,-0.10
250,28.1358,49.375,116,vehicle.mitsubishi.fusorosa,44.000,-34.445,135.054,-0.10
251,28.2509,49.389,116,vehicle.mitsubishi.fusorosa,50.807,-34.445,135.054,-0.10
251,28.2513,49.401,116,vehicle.mitsubishi.fusorosa,60.254,-34.445,135.054,-0.10
251,28.2514,49.414,116,vehicle.mitsubishi.fusorosa,50.216,-34.445,135.054,-0.10
251,28.2514,49.427,116,vehicle.mitsubishi.fusorosa,46.483,-34.445,135.054,-0.10
251,28.2515,49.456,116,vehicle.mitsubishi.fusorosa,69.257,-34.445,135.054,-0.10
251,28.2515,49.468,116,vehicle.mitsubishi.fusorosa,50.157,-34.445,135.054,-0.10
251,28.2515,49.480,116,vehicle.mitsubishi.fusorosa,44.120,-34.445,135.054,-0.10
251,28.2516,49.492,116,vehicle.mitsubishi.fusorosa,46.199,-34.445,135.054,-0.10
252,28.3346,49.505,116,vehicle.mitsubishi.fusorosa,46.274,-34.445,135.054,-0.10
252,28.3347,49.517,116,vehicle.mitsubishi.fusorosa,50.846,-34.445,135.054,-0.10
252,28.3348,49.529,116,vehicle.mitsubishi.fusorosa,45.523,-34.445,135.054,-0.10
252,28.3348,49.541,116,vehicle.mitsubishi.fusorosa,45.151,-34.445,135.054,-0.10
252,28.3349,49.553,116,vehicle.mitsubishi.fusorosa,42.678,-34.445,135.054,-0.10
252,28.3349,49.564,116,vehicle.mitsubishi.fusorosa,42.960,-34.445,135.054,-0.10
253,28.4466,49.578,116,vehicle.mitsubishi.fusorosa,48.466,-34.445,135.054,-0.10
253,28.4467,49.589,116,vehicle.mitsubishi.fusorosa,44.321,-34.445,135.054,-0.10
253,28.4468,49.601,116,vehicle.mitsubishi.fusorosa,47.081,-34.445,135.054,-0.10
253,28.4468,49.613,116,vehicle.mitsubishi.fusorosa,43.588,-34.445,135.054,-0.10
253,28.4469,49.625,116,vehicle.mitsubishi.fusorosa,44.049,-34.445,135.054,-0.10
253,28.4469,49.637,116,vehicle.mitsubishi.fusorosa,43.001,-34.445,135.054,-0.10
253,28.4469,49.648,116,vehicle.mitsubishi.fusorosa,43.080,-34.445,135.054,-0.10
253,28.4470,49.661,116,vehicle.mitsubishi.fusorosa,44.812,-34.445,135.054,-0.10
253,28.4470,49.672,116,vehicle.mitsubishi.fusorosa,43.631,-34.445,135.054,-0.10
253,28.4470,49.685,116,vehicle.mitsubishi.fusorosa,46.044,-34.445,135.054,-0.10
254,28.5521,49.698,116,vehicle.mitsubishi.fusorosa,46.723,-34.445,135.054,-0.10
254,28.5522,49.710,116,vehicle.mitsubishi.fusorosa,46.728,-34.445,135.054,-0.10
254,28.5522,49.722,116,vehicle.mitsubishi.fusorosa,45.177,-34.445,135.054,-0.10
254,28.5523,49.733,116,vehicle.mitsubishi.fusorosa,42.464,-34.445,135.054,-0.10
254,28.5523,49.745,116,vehicle.mitsubishi.fusorosa,42.759,-34.445,135.054,-0.10
254,28.5524,49.757,116,vehicle.mitsubishi.fusorosa,42.767,-34.445,135.054,-0.10
254,28.5524,49.768,116,vehicle.mitsubishi.fusorosa,42.332,-34.445,135.054,-0.10
254,28.5525,49.780,116,vehicle.mitsubishi.fusorosa,44.513,-34.445,135.054,-0.10
254,28.5525,49.793,116,vehicle.mitsubishi.fusorosa,48.119,-34.445,135.054,-0.10
255,28.6591,49.807,116,vehicle.mitsubishi.fusorosa,48.734,-34.445,135.054,-0.10
255,28.6593,49.819,116,vehicle.mitsubishi.fusorosa,46.730,-34.445,135.054,-0.10
255,28.6594,49.830,116,vehicle.mitsubishi.fusorosa,41.997,-34.445,135.054,-0.10
255,28.6595,49.842,116,vehicle.mitsubishi.fusorosa,43.524,-34.446,135.054,-0.10
255,28.6595,49.854,116,vehicle.mitsubishi.fusorosa,43.748,-34.446,135.054,-0.10
255,28.6595,49.866,116,vehicle.mitsubishi.fusorosa,43.949,-34.446,135.054,-0.10
255,28.6596,49.877,116,vehicle.mitsubishi.fusorosa,41.741,-34.446,135.054,-0.10
255,28.6596,49.889,116,vehicle.mitsubishi.fusorosa,42.646,-34.446,135.054,-0.10
256,28.7664,49.902,116,vehicle.mitsubishi.fusorosa,46.349,-34.446,135.054,-0.10
256,28.7666,49.914,116,vehicle.mitsubishi.fusorosa,46.183,-34.446,135.054,-0.10
256,28.7666,49.926,116,vehicle.mitsubishi.fusorosa,45.796,-34.446,135.054,-0.10
256,28.7667,49.938,116,vehicle.mitsubishi.fusorosa,42.405,-34.446,135.054,-0.10
256,28.7667,49.950,116,vehicle.mitsubishi.fusorosa,43.444,-34.446,135.054,-0.10
256,28.7667,49.961,116,vehicle.mitsubishi.fusorosa,42.075,-34.446,135.054,-0.10
256,28.7667,49.972,116,vehicle.mitsubishi.fusorosa,41.108,-34.446,135.054,-0.10
256,28.7668,49.984,116,vehicle.mitsubishi.fusorosa,43.437,-34.446,135.054,-0.10
256,28.7668,49.996,116,vehicle.mitsubishi.fusorosa,43.113,-34.446,135.054,-0.10
256,28.7668,50.008,116,vehicle.mitsubishi.fusorosa,44.300,-34.446,135.054,-0.10
257,28.8912,50.021,116,vehicle.mitsubishi.fusorosa,48.171,-34.446,135.054,-0.10
257,28.8913,50.033,116,vehicle.mitsubishi.fusorosa,46.144,-34.446,135.054,-0.10
257,28.8913,50.045,116,vehicle.mitsubishi.fusorosa,43.297,-34.446,135.054,-0.10
257,28.8914,50.057,116,vehicle.mitsubishi.fusorosa,44.372,-34.446,135.054,-0.10
257,28.8914,50.069,116,vehicle.mitsubishi.fusorosa,43.495,-34.446,135.054,-0.10
257,28.8914,50.080,116,vehicle.mitsubishi.fusorosa,42.434,-34.446,135.054,-0.10
257,28.8915,50.092,116,vehicle.mitsubishi.fusorosa,42.944,-34.446,135.054,-0.10
257,28.8915,50.104,116,vehicle.mitsubishi.fusorosa,43.834,-34.446,135.054,-0.10
257,28.8915,50.116,116,vehicle.mitsubishi.fusorosa,44.028,-34.446,135.054,-0.10
257,28.8916,50.129,116,vehicle.mitsubishi.fusorosa,47.505,-34.446,135.054,-0.10
258,28.9960,50.142,116,vehicle.mitsubishi.fusorosa,47.062,-34.446,135.054,-0.10
258,28.9961,50.154,116,vehicle.mitsubishi.fusorosa,51.437,-34.446,135.054,-0.10
258,28.9962,50.167,116,vehicle.mitsubishi.fusorosa,49.622,-34.446,135.054,-0.09
258,28.9962,50.178,116,vehicle.mitsubishi.fusorosa,46.695,-34.447,135.055,-0.09
258,28.9963,50.189,116,vehicle.mitsubishi.fusorosa,47.441,-34.447,135.055,-0.09
258,28.9963,50.201,116,vehicle.mitsubishi.fusorosa,48.138,-34.447,135.055,-0.08
258,28.9963,50.213,116,vehicle.mitsubishi.fusorosa,47.265,-34.448,135.055,-0.07
258,28.9964,50.224,116,vehicle.mitsubishi.fusorosa,46.632,-34.448,135.055,-0.07
258,28.9964,50.236,116,vehicle.mitsubishi.fusorosa,51.259,-34.449,135.055,-0.06
259,29.1023,50.248,116,vehicle.mitsubishi.fusorosa,50.142,-34.449,135.055,-0.05
259,29.1025,50.260,116,vehicle.mitsubishi.fusorosa,49.878,-34.449,135.055,-0.05
259,29.1026,50.272,116,vehicle.mitsubishi.fusorosa,46.825,-34.450,135.055,-0.04
259,29.1027,50.283,116,vehicle.mitsubishi.fusorosa,47.165,-34.450,135.055,-0.04
259,29.1028,50.294,116,vehicle.mitsubishi.fusorosa,48.220,-34.450,135.055,-0.03
259,29.1029,50.306,116,vehicle.mitsubishi.fusorosa,47.412,-34.451,135.055,-0.03
259,29.1030,50.317,116,vehicle.mitsubishi.fusorosa,46.775,-34.451,135.055,-0.03
259,29.1031,50.329,116,vehicle.mitsubishi.fusorosa,49.977,-34.451,135.055,-0.03
259,29.1031,50.342,116,vehicle.mitsubishi.fusorosa,53.156,-34.451,135.055,-0.02
260,29.2109,50.355,116,vehicle.mitsubishi.fusorosa,54.010,-34.452,135.055,-0.02
260,29.2110,50.368,116,vehicle.mitsubishi.fusorosa,55.731,-34.452,135.055,-0.02
260,29.2111,50.380,116,vehicle.mitsubishi.fusorosa,53.621,-34.452,135.055,-0.02
260,29.2111,50.392,116,vehicle.mitsubishi.fusorosa,49.571,-34.452,135.055,-0.02
260,29.2111,50.404,116,vehicle.mitsubishi.fusorosa,48.984,-34.452,135.055,-0.02
260,29.2112,50.416,116,vehicle.mitsubishi.fusorosa,50.136,-34.452,135.055,-0.02
260,29.2112,50.427,116,vehicle.mitsubishi.fusorosa,47.388,-34.452,135.055,-0.03
260,29.2113,50.439,116,vehicle.mitsubishi.fusorosa,49.992,-34.453,135.055,-0.03
260,29.2114,50.452,116,vehicle.mitsubishi.fusorosa,51.232,-34.453,135.055,-0.03
261,29.3227,50.465,116,vehicle.mitsubishi.fusorosa,54.540,-34.453,135.055,-0.04
261,29.3228,50.477,116,vehicle.mitsubishi.fusorosa,53.678,-34.452,135.055,-0.04
261,29.3229,50.489,116,vehicle.mitsubishi.fusorosa,49.300,-34.452,135.054,-0.05
261,29.3229,50.501,116,vehicle.mitsubishi.fusorosa,45.718,-34.452,135.054,-0.06
261,29.3229,50.513,116,vehicle.mitsubishi.fusorosa,49.225,-34.452,135.054,-0.07
261,29.3230,50.524,116,vehicle.mitsubishi.fusorosa,42.047,-34.451,135.054,-0.07
261,29.3230,50.536,116,vehicle.mitsubishi.fusorosa,49.701,-34.451,135.053,-0.09
261,29.3230,50.548,116,vehicle.mitsubishi.fusorosa,42.578,-34.450,135.053,-0.09
261,29.3231,50.560,116,vehicle.mitsubishi.fusorosa,51.382,-34.450,135.053,-0.10
262,29.4489,50.572,116,vehicle.mitsubishi.fusorosa,42.825,-34.449,135.053,-0.12
262,29.4490,50.584,116,vehicle.mitsubishi.fusorosa,57.355,-34.449,135.052,-0.13
262,29.4491,50.596,116,vehicle.mitsubishi.fusorosa,41.867,-34.448,135.052,-0.13
262,29.4491,50.607,116,vehicle.mitsubishi.fusorosa,39.494,-34.448,135.052,-0.14
262,29.4491,50.619,116,vehicle.mitsubishi.fusorosa,43.931,-34.448,135.052,-0.15
262,29.4492,50.630,116,vehicle.mitsubishi.fusorosa,47.822,-34.447,135.052,-0.16
262,29.4492,50.643,116,vehicle.mitsubishi.fusorosa,50.683,-34.447,135.051,-0.16
262,29.4492,50.655,116,vehicle.mitsubishi.fusorosa,42.919,-34.447,135.051,-0.17
262,29.4493,50.667,116,vehicle.mitsubishi.fusorosa,43.791,-34.446,135.051,-0.17
262,29.4493,50.678,116,vehicle.mitsubishi.fusorosa,43.943,-34.446,135.051,-0.18
263,29.5340,50.691,116,vehicle.mitsubishi.fusorosa,44.826,-34.446,135.051,-0.18
263,29.5341,50.703,116,vehicle.mitsubishi.fusorosa,45.662,-34.446,135.051,-0.19
263,29.5342,50.715,116,vehicle.mitsubishi.fusorosa,38.451,-34.446,135.051,-0.19
263,29.5342,50.726,116,vehicle.mitsubishi.fusorosa,37.113,-34.446,135.051,-0.19
263,29.5343,50.738,116,vehicle.mitsubishi.fusorosa,36.414,-34.445,135.051,-0.19
263,29.5343,50.750,116,vehicle.mitsubishi.fusorosa,38.933,-34.445,135.051,-0.19
263,29.5343,50.762,116,vehicle.mitsubishi.fusorosa,37.765,-34.445,135.051,-0.20
263,29.5343,50.775,116,vehicle.mitsubishi.fusorosa,41.594,-34.445,135.051,-0.20
264,29.6409,50.787,116,vehicle.mitsubishi.fusorosa,39.698,-34.445,135.051,-0.20
264,29.6411,50.799,116,vehicle.mitsubishi.fusorosa,44.355,-34.445,135.051,-0.20
264,29.6411,50.810,116,vehicle.mitsubishi.fusorosa,45.627,-34.445,135.051,-0.20
264,29.6411,50.822,116,vehicle.mitsubishi.fusorosa,43.138,-34.445,135.051,-0.21
264,29.6412,50.834,116,vehicle.mitsubishi.fusorosa,45.420,-34.445,135.051,-0.21
264,29.6412,50.846,116,vehicle.mitsubishi.fusorosa,44.601,-34.445,135.051,-0.21
264,29.6412,50.857,116,vehicle.mitsubishi.fusorosa,47.526,-34.444,135.051,-0.21
264,29.6413,50.869,116,vehicle.mitsubishi.fusorosa,42.129,-34.444,135.051,-0.22
264,29.6413,50.881,116,vehicle.mitsubishi.fusorosa,44.688,-34.444,135.051,-0.22
265,29.7481,50.893,116,vehicle.mitsubishi.fusorosa,37.168,-34.444,135.051,-0.21
265,29.7483,50.906,116,vehicle.mitsubishi.fusorosa,40.543,-34.444,135.051,-0.22
265,29.7483,50.917,116,vehicle.mitsubishi.fusorosa,38.054,-34.443,135.051,-0.22
265,29.7483,50.929,116,vehicle.mitsubishi.fusorosa,38.556,-34.443,135.051,-0.22
265,29.7484,50.941,116,vehicle.mitsubishi.fusorosa,37.390,-34.443,135.051,-0.22
265,29.7484,50.953,116,vehicle.mitsubishi.fusorosa,40.846,-34.443,135.051,-0.22
265,29.7484,50.966,116,vehicle.mitsubishi.fusorosa,42.739,-34.443,135.051,-0.22
265,29.7485,50.977,116,vehicle.mitsubishi.fusorosa,43.814,-34.443,135.051,-0.22
265,29.7485,50.989,116,vehicle.mitsubishi.fusorosa,47.490,-34.443,135.051,-0.22
266,29.8533,51.001,116,vehicle.mitsubishi.fusorosa,52.161,-34.443,135.051,-0.21
266,29.8534,51.013,116,vehicle.mitsubishi.fusorosa,47.658,-34.443,135.051,-0.21
266,29.8535,51.025,116,vehicle.mitsubishi.fusorosa,44.516,-34.443,135.051,-0.21
266,29.8535,51.036,116,vehicle.mitsubishi.fusorosa,47.203,-34.443,135.051,-0.20
266,29.8535,51.048,116,vehicle.mitsubishi.fusorosa,47.688,-34.442,135.051,-0.20
266,29.8536,51.060,116,vehicle.mitsubishi.fusorosa,44.851,-34.442,135.051,-0.20
266,29.8536,51.071,116,vehicle.mitsubishi.fusorosa,45.379,-34.442,135.051,-0.20
266,29.8536,51.083,116,vehicle.mitsubishi.fusorosa,48.537,-34.442,135.051,-0.20
266,29.8537,51.095,116,vehicle.mitsubishi.fusorosa,48.178,-34.441,135.051,-0.19
267,29.9607,51.107,116,vehicle.mitsubishi.fusorosa,53.371,-34.441,135.051,-0.19
267,29.9608,51.119,116,vehicle.mitsubishi.fusorosa,43.733,-34.441,135.051,-0.18
267,29.9609,51.131,116,vehicle.mitsubishi.fusorosa,46.678,-34.441,135.051,-0.18
267,29.9609,51.143,116,vehicle.mitsubishi.fusorosa,47.195,-34.440,135.051,-0.18
267,29.9609,51.155,116,vehicle.mitsubishi.fusorosa,50.234,-34.440,135.051,-0.18
267,29.9610,51.166,116,vehicle.mitsubishi.fusorosa,47.538,-34.440,135.051,-0.17
267,29.9610,51.178,116,vehicle.mitsubishi.fusorosa,42.622,-34.440,135.051,-0.18
267,29.9610,51.190,116,vehicle.mitsubishi.fusorosa,43.442,-34.440,135.051,-0.18
267,29.9611,51.202,116,vehicle.mitsubishi.fusorosa,46.491,-34.440,135.051,-0.17
268,30.0714,51.214,116,vehicle.mitsubishi.fusorosa,48.283,-34.440,135.051,-0.18
268,30.0716,51.227,116,vehicle.mitsubishi.fusorosa,43.582,-34.440,135.052,-0.17
268,30.0716,51.239,116,vehicle.mitsubishi.fusorosa,43.679,-34.440,135.052,-0.17
268,30.0717,51.251,116,vehicle.mitsubishi.fusorosa,42.995,-34.440,135.052,-0.17
268,30.0717,51.263,116,vehicle.mitsubishi.fusorosa,42.933,-34.440,135.052,-0.17
268,30.0717,51.274,116,vehicle.mitsubishi.fusorosa,41.797,-34.440,135.051,-0.17
268,30.0718,51.286,116,vehicle.mitsubishi.fusorosa,42.299,-34.440,135.051,-0.17
268,30.0718,51.297,116,vehicle.mitsubishi.fusorosa,42.636,-34.440,135.051,-0.17
268,30.0718,51.309,116,vehicle.mitsubishi.fusorosa,44.369,-34.440,135.051,-0.17
269,30.2018,51.322,116,vehicle.mitsubishi.fusorosa,45.072,-34.440,135.051,-0.17
269,30.2020,51.333,116,vehicle.mitsubishi.fusorosa,42.339,-34.440,135.051,-0.17
269,30.2021,51.345,116,vehicle.mitsubishi.fusorosa,42.077,-34.440,135.051,-0.17
269,30.2022,51.357,116,vehicle.mitsubishi.fusorosa,44.483,-34.440,135.051,-0.17
269,30.2022,51.369,116,vehicle.mitsubishi.fusorosa,43.467,-34.440,135.051,-0.17
269,30.2022,51.381,116,vehicle.mitsubishi.fusorosa,42.026,-34.440,135.051,-0.17
269,30.2023,51.392,116,vehicle.mitsubishi.fusorosa,43.035,-34.440,135.051,-0.17
269,30.2023,51.404,116,vehicle.mitsubishi.fusorosa,43.090,-34.440,135.051,-0.17
269,30.2023,51.418,116,vehicle.mitsubishi.fusorosa,50.791,-34.440,135.051,-0.17
269,30.2024,51.434,116,vehicle.mitsubishi.fusorosa,58.263,-34.440,135.051,-0.17
270,30.2905,51.447,116,vehicle.mitsubishi.fusorosa,47.345,-34.440,135.051,-0.17
270,30.2906,51.459,116,vehicle.mitsubishi.fusorosa,45.886,-34.440,135.051,-0.17
270,30.2907,51.472,116,vehicle.mitsubishi.fusorosa,46.274,-34.440,135.051,-0.17
270,30.2907,51.483,116,vehicle.mitsubishi.fusorosa,42.579,-34.440,135.051,-0.17
270,30.2908,51.495,116,vehicle.mitsubishi.fusorosa,41.496,-34.440,135.051,-0.17
270,30.2908,51.506,116,vehicle.mitsubishi.fusorosa,42.277,-34.440,135.051,-0.17
270,30.2908,51.518,116,vehicle.mitsubishi.fusorosa,43.006,-34.440,135.051,-0.17
270,30.2909,51.530,116,vehicle.mitsubishi.fusorosa,44.906,-34.440,135.051,-0.17
271,30.4090,51.542,116,vehicle.mitsubishi.fusorosa,43.911,-34.440,135.051,-0.17
271,30.4091,51.554,116,vehicle.mitsubishi.fusorosa,45.098,-34.440,135.051,-0.17
271,30.4092,51.566,116,vehicle.mitsubishi.fusorosa,40.863,-34.440,135.051,-0.17
271,30.4092,51.577,116,vehicle.mitsubishi.fusorosa,42.551,-34.440,135.051,-0.17
271,30.4092,51.589,116,vehicle.mitsubishi.fusorosa,41.754,-34.440,135.051,-0.17
271,30.4093,51.600,116,vehicle.mitsubishi.fusorosa,42.633,-34.440,135.051,-0.17
271,30.4093,51.613,116,vehicle.mitsubishi.fusorosa,45.351,-34.440,135.051,-0.17
271,30.4093,51.624,116,vehicle.mitsubishi.fusorosa,43.614,-34.440,135.051,-0.17
271,30.4094,51.636,116,vehicle.mitsubishi.fusorosa,42.417,-34.440,135.051,-0.17
271,30.4094,51.648,116,vehicle.mitsubishi.fusorosa,42.256,-34.440,135.051,-0.17
272,30.5125,51.660,116,vehicle.mitsubishi.fusorosa,44.137,-34.440,135.051,-0.17
272,30.5127,51.672,116,vehicle.mitsubishi.fusorosa,45.967,-34.440,135.051,-0.17
272,30.5127,51.684,116,vehicle.mitsubishi.fusorosa,43.368,-34.440,135.051,-0.17
272,30.5128,51.695,116,vehicle.mitsubishi.fusorosa,42.059,-34.440,135.051,-0.17
272,30.5128,51.707,116,vehicle.mitsubishi.fusorosa,43.572,-34.440,135.051,-0.17
272,30.5128,51.718,116,vehicle.mitsubishi.fusorosa,42.755,-34.440,135.051,-0.17
272,30.5128,51.730,116,vehicle.mitsubishi.fusorosa,41.290,-34.440,135.051,-0.17
272,30.5129,51.741,116,vehicle.mitsubishi.fusorosa,42.134,-34.440,135.051,-0.17
272,30.5129,51.753,116,vehicle.mitsubishi.fusorosa,42.313,-34.440,135.051,-0.18
273,30.6197,51.765,116,vehicle.mitsubishi.fusorosa,45.428,-34.440,135.051,-0.18
273,30.6198,51.777,116,vehicle.mitsubishi.fusorosa,46.559,-34.440,135.051,-0.18
273,30.6199,51.789,116,vehicle.mitsubishi.fusorosa,41.929,-34.440,135.051,-0.18
273,30.6199,51.801,116,vehicle.mitsubishi.fusorosa,43.364,-34.440,135.051,-0.18
273,30.6199,51.812,116,vehicle.mitsubishi.fusorosa,42.047,-34.440,135.050,-0.18
273,30.6200,51.824,116,vehicle.mitsubishi.fusorosa,44.057,-34.440,135.050,-0.18
273,30.6200,51.836,116,vehicle.mitsubishi.fusorosa,43.273,-34.441,135.050,-0.18
273,30.6200,51.847,116,vehicle.mitsubishi.fusorosa,42.423,-34.441,135.050,-0.18
273,30.6201,51.860,116,vehicle.mitsubishi.fusorosa,44.611,-34.441,135.050,-0.18
274,30.7272,51.872,116,vehicle.mitsubishi.fusorosa,44.258,-34.441,135.050,-0.18
274,30.7274,51.884,116,vehicle.mitsubishi.fusorosa,46.892,-34.441,135.050,-0.18
274,30.7274,51.896,116,vehicle.mitsubishi.fusorosa,43.827,-34.441,135.050,-0.18
274,30.7275,51.907,116,vehicle.mitsubishi.fusorosa,41.779,-34.441,135.050,-0.18
274,30.7275,51.919,116,vehicle.mitsubishi.fusorosa,43.318,-34.441,135.050,-0.18
274,30.7275,51.931,116,vehicle.mitsubishi.fusorosa,45.108,-34.441,135.050,-0.17
274,30.7276,51.943,116,vehicle.mitsubishi.fusorosa,44.302,-34.441,135.050,-0.17
274,30.7276,51.955,116,vehicle.mitsubishi.fusorosa,42.357,-34.441,135.050,-0.17
274,30.7276,51.968,116,vehicle.mitsubishi.fusorosa,48.828,-34.441,135.050,-0.17
275,30.8367,51.981,116,vehicle.mitsubishi.fusorosa,46.021,-34.441,135.050,-0.17
275,30.8369,51.993,116,vehicle.mitsubishi.fusorosa,45.424,-34.441,135.050,-0.17
275,30.8369,52.005,116,vehicle.mitsubishi.fusorosa,44.256,-34.441,135.050,-0.17
275,30.8370,52.017,116,vehicle.mitsubishi.fusorosa,46.841,-34.441,135.050,-0.17
275,30.8370,52.029,116,vehicle.mitsubishi.fusorosa,43.698,-34.441,135.050,-0.17
275,30.8370,52.041,116,vehicle.mitsubishi.fusorosa,43.319,-34.441,135.050,-0.17
275,30.8371,52.053,116,vehicle.mitsubishi.fusorosa,43.653,-34.441,135.050,-0.17
275,30.8371,52.066,116,vehicle.mitsubishi.fusorosa,46.255,-34.441,135.050,-0.17
275,30.8371,52.080,116,vehicle.mitsubishi.fusorosa,51.263,-34.441,135.050,-0.17
276,30.9456,52.092,116,vehicle.mitsubishi.fusorosa,45.487,-34.441,135.050,-0.17
276,30.9457,52.104,116,vehicle.mitsubishi.fusorosa,47.138,-34.441,135.050,-0.17
276,30.9458,52.116,116,vehicle.mitsubishi.fusorosa,42.151,-34.441,135.050,-0.17
276,30.9458,52.127,116,vehicle.mitsubishi.fusorosa,42.518,-34.441,135.051,-0.17
276,30.9458,52.139,116,vehicle.mitsubishi.fusorosa,41.974,-34.441,135.051,-0.17
276,30.9459,52.150,116,vehicle.mitsubishi.fusorosa,42.306,-34.441,135.051,-0.17
276,30.9459,52.163,116,vehicle.mitsubishi.fusorosa,45.155,-34.441,135.051,-0.17
276,30.9459,52.174,116,vehicle.mitsubishi.fusorosa,43.202,-34.441,135.051,-0.17
276,30.9460,52.187,116,vehicle.mitsubishi.fusorosa,46.820,-34.441,135.051,-0.17
277,31.0543,52.200,116,vehicle.mitsubishi.fusorosa,47.446,-34.441,135.051,-0.17
277,31.0545,52.213,116,vehicle.mitsubishi.fusorosa,48.393,-34.441,135.051,-0.17
277,31.0546,52.225,116,vehicle.mitsubishi.fusorosa,44.362,-34.441,135.051,-0.17
277,31.0546,52.237,116,vehicle.mitsubishi.fusorosa,44.575,-34.441,135.051,-0.17
277,31.0547,52.249,116,vehicle.mitsubishi.fusorosa,43.056,-34.441,135.051,-0.17
277,31.0547,52.260,116,vehicle.mitsubishi.fusorosa,43.295,-34.441,135.051,-0.17
277,31.0548,52.273,116,vehicle.mitsubishi.fusorosa,45.251,-34.441,135.051,-0.17
277,31.0549,52.284,116,vehicle.mitsubishi.fusorosa,43.067,-34.441,135.051,-0.17
277,31.0549,52.297,116,vehicle.mitsubishi.fusorosa,44.616,-34.441,135.051,-0.17
278,31.1636,52.309,116,vehicle.mitsubishi.fusorosa,46.409,-34.441,135.051,-0.17
278,31.1637,52.322,116,vehicle.mitsubishi.fusorosa,46.748,-34.441,135.051,-0.17
278,31.1638,52.333,116,vehicle.mitsubishi.fusorosa,42.925,-34.441,135.051,-0.17
278,31.1638,52.345,116,vehicle.mitsubishi.fusorosa,42.929,-34.441,135.051,-0.17
278,31.1639,52.357,116,vehicle.mitsubishi.fusorosa,42.267,-34.441,135.051,-0.17
278,31.1639,52.368,116,vehicle.mitsubishi.fusorosa,43.765,-34.441,135.051,-0.17
278,31.1639,52.380,116,vehicle.mitsubishi.fusorosa,43.969,-34.441,135.051,-0.17
278,31.1640,52.392,116,vehicle.mitsubishi.fusorosa,44.022,-34.441,135.051,-0.17
278,31.1640,52.406,116,vehicle.mitsubishi.fusorosa,47.581,-34.441,135.051,-0.17
279,31.2779,52.418,116,vehicle.mitsubishi.fusorosa,44.375,-34.441,135.051,-0.17
279,31.2780,52.430,116,vehicle.mitsubishi.fusorosa,47.535,-34.441,135.051,-0.17
279,31.2781,52.443,116,vehicle.mitsubishi.fusorosa,45.743,-34.441,135.051,-0.17
279,31.2781,52.454,116,vehicle.mitsubishi.fusorosa,42.680,-34.441,135.051,-0.17
279,31.2781,52.466,116,vehicle.mitsubishi.fusorosa,42.812,-34.441,135.051,-0.17
279,31.2782,52.478,116,vehicle.mitsubishi.fusorosa,43.824,-34.441,135.051,-0.17
279,31.2782,52.490,116,vehicle.mitsubishi.fusorosa,43.875,-34.441,135.051,-0.17
279,31.2782,52.502,116,vehicle.mitsubishi.fusorosa,44.524,-34.441,135.051,-0.17
279,31.2783,52.514,116,vehicle.mitsubishi.fusorosa,45.414,-34.441,135.051,-0.17
280,31.3832,52.527,116,vehicle.mitsubishi.fusorosa,48.419,-34.441,135.051,-0.17
280,31.3834,52.540,116,vehicle.mitsubishi.fusorosa,47.128,-34.441,135.051,-0.17
280,31.3834,52.552,116,vehicle.mitsubishi.fusorosa,43.553,-34.441,135.051,-0.17
280,31.3835,52.563,116,vehicle.mitsubishi.fusorosa,43.552,-34.441,135.051,-0.17
280,31.3835,52.575,116,vehicle.mitsubishi.fusorosa,43.730,-34.441,135.051,-0.17
280,31.3835,52.587,116,vehicle.mitsubishi.fusorosa,43.283,-34.441,135.051,-0.17
280,31.3836,52.599,116,vehicle.mitsubishi.fusorosa,43.078,-34.441,135.051,-0.17
280,31.3836,52.611,116,vehicle.mitsubishi.fusorosa,43.430,-34.441,135.051,-0.17
280,31.3836,52.623,116,vehicle.mitsubishi.fusorosa,44.535,-34.441,135.051,-0.17
281,31.5012,52.635,116,vehicle.mitsubishi.fusorosa,46.235,-34.441,135.051,-0.17
281,31.5014,52.647,116,vehicle.mitsubishi.fusorosa,44.169,-34.441,135.051,-0.17
281,31.5014,52.659,116,vehicle.mitsubishi.fusorosa,42.422,-34.441,135.051,-0.17
281,31.5014,52.671,116,vehicle.mitsubishi.fusorosa,45.325,-34.441,135.051,-0.17
281,31.5015,52.683,116,vehicle.mitsubishi.fusorosa,43.298,-34.441,135.051,-0.17
281,31.5015,52.694,116,vehicle.mitsubishi.fusorosa,42.422,-34.441,135.051,-0.17
281,31.5016,52.706,116,vehicle.mitsubishi.fusorosa,42.790,-34.441,135.051,-0.17
281,31.5016,52.718,116,vehicle.mitsubishi.fusorosa,44.406,-34.441,135.051,-0.17
281,31.5016,52.729,116,vehicle.mitsubishi.fusorosa,41.973,-34.441,135.051,-0.17
281,31.5017,52.742,116,vehicle.mitsubishi.fusorosa,46.190,-34.441,135.051,-0.17
282,31.6116,52.754,116,vehicle.mitsubishi.fusorosa,49.202,-34.441,135.051,-0.17
282,31.6117,52.767,116,vehicle.mitsubishi.fusorosa,51.958,-34.442,135.051,-0.17
282,31.6118,52.779,116,vehicle.mitsubishi.fusorosa,53.427,-34.442,135.051,-0.17
282,31.6118,52.791,116,vehicle.mitsubishi.fusorosa,53.370,-34.442,135.051,-0.16
282,31.6119,52.803,116,vehicle.mitsubishi.fusorosa,52.113,-34.443,135.051,-0.16
282,31.6119,52.816,116,vehicle.mitsubishi.fusorosa,54.515,-34.443,135.051,-0.15
282,31.6119,52.828,116,vehicle.mitsubishi.fusorosa,52.953,-34.444,135.051,-0.15
282,31.6120,52.839,116,vehicle.mitsubishi.fusorosa,51.781,-34.444,135.051,-0.14
282,31.6120,52.852,116,vehicle.mitsubishi.fusorosa,53.836,-34.445,135.051,-0.13
283,31.7226,52.865,116,vehicle.mitsubishi.fusorosa,56.553,-34.445,135.052,-0.13
283,31.7227,52.878,116,vehicle.mitsubishi.fusorosa,56.123,-34.446,135.052,-0.12
283,31.7228,52.890,116,vehicle.mitsubishi.fusorosa,51.401,-34.446,135.052,-0.11
283,31.7229,52.901,116,vehicle.mitsubishi.fusorosa,49.401,-34.446,135.052,-0.11
283,31.7229,52.913,116,vehicle.mitsubishi.fusorosa,51.882,-34.447,135.052,-0.10
283,31.7230,52.925,116,vehicle.mitsubishi.fusorosa,52.061,-34.447,135.052,-0.10
283,31.7230,52.936,116,vehicle.mitsubishi.fusorosa,49.160,-34.448,135.052,-0.09
283,31.7230,52.947,116,vehicle.mitsubishi.fusorosa,50.358,-34.448,135.052,-0.09
283,31.7231,52.959,116,vehicle.mitsubishi.fusorosa,52.409,-34.448,135.052,-0.09
284,31.8258,52.972,116,vehicle.mitsubishi.fusorosa,55.672,-34.448,135.052,-0.09
284,31.8261,52.984,116,vehicle.mitsubishi.fusorosa,54.381,-34.449,135.052,-0.09
284,31.8261,52.995,116,vehicle.mitsubishi.fusorosa,49.820,-34.449,135.052,-0.09
284,31.8262,53.007,116,vehicle.mitsubishi.fusorosa,49.747,-34.449,135.052,-0.09
284,31.8262,53.019,116,vehicle.mitsubishi.fusorosa,52.237,-34.449,135.052,-0.09
284,31.8262,53.031,116,vehicle.mitsubishi.fusorosa,52.359,-34.449,135.052,-0.09
284,31.8263,53.042,116,vehicle.mitsubishi.fusorosa,50.197,-34.449,135.052,-0.10
284,31.8263,53.053,116,vehicle.mitsubishi.fusorosa,45.700,-34.449,135.052,-0.10
284,31.8263,53.067,116,vehicle.mitsubishi.fusorosa,54.329,-34.449,135.052,-0.10
285,31.9327,53.079,116,vehicle.mitsubishi.fusorosa,47.670,-34.449,135.052,-0.11
285,31.9328,53.091,116,vehicle.mitsubishi.fusorosa,50.249,-34.449,135.051,-0.12
285,31.9329,53.103,116,vehicle.mitsubishi.fusorosa,48.734,-34.449,135.051,-0.12
285,31.9329,53.114,116,vehicle.mitsubishi.fusorosa,41.893,-34.449,135.051,-0.13
285,31.9329,53.126,116,vehicle.mitsubishi.fusorosa,45.394,-34.448,135.051,-0.15
285,31.9330,53.137,116,vehicle.mitsubishi.fusorosa,47.049,-34.448,135.050,-0.16
285,31.9330,53.149,116,vehicle.mitsubishi.fusorosa,39.182,-34.448,135.050,-0.18
285,31.9330,53.161,116,vehicle.mitsubishi.fusorosa,44.499,-34.447,135.050,-0.20
285,31.9331,53.174,116,vehicle.mitsubishi.fusorosa,49.439,-34.447,135.049,-0.22
286,32.0613,53.187,116,vehicle.mitsubishi.fusorosa,45.458,-34.447,135.049,-0.24
286,32.0615,53.199,116,vehicle.mitsubishi.fusorosa,49.357,-34.446,135.048,-0.26
286,32.0615,53.211,116,vehicle.mitsubishi.fusorosa,47.655,-34.446,135.048,-0.28
286,32.0616,53.222,116,vehicle.mitsubishi.fusorosa,43.790,-34.446,135.048,-0.30
286,32.0616,53.234,116,vehicle.mitsubishi.fusorosa,39.315,-34.445,135.047,-0.31
286,32.0616,53.245,116,vehicle.mitsubishi.fusorosa,43.298,-34.445,135.047,-0.34
286,32.0617,53.256,116,vehicle.mitsubishi.fusorosa,43.647,-34.444,135.046,-0.36
286,32.0617,53.269,116,vehicle.mitsubishi.fusorosa,47.960,-34.444,135.046,-0.39
286,32.0617,53.290,116,vehicle.mitsubishi.fusorosa,48.429,-34.443,135.045,-0.41
286,32.0617,53.302,116,vehicle.mitsubishi.fusorosa,40.256,-34.443,135.044,-0.46
287,32.1428,53.313,116,vehicle.mitsubishi.fusorosa,50.956,-34.442,135.044,-0.47
287,32.1430,53.325,116,vehicle.mitsubishi.fusorosa,27.662,-34.442,135.043,-0.50
287,32.1430,53.336,116,vehicle.mitsubishi.fusorosa,45.908,-34.441,135.043,-0.53
287,32.1431,53.348,116,vehicle.mitsubishi.fusorosa,43.622,-34.441,135.043,-0.54
287,32.1431,53.359,116,vehicle.mitsubishi.fusorosa,45.078,-34.441,135.042,-0.56
287,32.1431,53.371,116,vehicle.mitsubishi.fusorosa,41.689,-34.440,135.042,-0.59
287,32.1431,53.385,116,vehicle.mitsubishi.fusorosa,47.455,-34.440,135.041,-0.61
288,32.2512,53.398,116,vehicle.mitsubishi.fusorosa,50.922,-34.439,135.041,-0.64
288,32.2515,53.410,116,vehicle.mitsubishi.fusorosa,18.194,-34.439,135.040,-0.67
288,32.2516,53.421,116,vehicle.mitsubishi.fusorosa,45.869,-34.438,135.040,-0.69
288,32.2517,53.433,116,vehicle.mitsubishi.fusorosa,44.054,-34.438,135.039,-0.71
288,32.2517,53.445,116,vehicle.mitsubishi.fusorosa,47.071,-34.437,135.039,-0.73
288,32.2518,53.456,116,vehicle.mitsubishi.fusorosa,42.706,-34.437,135.038,-0.76
288,32.2518,53.468,116,vehicle.mitsubishi.fusorosa,40.088,-34.436,135.038,-0.78
288,32.2518,53.479,116,vehicle.mitsubishi.fusorosa,49.015,-34.436,135.037,-0.80
288,32.2519,53.491,116,vehicle.mitsubishi.fusorosa,49.862,-34.435,135.037,-0.83
289,32.3556,53.504,116,vehicle.mitsubishi.fusorosa,48.594,-34.435,135.036,-0.86
289,32.3558,53.516,116,vehicle.mitsubishi.fusorosa,19.656,-34.434,135.035,-0.88
289,32.3558,53.528,116,vehicle.mitsubishi.fusorosa,37.059,-34.434,135.036,-0.88
289,32.3558,53.540,116,vehicle.mitsubishi.fusorosa,31.748,-34.434,135.036,-0.88
289,32.3559,53.551,116,vehicle.mitsubishi.fusorosa,41.185,-34.434,135.036,-0.88
289,32.3559,53.563,116,vehicle.mitsubishi.fusorosa,42.339,-34.434,135.036,-0.88
289,32.3559,53.575,116,vehicle.mitsubishi.fusorosa,42.664,-34.434,135.036,-0.87
289,32.3560,53.586,116,vehicle.mitsubishi.fusorosa,40.604,-34.435,135.037,-0.87
290,32.4781,53.599,116,vehicle.mitsubishi.fusorosa,43.473,-34.435,135.037,-0.87
290,32.4782,53.611,116,vehicle.mitsubishi.fusorosa,44.512,-34.435,135.037,-0.87
290,32.4783,53.624,116,vehicle.mitsubishi.fusorosa,50.693,-34.435,135.037,-0.87
290,32.4783,53.636,116,vehicle.mitsubishi.fusorosa,43.077,-34.435,135.037,-0.87
290,32.4783,53.648,116,vehicle.mitsubishi.fusorosa,43.413,-34.435,135.037,-0.87
290,32.4784,53.659,116,vehicle.mitsubishi.fusorosa,40.737,-34.435,135.037,-0.87
290,32.4784,53.671,116,vehicle.mitsubishi.fusorosa,41.733,-34.435,135.037,-0.87
290,32.4784,53.682,116,vehicle.mitsubishi.fusorosa,41.032,-34.435,135.037,-0.87
290,32.4785,53.694,116,vehicle.mitsubishi.fusorosa,42.751,-34.435,135.037,-0.87
290,32.4785,53.705,116,vehicle.mitsubishi.fusorosa,44.059,-34.435,135.037,-0.87
290,32.4785,53.717,116,vehicle.mitsubishi.fusorosa,43.204,-34.435,135.037,-0.87
291,32.5874,53.729,116,vehicle.mitsubishi.fusorosa,43.163,-34.435,135.037,-0.87
291,32.5876,53.741,116,vehicle.mitsubishi.fusorosa,43.902,-34.435,135.037,-0.87
291,32.5876,53.753,116,vehicle.mitsubishi.fusorosa,46.735,-34.435,135.037,-0.87
291,32.5877,53.765,116,vehicle.mitsubishi.fusorosa,41.912,-34.435,135.037,-0.87
291,32.5877,53.777,116,vehicle.mitsubishi.fusorosa,41.542,-34.435,135.037,-0.87
291,32.5877,53.789,116,vehicle.mitsubishi.fusorosa,44.735,-34.435,135.037,-0.87
291,32.5878,53.801,116,vehicle.mitsubishi.fusorosa,41.897,-34.435,135.037,-0.87
291,32.5878,53.813,116,vehicle.mitsubishi.fusorosa,44.448,-34.435,135.037,-0.87
291,32.5878,53.825,116,vehicle.mitsubishi.fusorosa,45.695,-34.435,135.037,-0.87
292,32.6929,53.838,116,vehicle.mitsubishi.fusorosa,46.224,-34.435,135.037,-0.87
292,32.6930,53.850,116,vehicle.mitsubishi.fusorosa,41.024,-34.435,135.037,-0.87
292,32.6931,53.862,116,vehicle.mitsubishi.fusorosa,44.583,-34.435,135.037,-0.87
292,32.6931,53.874,116,vehicle.mitsubishi.fusorosa,41.679,-34.435,135.037,-0.87
292,32.6931,53.886,116,vehicle.mitsubishi.fusorosa,42.773,-34.436,135.037,-0.87
292,32.6932,53.898,116,vehicle.mitsubishi.fusorosa,42.824,-34.436,135.037,-0.87
292,32.6932,53.909,116,vehicle.mitsubishi.fusorosa,41.425,-34.436,135.037,-0.87
292,32.6932,53.921,116,vehicle.mitsubishi.fusorosa,44.847,-34.436,135.037,-0.87
292,32.6933,53.933,116,vehicle.mitsubishi.fusorosa,43.508,-34.436,135.037,-0.87
293,32.8096,53.945,116,vehicle.mitsubishi.fusorosa,41.880,-34.436,135.037,-0.87
293,32.8097,53.956,116,vehicle.mitsubishi.fusorosa,41.878,-34.436,135.037,-0.87
293,32.8098,53.967,116,vehicle.mitsubishi.fusorosa,42.714,-34.436,135.037,-0.87
293,32.8098,53.979,116,vehicle.mitsubishi.fusorosa,39.238,-34.436,135.037,-0.87
293,32.8098,53.991,116,vehicle.mitsubishi.fusorosa,44.441,-34.436,135.037,-0.87
293,32.8099,54.003,116,vehicle.mitsubishi.fusorosa,42.622,-34.436,135.037,-0.87
293,32.8099,54.015,116,vehicle.mitsubishi.fusorosa,41.782,-34.436,135.037,-0.87
293,32.8099,54.026,116,vehicle.mitsubishi.fusorosa,43.299,-34.436,135.037,-0.87
293,32.8100,54.037,116,vehicle.mitsubishi.fusorosa,41.421,-34.436,135.037,-0.87
293,32.8100,54.050,116,vehicle.mitsubishi.fusorosa,44.782,-34.436,135.037,-0.87
294,32.9182,54.062,116,vehicle.mitsubishi.fusorosa,43.813,-34.436,135.037,-0.87
294,32.9183,54.074,116,vehicle.mitsubishi.fusorosa,49.227,-34.436,135.037,-0.87
294,32.9184,54.086,116,vehicle.mitsubishi.fusorosa,42.362,-34.436,135.037,-0.87
294,32.9184,54.098,116,vehicle.mitsubishi.fusorosa,43.381,-34.436,135.037,-0.87
294,32.9185,54.110,116,vehicle.mitsubishi.fusorosa,43.446,-34.436,135.037,-0.87
294,32.9186,54.122,116,vehicle.mitsubishi.fusorosa,43.798,-34.436,135.037,-0.87
294,32.9186,54.134,116,vehicle.mitsubishi.fusorosa,44.625,-34.436,135.037,-0.87
294,32.9186,54.146,116,vehicle.mitsubishi.fusorosa,41.948,-34.436,135.037,-0.87
294,32.9187,54.158,116,vehicle.mitsubishi.fusorosa,43.350,-34.436,135.037,-0.87
295,33.0264,54.170,116,vehicle.mitsubishi.fusorosa,43.789,-34.436,135.037,-0.87
295,33.0266,54.182,116,vehicle.mitsubishi.fusorosa,51.663,-34.436,135.037,-0.87
295,33.0266,54.194,116,vehicle.mitsubishi.fusorosa,40.667,-34.436,135.037,-0.87
295,33.0267,54.206,116,vehicle.mitsubishi.fusorosa,44.501,-34.436,135.037,-0.87
295,33.0267,54.219,116,vehicle.mitsubishi.fusorosa,44.976,-34.436,135.037,-0.87
295,33.0267,54.230,116,vehicle.mitsubishi.fusorosa,42.891,-34.436,135.037,-0.87
295,33.0268,54.242,116,vehicle.mitsubishi.fusorosa,41.733,-34.436,135.037,-0.87
295,33.0268,54.254,116,vehicle.mitsubishi.fusorosa,43.603,-34.436,135.037,-0.87
295,33.0268,54.266,116,vehicle.mitsubishi.fusorosa,43.755,-34.436,135.037,-0.87
296,33.1459,54.278,116,vehicle.mitsubishi.fusorosa,42.573,-34.436,135.037,-0.87
296,33.1461,54.290,116,vehicle.mitsubishi.fusorosa,53.298,-34.436,135.037,-0.87
296,33.1461,54.301,116,vehicle.mitsubishi.fusorosa,41.087,-34.436,135.037,-0.87
296,33.1462,54.313,116,vehicle.mitsubishi.fusorosa,40.696,-34.436,135.037,-0.87
296,33.1462,54.325,116,vehicle.mitsubishi.fusorosa,41.832,-34.436,135.037,-0.87
296,33.1462,54.336,116,vehicle.mitsubishi.fusorosa,42.219,-34.436,135.037,-0.87
296,33.1463,54.348,116,vehicle.mitsubishi.fusorosa,45.727,-34.436,135.037,-0.87
296,33.1463,54.360,116,vehicle.mitsubishi.fusorosa,43.045,-34.436,135.037,-0.87
296,33.1463,54.372,116,vehicle.mitsubishi.fusorosa,42.743,-34.436,135.037,-0.87
296,33.1464,54.385,116,vehicle.mitsubishi.fusorosa,45.642,-34.437,135.037,-0.87
297,33.2510,54.397,116,vehicle.mitsubishi.fusorosa,47.658,-34.437,135.037,-0.87
297,33.2511,54.411,116,vehicle.mitsubishi.fusorosa,49.930,-34.437,135.037,-0.87
297,33.2512,54.422,116,vehicle.mitsubishi.fusorosa,42.568,-34.437,135.037,-0.87
297,33.2512,54.434,116,vehicle.mitsubishi.fusorosa,42.770,-34.437,135.037,-0.87
297,33.2513,54.445,116,vehicle.mitsubishi.fusorosa,43.582,-34.437,135.037,-0.87
297,33.2513,54.457,116,vehicle.mitsubishi.fusorosa,40.138,-34.437,135.037,-0.87
297,33.2514,54.468,116,vehicle.mitsubishi.fusorosa,41.345,-34.437,135.037,-0.87
297,33.2515,54.480,116,vehicle.mitsubishi.fusorosa,42.015,-34.437,135.037,-0.87
297,33.2515,54.492,116,vehicle.mitsubishi.fusorosa,43.168,-34.437,135.037,-0.87
298,33.3601,54.504,116,vehicle.mitsubishi.fusorosa,45.661,-34.437,135.037,-0.87
298,33.3602,54.516,116,vehicle.mitsubishi.fusorosa,52.333,-34.437,135.037,-0.87
298,33.3602,54.529,116,vehicle.mitsubishi.fusorosa,46.265,-34.437,135.037,-0.87
298,33.3603,54.541,116,vehicle.mitsubishi.fusorosa,43.895,-34.437,135.037,-0.87
298,33.3603,54.554,116,vehicle.mitsubishi.fusorosa,43.814,-34.437,135.037,-0.87
298,33.3603,54.566,116,vehicle.mitsubishi.fusorosa,44.921,-34.437,135.037,-0.87
298,33.3604,54.578,116,vehicle.mitsubishi.fusorosa,42.840,-34.437,135.037,-0.87
298,33.3604,54.589,116,vehicle.mitsubishi.fusorosa,40.780,-34.437,135.037,-0.87
299,33.4689,54.602,116,vehicle.mitsubishi.fusorosa,46.855,-34.437,135.037,-0.87
299,33.4690,54.616,116,vehicle.mitsubishi.fusorosa,50.342,-34.437,135.037,-0.87
299,33.4691,54.628,116,vehicle.mitsubishi.fusorosa,48.597,-34.437,135.037,-0.87
299,33.4691,54.639,116,vehicle.mitsubishi.fusorosa,40.628,-34.437,135.037,-0.87
299,33.4692,54.651,116,vehicle.mitsubishi.fusorosa,44.929,-34.437,135.038,-0.87
299,33.4692,54.662,116,vehicle.mitsubishi.fusorosa,42.266,-34.437,135.038,-0.87
299,33.4692,54.674,116,vehicle.mitsubishi.fusorosa,42.064,-34.437,135.038,-0.87
299,33.4692,54.685,116,vehicle.mitsubishi.fusorosa,40.947,-34.437,135.038,-0.87
299,33.4693,54.698,116,vehicle.mitsubishi.fusorosa,45.877,-34.437,135.038,-0.87
299,33.4693,54.710,116,vehicle.mitsubishi.fusorosa,45.713,-34.437,135.038,-0.87
300,33.5736,54.722,116,vehicle.mitsubishi.fusorosa,43.745,-34.437,135.038,-0.87
300,33.5738,54.734,116,vehicle.mitsubishi.fusorosa,46.448,-34.437,135.038,-0.87
300,33.5738,54.746,116,vehicle.mitsubishi.fusorosa,43.430,-34.437,135.038,-0.87
300,33.5739,54.757,116,vehicle.mitsubishi.fusorosa,40.563,-34.437,135.038,-0.87
300,33.5739,54.768,116,vehicle.mitsubishi.fusorosa,39.343,-34.437,135.038,-0.87
300,33.5739,54.779,116,vehicle.mitsubishi.fusorosa,41.939,-34.437,135.038,-0.87
300,33.5740,54.791,116,vehicle.mitsubishi.fusorosa,42.130,-34.437,135.038,-0.87
300,33.5741,54.803,116,vehicle.mitsubishi.fusorosa,43.557,-34.437,135.038,-0.87
300,33.5742,54.815,116,vehicle.mitsubishi.fusorosa,44.029,-34.437,135.038,-0.87
301,33.6970,54.827,116,vehicle.mitsubishi.fusorosa,43.955,-34.437,135.038,-0.87
301,33.6975,54.839,116,vehicle.mitsubishi.fusorosa,49.801,-34.437,135.038,-0.87
301,33.6976,54.851,116,vehicle.mitsubishi.fusorosa,41.575,-34.437,135.038,-0.87
301,33.6977,54.863,116,vehicle.mitsubishi.fusorosa,42.086,-34.437,135.038,-0.87
301,33.6977,54.874,116,vehicle.mitsubishi.fusorosa,41.919,-34.437,135.038,-0.87
301,33.6977,54.886,116,vehicle.mitsubishi.fusorosa,40.379,-34.437,135.038,-0.87
301,33.6978,54.898,116,vehicle.mitsubishi.fusorosa,42.575,-34.437,135.038,-0.87
301,33.6978,54.909,116,vehicle.mitsubishi.fusorosa,41.917,-34.437,135.038,-0.87
301,33.6979,54.921,116,vehicle.mitsubishi.fusorosa,42.358,-34.437,135.038,-0.87
301,33.6979,54.933,116,vehicle.mitsubishi.fusorosa,42.895,-34.437,135.038,-0.87
302,33.7997,54.945,116,vehicle.mitsubishi.fusorosa,47.839,-34.437,135.038,-0.87
302,33.7999,54.958,116,vehicle.mitsubishi.fusorosa,44.240,-34.437,135.038,-0.87
302,33.8000,54.970,116,vehicle.mitsubishi.fusorosa,43.900,-34.437,135.038,-0.87
302,33.8000,54.982,116,vehicle.mitsubishi.fusorosa,42.127,-34.437,135.038,-0.87
302,33.8001,54.994,116,vehicle.mitsubishi.fusorosa,44.132,-34.437,135.038,-0.87
302,33.8001,55.005,116,vehicle.mitsubishi.fusorosa,44.641,-34.437,135.038,-0.87
302,33.8001,55.017,116,vehicle.mitsubishi.fusorosa,42.335,-34.437,135.038,-0.87
302,33.8002,55.029,116,vehicle.mitsubishi.fusorosa,42.626,-34.437,135.038,-0.87
302,33.8002,55.041,116,vehicle.mitsubishi.fusorosa,41.890,-34.437,135.038,-0.87
303,33.9186,55.053,116,vehicle.mitsubishi.fusorosa,48.624,-34.437,135.038,-0.87
303,33.9187,55.064,116,vehicle.mitsubishi.fusorosa,50.159,-34.437,135.038,-0.87
303,33.9188,55.077,116,vehicle.mitsubishi.fusorosa,53.066,-34.437,135.038,-0.87
303,33.9188,55.089,116,vehicle.mitsubishi.fusorosa,49.512,-34.437,135.038,-0.86
303,33.9188,55.100,116,vehicle.mitsubishi.fusorosa,51.045,-34.438,135.038,-0.86
303,33.9189,55.112,116,vehicle.mitsubishi.fusorosa,49.981,-34.438,135.038,-0.86
303,33.9189,55.124,116,vehicle.mitsubishi.fusorosa,50.382,-34.438,135.038,-0.85
303,33.9190,55.135,116,vehicle.mitsubishi.fusorosa,49.900,-34.438,135.038,-0.85
303,33.9190,55.147,116,vehicle.mitsubishi.fusorosa,50.566,-34.439,135.038,-0.85
303,33.9190,55.159,116,vehicle.mitsubishi.fusorosa,52.488,-34.439,135.038,-0.84
304,34.0256,55.171,116,vehicle.mitsubishi.fusorosa,53.213,-34.439,135.038,-0.84
304,34.0258,55.184,116,vehicle.mitsubishi.fusorosa,55.017,-34.439,135.038,-0.84
304,34.0258,55.196,116,vehicle.mitsubishi.fusorosa,51.581,-34.440,135.038,-0.84
304,34.0258,55.207,116,vehicle.mitsubishi.fusorosa,49.100,-34.440,135.038,-0.84
304,34.0259,55.219,116,vehicle.mitsubishi.fusorosa,49.370,-34.440,135.038,-0.83
304,34.0259,55.231,116,vehicle.mitsubishi.fusorosa,54.526,-34.440,135.038,-0.83
304,34.0259,55.243,116,vehicle.mitsubishi.fusorosa,50.080,-34.440,135.038,-0.83
304,34.0260,55.254,116,vehicle.mitsubishi.fusorosa,49.151,-34.440,135.038,-0.83
304,34.0260,55.266,116,vehicle.mitsubishi.fusorosa,51.064,-34.441,135.038,-0.84
305,34.1309,55.278,116,vehicle.mitsubishi.fusorosa,55.386,-34.441,135.038,-0.84
305,34.1310,55.290,116,vehicle.mitsubishi.fusorosa,56.549,-34.441,135.038,-0.84
305,34.1311,55.302,116,vehicle.mitsubishi.fusorosa,56.329,-34.441,135.038,-0.84
305,34.1311,55.314,116,vehicle.mitsubishi.fusorosa,55.024,-34.441,135.038,-0.84
305,34.1311,55.326,116,vehicle.mitsubishi.fusorosa,53.324,-34.441,135.038,-0.85
305,34.1312,55.338,116,vehicle.mitsubishi.fusorosa,47.559,-34.440,135.038,-0.85
305,34.1313,55.349,116,vehicle.mitsubishi.fusorosa,48.313,-34.440,135.037,-0.85
305,34.1313,55.361,116,vehicle.mitsubishi.fusorosa,49.127,-34.440,135.037,-0.86
305,34.1313,55.373,116,vehicle.mitsubishi.fusorosa,41.929,-34.440,135.037,-0.87
306,34.2497,55.385,116,vehicle.mitsubishi.fusorosa,49.705,-34.439,135.037,-0.88
306,34.2500,55.397,116,vehicle.mitsubishi.fusorosa,47.606,-34.439,135.037,-0.88
306,34.2500,55.408,116,vehicle.mitsubishi.fusorosa,44.734,-34.439,135.036,-0.89
306,34.2500,55.420,116,vehicle.mitsubishi.fusorosa,43.283,-34.438,135.036,-0.89
306,34.2501,55.433,116,vehicle.mitsubishi.fusorosa,52.294,-34.438,135.036,-0.90
306,34.2501,55.445,116,vehicle.mitsubishi.fusorosa,47.824,-34.437,135.036,-0.91
306,34.2501,55.456,116,vehicle.mitsubishi.fusorosa,46.066,-34.437,135.036,-0.91
306,34.2502,55.468,116,vehicle.mitsubishi.fusorosa,45.527,-34.436,135.036,-0.92
306,34.2502,55.479,116,vehicle.mitsubishi.fusorosa,40.346,-34.436,135.035,-0.93
306,34.2502,55.491,116,vehicle.mitsubishi.fusorosa,41.030,-34.435,135.035,-0.93
307,34.3430,55.503,116,vehicle.mitsubishi.fusorosa,47.391,-34.435,135.035,-0.94
307,34.3431,55.514,116,vehicle.mitsubishi.fusorosa,39.216,-34.434,135.035,-0.95
307,34.3432,55.526,116,vehicle.mitsubishi.fusorosa,39.089,-34.434,135.035,-0.96
307,34.3432,55.538,116,vehicle.mitsubishi.fusorosa,45.657,-34.433,135.035,-0.97
307,34.3432,55.549,116,vehicle.mitsubishi.fusorosa,48.917,-34.433,135.035,-0.97
307,34.3433,55.561,116,vehicle.mitsubishi.fusorosa,48.237,-34.432,135.034,-0.98
307,34.3433,55.572,116,vehicle.mitsubishi.fusorosa,43.125,-34.432,135.034,-0.98
307,34.3433,55.585,116,vehicle.mitsubishi.fusorosa,34.741,-34.431,135.034,-0.98
308,34.4517,55.597,116,vehicle.mitsubishi.fusorosa,43.314,-34.431,135.034,-0.99
308,34.4519,55.609,116,vehicle.mitsubishi.fusorosa,42.637,-34.430,135.034,-0.99
308,34.4519,55.621,116,vehicle.mitsubishi.fusorosa,42.682,-34.429,135.034,-0.99
308,34.4520,55.633,116,vehicle.mitsubishi.fusorosa,39.584,-34.429,135.034,-0.99
308,34.4520,55.644,116,vehicle.mitsubishi.fusorosa,39.928,-34.429,135.034,-0.99
308,34.4520,55.656,116,vehicle.mitsubishi.fusorosa,40.428,-34.428,135.034,-1.00
308,34.4521,55.668,116,vehicle.mitsubishi.fusorosa,46.158,-34.428,135.034,-1.00
308,34.4521,55.680,116,vehicle.mitsubishi.fusorosa,40.203,-34.428,135.034,-1.00
308,34.4521,55.692,116,vehicle.mitsubishi.fusorosa,44.328,-34.428,135.034,-1.00
309,34.5701,55.704,116,vehicle.mitsubishi.fusorosa,40.731,-34.427,135.034,-1.00
309,34.5702,55.715,116,vehicle.mitsubishi.fusorosa,37.789,-34.427,135.034,-1.00
309,34.5703,55.727,116,vehicle.mitsubishi.fusorosa,40.014,-34.427,135.034,-1.00
309,34.5703,55.739,116,vehicle.mitsubishi.fusorosa,45.101,-34.427,135.034,-1.00
309,34.5703,55.750,116,vehicle.mitsubishi.fusorosa,45.555,-34.426,135.034,-1.00
309,34.5704,55.762,116,vehicle.mitsubishi.fusorosa,42.196,-34.426,135.034,-1.00
309,34.5704,55.773,116,vehicle.mitsubishi.fusorosa,43.362,-34.426,135.034,-1.00
309,34.5704,55.785,116,vehicle.mitsubishi.fusorosa,42.606,-34.426,135.034,-1.00
309,34.5705,55.797,116,vehicle.mitsubishi.fusorosa,36.034,-34.426,135.034,-1.00
309,34.5705,55.810,116,vehicle.mitsubishi.fusorosa,41.678,-34.426,135.034,-0.99
310,34.6788,55.823,116,vehicle.mitsubishi.fusorosa,41.679,-34.426,135.034,-0.99
310,34.6790,55.835,116,vehicle.mitsubishi.fusorosa,39.823,-34.425,135.034,-0.99
310,34.6791,55.847,116,vehicle.mitsubishi.fusorosa,47.395,-34.425,135.034,-0.99
310,34.6791,55.858,116,vehicle.mitsubishi.fusorosa,44.807,-34.425,135.034,-0.99
310,34.6792,55.870,116,vehicle.mitsubishi.fusorosa,41.321,-34.425,135.034,-0.99
310,34.6792,55.882,116,vehicle.mitsubishi.fusorosa,42.036,-34.424,135.034,-0.99
310,34.6792,55.894,116,vehicle.mitsubishi.fusorosa,43.849,-34.424,135.034,-0.99
310,34.6793,55.906,116,vehicle.mitsubishi.fusorosa,41.459,-34.424,135.034,-0.99
310,34.6793,55.918,116,vehicle.mitsubishi.fusorosa,47.140,-34.424,135.034,-1.00
311,34.7849,55.930,116,vehicle.mitsubishi.fusorosa,48.368,-34.424,135.034,-0.99
311,34.7851,55.942,116,vehicle.mitsubishi.fusorosa,36.274,-34.423,135.034,-0.99
311,34.7852,55.954,116,vehicle.mitsubishi.fusorosa,46.999,-34.423,135.034,-1.00
311,34.7852,55.966,116,vehicle.mitsubishi.fusorosa,52.412,-34.423,135.034,-1.00
311,34.7853,55.978,116,vehicle.mitsubishi.fusorosa,37.807,-34.423,135.033,-1.00
311,34.7853,55.989,116,vehicle.mitsubishi.fusorosa,49.066,-34.422,135.033,-1.00
311,34.7853,56.000,116,vehicle.mitsubishi.fusorosa,41.605,-34.422,135.033,-1.01
311,34.7854,56.012,116,vehicle.mitsubishi.fusorosa,40.808,-34.422,135.033,-1.01
311,34.7854,56.023,116,vehicle.mitsubishi.fusorosa,42.665,-34.421,135.033,-1.01
312,34.8901,56.035,116,vehicle.mitsubishi.fusorosa,34.151,-34.421,135.033,-1.01
312,34.8902,56.047,116,vehicle.mitsubishi.fusorosa,40.203,-34.421,135.033,-1.02
312,34.8903,56.059,116,vehicle.mitsubishi.fusorosa,37.023,-34.421,135.033,-1.02
312,34.8903,56.071,116,vehicle.mitsubishi.fusorosa,37.536,-34.421,135.033,-1.02
312,34.8903,56.082,116,vehicle.mitsubishi.fusorosa,41.747,-34.421,135.033,-1.02
312,34.8904,56.093,116,vehicle.mitsubishi.fusorosa,40.754,-34.420,135.033,-1.02
312,34.8904,56.105,116,vehicle.mitsubishi.fusorosa,37.106,-34.420,135.033,-1.02
312,34.8904,56.117,116,vehicle.mitsubishi.fusorosa,40.708,-34.420,135.033,-1.02
312,34.8905,56.130,116,vehicle.mitsubishi.fusorosa,44.607,-34.420,135.033,-1.02
313,35.0089,56.142,116,vehicle.mitsubishi.fusorosa,37.388,-34.419,135.033,-1.03
313,35.0090,56.155,116,vehicle.mitsubishi.fusorosa,48.819,-34.419,135.033,-1.03
313,35.0092,56.167,116,vehicle.mitsubishi.fusorosa,44.376,-34.419,135.033,-1.03
313,35.0093,56.178,116,vehicle.mitsubishi.fusorosa,36.436,-34.419,135.033,-1.03
313,35.0093,56.190,116,vehicle.mitsubishi.fusorosa,31.671,-34.419,135.033,-1.03
313,35.0093,56.201,116,vehicle.mitsubishi.fusorosa,37.953,-34.419,135.033,-1.03
313,35.0094,56.213,116,vehicle.mitsubishi.fusorosa,43.787,-34.418,135.033,-1.03
313,35.0094,56.226,116,vehicle.mitsubishi.fusorosa,44.169,-34.418,135.033,-1.03
313,35.0094,56.237,116,vehicle.mitsubishi.fusorosa,41.095,-34.418,135.033,-1.03
313,35.0095,56.250,116,vehicle.mitsubishi.fusorosa,45.604,-34.418,135.033,-1.02
314,35.1161,56.262,116,vehicle.mitsubishi.fusorosa,39.179,-34.418,135.033,-1.03
314,35.1162,56.274,116,vehicle.mitsubishi.fusorosa,39.996,-34.417,135.033,-1.02
314,35.1163,56.286,116,vehicle.mitsubishi.fusorosa,39.740,-34.417,135.033,-1.02
314,35.1163,56.297,116,vehicle.mitsubishi.fusorosa,41.857,-34.417,135.033,-1.02
314,35.1164,56.309,116,vehicle.mitsubishi.fusorosa,40.055,-34.417,135.033,-1.01
314,35.1164,56.321,116,vehicle.mitsubishi.fusorosa,42.216,-34.417,135.033,-1.01
314,35.1164,56.333,116,vehicle.mitsubishi.fusorosa,35.158,-34.417,135.033,-1.01
314,35.1165,56.344,116,vehicle.mitsubishi.fusorosa,36.746,-34.416,135.033,-1.01
314,35.1165,56.356,116,vehicle.mitsubishi.fusorosa,42.502,-34.416,135.033,-1.01
315,35.2233,56.368,116,vehicle.mitsubishi.fusorosa,47.870,-34.416,135.033,-1.00
315,35.2234,56.381,116,vehicle.mitsubishi.fusorosa,41.427,-34.416,135.033,-0.99
315,35.2235,56.392,116,vehicle.mitsubishi.fusorosa,41.205,-34.416,135.033,-0.99
315,35.2235,56.404,116,vehicle.mitsubishi.fusorosa,41.725,-34.416,135.033,-0.99
315,35.2235,56.416,116,vehicle.mitsubishi.fusorosa,42.362,-34.416,135.033,-0.99
315,35.2236,56.427,116,vehicle.mitsubishi.fusorosa,43.944,-34.416,135.033,-0.98
315,35.2236,56.439,116,vehicle.mitsubishi.fusorosa,40.431,-34.415,135.033,-0.98
315,35.2236,56.451,116,vehicle.mitsubishi.fusorosa,45.739,-34.415,135.034,-0.98
315,35.2237,56.463,116,vehicle.mitsubishi.fusorosa,43.085,-34.415,135.034,-0.97
316,35.3411,56.475,116,vehicle.mitsubishi.fusorosa,46.787,-34.415,135.034,-0.96
316,35.3413,56.487,116,vehicle.mitsubishi.fusorosa,40.455,-34.415,135.034,-0.95
316,35.3413,56.499,116,vehicle.mitsubishi.fusorosa,42.223,-34.415,135.034,-0.95
316,35.3414,56.510,116,vehicle.mitsubishi.fusorosa,42.856,-34.414,135.034,-0.95
316,35.3414,56.522,116,vehicle.mitsubishi.fusorosa,45.379,-34.414,135.034,-0.94
316,35.3414,56.534,116,vehicle.mitsubishi.fusorosa,38.304,-34.414,135.034,-0.94
316,35.3415,56.545,116,vehicle.mitsubishi.fusorosa,42.601,-34.414,135.034,-0.93
316,35.3415,56.557,116,vehicle.mitsubishi.fusorosa,38.128,-34.414,135.034,-0.92
316,35.3415,56.568,116,vehicle.mitsubishi.fusorosa,37.707,-34.414,135.035,-0.91
316,35.3416,56.581,116,vehicle.mitsubishi.fusorosa,50.464,-34.413,135.035,-0.90
317,35.4451,56.593,116,vehicle.mitsubishi.fusorosa,50.014,-34.413,135.035,-0.89
317,35.4453,56.605,116,vehicle.mitsubishi.fusorosa,45.815,-34.413,135.035,-0.89
317,35.4454,56.616,116,vehicle.mitsubishi.fusorosa,41.620,-34.413,135.035,-0.88
317,35.4454,56.629,116,vehicle.mitsubishi.fusorosa,45.416,-34.413,135.035,-0.87
317,35.4454,56.640,116,vehicle.mitsubishi.fusorosa,41.031,-34.412,135.035,-0.86
317,35.4455,56.651,116,vehicle.mitsubishi.fusorosa,43.094,-34.412,135.036,-0.85
317,35.4455,56.663,116,vehicle.mitsubishi.fusorosa,38.663,-34.412,135.036,-0.82
317,35.4455,56.674,116,vehicle.mitsubishi.fusorosa,45.736,-34.411,135.036,-0.81
317,35.4456,56.686,116,vehicle.mitsubishi.fusorosa,46.526,-34.411,135.037,-0.78
318,35.5374,56.698,116,vehicle.mitsubishi.fusorosa,41.404,-34.410,135.037,-0.75
318,35.5376,56.710,116,vehicle.mitsubishi.fusorosa,46.782,-34.410,135.038,-0.72
318,35.5376,56.721,116,vehicle.mitsubishi.fusorosa,46.398,-34.409,135.038,-0.68
318,35.5376,56.733,116,vehicle.mitsubishi.fusorosa,43.504,-34.407,135.039,-0.64
318,35.5377,56.745,116,vehicle.mitsubishi.fusorosa,41.463,-34.406,135.040,-0.60
318,35.5377,56.756,116,vehicle.mitsubishi.fusorosa,45.316,-34.405,135.041,-0.55
318,35.5377,56.768,116,vehicle.mitsubishi.fusorosa,43.952,-34.404,135.042,-0.49
319,35.6593,56.781,116,vehicle.mitsubishi.fusorosa,52.477,-34.402,135.044,-0.43
319,35.6597,56.794,116,vehicle.mitsubishi.fusorosa,52.035,-34.400,135.045,-0.35
319,35.6598,56.806,116,vehicle.mitsubishi.fusorosa,56.233,-34.398,135.047,-0.26
319,35.6598,56.818,116,vehicle.mitsubishi.fusorosa,50.803,-34.396,135.049,-0.18
319,35.6599,56.829,116,vehicle.mitsubishi.fusorosa,45.884,-34.393,135.052,-0.09
319,35.6599,56.842,116,vehicle.mitsubishi.fusorosa,50.321,-34.390,135.054,0.01
319,35.6599,56.853,116,vehicle.mitsubishi.fusorosa,41.163,-34.387,135.056,0.12
319,35.6600,56.864,116,vehicle.mitsubishi.fusorosa,43.399,-34.384,135.059,0.24
319,35.6600,56.876,116,vehicle.mitsubishi.fusorosa,55.271,-34.381,135.061,0.36
319,35.6600,56.887,116,vehicle.mitsubishi.fusorosa,47.908,-34.377,135.064,0.49
319,35.6600,56.900,116,vehicle.mitsubishi.fusorosa,42.686,-34.373,135.067,0.63
320,35.7654,56.912,116,vehicle.mitsubishi.fusorosa,59.559,-34.369,135.071,0.78
320,35.7656,56.924,116,vehicle.mitsubishi.fusorosa,81.965,-34.364,135.075,0.95
320,35.7656,56.936,116,vehicle.mitsubishi.fusorosa,40.930,-34.359,135.079,1.13
320,35.7656,56.948,116,vehicle.mitsubishi.fusorosa,53.533,-34.353,135.083,1.31
320,35.7657,56.960,116,vehicle.mitsubishi.fusorosa,50.921,-34.348,135.087,1.51
320,35.7657,56.971,116,vehicle.mitsubishi.fusorosa,56.071,-34.342,135.092,1.71
320,35.7657,56.983,116,vehicle.mitsubishi.fusorosa,42.808,-34.336,135.097,1.91
320,35.7658,56.995,116,vehicle.mitsubishi.fusorosa,56.802,-34.330,135.102,2.13
320,35.7658,57.007,116,vehicle.mitsubishi.fusorosa,55.636,-34.323,135.107,2.32
321,35.8709,57.019,116,vehicle.mitsubishi.fusorosa,45.297,-34.316,135.112,2.51
321,35.8711,57.030,116,vehicle.mitsubishi.fusorosa,104.391,-34.310,135.118,2.67
321,35.8711,57.042,116,vehicle.mitsubishi.fusorosa,55.872,-34.305,135.122,2.82
321,35.8711,57.053,116,vehicle.mitsubishi.fusorosa,33.182,-34.302,135.125,2.99
321,35.8712,57.065,116,vehicle.mitsubishi.fusorosa,33.080,-34.300,135.129,3.15
321,35.8712,57.076,116,vehicle.mitsubishi.fusorosa,34.638,-34.298,135.132,3.26
321,35.8712,57.088,116,vehicle.mitsubishi.fusorosa,42.540,-34.298,135.134,3.29
321,35.8713,57.100,116,vehicle.mitsubishi.fusorosa,39.839,-34.298,135.134,3.29
321,35.8713,57.112,116,vehicle.mitsubishi.fusorosa,42.697,-34.298,135.134,3.29
322,35.9921,57.125,116,vehicle.mitsubishi.fusorosa,42.319,-34.299,135.134,3.29
322,35.9923,57.137,116,vehicle.mitsubishi.fusorosa,39.977,-34.299,135.134,3.30
322,35.9924,57.149,116,vehicle.mitsubishi.fusorosa,39.051,-34.299,135.134,3.30
322,35.9925,57.161,116,vehicle.mitsubishi.fusorosa,41.860,-34.299,135.134,3.30
322,35.9925,57.173,116,vehicle.mitsubishi.fusorosa,39.649,-34.299,135.134,3.30
322,35.9926,57.184,116,vehicle.mitsubishi.fusorosa,39.494,-34.299,135.133,3.30
322,35.9926,57.197,116,vehicle.mitsubishi.fusorosa,41.535,-34.299,135.133,3.30
322,35.9926,57.208,116,vehicle.mitsubishi.fusorosa,40.616,-34.299,135.133,3.30
322,35.9927,57.220,116,vehicle.mitsubishi.fusorosa,41.862,-34.299,135.133,3.30
322,35.9927,57.232,116,vehicle.mitsubishi.fusorosa,41.630,-34.299,135.133,3.30
323,36.0988,57.245,116,vehicle.mitsubishi.fusorosa,41.989,-34.299,135.133,3.29
323,36.0990,57.256,116,vehicle.mitsubishi.fusorosa,41.689,-34.299,135.133,3.29
323,36.0990,57.267,116,vehicle.mitsubishi.fusorosa,38.452,-34.299,135.133,3.29
323,36.0991,57.279,116,vehicle.mitsubishi.fusorosa,40.575,-34.299,135.133,3.29
323,36.0991,57.291,116,vehicle.mitsubishi.fusorosa,42.460,-34.299,135.133,3.29
323,36.0991,57.303,116,vehicle.mitsubishi.fusorosa,41.202,-34.299,135.133,3.29
323,36.0992,57.314,116,vehicle.mitsubishi.fusorosa,39.920,-34.299,135.133,3.29
323,36.0992,57.327,116,vehicle.mitsubishi.fusorosa,43.630,-34.299,135.133,3.29
323,36.0992,57.339,116,vehicle.mitsubishi.fusorosa,45.140,-34.299,135.133,3.29
324,36.2092,57.351,116,vehicle.mitsubishi.fusorosa,42.274,-34.299,135.133,3.29
324,36.2093,57.363,116,vehicle.mitsubishi.fusorosa,42.586,-34.299,135.133,3.29
324,36.2094,57.375,116,vehicle.mitsubishi.fusorosa,42.215,-34.299,135.133,3.29
324,36.2094,57.386,116,vehicle.mitsubishi.fusorosa,40.999,-34.299,135.133,3.29
324,36.2094,57.397,116,vehicle.mitsubishi.fusorosa,40.634,-34.299,135.133,3.29
324,36.2095,57.410,116,vehicle.mitsubishi.fusorosa,44.230,-34.299,135.133,3.29
324,36.2095,57.422,116,vehicle.mitsubishi.fusorosa,42.170,-34.299,135.133,3.29
324,36.2095,57.433,116,vehicle.mitsubishi.fusorosa,41.131,-34.299,135.133,3.29
324,36.2096,57.445,116,vehicle.mitsubishi.fusorosa,43.039,-34.299,135.133,3.29
325,36.3121,57.458,116,vehicle.mitsubishi.fusorosa,45.375,-34.299,135.133,3.29
325,36.3123,57.471,116,vehicle.mitsubishi.fusorosa,47.177,-34.299,135.133,3.29
325,36.3123,57.483,116,vehicle.mitsubishi.fusorosa,43.589,-34.299,135.133,3.29
325,36.3123,57.494,116,vehicle.mitsubishi.fusorosa,41.504,-34.299,135.133,3.29
325,36.3124,57.506,116,vehicle.mitsubishi.fusorosa,40.313,-34.299,135.133,3.29
325,36.3124,57.517,116,vehicle.mitsubishi.fusorosa,41.184,-34.299,135.133,3.29
325,36.3124,57.529,116,vehicle.mitsubishi.fusorosa,41.540,-34.299,135.133,3.29
325,36.3125,57.540,116,vehicle.mitsubishi.fusorosa,40.183,-34.299,135.133,3.29
325,36.3125,57.552,116,vehicle.mitsubishi.fusorosa,42.159,-34.299,135.133,3.29
326,36.4197,57.565,116,vehicle.mitsubishi.fusorosa,46.633,-34.299,135.133,3.29
326,36.4199,57.578,116,vehicle.mitsubishi.fusorosa,49.045,-34.299,135.133,3.29
326,36.4199,57.589,116,vehicle.mitsubishi.fusorosa,42.435,-34.299,135.134,3.29
326,36.4199,57.601,116,vehicle.mitsubishi.fusorosa,40.361,-34.299,135.134,3.29
326,36.4200,57.612,116,vehicle.mitsubishi.fusorosa,41.223,-34.299,135.134,3.29
326,36.4200,57.625,116,vehicle.mitsubishi.fusorosa,45.149,-34.299,135.134,3.29
326,36.4200,57.636,116,vehicle.mitsubishi.fusorosa,40.875,-34.299,135.134,3.29
326,36.4201,57.648,116,vehicle.mitsubishi.fusorosa,41.396,-34.299,135.134,3.29
326,36.4201,57.660,116,vehicle.mitsubishi.fusorosa,42.540,-34.299,135.134,3.29
327,36.5386,57.672,116,vehicle.mitsubishi.fusorosa,42.342,-34.299,135.134,3.29
327,36.5388,57.684,116,vehicle.mitsubishi.fusorosa,46.997,-34.299,135.134,3.29
327,36.5388,57.696,116,vehicle.mitsubishi.fusorosa,43.353,-34.299,135.134,3.29
327,36.5388,57.708,116,vehicle.mitsubishi.fusorosa,44.412,-34.299,135.134,3.29
327,36.5389,57.720,116,vehicle.mitsubishi.fusorosa,41.531,-34.299,135.134,3.29
327,36.5389,57.732,116,vehicle.mitsubishi.fusorosa,44.169,-34.299,135.134,3.29
327,36.5389,57.743,116,vehicle.mitsubishi.fusorosa,40.580,-34.299,135.134,3.29
327,36.5390,57.755,116,vehicle.mitsubishi.fusorosa,40.596,-34.299,135.134,3.29
327,36.5390,57.766,116,vehicle.mitsubishi.fusorosa,40.719,-34.299,135.134,3.29
327,36.5391,57.778,116,vehicle.mitsubishi.fusorosa,42.318,-34.299,135.134,3.29
328,36.6418,57.790,116,vehicle.mitsubishi.fusorosa,43.868,-34.299,135.134,3.29
328,36.6419,57.802,116,vehicle.mitsubishi.fusorosa,45.717,-34.299,135.134,3.29
328,36.6419,57.813,116,vehicle.mitsubishi.fusorosa,40.027,-34.299,135.134,3.29
328,36.6420,57.826,116,vehicle.mitsubishi.fusorosa,43.646,-34.300,135.134,3.29
328,36.6420,57.837,116,vehicle.mitsubishi.fusorosa,42.026,-34.300,135.134,3.29
328,36.6420,57.849,116,vehicle.mitsubishi.fusorosa,41.770,-34.300,135.134,3.29
328,36.6421,57.860,116,vehicle.mitsubishi.fusorosa,40.378,-34.300,135.134,3.29
328,36.6421,57.872,116,vehicle.mitsubishi.fusorosa,42.183,-34.300,135.134,3.29
328,36.6421,57.883,116,vehicle.mitsubishi.fusorosa,41.683,-34.300,135.134,3.29
329,36.7578,57.895,116,vehicle.mitsubishi.fusorosa,42.904,-34.300,135.134,3.29
329,36.7580,57.908,116,vehicle.mitsubishi.fusorosa,45.911,-34.300,135.134,3.29
329,36.7580,57.919,116,vehicle.mitsubishi.fusorosa,41.333,-34.300,135.134,3.29
329,36.7580,57.930,116,vehicle.mitsubishi.fusorosa,40.439,-34.300,135.134,3.29
329,36.7581,57.942,116,vehicle.mitsubishi.fusorosa,41.017,-34.300,135.134,3.29
329,36.7581,57.954,116,vehicle.mitsubishi.fusorosa,42.408,-34.300,135.134,3.29
329,36.7581,57.965,116,vehicle.mitsubishi.fusorosa,40.582,-34.300,135.134,3.29
329,36.7582,57.976,116,vehicle.mitsubishi.fusorosa,40.316,-34.300,135.134,3.29
329,36.7582,57.987,116,vehicle.mitsubishi.fusorosa,39.987,-34.300,135.134,3.29
329,36.7582,58.000,116,vehicle.mitsubishi.fusorosa,43.338,-34.300,135.134,3.29
330,36.8616,58.011,116,vehicle.mitsubishi.fusorosa,42.238,-34.300,135.134,3.29
330,36.8617,58.023,116,vehicle.mitsubishi.fusorosa,43.805,-34.300,135.134,3.29
330,36.8618,58.034,116,vehicle.mitsubishi.fusorosa,40.205,-34.300,135.134,3.29
330,36.8618,58.046,116,vehicle.mitsubishi.fusorosa,43.248,-34.300,135.133,3.29
330,36.8618,58.058,116,vehicle.mitsubishi.fusorosa,41.137,-34.300,135.133,3.29
330,36.8619,58.069,116,vehicle.mitsubishi.fusorosa,40.117,-34.300,135.133,3.29
330,36.8619,58.080,116,vehicle.mitsubishi.fusorosa,41.768,-34.300,135.133,3.29
330,36.8619,58.092,116,vehicle.mitsubishi.fusorosa,41.547,-34.300,135.133,3.29
330,36.8620,58.103,116,vehicle.mitsubishi.fusorosa,40.923,-34.300,135.133,3.29
331,36.9798,58.115,116,vehicle.mitsubishi.fusorosa,41.688,-34.300,135.133,3.29
331,36.9799,58.127,116,vehicle.mitsubishi.fusorosa,45.668,-34.300,135.133,3.29
331,36.9800,58.139,116,vehicle.mitsubishi.fusorosa,41.493,-34.300,135.133,3.29
331,36.9800,58.150,116,vehicle.mitsubishi.fusorosa,40.623,-34.300,135.133,3.29
331,36.9800,58.162,116,vehicle.mitsubishi.fusorosa,41.496,-34.300,135.133,3.29
331,36.9801,58.173,116,vehicle.mitsubishi.fusorosa,41.637,-34.300,135.133,3.29
331,36.9801,58.185,116,vehicle.mitsubishi.fusorosa,42.981,-34.300,135.133,3.29
331,36.9801,58.196,116,vehicle.mitsubishi.fusorosa,40.643,-34.300,135.133,3.29
331,36.9802,58.208,116,vehicle.mitsubishi.fusorosa,40.785,-34.300,135.133,3.29
331,36.9802,58.220,116,vehicle.mitsubishi.fusorosa,42.962,-34.300,135.133,3.29
332,37.0874,58.232,116,vehicle.mitsubishi.fusorosa,42.300,-34.300,135.133,3.29
332,37.0876,58.244,116,vehicle.mitsubishi.fusorosa,47.120,-34.300,135.133,3.29
332,37.0876,58.255,116,vehicle.mitsubishi.fusorosa,39.728,-34.300,135.133,3.29
332,37.0877,58.267,116,vehicle.mitsubishi.fusorosa,40.428,-34.300,135.133,3.29
332,37.0877,58.278,116,vehicle.mitsubishi.fusorosa,41.631,-34.300,135.133,3.29
332,37.0878,58.290,116,vehicle.mitsubishi.fusorosa,42.497,-34.300,135.133,3.29
332,37.0878,58.302,116,vehicle.mitsubishi.fusorosa,41.315,-34.300,135.133,3.29
332,37.0878,58.313,116,vehicle.mitsubishi.fusorosa,42.437,-34.300,135.133,3.29
332,37.0879,58.327,116,vehicle.mitsubishi.fusorosa,47.462,-34.300,135.133,3.29
333,37.1948,58.339,116,vehicle.mitsubishi.fusorosa,45.713,-34.300,135.133,3.29
333,37.1949,58.352,116,vehicle.mitsubishi.fusorosa,46.003,-34.300,135.133,3.29
333,37.1950,58.364,116,vehicle.mitsubishi.fusorosa,42.481,-34.300,135.133,3.29
333,37.1950,58.375,116,vehicle.mitsubishi.fusorosa,41.516,-34.300,135.133,3.29
333,37.1951,58.387,116,vehicle.mitsubishi.fusorosa,41.441,-34.300,135.133,3.29
333,37.1952,58.398,116,vehicle.mitsubishi.fusorosa,41.236,-34.300,135.133,3.29
333,37.1952,58.411,116,vehicle.mitsubishi.fusorosa,44.455,-34.300,135.133,3.29
333,37.1953,58.423,116,vehicle.mitsubishi.fusorosa,45.010,-34.300,135.133,3.29
333,37.1953,58.435,116,vehicle.mitsubishi.fusorosa,43.777,-34.300,135.133,3.29
334,37.2985,58.447,116,vehicle.mitsubishi.fusorosa,43.172,-34.300,135.133,3.30
334,37.2987,58.459,116,vehicle.mitsubishi.fusorosa,42.600,-34.300,135.133,3.30
334,37.2988,58.470,116,vehicle.mitsubishi.fusorosa,40.530,-34.300,135.133,3.30
334,37.2988,58.481,116,vehicle.mitsubishi.fusorosa,40.505,-34.300,135.133,3.30
334,37.2988,58.493,116,vehicle.mitsubishi.fusorosa,41.058,-34.300,135.133,3.30
334,37.2989,58.504,116,vehicle.mitsubishi.fusorosa,40.553,-34.300,135.133,3.30
334,37.2989,58.515,116,vehicle.mitsubishi.fusorosa,40.462,-34.300,135.133,3.30
334,37.2989,58.527,116,vehicle.mitsubishi.fusorosa,40.863,-34.300,135.133,3.30
334,37.2990,58.539,116,vehicle.mitsubishi.fusorosa,44.033,-34.300,135.133,3.30
335,37.4153,58.551,116,vehicle.mitsubishi.fusorosa,44.703,-34.300,135.133,3.30
335,37.4154,58.563,116,vehicle.mitsubishi.fusorosa,49.432,-34.301,135.133,3.29
335,37.4155,58.576,116,vehicle.mitsubishi.fusorosa,57.391,-34.301,135.133,3.29
335,37.4155,58.588,116,vehicle.mitsubishi.fusorosa,50.445,-34.302,135.133,3.29
335,37.4155,58.599,116,vehicle.mitsubishi.fusorosa,50.895,-34.302,135.132,3.29
335,37.4156,58.611,116,vehicle.mitsubishi.fusorosa,47.721,-34.303,135.132,3.28
335,37.4156,58.622,116,vehicle.mitsubishi.fusorosa,48.089,-34.304,135.132,3.27
335,37.4156,58.633,116,vehicle.mitsubishi.fusorosa,48.667,-34.304,135.131,3.26
335,37.4157,58.645,116,vehicle.mitsubishi.fusorosa,49.810,-34.305,135.131,3.26
335,37.4157,58.657,116,vehicle.mitsubishi.fusorosa,50.808,-34.306,135.131,3.25
336,37.5213,58.669,116,vehicle.mitsubishi.fusorosa,51.569,-34.307,135.130,3.23
336,37.5215,58.681,116,vehicle.mitsubishi.fusorosa,54.501,-34.308,135.130,3.22
336,37.5215,58.692,116,vehicle.mitsubishi.fusorosa,49.994,-34.309,135.129,3.21
336,37.5216,58.704,116,vehicle.mitsubishi.fusorosa,50.612,-34.309,135.129,3.20
336,37.5216,58.716,116,vehicle.mitsubishi.fusorosa,49.676,-34.310,135.128,3.19
336,37.5217,58.727,116,vehicle.mitsubishi.fusorosa,50.649,-34.311,135.128,3.18
336,37.5217,58.739,116,vehicle.mitsubishi.fusorosa,49.935,-34.312,135.128,3.17
336,37.5217,58.750,116,vehicle.mitsubishi.fusorosa,48.541,-34.312,135.127,3.15
336,37.5218,58.763,116,vehicle.mitsubishi.fusorosa,53.826,-34.313,135.127,3.14
337,37.6283,58.774,116,vehicle.mitsubishi.fusorosa,50.889,-34.314,135.126,3.13
337,37.6284,58.786,116,vehicle.mitsubishi.fusorosa,59.200,-34.315,135.126,3.12
337,37.6284,58.798,116,vehicle.mitsubishi.fusorosa,49.155,-34.315,135.126,3.11
337,37.6285,58.809,116,vehicle.mitsubishi.fusorosa,49.141,-34.316,135.125,3.10
337,37.6285,58.820,116,vehicle.mitsubishi.fusorosa,48.231,-34.316,135.125,3.09
337,37.6286,58.832,116,vehicle.mitsubishi.fusorosa,50.947,-34.317,135.125,3.08
337,37.6286,58.843,116,vehicle.mitsubishi.fusorosa,48.940,-34.317,135.124,3.07
337,37.6286,58.855,116,vehicle.mitsubishi.fusorosa,49.630,-34.318,135.124,3.06
337,37.6287,58.869,116,vehicle.mitsubishi.fusorosa,58.880,-34.318,135.124,3.05
338,37.7442,58.880,116,vehicle.mitsubishi.fusorosa,51.159,-34.319,135.123,3.04
338,37.7443,58.892,116,vehicle.mitsubishi.fusorosa,58.759,-34.319,135.123,3.04
338,37.7444,58.904,116,vehicle.mitsubishi.fusorosa,50.355,-34.319,135.123,3.03
338,37.7444,58.915,116,vehicle.mitsubishi.fusorosa,49.099,-34.320,135.123,3.02
338,37.7444,58.926,116,vehicle.mitsubishi.fusorosa,48.656,-34.320,135.122,3.02
338,37.7445,58.938,116,vehicle.mitsubishi.fusorosa,48.185,-34.320,135.122,3.01
338,37.7445,58.949,116,vehicle.mitsubishi.fusorosa,50.179,-34.321,135.122,3.01
338,37.7445,58.961,116,vehicle.mitsubishi.fusorosa,51.672,-34.321,135.122,3.01
338,37.7446,58.973,116,vehicle.mitsubishi.fusorosa,50.493,-34.321,135.122,3.00
338,37.7446,58.984,116,vehicle.mitsubishi.fusorosa,50.166,-34.321,135.122,3.00
339,37.8464,58.997,116,vehicle.mitsubishi.fusorosa,54.258,-34.322,135.121,3.00
339,37.8465,59.009,116,vehicle.mitsubishi.fusorosa,58.460,-34.322,135.121,3.00
339,37.8466,59.020,116,vehicle.mitsubishi.fusorosa,48.301,-34.322,135.121,3.00
339,37.8466,59.032,116,vehicle.mitsubishi.fusorosa,50.757,-34.322,135.121,3.00
339,37.8466,59.043,116,vehicle.mitsubishi.fusorosa,49.509,-34.322,135.121,3.00
339,37.8467,59.054,116,vehicle.mitsubishi.fusorosa,49.077,-34.322,135.121,3.00
339,37.8467,59.066,116,vehicle.mitsubishi.fusorosa,43.623,-34.322,135.121,3.00
339,37.8468,59.077,116,vehicle.mitsubishi.fusorosa,44.936,-34.322,135.121,3.01
340,37.9510,59.089,116,vehicle.mitsubishi.fusorosa,45.971,-34.322,135.121,3.01
340,37.9512,59.101,116,vehicle.mitsubishi.fusorosa,46.188,-34.322,135.121,3.01
340,37.9512,59.113,116,vehicle.mitsubishi.fusorosa,52.234,-34.322,135.121,3.01
340,37.9513,59.123,116,vehicle.mitsubishi.fusorosa,41.557,-34.323,135.121,3.02
340,37.9513,59.135,116,vehicle.mitsubishi.fusorosa,48.602,-34.323,135.121,3.02
340,37.9513,59.147,116,vehicle.mitsubishi.fusorosa,46.153,-34.322,135.121,3.03
340,37.9514,59.159,116,vehicle.mitsubishi.fusorosa,46.366,-34.322,135.121,3.04
340,37.9514,59.171,116,vehicle.mitsubishi.fusorosa,40.080,-34.322,135.121,3.05
340,37.9514,59.182,116,vehicle.mitsubishi.fusorosa,44.797,-34.322,135.121,3.06
341,38.0675,59.195,116,vehicle.mitsubishi.fusorosa,49.144,-34.322,135.121,3.06
341,38.0676,59.206,116,vehicle.mitsubishi.fusorosa,49.247,-34.322,135.121,3.07
341,38.0677,59.218,116,vehicle.mitsubishi.fusorosa,49.856,-34.322,135.121,3.09
341,38.0677,59.230,116,vehicle.mitsubishi.fusorosa,45.892,-34.322,135.122,3.10
341,38.0677,59.241,116,vehicle.mitsubishi.fusorosa,47.563,-34.321,135.122,3.10
341,38.0678,59.253,116,vehicle.mitsubishi.fusorosa,39.909,-34.321,135.122,3.11
341,38.0678,59.265,116,vehicle.mitsubishi.fusorosa,45.718,-34.321,135.122,3.12
341,38.0678,59.276,116,vehicle.mitsubishi.fusorosa,50.154,-34.321,135.122,3.13
341,38.0679,59.287,116,vehicle.mitsubishi.fusorosa,50.391,-34.321,135.122,3.14
341,38.0679,59.298,116,vehicle.mitsubishi.fusorosa,43.406,-34.320,135.122,3.14
342,38.1745,59.311,116,vehicle.mitsubishi.fusorosa,52.356,-34.320,135.122,3.15
342,38.1746,59.323,116,vehicle.mitsubishi.fusorosa,37.867,-34.320,135.122,3.16
342,38.1747,59.335,116,vehicle.mitsubishi.fusorosa,43.223,-34.320,135.122,3.17
342,38.1747,59.346,116,vehicle.mitsubishi.fusorosa,42.767,-34.319,135.123,3.18
342,38.1747,59.358,116,vehicle.mitsubishi.fusorosa,38.480,-34.319,135.123,3.19
342,38.1748,59.369,116,vehicle.mitsubishi.fusorosa,45.119,-34.319,135.123,3.20
342,38.1748,59.381,116,vehicle.mitsubishi.fusorosa,42.325,-34.318,135.123,3.21
342,38.1750,59.393,116,vehicle.mitsubishi.fusorosa,44.753,-34.318,135.123,3.22
342,38.1750,59.405,116,vehicle.mitsubishi.fusorosa,51.860,-34.318,135.123,3.22
343,38.2932,59.417,116,vehicle.mitsubishi.fusorosa,42.633,-34.317,135.123,3.24
343,38.2933,59.429,116,vehicle.mitsubishi.fusorosa,40.297,-34.317,135.123,3.24
343,38.2933,59.441,116,vehicle.mitsubishi.fusorosa,38.919,-34.317,135.123,3.24
343,38.2934,59.452,116,vehicle.mitsubishi.fusorosa,41.062,-34.317,135.123,3.24
343,38.2934,59.464,116,vehicle.mitsubishi.fusorosa,41.266,-34.317,135.123,3.24
343,38.2934,59.475,116,vehicle.mitsubishi.fusorosa,39.577,-34.317,135.123,3.24
343,38.2935,59.486,116,vehicle.mitsubishi.fusorosa,42.145,-34.317,135.123,3.24
343,38.2935,59.498,116,vehicle.mitsubishi.fusorosa,42.711,-34.317,135.123,3.24
343,38.2935,59.510,116,vehicle.mitsubishi.fusorosa,41.212,-34.317,135.123,3.24
343,38.2936,59.521,116,vehicle.mitsubishi.fusorosa,41.361,-34.317,135.123,3.24
343,38.2936,59.533,116,vehicle.mitsubishi.fusorosa,42.819,-34.317,135.123,3.24
344,38.4007,59.545,116,vehicle.mitsubishi.fusorosa,43.316,-34.318,135.123,3.24
344,38.4009,59.557,116,vehicle.mitsubishi.fusorosa,41.888,-34.318,135.123,3.24
344,38.4009,59.569,116,vehicle.mitsubishi.fusorosa,41.037,-34.318,135.123,3.24
344,38.4010,59.580,116,vehicle.mitsubishi.fusorosa,41.162,-34.318,135.123,3.24
344,38.4010,59.591,116,vehicle.mitsubishi.fusorosa,41.209,-34.318,135.123,3.24
344,38.4010,59.602,116,vehicle.mitsubishi.fusorosa,39.187,-34.318,135.123,3.24
344,38.4011,59.613,116,vehicle.mitsubishi.fusorosa,39.540,-34.318,135.123,3.24
344,38.4011,59.629,116,vehicle.mitsubishi.fusorosa,54.586,-34.318,135.123,3.24
344,38.4012,59.642,116,vehicle.mitsubishi.fusorosa,47.497,-34.318,135.122,3.24
345,38.5177,59.653,116,vehicle.mitsubishi.fusorosa,42.211,-34.318,135.122,3.24
345,38.5178,59.665,116,vehicle.mitsubishi.fusorosa,43.553,-34.318,135.122,3.24
345,38.5178,59.677,116,vehicle.mitsubishi.fusorosa,40.735,-34.318,135.122,3.24
345,38.5179,59.688,116,vehicle.mitsubishi.fusorosa,39.991,-34.318,135.122,3.24
345,38.5179,59.699,116,vehicle.mitsubishi.fusorosa,39.962,-34.318,135.122,3.24
345,38.5179,59.710,116,vehicle.mitsubishi.fusorosa,40.876,-34.318,135.122,3.24
345,38.5180,59.722,116,vehicle.mitsubishi.fusorosa,41.273,-34.318,135.122,3.24
345,38.5180,59.733,116,vehicle.mitsubishi.fusorosa,42.705,-34.318,135.122,3.24
345,38.5180,59.746,116,vehicle.mitsubishi.fusorosa,43.659,-34.318,135.122,3.24
345,38.5181,59.760,116,vehicle.mitsubishi.fusorosa,49.757,-34.318,135.122,3.24
346,38.6269,59.772,116,vehicle.mitsubishi.fusorosa,45.706,-34.318,135.122,3.24
346,38.6271,59.784,116,vehicle.mitsubishi.fusorosa,43.639,-34.318,135.122,3.24
346,38.6272,59.796,116,vehicle.mitsubishi.fusorosa,43.346,-34.318,135.122,3.24
346,38.6272,59.807,116,vehicle.mitsubishi.fusorosa,41.617,-34.318,135.122,3.24
346,38.6272,59.819,116,vehicle.mitsubishi.fusorosa,40.685,-34.318,135.122,3.24
346,38.6273,59.830,116,vehicle.mitsubishi.fusorosa,41.365,-34.318,135.122,3.24
346,38.6273,59.842,116,vehicle.mitsubishi.fusorosa,42.967,-34.318,135.122,3.24
346,38.6273,59.853,116,vehicle.mitsubishi.fusorosa,41.457,-34.318,135.122,3.24
346,38.6274,59.866,116,vehicle.mitsubishi.fusorosa,46.136,-34.318,135.122,3.24
347,38.7336,59.880,116,vehicle.mitsubishi.fusorosa,50.322,-34.318,135.122,3.24
347,38.7337,59.893,116,vehicle.mitsubishi.fusorosa,45.351,-34.318,135.122,3.24
347,38.7337,59.905,116,vehicle.mitsubishi.fusorosa,44.471,-34.318,135.122,3.24
347,38.7338,59.917,116,vehicle.mitsubishi.fusorosa,43.167,-34.318,135.122,3.24
347,38.7338,59.928,116,vehicle.mitsubishi.fusorosa,42.626,-34.318,135.122,3.24
347,38.7338,59.940,116,vehicle.mitsubishi.fusorosa,41.797,-34.318,135.122,3.25
347,38.7339,59.952,116,vehicle.mitsubishi.fusorosa,41.777,-34.318,135.122,3.25
347,38.7339,59.963,116,vehicle.mitsubishi.fusorosa,41.917,-34.318,135.122,3.25
347,38.7340,59.976,116,vehicle.mitsubishi.fusorosa,45.660,-34.318,135.122,3.25
348,38.8373,59.988,116,vehicle.mitsubishi.fusorosa,43.855,-34.318,135.121,3.25
348,38.8374,60.000,116,vehicle.mitsubishi.fusorosa,45.246,-34.318,135.121,3.25
348,38.8375,60.011,116,vehicle.mitsubishi.fusorosa,41.420,-34.318,135.121,3.25
348,38.8375,60.023,116,vehicle.mitsubishi.fusorosa,40.509,-34.318,135.121,3.25
348,38.8376,60.034,116,vehicle.mitsubishi.fusorosa,41.209,-34.318,135.121,3.25
348,38.8376,60.046,116,vehicle.mitsubishi.fusorosa,42.591,-34.318,135.121,3.25
348,38.8376,60.057,116,vehicle.mitsubishi.fusorosa,40.893,-34.318,135.121,3.25
348,38.8377,60.068,116,vehicle.mitsubishi.fusorosa,40.805,-34.318,135.121,3.25
349,38.9515,60.081,116,vehicle.mitsubishi.fusorosa,44.364,-34.318,135.121,3.25
349,38.9516,60.092,116,vehicle.mitsubishi.fusorosa,41.741,-34.318,135.121,3.25
349,38.9516,60.104,116,vehicle.mitsubishi.fusorosa,44.427,-34.318,135.121,3.25
349,38.9517,60.115,116,vehicle.mitsubishi.fusorosa,40.772,-34.318,135.121,3.25
349,38.9517,60.127,116,vehicle.mitsubishi.fusorosa,41.807,-34.318,135.121,3.25
349,38.9517,60.137,116,vehicle.mitsubishi.fusorosa,39.058,-34.318,135.121,3.25
349,38.9518,60.149,116,vehicle.mitsubishi.fusorosa,41.022,-34.318,135.121,3.25
349,38.9518,60.160,116,vehicle.mitsubishi.fusorosa,40.394,-34.318,135.121,3.25
349,38.9518,60.171,116,vehicle.mitsubishi.fusorosa,40.723,-34.318,135.121,3.25
349,38.9519,60.183,116,vehicle.mitsubishi.fusorosa,41.199,-34.318,135.121,3.25
350,39.0582,60.195,116,vehicle.mitsubishi.fusorosa,44.282,-34.318,135.121,3.25
350,39.0584,60.207,116,vehicle.mitsubishi.fusorosa,43.767,-34.318,135.121,3.25
350,39.0584,60.218,116,vehicle.mitsubishi.fusorosa,41.736,-34.318,135.121,3.25
350,39.0585,60.230,116,vehicle.mitsubishi.fusorosa,41.876,-34.318,135.121,3.25
350,39.0585,60.242,116,vehicle.mitsubishi.fusorosa,43.004,-34.318,135.121,3.25
350,39.0585,60.253,116,vehicle.mitsubishi.fusorosa,41.508,-34.318,135.121,3.25
350,39.0586,60.265,116,vehicle.mitsubishi.fusorosa,42.435,-34.318,135.121,3.25
350,39.0586,60.276,116,vehicle.mitsubishi.fusorosa,42.481,-34.318,135.121,3.25
350,39.0586,60.288,116,vehicle.mitsubishi.fusorosa,41.758,-34.318,135.121,3.25
351,39.1771,60.300,116,vehicle.mitsubishi.fusorosa,45.018,-34.318,135.121,3.25
351,39.1776,60.313,116,vehicle.mitsubishi.fusorosa,44.969,-34.318,135.121,3.25
351,39.1777,60.325,116,vehicle.mitsubishi.fusorosa,44.413,-34.318,135.121,3.25
351,39.1778,60.336,116,vehicle.mitsubishi.fusorosa,42.190,-34.318,135.121,3.25
351,39.1778,60.348,116,vehicle.mitsubishi.fusorosa,42.336,-34.318,135.121,3.25
351,39.1778,60.359,116,vehicle.mitsubishi.fusorosa,41.077,-34.318,135.121,3.25
351,39.1779,60.371,116,vehicle.mitsubishi.fusorosa,43.394,-34.318,135.121,3.25
351,39.1779,60.383,116,vehicle.mitsubishi.fusorosa,42.078,-34.318,135.121,3.25
351,39.1779,60.394,116,vehicle.mitsubishi.fusorosa,40.930,-34.318,135.121,3.25
351,39.1779,60.406,116,vehicle.mitsubishi.fusorosa,42.345,-34.318,135.121,3.25
351,39.1780,60.418,116,vehicle.mitsubishi.fusorosa,43.006,-34.318,135.121,3.25
352,39.2825,60.430,116,vehicle.mitsubishi.fusorosa,43.878,-34.318,135.121,3.25
352,39.2826,60.442,116,vehicle.mitsubishi.fusorosa,44.114,-34.318,135.121,3.25
352,39.2827,60.453,116,vehicle.mitsubishi.fusorosa,42.063,-34.318,135.121,3.25
352,39.2827,60.465,116,vehicle.mitsubishi.fusorosa,43.029,-34.318,135.121,3.25
352,39.2828,60.477,116,vehicle.mitsubishi.fusorosa,41.736,-34.318,135.121,3.25
352,39.2828,60.488,116,vehicle.mitsubishi.fusorosa,41.280,-34.318,135.121,3.25
352,39.2828,60.499,116,vehicle.mitsubishi.fusorosa,40.935,-34.318,135.121,3.25
352,39.2829,60.511,116,vehicle.mitsubishi.fusorosa,41.691,-34.318,135.121,3.25
352,39.2829,60.524,116,vehicle.mitsubishi.fusorosa,45.653,-34.318,135.121,3.25
353,39.3876,60.535,116,vehicle.mitsubishi.fusorosa,42.765,-34.318,135.121,3.25
353,39.3878,60.547,116,vehicle.mitsubishi.fusorosa,44.350,-34.318,135.121,3.25
353,39.3879,60.558,116,vehicle.mitsubishi.fusorosa,40.800,-34.318,135.121,3.25
353,39.3879,60.570,116,vehicle.mitsubishi.fusorosa,40.689,-34.318,135.121,3.25
353,39.3879,60.582,116,vehicle.mitsubishi.fusorosa,42.792,-34.318,135.121,3.25
353,39.3880,60.593,116,vehicle.mitsubishi.fusorosa,42.036,-34.318,135.121,3.25
353,39.3880,60.604,116,vehicle.mitsubishi.fusorosa,40.420,-34.318,135.121,3.25
353,39.3881,60.616,116,vehicle.mitsubishi.fusorosa,41.733,-34.318,135.121,3.25
353,39.3881,60.629,116,vehicle.mitsubishi.fusorosa,46.871,-34.319,135.121,3.25
354,39.5045,60.640,116,vehicle.mitsubishi.fusorosa,42.546,-34.319,135.121,3.25
354,39.5046,60.652,116,vehicle.mitsubishi.fusorosa,44.800,-34.319,135.121,3.25
354,39.5047,60.664,116,vehicle.mitsubishi.fusorosa,41.141,-34.319,135.121,3.25
354,39.5047,60.675,116,vehicle.mitsubishi.fusorosa,40.595,-34.319,135.121,3.25
354,39.5048,60.686,116,vehicle.mitsubishi.fusorosa,40.184,-34.319,135.121,3.25
354,39.5048,60.697,116,vehicle.mitsubishi.fusorosa,41.267,-34.319,135.121,3.25
354,39.5048,60.710,116,vehicle.mitsubishi.fusorosa,45.022,-34.319,135.121,3.25
354,39.5049,60.722,116,vehicle.mitsubishi.fusorosa,42.804,-34.319,135.121,3.25
354,39.5049,60.734,116,vehicle.mitsubishi.fusorosa,42.993,-34.319,135.121,3.25
354,39.5049,60.745,116,vehicle.mitsubishi.fusorosa,42.837,-34.319,135.121,3.25
355,39.6106,60.758,116,vehicle.mitsubishi.fusorosa,45.492,-34.319,135.121,3.25
355,39.6107,60.769,116,vehicle.mitsubishi.fusorosa,43.024,-34.319,135.121,3.25
355,39.6107,60.781,116,vehicle.mitsubishi.fusorosa,41.928,-34.319,135.121,3.25
355,39.6108,60.793,116,vehicle.mitsubishi.fusorosa,44.562,-34.319,135.121,3.25
355,39.6108,60.805,116,vehicle.mitsubishi.fusorosa,43.372,-34.319,135.121,3.25
355,39.6109,60.817,116,vehicle.mitsubishi.fusorosa,42.081,-34.319,135.121,3.25
355,39.6110,60.829,116,vehicle.mitsubishi.fusorosa,42.279,-34.319,135.121,3.25
355,39.6110,60.840,116,vehicle.mitsubishi.fusorosa,41.765,-34.319,135.121,3.25
355,39.6110,60.852,116,vehicle.mitsubishi.fusorosa,43.900,-34.319,135.121,3.25
356,39.7269,60.864,116,vehicle.mitsubishi.fusorosa,43.217,-34.319,135.121,3.25
356,39.7271,60.876,116,vehicle.mitsubishi.fusorosa,43.845,-34.319,135.121,3.25
356,39.7271,60.888,116,vehicle.mitsubishi.fusorosa,41.905,-34.319,135.121,3.25
356,39.7271,60.899,116,vehicle.mitsubishi.fusorosa,42.223,-34.319,135.121,3.25
356,39.7272,60.910,116,vehicle.mitsubishi.fusorosa,39.938,-34.319,135.121,3.25
356,39.7272,60.921,116,vehicle.mitsubishi.fusorosa,40.572,-34.319,135.121,3.25
356,39.7272,60.932,116,vehicle.mitsubishi.fusorosa,39.958,-34.319,135.121,3.25
356,39.7273,60.944,116,vehicle.mitsubishi.fusorosa,43.276,-34.319,135.121,3.25
356,39.7273,60.956,116,vehicle.mitsubishi.fusorosa,42.757,-34.319,135.121,3.25
356,39.7273,60.969,116,vehicle.mitsubishi.fusorosa,46.246,-34.319,135.121,3.25
357,39.8310,60.981,116,vehicle.mitsubishi.fusorosa,48.851,-34.319,135.121,3.25
357,39.8311,60.993,116,vehicle.mitsubishi.fusorosa,48.903,-34.319,135.121,3.25
357,39.8312,61.004,116,vehicle.mitsubishi.fusorosa,49.501,-34.319,135.120,3.25
357,39.8312,61.015,116,vehicle.mitsubishi.fusorosa,48.596,-34.319,135.120,3.25
357,39.8312,61.028,116,vehicle.mitsubishi.fusorosa,52.289,-34.320,135.120,3.25
357,39.8313,61.039,116,vehicle.mitsubishi.fusorosa,49.088,-34.320,135.120,3.25
357,39.8313,61.050,116,vehicle.mitsubishi.fusorosa,49.856,-34.320,135.120,3.26
357,39.8313,61.062,116,vehicle.mitsubishi.fusorosa,49.979,-34.320,135.120,3.26
358,39.9379,61.074,116,vehicle.mitsubishi.fusorosa,54.257,-34.321,135.120,3.26
358,39.9380,61.086,116,vehicle.mitsubishi.fusorosa,51.870,-34.321,135.120,3.26
358,39.9381,61.098,116,vehicle.mitsubishi.fusorosa,50.513,-34.321,135.120,3.26
358,39.9381,61.109,116,vehicle.mitsubishi.fusorosa,51.087,-34.321,135.120,3.26
358,39.9381,61.121,116,vehicle.mitsubishi.fusorosa,50.471,-34.321,135.119,3.26
358,39.9382,61.132,116,vehicle.mitsubishi.fusorosa,48.764,-34.322,135.119,3.26
358,39.9382,61.144,116,vehicle.mitsubishi.fusorosa,51.685,-34.322,135.119,3.26
358,39.9382,61.155,116,vehicle.mitsubishi.fusorosa,50.302,-34.322,135.119,3.26
358,39.9383,61.167,116,vehicle.mitsubishi.fusorosa,51.626,-34.322,135.119,3.25
358,39.9383,61.179,116,vehicle.mitsubishi.fusorosa,53.254,-34.322,135.119,3.25
359,40.0534,61.191,116,vehicle.mitsubishi.fusorosa,54.162,-34.322,135.119,3.25
359,40.0535,61.203,116,vehicle.mitsubishi.fusorosa,52.284,-34.322,135.118,3.24
359,40.0536,61.214,116,vehicle.mitsubishi.fusorosa,50.976,-34.322,135.118,3.24
359,40.0536,61.226,116,vehicle.mitsubishi.fusorosa,47.078,-34.322,135.118,3.22
359,40.0536,61.239,116,vehicle.mitsubishi.fusorosa,48.386,-34.322,135.118,3.22
359,40.0537,61.250,116,vehicle.mitsubishi.fusorosa,42.203,-34.322,135.117,3.20
359,40.0537,61.262,116,vehicle.mitsubishi.fusorosa,43.668,-34.322,135.117,3.19
359,40.0537,61.273,116,vehicle.mitsubishi.fusorosa,46.581,-34.322,135.117,3.18
359,40.0538,61.284,116,vehicle.mitsubishi.fusorosa,41.368,-34.321,135.116,3.15
360,40.1661,61.297,116,vehicle.mitsubishi.fusorosa,42.334,-34.321,135.116,3.13
360,40.1663,61.310,116,vehicle.mitsubishi.fusorosa,47.103,-34.320,135.115,3.11
360,40.1663,61.325,116,vehicle.mitsubishi.fusorosa,62.371,-34.320,135.115,3.09
360,40.1663,61.336,116,vehicle.mitsubishi.fusorosa,47.887,-34.319,135.114,3.06
360,40.1664,61.348,116,vehicle.mitsubishi.fusorosa,43.684,-34.319,135.113,3.03
360,40.1664,61.360,116,vehicle.mitsubishi.fusorosa,50.689,-34.318,135.113,3.01
360,40.1664,61.371,116,vehicle.mitsubishi.fusorosa,43.311,-34.318,135.112,2.98
360,40.1665,61.382,116,vehicle.mitsubishi.fusorosa,45.795,-34.317,135.112,2.96
360,40.1665,61.394,116,vehicle.mitsubishi.fusorosa,45.090,-34.317,135.111,2.93
360,40.1665,61.406,116,vehicle.mitsubishi.fusorosa,43.700,-34.316,135.111,2.90
361,40.2729,61.419,116,vehicle.mitsubishi.fusorosa,40.735,-34.316,135.110,2.87
361,40.2731,61.432,116,vehicle.mitsubishi.fusorosa,43.740,-34.316,135.110,2.86
361,40.2732,61.444,116,vehicle.mitsubishi.fusorosa,42.558,-34.316,135.110,2.86
361,40.2732,61.455,116,vehicle.mitsubishi.fusorosa,41.368,-34.316,135.110,2.86
361,40.2733,61.466,116,vehicle.mitsubishi.fusorosa,39.486,-34.316,135.110,2.86
361,40.2733,61.478,116,vehicle.mitsubishi.fusorosa,40.473,-34.316,135.110,2.86
361,40.2733,61.489,116,vehicle.mitsubishi.fusorosa,39.649,-34.316,135.110,2.86
361,40.2734,61.500,116,vehicle.mitsubishi.fusorosa,42.071,-34.316,135.110,2.86
361,40.2734,61.513,116,vehicle.mitsubishi.fusorosa,44.835,-34.316,135.110,2.86
362,40.3769,61.525,116,vehicle.mitsubishi.fusorosa,43.686,-34.316,135.110,2.86
362,40.3771,61.536,116,vehicle.mitsubishi.fusorosa,41.831,-34.316,135.110,2.86
362,40.3771,61.548,116,vehicle.mitsubishi.fusorosa,42.759,-34.316,135.110,2.86
362,40.3771,61.560,116,vehicle.mitsubishi.fusorosa,41.279,-34.316,135.110,2.86
362,40.3772,61.571,116,vehicle.mitsubishi.fusorosa,41.408,-34.316,135.110,2.86
362,40.3772,61.583,116,vehicle.mitsubishi.fusorosa,41.430,-34.316,135.110,2.86
362,40.3772,61.594,116,vehicle.mitsubishi.fusorosa,41.064,-34.316,135.110,2.86
362,40.3773,61.606,116,vehicle.mitsubishi.fusorosa,44.313,-34.316,135.110,2.86
362,40.3773,61.619,116,vehicle.mitsubishi.fusorosa,45.107,-34.316,135.110,2.86
363,40.4978,61.632,116,vehicle.mitsubishi.fusorosa,46.207,-34.316,135.110,2.86
363,40.4980,61.644,116,vehicle.mitsubishi.fusorosa,43.653,-34.316,135.110,2.86
363,40.4981,61.655,116,vehicle.mitsubishi.fusorosa,42.661,-34.316,135.110,2.86
363,40.4982,61.667,116,vehicle.mitsubishi.fusorosa,43.317,-34.316,135.110,2.86
363,40.4982,61.679,116,vehicle.mitsubishi.fusorosa,41.727,-34.316,135.110,2.86
363,40.4983,61.691,116,vehicle.mitsubishi.fusorosa,42.026,-34.316,135.110,2.86
363,40.4983,61.702,116,vehicle.mitsubishi.fusorosa,43.099,-34.316,135.110,2.86
363,40.4983,61.714,116,vehicle.mitsubishi.fusorosa,41.472,-34.316,135.110,2.86
363,40.4983,61.725,116,vehicle.mitsubishi.fusorosa,41.582,-34.316,135.110,2.86
363,40.4984,61.737,116,vehicle.mitsubishi.fusorosa,41.966,-34.316,135.110,2.86
364,40.6002,61.748,116,vehicle.mitsubishi.fusorosa,41.802,-34.316,135.110,2.86
364,40.6004,61.760,116,vehicle.mitsubishi.fusorosa,43.193,-34.316,135.110,2.86
364,40.6004,61.772,116,vehicle.mitsubishi.fusorosa,43.338,-34.316,135.110,2.86
364,40.6005,61.784,116,vehicle.mitsubishi.fusorosa,41.405,-34.316,135.110,2.86
364,40.6005,61.795,116,vehicle.mitsubishi.fusorosa,41.580,-34.316,135.110,2.86
364,40.6005,61.806,116,vehicle.mitsubishi.fusorosa,40.997,-34.316,135.110,2.86
364,40.6006,61.818,116,vehicle.mitsubishi.fusorosa,41.258,-34.316,135.110,2.86
364,40.6006,61.830,116,vehicle.mitsubishi.fusorosa,42.167,-34.316,135.110,2.86
364,40.6006,61.842,116,vehicle.mitsubishi.fusorosa,43.508,-34.316,135.110,2.86
365,40.7127,61.854,116,vehicle.mitsubishi.fusorosa,44.724,-34.316,135.110,2.86
365,40.7129,61.866,116,vehicle.mitsubishi.fusorosa,44.350,-34.316,135.110,2.86
365,40.7129,61.880,116,vehicle.mitsubishi.fusorosa,49.606,-34.316,135.110,2.86
365,40.7130,61.891,116,vehicle.mitsubishi.fusorosa,42.969,-34.316,135.110,2.86
365,40.7130,61.903,116,vehicle.mitsubishi.fusorosa,42.614,-34.316,135.110,2.86
365,40.7130,61.915,116,vehicle.mitsubishi.fusorosa,41.350,-34.316,135.110,2.86
365,40.7131,61.926,116,vehicle.mitsubishi.fusorosa,43.044,-34.317,135.110,2.86
365,40.7131,61.938,116,vehicle.mitsubishi.fusorosa,41.090,-34.317,135.110,2.86
365,40.7131,61.951,116,vehicle.mitsubishi.fusorosa,48.590,-34.317,135.110,2.86
366,40.8327,61.964,116,vehicle.mitsubishi.fusorosa,47.514,-34.317,135.110,2.86
366,40.8329,61.977,116,vehicle.mitsubishi.fusorosa,44.191,-34.317,135.110,2.86
366,40.8329,61.988,116,vehicle.mitsubishi.fusorosa,42.191,-34.317,135.110,2.86
366,40.8330,62.000,116,vehicle.mitsubishi.fusorosa,42.038,-34.317,135.110,2.86
366,40.8330,62.012,116,vehicle.mitsubishi.fusorosa,42.254,-34.317,135.110,2.86
366,40.8330,62.024,116,vehicle.mitsubishi.fusorosa,42.752,-34.317,135.110,2.86
366,40.8331,62.036,116,vehicle.mitsubishi.fusorosa,45.323,-34.317,135.109,2.86
366,40.8331,62.048,116,vehicle.mitsubishi.fusorosa,43.567,-34.317,135.109,2.86
366,40.8331,62.060,116,vehicle.mitsubishi.fusorosa,42.510,-34.317,135.110,2.86
366,40.8332,62.072,116,vehicle.mitsubishi.fusorosa,43.458,-34.317,135.109,2.86
367,40.9376,62.084,116,vehicle.mitsubishi.fusorosa,44.642,-34.317,135.109,2.86
367,40.9377,62.097,116,vehicle.mitsubishi.fusorosa,43.247,-34.317,135.109,2.86
367,40.9377,62.108,116,vehicle.mitsubishi.fusorosa,41.418,-34.317,135.109,2.86
367,40.9378,62.120,116,vehicle.mitsubishi.fusorosa,43.985,-34.317,135.109,2.86
367,40.9378,62.132,116,vehicle.mitsubishi.fusorosa,43.248,-34.317,135.109,2.86
367,40.9378,62.143,116,vehicle.mitsubishi.fusorosa,41.581,-34.317,135.109,2.86
367,40.9379,62.155,116,vehicle.mitsubishi.fusorosa,40.642,-34.317,135.109,2.86
367,40.9379,62.167,116,vehicle.mitsubishi.fusorosa,42.864,-34.317,135.109,2.86
367,40.9379,62.179,116,vehicle.mitsubishi.fusorosa,44.629,-34.317,135.109,2.86
368,41.0453,62.192,116,vehicle.mitsubishi.fusorosa,45.938,-34.317,135.109,2.86
368,41.0454,62.204,116,vehicle.mitsubishi.fusorosa,47.024,-34.317,135.109,2.86
368,41.0455,62.215,116,vehicle.mitsubishi.fusorosa,42.043,-34.317,135.109,2.86
368,41.0455,62.227,116,vehicle.mitsubishi.fusorosa,43.150,-34.317,135.109,2.86
368,41.0455,62.239,116,vehicle.mitsubishi.fusorosa,41.397,-34.317,135.109,2.86
368,41.0456,62.251,116,vehicle.mitsubishi.fusorosa,44.187,-34.317,135.109,2.86
368,41.0456,62.263,116,vehicle.mitsubishi.fusorosa,43.891,-34.317,135.109,2.86
368,41.0456,62.275,116,vehicle.mitsubishi.fusorosa,43.325,-34.317,135.109,2.86
369,41.1538,62.289,116,vehicle.mitsubishi.fusorosa,49.853,-34.317,135.109,2.86
369,41.1539,62.301,116,vehicle.mitsubishi.fusorosa,44.220,-34.317,135.109,2.86
369,41.1540,62.313,116,vehicle.mitsubishi.fusorosa,37.899,-34.317,135.109,2.86
369,41.1540,62.324,116,vehicle.mitsubishi.fusorosa,42.051,-34.317,135.109,2.86
369,41.1541,62.337,116,vehicle.mitsubishi.fusorosa,43.060,-34.317,135.109,2.86
369,41.1541,62.348,116,vehicle.mitsubishi.fusorosa,41.610,-34.317,135.109,2.86
369,41.1541,62.360,116,vehicle.mitsubishi.fusorosa,44.584,-34.317,135.109,2.86
369,41.1543,62.372,116,vehicle.mitsubishi.fusorosa,43.172,-34.317,135.109,2.86
369,41.1545,62.385,116,vehicle.mitsubishi.fusorosa,46.421,-34.317,135.109,2.86
370,41.2635,62.399,116,vehicle.mitsubishi.fusorosa,48.927,-34.317,135.109,2.86
370,41.2636,62.410,116,vehicle.mitsubishi.fusorosa,42.228,-34.317,135.109,2.86
370,41.2637,62.423,116,vehicle.mitsubishi.fusorosa,45.020,-34.317,135.109,2.86
370,41.2637,62.435,116,vehicle.mitsubishi.fusorosa,42.475,-34.317,135.109,2.86
370,41.2637,62.446,116,vehicle.mitsubishi.fusorosa,42.166,-34.317,135.109,2.86
370,41.2638,62.457,116,vehicle.mitsubishi.fusorosa,41.750,-34.317,135.109,2.86
370,41.2638,62.470,116,vehicle.mitsubishi.fusorosa,44.216,-34.317,135.109,2.86
370,41.2639,62.481,116,vehicle.mitsubishi.fusorosa,41.418,-34.317,135.109,2.86
370,41.2640,62.493,116,vehicle.mitsubishi.fusorosa,41.945,-34.317,135.109,2.86
371,41.3862,62.506,116,vehicle.mitsubishi.fusorosa,48.271,-34.317,135.109,2.86
371,41.3864,62.519,116,vehicle.mitsubishi.fusorosa,48.936,-34.317,135.110,2.86
371,41.3865,62.532,116,vehicle.mitsubishi.fusorosa,41.631,-34.317,135.110,2.86
371,41.3866,62.544,116,vehicle.mitsubishi.fusorosa,44.359,-34.317,135.109,2.86
371,41.3866,62.556,116,vehicle.mitsubishi.fusorosa,41.215,-34.317,135.109,2.86
371,41.3867,62.567,116,vehicle.mitsubishi.fusorosa,40.697,-34.317,135.109,2.86
371,41.3867,62.578,116,vehicle.mitsubishi.fusorosa,41.390,-34.317,135.109,2.86
371,41.3867,62.590,116,vehicle.mitsubishi.fusorosa,42.323,-34.317,135.109,2.86
371,41.3868,62.602,116,vehicle.mitsubishi.fusorosa,44.464,-34.317,135.109,2.86
371,41.3868,62.615,116,vehicle.mitsubishi.fusorosa,45.132,-34.317,135.109,2.86
372,41.4916,62.632,116,vehicle.mitsubishi.fusorosa,61.146,-34.317,135.109,2.86
372,41.4918,62.650,116,vehicle.mitsubishi.fusorosa,63.000,-34.317,135.109,2.86
372,41.4918,62.662,116,vehicle.mitsubishi.fusorosa,44.562,-34.317,135.109,2.86
372,41.4918,62.673,116,vehicle.mitsubishi.fusorosa,41.804,-34.317,135.109,2.86
372,41.4919,62.684,116,vehicle.mitsubishi.fusorosa,38.644,-34.317,135.109,2.86
372,41.4919,62.696,116,vehicle.mitsubishi.fusorosa,42.220,-34.317,135.109,2.86
372,41.4919,62.708,116,vehicle.mitsubishi.fusorosa,41.404,-34.317,135.109,2.86
372,41.4920,62.720,116,vehicle.mitsubishi.fusorosa,43.549,-34.317,135.109,2.86
372,41.4920,62.733,116,vehicle.mitsubishi.fusorosa,46.639,-34.317,135.109,2.86
373,41.6003,62.745,116,vehicle.mitsubishi.fusorosa,45.954,-34.317,135.109,2.86
373,41.6004,62.758,116,vehicle.mitsubishi.fusorosa,48.710,-34.317,135.109,2.86
373,41.6005,62.770,116,vehicle.mitsubishi.fusorosa,44.578,-34.317,135.109,2.86
373,41.6005,62.782,116,vehicle.mitsubishi.fusorosa,44.016,-34.317,135.109,2.86
373,41.6005,62.794,116,vehicle.mitsubishi.fusorosa,41.910,-34.317,135.109,2.86
373,41.6006,62.806,116,vehicle.mitsubishi.fusorosa,45.350,-34.317,135.109,2.86
373,41.6006,62.818,116,vehicle.mitsubishi.fusorosa,42.739,-34.317,135.109,2.86
373,41.6006,62.830,116,vehicle.mitsubishi.fusorosa,42.102,-34.317,135.109,2.86
373,41.6007,62.842,116,vehicle.mitsubishi.fusorosa,46.959,-34.317,135.109,2.86
374,41.7083,62.842,116,vehicle.mitsubishi.fusorosa,46.959,-34.317,135.109,2.86
374,41.7085,62.854,116,vehicle.mitsubishi.fusorosa,43.879,-34.317,135.109,2.86
374,41.7085,62.866,116,vehicle.mitsubishi.fusorosa,36.948,-34.317,135.109,2.86
374,41.7086,62.878,116,vehicle.mitsubishi.fusorosa,42.812,-34.317,135.109,2.86
374,41.7086,62.890,116,vehicle.mitsubishi.fusorosa,41.529,-34.317,135.109,2.86
374,41.7086,62.901,116,vehicle.mitsubishi.fusorosa,41.620,-34.317,135.109,2.86
374,41.7087,62.913,116,vehicle.mitsubishi.fusorosa,43.496,-34.317,135.109,2.86
374,41.7087,62.925,116,vehicle.mitsubishi.fusorosa,43.800,-34.318,135.109,2.86
374,41.7087,62.936,116,vehicle.mitsubishi.fusorosa,42.151,-34.318,135.109,2.86
374,41.7088,62.948,116,vehicle.mitsubishi.fusorosa,42.031,-34.318,135.109,2.86
375,41.8155,62.960,116,vehicle.mitsubishi.fusorosa,42.112,-34.318,135.109,2.86
375,41.8157,62.973,116,vehicle.mitsubishi.fusorosa,39.887,-34.318,135.109,2.87
375,41.8157,62.984,116,vehicle.mitsubishi.fusorosa,39.915,-34.318,135.109,2.87
375,41.8158,62.996,116,vehicle.mitsubishi.fusorosa,40.230,-34.318,135.109,2.87
375,41.8158,63.007,116,vehicle.mitsubishi.fusorosa,42.254,-34.318,135.109,2.87
375,41.8158,63.018,116,vehicle.mitsubishi.fusorosa,38.882,-34.318,135.109,2.87
375,41.8159,63.030,116,vehicle.mitsubishi.fusorosa,39.418,-34.319,135.109,2.87
375,41.8159,63.042,116,vehicle.mitsubishi.fusorosa,42.953,-34.319,135.109,2.87
375,41.8159,63.054,116,vehicle.mitsubishi.fusorosa,42.581,-34.319,135.109,2.87
376,41.9203,63.066,116,vehicle.mitsubishi.fusorosa,42.127,-34.319,135.109,2.88
376,41.9205,63.078,116,vehicle.mitsubishi.fusorosa,45.116,-34.320,135.109,2.88
376,41.9205,63.089,116,vehicle.mitsubishi.fusorosa,39.199,-34.320,135.109,2.88
376,41.9206,63.101,116,vehicle.mitsubishi.fusorosa,42.860,-34.320,135.109,2.88
376,41.9206,63.113,116,vehicle.mitsubishi.fusorosa,39.916,-34.320,135.109,2.88
376,41.9206,63.125,116,vehicle.mitsubishi.fusorosa,43.281,-34.321,135.109,2.88
376,41.9207,63.136,116,vehicle.mitsubishi.fusorosa,40.529,-34.321,135.109,2.88
376,41.9207,63.148,116,vehicle.mitsubishi.fusorosa,40.953,-34.321,135.109,2.88
376,41.9208,63.162,116,vehicle.mitsubishi.fusorosa,51.169,-34.321,135.109,2.88
377,42.0360,63.174,116,vehicle.mitsubishi.fusorosa,44.915,-34.321,135.109,2.88
377,42.0362,63.186,116,vehicle.mitsubishi.fusorosa,53.664,-34.321,135.109,2.88
377,42.0362,63.197,116,vehicle.mitsubishi.fusorosa,39.593,-34.321,135.109,2.88
377,42.0362,63.208,116,vehicle.mitsubishi.fusorosa,39.130,-34.321,135.109,2.88
377,42.0363,63.219,116,vehicle.mitsubishi.fusorosa,39.882,-34.321,135.109,2.88
377,42.0363,63.231,116,vehicle.mitsubishi.fusorosa,41.594,-34.321,135.109,2.88
377,42.0363,63.243,116,vehicle.mitsubishi.fusorosa,42.393,-34.321,135.109,2.88
377,42.0364,63.254,116,vehicle.mitsubishi.fusorosa,40.195,-34.321,135.109,2.88
377,42.0364,63.265,116,vehicle.mitsubishi.fusorosa,40.210,-34.321,135.109,2.88
377,42.0364,63.277,116,vehicle.mitsubishi.fusorosa,44.417,-34.321,135.109,2.88
378,42.1404,63.290,116,vehicle.mitsubishi.fusorosa,44.727,-34.321,135.109,2.88
378,42.1406,63.302,116,vehicle.mitsubishi.fusorosa,48.544,-34.321,135.109,2.88
378,42.1406,63.314,116,vehicle.mitsubishi.fusorosa,38.561,-34.320,135.109,2.88
378,42.1406,63.325,116,vehicle.mitsubishi.fusorosa,42.485,-34.320,135.109,2.88
378,42.1407,63.336,116,vehicle.mitsubishi.fusorosa,46.409,-34.320,135.109,2.88
378,42.1407,63.347,116,vehicle.mitsubishi.fusorosa,50.334,-34.319,135.109,2.89
378,42.1407,63.359,116,vehicle.mitsubishi.fusorosa,47.647,-34.319,135.109,2.89
378,42.1408,63.371,116,vehicle.mitsubishi.fusorosa,44.457,-34.318,135.109,2.89
379,42.2541,63.384,116,vehicle.mitsubishi.fusorosa,51.420,-34.318,135.109,2.89
379,42.2543,63.397,116,vehicle.mitsubishi.fusorosa,49.736,-34.317,135.109,2.89
379,42.2543,63.408,116,vehicle.mitsubishi.fusorosa,37.466,-34.317,135.109,2.90
379,42.2543,63.425,116,vehicle.mitsubishi.fusorosa,48.115,-34.316,135.109,2.90
379,42.2544,63.437,116,vehicle.mitsubishi.fusorosa,41.634,-34.316,135.109,2.90
379,42.2544,63.448,116,vehicle.mitsubishi.fusorosa,44.387,-34.316,135.109,2.91
379,42.2544,63.460,116,vehicle.mitsubishi.fusorosa,42.202,-34.315,135.109,2.91
379,42.2545,63.471,116,vehicle.mitsubishi.fusorosa,37.271,-34.315,135.109,2.91
379,42.2545,63.484,116,vehicle.mitsubishi.fusorosa,48.240,-34.315,135.109,2.91
380,42.3645,63.497,116,vehicle.mitsubishi.fusorosa,35.074,-34.314,135.109,2.92
380,42.3647,63.511,116,vehicle.mitsubishi.fusorosa,45.590,-34.314,135.109,2.92
380,42.3647,63.522,116,vehicle.mitsubishi.fusorosa,44.334,-34.313,135.109,2.93
380,42.3647,63.534,116,vehicle.mitsubishi.fusorosa,50.833,-34.313,135.110,2.94
380,42.3648,63.546,116,vehicle.mitsubishi.fusorosa,41.535,-34.312,135.110,2.95
380,42.3648,63.557,116,vehicle.mitsubishi.fusorosa,46.554,-34.312,135.110,2.96
380,42.3649,63.569,116,vehicle.mitsubishi.fusorosa,45.231,-34.311,135.110,2.96
380,42.3649,63.581,116,vehicle.mitsubishi.fusorosa,36.995,-34.311,135.110,2.98
380,42.3649,63.593,116,vehicle.mitsubishi.fusorosa,47.527,-34.310,135.110,2.98
380,42.3649,63.605,116,vehicle.mitsubishi.fusorosa,48.595,-34.310,135.111,2.99
381,42.4708,63.617,116,vehicle.mitsubishi.fusorosa,52.945,-34.309,135.111,3.00
381,42.4712,63.630,116,vehicle.mitsubishi.fusorosa,52.385,-34.309,135.111,3.00
381,42.4713,63.642,116,vehicle.mitsubishi.fusorosa,46.595,-34.309,135.111,3.01
381,42.4714,63.654,116,vehicle.mitsubishi.fusorosa,46.932,-34.308,135.111,3.02
381,42.4714,63.666,116,vehicle.mitsubishi.fusorosa,39.664,-34.308,135.111,3.03
381,42.4714,63.677,116,vehicle.mitsubishi.fusorosa,42.276,-34.308,135.112,3.03
381,42.4715,63.689,116,vehicle.mitsubishi.fusorosa,33.436,-34.307,135.112,3.04
381,42.4715,63.700,116,vehicle.mitsubishi.fusorosa,36.925,-34.307,135.112,3.05
381,42.4715,63.712,116,vehicle.mitsubishi.fusorosa,40.729,-34.307,135.112,3.06
382,42.5798,63.724,116,vehicle.mitsubishi.fusorosa,44.465,-34.307,135.112,3.06
382,42.5799,63.736,116,vehicle.mitsubishi.fusorosa,44.536,-34.306,135.112,3.07
382,42.5800,63.751,116,vehicle.mitsubishi.fusorosa,53.444,-34.306,135.112,3.08
382,42.5800,63.762,116,vehicle.mitsubishi.fusorosa,38.780,-34.306,135.112,3.08
382,42.5800,63.774,116,vehicle.mitsubishi.fusorosa,35.074,-34.306,135.112,3.09
382,42.5801,63.785,116,vehicle.mitsubishi.fusorosa,41.536,-34.306,135.113,3.09
382,42.5801,63.796,116,vehicle.mitsubishi.fusorosa,38.102,-34.305,135.113,3.10
382,42.5801,63.807,116,vehicle.mitsubishi.fusorosa,43.029,-34.305,135.113,3.11
382,42.5802,63.819,116,vehicle.mitsubishi.fusorosa,44.154,-34.305,135.113,3.12
383,42.6976,63.832,116,vehicle.mitsubishi.fusorosa,52.600,-34.304,135.113,3.12
383,42.6977,63.845,116,vehicle.mitsubishi.fusorosa,41.845,-34.304,135.113,3.13
383,42.6977,63.856,116,vehicle.mitsubishi.fusorosa,46.294,-34.304,135.113,3.13
383,42.6978,63.868,116,vehicle.mitsubishi.fusorosa,48.038,-34.304,135.113,3.13
383,42.6978,63.879,116,vehicle.mitsubishi.fusorosa,45.659,-34.304,135.113,3.14
383,42.6978,63.891,116,vehicle.mitsubishi.fusorosa,50.253,-34.303,135.113,3.14
383,42.6979,63.903,116,vehicle.mitsubishi.fusorosa,38.791,-34.303,135.113,3.14
383,42.6980,63.914,116,vehicle.mitsubishi.fusorosa,41.651,-34.303,135.113,3.15
383,42.6980,63.925,116,vehicle.mitsubishi.fusorosa,51.794,-34.303,135.113,3.15
383,42.6980,63.938,116,vehicle.mitsubishi.fusorosa,43.536,-34.302,135.113,3.15
384,42.8012,63.950,116,vehicle.mitsubishi.fusorosa,46.227,-34.302,135.114,3.15
384,42.8013,63.962,116,vehicle.mitsubishi.fusorosa,39.384,-34.302,135.114,3.16
384,42.8014,63.973,116,vehicle.mitsubishi.fusorosa,39.777,-34.302,135.114,3.16
384,42.8014,63.985,116,vehicle.mitsubishi.fusorosa,41.936,-34.302,135.114,3.16
384,42.8014,63.996,116,vehicle.mitsubishi.fusorosa,39.115,-34.301,135.114,3.16
384,42.8015,64.007,116,vehicle.mitsubishi.fusorosa,42.378,-34.301,135.114,3.17
384,42.8015,64.018,116,vehicle.mitsubishi.fusorosa,38.073,-34.301,135.114,3.17
384,42.8015,64.030,116,vehicle.mitsubishi.fusorosa,40.544,-34.301,135.114,3.17
384,42.8016,64.041,116,vehicle.mitsubishi.fusorosa,42.160,-34.301,135.114,3.17
385,42.9162,64.053,116,vehicle.mitsubishi.fusorosa,42.495,-34.301,135.114,3.18
385,42.9164,64.065,116,vehicle.mitsubishi.fusorosa,42.126,-34.301,135.114,3.18
385,42.9165,64.088,116,vehicle.mitsubishi.fusorosa,56.417,-34.301,135.114,3.19
385,42.9165,64.099,116,vehicle.mitsubishi.fusorosa,35.989,-34.300,135.114,3.20
385,42.9165,64.111,116,vehicle.mitsubishi.fusorosa,36.977,-34.300,135.114,3.20
385,42.9166,64.122,116,vehicle.mitsubishi.fusorosa,41.756,-34.300,135.114,3.21
385,42.9166,64.133,116,vehicle.mitsubishi.fusorosa,33.555,-34.300,135.114,3.22
385,42.9166,64.144,116,vehicle.mitsubishi.fusorosa,39.463,-34.300,135.114,3.22
385,42.9167,64.157,116,vehicle.mitsubishi.fusorosa,36.852,-34.300,135.115,3.23
386,43.0201,64.169,116,vehicle.mitsubishi.fusorosa,40.038,-34.299,135.115,3.23
386,43.0202,64.181,116,vehicle.mitsubishi.fusorosa,43.661,-34.299,135.115,3.24
386,43.0203,64.193,116,vehicle.mitsubishi.fusorosa,42.504,-34.299,135.115,3.25
386,43.0203,64.205,116,vehicle.mitsubishi.fusorosa,38.656,-34.299,135.115,3.25
386,43.0203,64.216,116,vehicle.mitsubishi.fusorosa,44.547,-34.299,135.115,3.26
386,43.0204,64.227,116,vehicle.mitsubishi.fusorosa,41.927,-34.299,135.115,3.27
386,43.0204,64.239,116,vehicle.mitsubishi.fusorosa,39.895,-34.299,135.115,3.28
386,43.0204,64.250,116,vehicle.mitsubishi.fusorosa,37.976,-34.298,135.115,3.29
386,43.0205,64.262,116,vehicle.mitsubishi.fusorosa,41.752,-34.298,135.116,3.30
387,43.1387,64.273,116,vehicle.mitsubishi.fusorosa,45.172,-34.298,135.116,3.30
387,43.1388,64.286,116,vehicle.mitsubishi.fusorosa,38.213,-34.298,135.116,3.31
387,43.1389,64.299,116,vehicle.mitsubishi.fusorosa,49.366,-34.298,135.116,3.31
387,43.1389,64.310,116,vehicle.mitsubishi.fusorosa,45.394,-34.298,135.116,3.32
387,43.1389,64.322,116,vehicle.mitsubishi.fusorosa,45.691,-34.298,135.116,3.33
387,43.1390,64.333,116,vehicle.mitsubishi.fusorosa,44.907,-34.298,135.116,3.34
387,43.1390,64.345,116,vehicle.mitsubishi.fusorosa,40.069,-34.298,135.117,3.35
387,43.1390,64.356,116,vehicle.mitsubishi.fusorosa,38.227,-34.298,135.117,3.37
387,43.1391,64.367,116,vehicle.mitsubishi.fusorosa,39.056,-34.297,135.117,3.37
387,43.1391,64.380,116,vehicle.mitsubishi.fusorosa,48.570,-34.297,135.117,3.38
388,43.2443,64.380,116,vehicle.mitsubishi.fusorosa,48.570,-34.297,135.117,3.38
388,43.2445,64.394,116,vehicle.mitsubishi.fusorosa,47.613,-34.297,135.117,3.40
388,43.2445,64.405,116,vehicle.mitsubishi.fusorosa,41.089,-34.297,135.118,3.41
388,43.2445,64.417,116,vehicle.mitsubishi.fusorosa,42.769,-34.297,135.118,3.42
388,43.2446,64.429,116,vehicle.mitsubishi.fusorosa,44.204,-34.297,135.118,3.43
388,43.2446,64.441,116,vehicle.mitsubishi.fusorosa,40.487,-34.297,135.118,3.44
388,43.2446,64.452,116,vehicle.mitsubishi.fusorosa,40.712,-34.297,135.118,3.45
388,43.2447,64.464,116,vehicle.mitsubishi.fusorosa,38.121,-34.296,135.118,3.47
388,43.2447,64.475,116,vehicle.mitsubishi.fusorosa,40.977,-34.296,135.119,3.47
389,43.3500,64.488,116,vehicle.mitsubishi.fusorosa,48.784,-34.296,135.119,3.48
389,43.3502,64.500,116,vehicle.mitsubishi.fusorosa,34.359,-34.296,135.119,3.50
389,43.3502,64.512,116,vehicle.mitsubishi.fusorosa,36.405,-34.296,135.119,3.51
389,43.3503,64.523,116,vehicle.mitsubishi.fusorosa,42.166,-34.296,135.119,3.52
389,43.3503,64.535,116,vehicle.mitsubishi.fusorosa,38.445,-34.296,135.120,3.53
389,43.3503,64.546,116,vehicle.mitsubishi.fusorosa,42.620,-34.296,135.120,3.54
389,43.3504,64.558,116,vehicle.mitsubishi.fusorosa,43.592,-34.296,135.120,3.56
389,43.3504,64.570,116,vehicle.mitsubishi.fusorosa,43.941,-34.295,135.120,3.57
389,43.3505,64.581,116,vehicle.mitsubishi.fusorosa,36.462,-34.295,135.121,3.59
390,43.4678,64.594,116,vehicle.mitsubishi.fusorosa,48.908,-34.294,135.121,3.61
390,43.4680,64.605,116,vehicle.mitsubishi.fusorosa,47.903,-34.294,135.122,3.64
390,43.4680,64.617,116,vehicle.mitsubishi.fusorosa,47.275,-34.293,135.122,3.67
390,43.4680,64.628,116,vehicle.mitsubishi.fusorosa,49.876,-34.292,135.123,3.70
390,43.4681,64.640,116,vehicle.mitsubishi.fusorosa,48.553,-34.291,135.124,3.74
390,43.4681,64.651,116,vehicle.mitsubishi.fusorosa,44.175,-34.290,135.125,3.78
390,43.4681,64.663,116,vehicle.mitsubishi.fusorosa,44.671,-34.288,135.125,3.82
390,43.4682,64.674,116,vehicle.mitsubishi.fusorosa,46.326,-34.286,135.127,3.87
390,43.4682,64.686,116,vehicle.mitsubishi.fusorosa,46.213,-34.284,135.128,3.92
390,43.4682,64.697,116,vehicle.mitsubishi.fusorosa,48.452,-34.282,135.129,3.97
391,43.5747,64.710,116,vehicle.mitsubishi.fusorosa,49.706,-34.279,135.130,4.03
391,43.5749,64.723,116,vehicle.mitsubishi.fusorosa,32.797,-34.276,135.132,4.10
391,43.5749,64.734,116,vehicle.mitsubishi.fusorosa,28.993,-34.274,135.133,4.14
391,43.5749,64.746,116,vehicle.mitsubishi.fusorosa,38.129,-34.274,135.133,4.14
391,43.5750,64.757,116,vehicle.mitsubishi.fusorosa,39.447,-34.274,135.133,4.14
391,43.5750,64.769,116,vehicle.mitsubishi.fusorosa,41.555,-34.274,135.133,4.14
391,43.5750,64.781,116,vehicle.mitsubishi.fusorosa,39.993,-34.275,135.133,4.14
391,43.5751,64.793,116,vehicle.mitsubishi.fusorosa,42.641,-34.275,135.133,4.14
391,43.5751,64.805,116,vehicle.mitsubishi.fusorosa,42.280,-34.275,135.133,4.14
392,43.6919,64.817,116,vehicle.mitsubishi.fusorosa,44.535,-34.275,135.133,4.14
392,43.6920,64.829,116,vehicle.mitsubishi.fusorosa,40.687,-34.275,135.133,4.14
392,43.6920,64.840,116,vehicle.mitsubishi.fusorosa,37.680,-34.275,135.133,4.14
392,43.6921,64.852,116,vehicle.mitsubishi.fusorosa,39.152,-34.275,135.133,4.14
392,43.6921,64.863,116,vehicle.mitsubishi.fusorosa,39.162,-34.275,135.133,4.14
392,43.6921,64.874,116,vehicle.mitsubishi.fusorosa,38.661,-34.275,135.133,4.14
392,43.6922,64.885,116,vehicle.mitsubishi.fusorosa,39.892,-34.275,135.133,4.15
392,43.6922,64.897,116,vehicle.mitsubishi.fusorosa,41.504,-34.275,135.133,4.15
392,43.6922,64.909,116,vehicle.mitsubishi.fusorosa,39.862,-34.275,135.133,4.15
392,43.6923,64.920,116,vehicle.mitsubishi.fusorosa,41.928,-34.275,135.133,4.15
392,43.6923,64.932,116,vehicle.mitsubishi.fusorosa,40.976,-34.275,135.133,4.15
393,43.7995,64.944,116,vehicle.mitsubishi.fusorosa,41.742,-34.275,135.133,4.15
393,43.7996,64.956,116,vehicle.mitsubishi.fusorosa,41.839,-34.275,135.133,4.15
393,43.7997,64.967,116,vehicle.mitsubishi.fusorosa,40.998,-34.275,135.133,4.15
393,43.7997,64.979,116,vehicle.mitsubishi.fusorosa,41.924,-34.275,135.133,4.15
393,43.7997,64.991,116,vehicle.mitsubishi.fusorosa,43.686,-34.276,135.133,4.15
393,43.8000,65.003,116,vehicle.mitsubishi.fusorosa,43.433,-34.276,135.133,4.15
393,43.8001,65.015,116,vehicle.mitsubishi.fusorosa,42.765,-34.276,135.133,4.15
393,43.8002,65.027,116,vehicle.mitsubishi.fusorosa,42.217,-34.276,135.133,4.15
393,43.8003,65.039,116,vehicle.mitsubishi.fusorosa,43.006,-34.276,135.132,4.15
394,43.9081,65.053,116,vehicle.mitsubishi.fusorosa,46.375,-34.276,135.132,4.15
394,43.9083,65.066,116,vehicle.mitsubishi.fusorosa,48.731,-34.276,135.132,4.15
394,43.9084,65.078,116,vehicle.mitsubishi.fusorosa,44.576,-34.276,135.132,4.15
394,43.9084,65.090,116,vehicle.mitsubishi.fusorosa,43.315,-34.276,135.132,4.15
394,43.9085,65.103,116,vehicle.mitsubishi.fusorosa,45.254,-34.276,135.132,4.15
394,43.9085,65.115,116,vehicle.mitsubishi.fusorosa,42.475,-34.276,135.132,4.15
394,43.9085,65.126,116,vehicle.mitsubishi.fusorosa,41.696,-34.276,135.132,4.15
394,43.9086,65.137,116,vehicle.mitsubishi.fusorosa,40.424,-34.276,135.132,4.15
395,44.0178,65.150,116,vehicle.mitsubishi.fusorosa,44.985,-34.276,135.132,4.15
395,44.0179,65.164,116,vehicle.mitsubishi.fusorosa,49.416,-34.276,135.132,4.15
395,44.0179,65.177,116,vehicle.mitsubishi.fusorosa,52.162,-34.276,135.132,4.15
395,44.0180,65.188,116,vehicle.mitsubishi.fusorosa,42.211,-34.276,135.132,4.15
395,44.0180,65.201,116,vehicle.mitsubishi.fusorosa,43.212,-34.276,135.132,4.15
395,44.0180,65.212,116,vehicle.mitsubishi.fusorosa,40.732,-34.276,135.132,4.15
395,44.0181,65.223,116,vehicle.mitsubishi.fusorosa,40.674,-34.276,135.132,4.15
395,44.0181,65.235,116,vehicle.mitsubishi.fusorosa,41.399,-34.276,135.132,4.15
395,44.0181,65.246,116,vehicle.mitsubishi.fusorosa,40.918,-34.276,135.132,4.15
395,44.0182,65.259,116,vehicle.mitsubishi.fusorosa,44.897,-34.276,135.132,4.15
396,44.1288,65.272,116,vehicle.mitsubishi.fusorosa,45.801,-34.276,135.132,4.15
396,44.1289,65.284,116,vehicle.mitsubishi.fusorosa,39.970,-34.276,135.132,4.15
396,44.1290,65.295,116,vehicle.mitsubishi.fusorosa,41.799,-34.276,135.132,4.15
396,44.1290,65.307,116,vehicle.mitsubishi.fusorosa,42.180,-34.276,135.132,4.15
396,44.1291,65.319,116,vehicle.mitsubishi.fusorosa,42.353,-34.276,135.132,4.15
396,44.1291,65.331,116,vehicle.mitsubishi.fusorosa,42.303,-34.276,135.132,4.15
396,44.1291,65.343,116,vehicle.mitsubishi.fusorosa,41.521,-34.276,135.132,4.15
396,44.1292,65.354,116,vehicle.mitsubishi.fusorosa,44.050,-34.276,135.132,4.15
396,44.1292,65.366,116,vehicle.mitsubishi.fusorosa,42.700,-34.276,135.132,4.15
397,44.2311,65.379,116,vehicle.mitsubishi.fusorosa,43.875,-34.276,135.132,4.15
397,44.2313,65.391,116,vehicle.mitsubishi.fusorosa,43.535,-34.276,135.132,4.15
397,44.2314,65.403,116,vehicle.mitsubishi.fusorosa,43.428,-34.276,135.132,4.15
397,44.2314,65.415,116,vehicle.mitsubishi.fusorosa,42.324,-34.276,135.132,4.15
397,44.2315,65.427,116,vehicle.mitsubishi.fusorosa,42.226,-34.276,135.132,4.15
397,44.2315,65.438,116,vehicle.mitsubishi.fusorosa,39.955,-34.276,135.132,4.16
397,44.2315,65.449,116,vehicle.mitsubishi.fusorosa,40.084,-34.276,135.132,4.16
397,44.2316,65.460,116,vehicle.mitsubishi.fusorosa,40.553,-34.276,135.132,4.16
397,44.2316,65.472,116,vehicle.mitsubishi.fusorosa,41.222,-34.276,135.132,4.16
398,44.3460,65.484,116,vehicle.mitsubishi.fusorosa,43.221,-34.276,135.132,4.16
398,44.3462,65.496,116,vehicle.mitsubishi.fusorosa,45.689,-34.276,135.132,4.16
398,44.3462,65.508,116,vehicle.mitsubishi.fusorosa,41.677,-34.276,135.132,4.16
398,44.3463,65.520,116,vehicle.mitsubishi.fusorosa,43.026,-34.276,135.132,4.16
398,44.3463,65.532,116,vehicle.mitsubishi.fusorosa,41.678,-34.276,135.132,4.16
398,44.3463,65.543,116,vehicle.mitsubishi.fusorosa,39.574,-34.276,135.132,4.16
398,44.3464,65.554,116,vehicle.mitsubishi.fusorosa,40.920,-34.276,135.132,4.16
398,44.3464,65.565,116,vehicle.mitsubishi.fusorosa,38.571,-34.276,135.132,4.16
398,44.3464,65.577,116,vehicle.mitsubishi.fusorosa,41.382,-34.276,135.132,4.16
399,44.4532,65.589,116,vehicle.mitsubishi.fusorosa,45.825,-34.276,135.132,4.16
399,44.4534,65.602,116,vehicle.mitsubishi.fusorosa,43.953,-34.276,135.132,4.16
399,44.4534,65.613,116,vehicle.mitsubishi.fusorosa,46.338,-34.276,135.132,4.16
399,44.4534,65.625,116,vehicle.mitsubishi.fusorosa,42.880,-34.276,135.132,4.16
399,44.4535,65.637,116,vehicle.mitsubishi.fusorosa,41.984,-34.276,135.132,4.16
399,44.4535,65.649,116,vehicle.mitsubishi.fusorosa,42.046,-34.276,135.132,4.16
399,44.4535,65.660,116,vehicle.mitsubishi.fusorosa,41.037,-34.276,135.132,4.17
399,44.4536,65.671,116,vehicle.mitsubishi.fusorosa,39.798,-34.276,135.132,4.17
399,44.4536,65.682,116,vehicle.mitsubishi.fusorosa,40.363,-34.276,135.132,4.17
399,44.4536,65.694,116,vehicle.mitsubishi.fusorosa,42.484,-34.276,135.132,4.17
400,44.5703,65.707,116,vehicle.mitsubishi.fusorosa,44.848,-34.276,135.132,4.17
400,44.5704,65.719,116,vehicle.mitsubishi.fusorosa,48.789,-34.276,135.132,4.17
400,44.5705,65.731,116,vehicle.mitsubishi.fusorosa,41.386,-34.276,135.132,4.17
400,44.5705,65.743,116,vehicle.mitsubishi.fusorosa,42.205,-34.276,135.132,4.17
400,44.5705,65.754,116,vehicle.mitsubishi.fusorosa,41.553,-34.276,135.132,4.17
400,44.5706,65.766,116,vehicle.mitsubishi.fusorosa,43.190,-34.276,135.132,4.17
400,44.5706,65.778,116,vehicle.mitsubishi.fusorosa,40.404,-34.276,135.132,4.17
400,44.5706,65.789,116,vehicle.mitsubishi.fusorosa,39.967,-34.276,135.132,4.17
400,44.5707,65.801,116,vehicle.mitsubishi.fusorosa,43.305,-34.276,135.132,4.17
401,44.6800,65.813,116,vehicle.mitsubishi.fusorosa,44.153,-34.276,135.132,4.17
401,44.6807,65.826,116,vehicle.mitsubishi.fusorosa,44.429,-34.276,135.132,4.17
401,44.6807,65.838,116,vehicle.mitsubishi.fusorosa,44.820,-34.277,135.132,4.17
401,44.6808,65.851,116,vehicle.mitsubishi.fusorosa,44.542,-34.277,135.132,4.17
401,44.6808,65.863,116,vehicle.mitsubishi.fusorosa,42.338,-34.277,135.132,4.17
401,44.6808,65.874,116,vehicle.mitsubishi.fusorosa,39.879,-34.277,135.132,4.17
401,44.6809,65.885,116,vehicle.mitsubishi.fusorosa,42.028,-34.277,135.132,4.17
401,44.6809,65.897,116,vehicle.mitsubishi.fusorosa,41.331,-34.277,135.132,4.17
401,44.6809,65.908,116,vehicle.mitsubishi.fusorosa,42.867,-34.277,135.132,4.17
401,44.6810,65.921,116,vehicle.mitsubishi.fusorosa,45.557,-34.277,135.132,4.17
402,44.7963,65.933,116,vehicle.mitsubishi.fusorosa,42.373,-34.277,135.132,4.17
402,44.7964,65.945,116,vehicle.mitsubishi.fusorosa,43.902,-34.277,135.132,4.17
402,44.7965,65.956,116,vehicle.mitsubishi.fusorosa,41.008,-34.277,135.132,4.17
402,44.7965,65.967,116,vehicle.mitsubishi.fusorosa,39.900,-34.277,135.132,4.17
402,44.7965,65.979,116,vehicle.mitsubishi.fusorosa,41.385,-34.277,135.132,4.17
402,44.7966,65.991,116,vehicle.mitsubishi.fusorosa,41.925,-34.277,135.132,4.17
402,44.7966,66.002,116,vehicle.mitsubishi.fusorosa,44.150,-34.277,135.132,4.17
402,44.7966,66.014,116,vehicle.mitsubishi.fusorosa,41.579,-34.277,135.132,4.17
402,44.7967,66.025,116,vehicle.mitsubishi.fusorosa,40.984,-34.277,135.132,4.17
402,44.7967,66.038,116,vehicle.mitsubishi.fusorosa,44.514,-34.277,135.132,4.17
403,44.9009,66.050,116,vehicle.mitsubishi.fusorosa,42.502,-34.277,135.132,4.17
403,44.9010,66.061,116,vehicle.mitsubishi.fusorosa,44.445,-34.277,135.132,4.17
403,44.9011,66.073,116,vehicle.mitsubishi.fusorosa,40.825,-34.277,135.132,4.17
403,44.9011,66.084,116,vehicle.mitsubishi.fusorosa,41.556,-34.277,135.132,4.17
403,44.9011,66.095,116,vehicle.mitsubishi.fusorosa,41.630,-34.277,135.132,4.17
403,44.9012,66.107,116,vehicle.mitsubishi.fusorosa,42.168,-34.277,135.132,4.17
403,44.9012,66.118,116,vehicle.mitsubishi.fusorosa,41.080,-34.277,135.132,4.17
403,44.9012,66.130,116,vehicle.mitsubishi.fusorosa,40.913,-34.277,135.132,4.17
403,44.9013,66.143,116,vehicle.mitsubishi.fusorosa,45.494,-34.277,135.132,4.17
404,45.0211,66.155,116,vehicle.mitsubishi.fusorosa,45.390,-34.277,135.132,4.17
404,45.0212,66.168,116,vehicle.mitsubishi.fusorosa,47.328,-34.277,135.132,4.17
404,45.0212,66.180,116,vehicle.mitsubishi.fusorosa,43.582,-34.277,135.132,4.17
404,45.0213,66.191,116,vehicle.mitsubishi.fusorosa,43.436,-34.277,135.132,4.17
404,45.0213,66.203,116,vehicle.mitsubishi.fusorosa,41.706,-34.277,135.132,4.17
404,45.0213,66.214,116,vehicle.mitsubishi.fusorosa,40.809,-34.277,135.132,4.17
404,45.0214,66.226,116,vehicle.mitsubishi.fusorosa,42.261,-34.277,135.132,4.17
404,45.0214,66.238,116,vehicle.mitsubishi.fusorosa,41.637,-34.277,135.132,4.17
404,45.0214,66.249,116,vehicle.mitsubishi.fusorosa,42.237,-34.277,135.132,4.17
404,45.0215,66.261,116,vehicle.mitsubishi.fusorosa,42.426,-34.277,135.132,4.17
405,45.1265,66.273,116,vehicle.mitsubishi.fusorosa,43.833,-34.277,135.132,4.17
405,45.1266,66.285,116,vehicle.mitsubishi.fusorosa,49.331,-34.277,135.132,4.17
405,45.1267,66.297,116,vehicle.mitsubishi.fusorosa,45.262,-34.278,135.132,4.17
405,45.1267,66.308,116,vehicle.mitsubishi.fusorosa,45.112,-34.278,135.132,4.16
405,45.1268,66.320,116,vehicle.mitsubishi.fusorosa,46.457,-34.278,135.131,4.15
405,45.1268,66.332,116,vehicle.mitsubishi.fusorosa,47.568,-34.279,135.131,4.14
405,45.1269,66.343,116,vehicle.mitsubishi.fusorosa,46.482,-34.279,135.130,4.13
405,45.1270,66.355,116,vehicle.mitsubishi.fusorosa,46.893,-34.280,135.130,4.12
405,45.1270,66.368,116,vehicle.mitsubishi.fusorosa,52.852,-34.280,135.130,4.11
406,45.2336,66.380,116,vehicle.mitsubishi.fusorosa,48.842,-34.281,135.129,4.09
406,45.2337,66.392,116,vehicle.mitsubishi.fusorosa,44.412,-34.281,135.129,4.08
406,45.2338,66.403,116,vehicle.mitsubishi.fusorosa,46.446,-34.282,135.128,4.06
406,45.2338,66.415,116,vehicle.mitsubishi.fusorosa,47.013,-34.282,135.128,4.05
406,45.2338,66.427,116,vehicle.mitsubishi.fusorosa,48.133,-34.283,135.127,4.04
406,45.2339,66.438,116,vehicle.mitsubishi.fusorosa,46.569,-34.283,135.127,4.02
406,45.2339,66.450,116,vehicle.mitsubishi.fusorosa,47.090,-34.284,135.127,4.01
406,45.2339,66.462,116,vehicle.mitsubishi.fusorosa,49.492,-34.284,135.126,4.00
406,45.2340,66.475,116,vehicle.mitsubishi.fusorosa,50.601,-34.285,135.126,3.99
407,45.3411,66.487,116,vehicle.mitsubishi.fusorosa,49.973,-34.285,135.125,3.97
407,45.3413,66.500,116,vehicle.mitsubishi.fusorosa,52.562,-34.286,135.125,3.96
407,45.3413,66.512,116,vehicle.mitsubishi.fusorosa,49.239,-34.286,135.125,3.95
407,45.3414,66.523,116,vehicle.mitsubishi.fusorosa,47.396,-34.286,135.124,3.94
407,45.3414,66.535,116,vehicle.mitsubishi.fusorosa,47.036,-34.287,135.124,3.93
407,45.3415,66.546,116,vehicle.mitsubishi.fusorosa,48.255,-34.287,135.124,3.92
407,45.3415,66.558,116,vehicle.mitsubishi.fusorosa,46.073,-34.287,135.124,3.92
407,45.3415,66.570,116,vehicle.mitsubishi.fusorosa,51.480,-34.287,135.123,3.91
407,45.3416,66.582,116,vehicle.mitsubishi.fusorosa,51.475,-34.288,135.123,3.90
408,45.4593,66.594,116,vehicle.mitsubishi.fusorosa,49.705,-34.288,135.123,3.90
408,45.4595,66.607,116,vehicle.mitsubishi.fusorosa,57.091,-34.288,135.123,3.89
408,45.4595,66.618,116,vehicle.mitsubishi.fusorosa,47.372,-34.288,135.122,3.89
408,45.4596,66.630,116,vehicle.mitsubishi.fusorosa,48.539,-34.289,135.122,3.88
408,45.4596,66.642,116,vehicle.mitsubishi.fusorosa,49.232,-34.289,135.122,3.88
408,45.4596,66.653,116,vehicle.mitsubishi.fusorosa,47.597,-34.289,135.122,3.88
408,45.4597,66.666,116,vehicle.mitsubishi.fusorosa,49.759,-34.289,135.122,3.88
408,45.4597,66.677,116,vehicle.mitsubishi.fusorosa,47.388,-34.289,135.122,3.88
408,45.4597,66.689,116,vehicle.mitsubishi.fusorosa,49.071,-34.289,135.122,3.88
409,45.5565,66.702,116,vehicle.mitsubishi.fusorosa,53.760,-34.289,135.122,3.88
409,45.5566,66.715,116,vehicle.mitsubishi.fusorosa,54.412,-34.289,135.122,3.88
409,45.5567,66.729,116,vehicle.mitsubishi.fusorosa,63.604,-34.290,135.121,3.88
409,45.5567,66.740,116,vehicle.mitsubishi.fusorosa,42.660,-34.289,135.121,3.88
409,45.5567,66.753,116,vehicle.mitsubishi.fusorosa,48.792,-34.289,135.121,3.88
409,45.5568,66.764,116,vehicle.mitsubishi.fusorosa,48.382,-34.289,135.121,3.88
409,45.5568,66.775,116,vehicle.mitsubishi.fusorosa,39.817,-34.289,135.121,3.88
409,45.5568,66.787,116,vehicle.mitsubishi.fusorosa,44.201,-34.289,135.121,3.89
409,45.5569,66.799,116,vehicle.mitsubishi.fusorosa,44.133,-34.289,135.121,3.89
410,45.6767,66.811,116,vehicle.mitsubishi.fusorosa,43.565,-34.289,135.122,3.90
410,45.6769,66.823,116,vehicle.mitsubishi.fusorosa,46.494,-34.288,135.122,3.90
410,45.6769,66.835,116,vehicle.mitsubishi.fusorosa,41.561,-34.288,135.122,3.90
410,45.6770,66.846,116,vehicle.mitsubishi.fusorosa,40.317,-34.288,135.122,3.90
410,45.6770,66.857,116,vehicle.mitsubishi.fusorosa,41.963,-34.288,135.122,3.90
410,45.6770,66.868,116,vehicle.mitsubishi.fusorosa,40.021,-34.288,135.122,3.90
410,45.6771,66.879,116,vehicle.mitsubishi.fusorosa,41.111,-34.288,135.121,3.90
410,45.6771,66.891,116,vehicle.mitsubishi.fusorosa,40.785,-34.288,135.121,3.90
410,45.6771,66.902,116,vehicle.mitsubishi.fusorosa,42.330,-34.288,135.121,3.90
410,45.6771,66.915,116,vehicle.mitsubishi.fusorosa,45.999,-34.288,135.121,3.90
411,45.7833,66.927,116,vehicle.mitsubishi.fusorosa,43.634,-34.288,135.121,3.90
411,45.7835,66.940,116,vehicle.mitsubishi.fusorosa,50.132,-34.288,135.121,3.90
411,45.7835,66.952,116,vehicle.mitsubishi.fusorosa,41.980,-34.288,135.121,3.90
411,45.7836,66.964,116,vehicle.mitsubishi.fusorosa,45.547,-34.288,135.121,3.90
411,45.7837,66.976,116,vehicle.mitsubishi.fusorosa,42.836,-34.289,135.121,3.90
411,45.7837,66.987,116,vehicle.mitsubishi.fusorosa,43.048,-34.289,135.121,3.90
411,45.7838,66.999,116,vehicle.mitsubishi.fusorosa,42.103,-34.289,135.121,3.90
411,45.7838,67.011,116,vehicle.mitsubishi.fusorosa,42.980,-34.289,135.121,3.90
411,45.7838,67.024,116,vehicle.mitsubishi.fusorosa,46.295,-34.289,135.121,3.90
412,45.8949,67.038,116,vehicle.mitsubishi.fusorosa,48.886,-34.289,135.121,3.90
412,45.8950,67.050,116,vehicle.mitsubishi.fusorosa,50.230,-34.289,135.121,3.90
412,45.8951,67.062,116,vehicle.mitsubishi.fusorosa,43.444,-34.289,135.121,3.90
412,45.8951,67.074,116,vehicle.mitsubishi.fusorosa,42.725,-34.289,135.121,3.90
412,45.8952,67.086,116,vehicle.mitsubishi.fusorosa,43.554,-34.289,135.121,3.90
412,45.8952,67.098,116,vehicle.mitsubishi.fusorosa,42.051,-34.289,135.121,3.90
412,45.8952,67.111,116,vehicle.mitsubishi.fusorosa,45.167,-34.289,135.121,3.90
412,45.8953,67.122,116,vehicle.mitsubishi.fusorosa,43.174,-34.289,135.121,3.90
412,45.8953,67.135,116,vehicle.mitsubishi.fusorosa,44.882,-34.289,135.121,3.90
413,46.0052,67.147,116,vehicle.mitsubishi.fusorosa,43.658,-34.289,135.121,3.90
413,46.0053,67.160,116,vehicle.mitsubishi.fusorosa,49.712,-34.289,135.121,3.90
413,46.0054,67.172,116,vehicle.mitsubishi.fusorosa,45.041,-34.289,135.121,3.90
413,46.0054,67.184,116,vehicle.mitsubishi.fusorosa,41.007,-34.289,135.121,3.90
413,46.0054,67.196,116,vehicle.mitsubishi.fusorosa,44.586,-34.289,135.121,3.90
413,46.0055,67.209,116,vehicle.mitsubishi.fusorosa,43.913,-34.289,135.120,3.90
413,46.0055,67.221,116,vehicle.mitsubishi.fusorosa,44.869,-34.289,135.120,3.90
413,46.0055,67.234,116,vehicle.mitsubishi.fusorosa,45.238,-34.289,135.120,3.90
413,46.0055,67.246,116,vehicle.mitsubishi.fusorosa,45.376,-34.289,135.120,3.90
414,46.1188,67.259,116,vehicle.mitsubishi.fusorosa,47.216,-34.289,135.120,3.90
414,46.1189,67.273,116,vehicle.mitsubishi.fusorosa,52.471,-34.289,135.120,3.90
414,46.1190,67.285,116,vehicle.mitsubishi.fusorosa,44.843,-34.289,135.120,3.90
414,46.1190,67.297,116,vehicle.mitsubishi.fusorosa,45.143,-34.289,135.120,3.90
414,46.1190,67.309,116,vehicle.mitsubishi.fusorosa,43.217,-34.289,135.120,3.90
414,46.1191,67.321,116,vehicle.mitsubishi.fusorosa,41.772,-34.289,135.120,3.90
414,46.1191,67.332,116,vehicle.mitsubishi.fusorosa,41.650,-34.289,135.120,3.90
414,46.1191,67.345,116,vehicle.mitsubishi.fusorosa,44.309,-34.289,135.120,3.90
414,46.1192,67.357,116,vehicle.mitsubishi.fusorosa,44.804,-34.289,135.120,3.90
415,46.2256,67.369,116,vehicle.mitsubishi.fusorosa,43.822,-34.289,135.120,3.90
415,46.2258,67.382,116,vehicle.mitsubishi.fusorosa,50.890,-34.289,135.120,3.90
415,46.2258,67.394,116,vehicle.mitsubishi.fusorosa,45.867,-34.289,135.120,3.90
415,46.2259,67.406,116,vehicle.mitsubishi.fusorosa,42.043,-34.289,135.120,3.90
415,46.2259,67.417,116,vehicle.mitsubishi.fusorosa,41.943,-34.289,135.120,3.90
415,46.2260,67.430,116,vehicle.mitsubishi.fusorosa,43.049,-34.289,135.120,3.90
415,46.2260,67.441,116,vehicle.mitsubishi.fusorosa,41.935,-34.289,135.120,3.90
415,46.2260,67.453,116,vehicle.mitsubishi.fusorosa,41.831,-34.289,135.120,3.90
415,46.2260,67.465,116,vehicle.mitsubishi.fusorosa,44.521,-34.289,135.120,3.90
416,46.3397,67.477,116,vehicle.mitsubishi.fusorosa,43.642,-34.289,135.120,3.90
416,46.3399,67.490,116,vehicle.mitsubishi.fusorosa,50.397,-34.289,135.120,3.90
416,46.3400,67.502,116,vehicle.mitsubishi.fusorosa,41.745,-34.289,135.120,3.90
416,46.3401,67.514,116,vehicle.mitsubishi.fusorosa,45.394,-34.289,135.120,3.90
416,46.3402,67.526,116,vehicle.mitsubishi.fusorosa,42.364,-34.289,135.119,3.90
416,46.3403,67.538,116,vehicle.mitsubishi.fusorosa,42.452,-34.289,135.119,3.90
416,46.3403,67.549,116,vehicle.mitsubishi.fusorosa,41.266,-34.289,135.119,3.90
416,46.3404,67.562,116,vehicle.mitsubishi.fusorosa,44.499,-34.289,135.119,3.90
416,46.3405,67.574,116,vehicle.mitsubishi.fusorosa,43.482,-34.289,135.119,3.90
417,46.4459,67.587,116,vehicle.mitsubishi.fusorosa,46.099,-34.289,135.119,3.90
417,46.4460,67.600,116,vehicle.mitsubishi.fusorosa,46.842,-34.289,135.119,3.90
417,46.4461,67.612,116,vehicle.mitsubishi.fusorosa,50.637,-34.289,135.119,3.90
417,46.4461,67.625,116,vehicle.mitsubishi.fusorosa,45.600,-34.289,135.119,3.90
417,46.4461,67.637,116,vehicle.mitsubishi.fusorosa,43.162,-34.289,135.119,3.90
417,46.4462,67.649,116,vehicle.mitsubishi.fusorosa,41.982,-34.289,135.119,3.90
417,46.4462,67.660,116,vehicle.mitsubishi.fusorosa,42.024,-34.289,135.119,3.90
417,46.4462,67.672,116,vehicle.mitsubishi.fusorosa,43.125,-34.289,135.119,3.90
417,46.4463,67.684,116,vehicle.mitsubishi.fusorosa,43.292,-34.289,135.119,3.90
418,46.5505,67.697,116,vehicle.mitsubishi.fusorosa,44.882,-34.289,135.119,3.90
418,46.5506,67.708,116,vehicle.mitsubishi.fusorosa,46.473,-34.289,135.119,3.90
418,46.5507,67.721,116,vehicle.mitsubishi.fusorosa,43.730,-34.289,135.119,3.90
418,46.5507,67.732,116,vehicle.mitsubishi.fusorosa,43.996,-34.289,135.119,3.91
418,46.5507,67.744,116,vehicle.mitsubishi.fusorosa,43.316,-34.289,135.119,3.91
418,46.5508,67.756,116,vehicle.mitsubishi.fusorosa,42.613,-34.289,135.119,3.91
418,46.5508,67.768,116,vehicle.mitsubishi.fusorosa,41.770,-34.289,135.119,3.91
418,46.5508,67.779,116,vehicle.mitsubishi.fusorosa,40.909,-34.289,135.119,3.91
418,46.5509,67.792,116,vehicle.mitsubishi.fusorosa,45.530,-34.289,135.119,3.91
419,46.6609,67.804,116,vehicle.mitsubishi.fusorosa,45.834,-34.289,135.119,3.91
419,46.6611,67.817,116,vehicle.mitsubishi.fusorosa,49.930,-34.289,135.119,3.91
419,46.6612,67.829,116,vehicle.mitsubishi.fusorosa,42.691,-34.289,135.119,3.91
419,46.6612,67.841,116,vehicle.mitsubishi.fusorosa,43.430,-34.289,135.119,3.91
419,46.6612,67.853,116,vehicle.mitsubishi.fusorosa,42.358,-34.289,135.119,3.91
419,46.6613,67.865,116,vehicle.mitsubishi.fusorosa,42.882,-34.289,135.119,3.91
419,46.6613,67.876,116,vehicle.mitsubishi.fusorosa,42.394,-34.289,135.119,3.91
419,46.6613,67.888,116,vehicle.mitsubishi.fusorosa,41.955,-34.289,135.119,3.91
419,46.6614,67.902,116,vehicle.mitsubishi.fusorosa,48.728,-34.289,135.119,3.91
420,46.7658,67.914,116,vehicle.mitsubishi.fusorosa,46.320,-34.289,135.119,3.91
420,46.7659,67.926,116,vehicle.mitsubishi.fusorosa,46.240,-34.289,135.119,3.91
420,46.7660,67.938,116,vehicle.mitsubishi.fusorosa,43.659,-34.289,135.119,3.91
420,46.7660,67.950,116,vehicle.mitsubishi.fusorosa,41.740,-34.289,135.119,3.91
420,46.7661,67.961,116,vehicle.mitsubishi.fusorosa,40.736,-34.289,135.119,3.91
420,46.7661,67.971,116,vehicle.mitsubishi.fusorosa,38.525,-34.289,135.119,3.91
420,46.7661,67.983,116,vehicle.mitsubishi.fusorosa,40.735,-34.289,135.119,3.91
420,46.7661,67.994,116,vehicle.mitsubishi.fusorosa,40.527,-34.289,135.119,3.91
420,46.7662,68.006,116,vehicle.mitsubishi.fusorosa,41.435,-34.289,135.119,3.91
421,46.8879,68.018,116,vehicle.mitsubishi.fusorosa,45.780,-34.289,135.119,3.91
421,46.8880,68.031,116,vehicle.mitsubishi.fusorosa,47.627,-34.289,135.119,3.91
421,46.8881,68.043,116,vehicle.mitsubishi.fusorosa,43.672,-34.289,135.119,3.91
421,46.8881,68.055,116,vehicle.mitsubishi.fusorosa,42.623,-34.289,135.119,3.91
421,46.8881,68.067,116,vehicle.mitsubishi.fusorosa,42.806,-34.289,135.119,3.91
421,46.8882,68.079,116,vehicle.mitsubishi.fusorosa,45.020,-34.289,135.119,3.91
421,46.8882,68.090,116,vehicle.mitsubishi.fusorosa,42.357,-34.289,135.119,3.91
421,46.8882,68.102,116,vehicle.mitsubishi.fusorosa,42.200,-34.289,135.119,3.91
421,46.8883,68.114,116,vehicle.mitsubishi.fusorosa,43.130,-34.289,135.119,3.91
421,46.8883,68.127,116,vehicle.mitsubishi.fusorosa,45.320,-34.289,135.119,3.91
422,46.9937,68.138,116,vehicle.mitsubishi.fusorosa,42.999,-34.289,135.119,3.91
422,46.9939,68.151,116,vehicle.mitsubishi.fusorosa,46.710,-34.289,135.119,3.91
422,46.9939,68.163,116,vehicle.mitsubishi.fusorosa,43.320,-34.289,135.119,3.91
422,46.9940,68.174,116,vehicle.mitsubishi.fusorosa,41.651,-34.289,135.119,3.91
422,46.9940,68.186,116,vehicle.mitsubishi.fusorosa,41.814,-34.289,135.119,3.91
422,46.9940,68.198,116,vehicle.mitsubishi.fusorosa,45.706,-34.289,135.119,3.91
422,46.9941,68.210,116,vehicle.mitsubishi.fusorosa,41.549,-34.289,135.120,3.91
422,46.9942,68.222,116,vehicle.mitsubishi.fusorosa,42.897,-34.289,135.120,3.91
422,46.9942,68.234,116,vehicle.mitsubishi.fusorosa,43.279,-34.289,135.119,3.91
423,47.1016,68.246,116,vehicle.mitsubishi.fusorosa,42.673,-34.289,135.119,3.91
423,47.1018,68.258,116,vehicle.mitsubishi.fusorosa,43.537,-34.289,135.119,3.91
423,47.1018,68.269,116,vehicle.mitsubishi.fusorosa,41.466,-34.289,135.119,3.91
423,47.1019,68.281,116,vehicle.mitsubishi.fusorosa,41.776,-34.289,135.120,3.91
423,47.1019,68.292,116,vehicle.mitsubishi.fusorosa,42.828,-34.289,135.120,3.91
423,47.1020,68.305,116,vehicle.mitsubishi.fusorosa,44.076,-34.289,135.120,3.91
423,47.1020,68.317,116,vehicle.mitsubishi.fusorosa,44.088,-34.289,135.120,3.91
423,47.1020,68.329,116,vehicle.mitsubishi.fusorosa,41.693,-34.289,135.120,3.91
423,47.1021,68.342,116,vehicle.mitsubishi.fusorosa,45.135,-34.289,135.120,3.91
424,47.2086,68.354,116,vehicle.mitsubishi.fusorosa,39.759,-34.289,135.120,3.91
424,47.2088,68.366,116,vehicle.mitsubishi.fusorosa,39.391,-34.290,135.119,3.90
424,47.2088,68.378,116,vehicle.mitsubishi.fusorosa,39.368,-34.290,135.119,3.90
424,47.2089,68.389,116,vehicle.mitsubishi.fusorosa,37.317,-34.290,135.119,3.89
424,47.2089,68.401,116,vehicle.mitsubishi.fusorosa,38.605,-34.290,135.119,3.89
424,47.2089,68.413,116,vehicle.mitsubishi.fusorosa,39.397,-34.290,135.119,3.88
424,47.2090,68.426,116,vehicle.mitsubishi.fusorosa,41.432,-34.291,135.118,3.87
424,47.2090,68.437,116,vehicle.mitsubishi.fusorosa,39.175,-34.291,135.118,3.86
424,47.2090,68.449,116,vehicle.mitsubishi.fusorosa,39.167,-34.291,135.118,3.86
425,47.3148,68.462,116,vehicle.mitsubishi.fusorosa,40.592,-34.291,135.117,3.85
425,47.3150,68.473,116,vehicle.mitsubishi.fusorosa,39.448,-34.292,135.117,3.84
425,47.3150,68.484,116,vehicle.mitsubishi.fusorosa,37.436,-34.292,135.117,3.83
425,47.3151,68.496,116,vehicle.mitsubishi.fusorosa,41.117,-34.292,135.117,3.83
425,47.3151,68.509,116,vehicle.mitsubishi.fusorosa,42.284,-34.292,135.116,3.82
425,47.3151,68.520,116,vehicle.mitsubishi.fusorosa,39.020,-34.292,135.116,3.81
425,47.3152,68.532,116,vehicle.mitsubishi.fusorosa,40.279,-34.293,135.116,3.81
425,47.3152,68.544,116,vehicle.mitsubishi.fusorosa,38.871,-34.293,135.116,3.80
425,47.3152,68.556,116,vehicle.mitsubishi.fusorosa,42.783,-34.293,135.115,3.80
426,47.4331,68.568,116,vehicle.mitsubishi.fusorosa,39.687,-34.293,135.115,3.79
426,47.4333,68.580,116,vehicle.mitsubishi.fusorosa,40.519,-34.293,135.115,3.79
426,47.4333,68.592,116,vehicle.mitsubishi.fusorosa,39.187,-34.293,135.115,3.79
426,47.4333,68.603,116,vehicle.mitsubishi.fusorosa,38.900,-34.293,135.115,3.79
426,47.4334,68.614,116,vehicle.mitsubishi.fusorosa,38.582,-34.293,135.115,3.78
426,47.4334,68.626,116,vehicle.mitsubishi.fusorosa,42.572,-34.293,135.115,3.79
426,47.4334,68.638,116,vehicle.mitsubishi.fusorosa,40.726,-34.293,135.115,3.79
426,47.4335,68.649,116,vehicle.mitsubishi.fusorosa,38.441,-34.293,135.115,3.79
426,47.4335,68.661,116,vehicle.mitsubishi.fusorosa,41.746,-34.293,135.115,3.79
426,47.4335,68.674,116,vehicle.mitsubishi.fusorosa,45.926,-34.293,135.115,3.80
427,47.5401,68.686,116,vehicle.mitsubishi.fusorosa,43.648,-34.293,135.115,3.81
427,47.5403,68.699,116,vehicle.mitsubishi.fusorosa,46.818,-34.293,135.115,3.81
427,47.5403,68.710,116,vehicle.mitsubishi.fusorosa,47.595,-34.292,135.115,3.82
427,47.5403,68.722,116,vehicle.mitsubishi.fusorosa,43.881,-34.292,135.115,3.83
427,47.5404,68.733,116,vehicle.mitsubishi.fusorosa,45.167,-34.292,135.115,3.85
427,47.5404,68.745,116,vehicle.mitsubishi.fusorosa,45.726,-34.292,135.116,3.86
427,47.5404,68.756,116,vehicle.mitsubishi.fusorosa,44.254,-34.291,135.116,3.87
427,47.5405,68.768,116,vehicle.mitsubishi.fusorosa,41.355,-34.291,135.116,3.88
427,47.5405,68.780,116,vehicle.mitsubishi.fusorosa,47.327,-34.291,135.116,3.90
428,47.6480,68.793,116,vehicle.mitsubishi.fusorosa,49.708,-34.290,135.117,3.91
428,47.6482,68.805,116,vehicle.mitsubishi.fusorosa,46.830,-34.290,135.117,3.93
428,47.6482,68.816,116,vehicle.mitsubishi.fusorosa,50.732,-34.289,135.117,3.94
428,47.6482,68.828,116,vehicle.mitsubishi.fusorosa,44.112,-34.289,135.117,3.96
428,47.6483,68.840,116,vehicle.mitsubishi.fusorosa,45.657,-34.289,135.118,3.98
428,47.6484,68.851,116,vehicle.mitsubishi.fusorosa,41.946,-34.288,135.118,4.00
428,47.6484,68.863,116,vehicle.mitsubishi.fusorosa,45.981,-34.288,135.119,4.02
428,47.6485,68.874,116,vehicle.mitsubishi.fusorosa,41.609,-34.287,135.119,4.04
428,47.6486,68.886,116,vehicle.mitsubishi.fusorosa,46.266,-34.287,135.119,4.06
429,47.7626,68.898,116,vehicle.mitsubishi.fusorosa,48.410,-34.286,135.119,4.07
429,47.7627,68.910,116,vehicle.mitsubishi.fusorosa,35.253,-34.286,135.120,4.09
429,47.7628,68.921,116,vehicle.mitsubishi.fusorosa,41.227,-34.285,135.120,4.11
429,47.7628,68.933,116,vehicle.mitsubishi.fusorosa,43.010,-34.285,135.120,4.12
429,47.7628,68.944,116,vehicle.mitsubishi.fusorosa,40.017,-34.285,135.121,4.14
429,47.7629,68.956,116,vehicle.mitsubishi.fusorosa,41.537,-34.284,135.121,4.16
429,47.7629,68.968,116,vehicle.mitsubishi.fusorosa,41.297,-34.284,135.121,4.17
429,47.7629,68.979,116,vehicle.mitsubishi.fusorosa,36.719,-34.284,135.122,4.19
429,47.7630,68.991,116,vehicle.mitsubishi.fusorosa,39.941,-34.283,135.122,4.20
429,47.7630,69.003,116,vehicle.mitsubishi.fusorosa,43.634,-34.283,135.122,4.21
430,47.8708,69.015,116,vehicle.mitsubishi.fusorosa,45.190,-34.283,135.122,4.24
430,47.8710,69.027,116,vehicle.mitsubishi.fusorosa,38.240,-34.282,135.123,4.25
430,47.8710,69.038,116,vehicle.mitsubishi.fusorosa,35.675,-34.282,135.123,4.27
430,47.8711,69.050,116,vehicle.mitsubishi.fusorosa,42.518,-34.282,135.123,4.28
430,47.8711,69.062,116,vehicle.mitsubishi.fusorosa,41.719,-34.281,135.123,4.30
430,47.8711,69.073,116,vehicle.mitsubishi.fusorosa,43.244,-34.281,135.124,4.31
430,47.8712,69.085,116,vehicle.mitsubishi.fusorosa,34.233,-34.281,135.124,4.33
430,47.8712,69.096,116,vehicle.mitsubishi.fusorosa,45.671,-34.280,135.124,4.35
430,47.8712,69.109,116,vehicle.mitsubishi.fusorosa,50.387,-34.280,135.124,4.37
431,47.9883,69.121,116,vehicle.mitsubishi.fusorosa,49.933,-34.280,135.124,4.37
431,47.9885,69.134,116,vehicle.mitsubishi.fusorosa,42.793,-34.279,135.125,4.38
431,47.9885,69.146,116,vehicle.mitsubishi.fusorosa,44.050,-34.279,135.125,4.40
431,47.9886,69.157,116,vehicle.mitsubishi.fusorosa,42.142,-34.279,135.125,4.41
431,47.9886,69.169,116,vehicle.mitsubishi.fusorosa,47.877,-34.279,135.125,4.42
431,47.9886,69.181,116,vehicle.mitsubishi.fusorosa,47.050,-34.278,135.125,4.44
431,47.9887,69.192,116,vehicle.mitsubishi.fusorosa,42.121,-34.278,135.126,4.45
431,47.9887,69.203,116,vehicle.mitsubishi.fusorosa,43.769,-34.278,135.126,4.47
431,47.9887,69.215,116,vehicle.mitsubishi.fusorosa,41.822,-34.278,135.126,4.47
431,47.9888,69.228,116,vehicle.mitsubishi.fusorosa,47.458,-34.277,135.126,4.49
432,48.0958,69.241,116,vehicle.mitsubishi.fusorosa,45.016,-34.277,135.127,4.52
432,48.0960,69.253,116,vehicle.mitsubishi.fusorosa,40.910,-34.277,135.127,4.53
432,48.0960,69.264,116,vehicle.mitsubishi.fusorosa,37.098,-34.276,135.127,4.54
432,48.0960,69.276,116,vehicle.mitsubishi.fusorosa,42.103,-34.276,135.127,4.55
432,48.0961,69.287,116,vehicle.mitsubishi.fusorosa,41.340,-34.276,135.127,4.56
432,48.0961,69.299,116,vehicle.mitsubishi.fusorosa,43.973,-34.276,135.127,4.57
432,48.0961,69.310,116,vehicle.mitsubishi.fusorosa,41.221,-34.276,135.127,4.57
432,48.0962,69.322,116,vehicle.mitsubishi.fusorosa,43.503,-34.276,135.127,4.58
432,48.0962,69.334,116,vehicle.mitsubishi.fusorosa,44.416,-34.276,135.127,4.59
433,48.2009,69.346,116,vehicle.mitsubishi.fusorosa,38.792,-34.275,135.127,4.59
433,48.2011,69.358,116,vehicle.mitsubishi.fusorosa,46.974,-34.275,135.127,4.60
433,48.2011,69.369,116,vehicle.mitsubishi.fusorosa,43.389,-34.275,135.127,4.61
433,48.2011,69.381,116,vehicle.mitsubishi.fusorosa,47.779,-34.275,135.127,4.62
433,48.2012,69.393,116,vehicle.mitsubishi.fusorosa,38.426,-34.275,135.128,4.63
433,48.2012,69.405,116,vehicle.mitsubishi.fusorosa,42.655,-34.275,135.128,4.64
433,48.2012,69.416,116,vehicle.mitsubishi.fusorosa,34.504,-34.274,135.128,4.64
433,48.2013,69.428,116,vehicle.mitsubishi.fusorosa,38.610,-34.274,135.128,4.65
433,48.2013,69.441,116,vehicle.mitsubishi.fusorosa,42.704,-34.274,135.128,4.65
434,48.3068,69.453,116,vehicle.mitsubishi.fusorosa,46.489,-34.274,135.128,4.66
434,48.3070,69.466,116,vehicle.mitsubishi.fusorosa,46.607,-34.274,135.128,4.66
434,48.3070,69.477,116,vehicle.mitsubishi.fusorosa,44.263,-34.274,135.127,4.66
434,48.3071,69.489,116,vehicle.mitsubishi.fusorosa,39.385,-34.274,135.127,4.66
434,48.3071,69.501,116,vehicle.mitsubishi.fusorosa,46.126,-34.274,135.127,4.67
434,48.3071,69.513,116,vehicle.mitsubishi.fusorosa,45.246,-34.274,135.127,4.67
434,48.3072,69.524,116,vehicle.mitsubishi.fusorosa,38.940,-34.274,135.127,4.68
434,48.3072,69.536,116,vehicle.mitsubishi.fusorosa,40.079,-34.274,135.127,4.68
434,48.3072,69.548,116,vehicle.mitsubishi.fusorosa,46.301,-34.273,135.127,4.68
435,48.4263,69.561,116,vehicle.mitsubishi.fusorosa,45.610,-34.273,135.127,4.69
435,48.4265,69.572,116,vehicle.mitsubishi.fusorosa,36.623,-34.273,135.127,4.69
435,48.4265,69.584,116,vehicle.mitsubishi.fusorosa,43.468,-34.273,135.127,4.69
435,48.4265,69.596,116,vehicle.mitsubishi.fusorosa,35.956,-34.273,135.127,4.69
435,48.4266,69.607,116,vehicle.mitsubishi.fusorosa,37.327,-34.273,135.127,4.70
435,48.4266,69.619,116,vehicle.mitsubishi.fusorosa,38.257,-34.273,135.127,4.70
435,48.4267,69.632,116,vehicle.mitsubishi.fusorosa,41.179,-34.273,135.127,4.70
435,48.4267,69.643,116,vehicle.mitsubishi.fusorosa,35.762,-34.273,135.127,4.70
435,48.4267,69.655,116,vehicle.mitsubishi.fusorosa,47.947,-34.273,135.127,4.70
435,48.4268,69.667,116,vehicle.mitsubishi.fusorosa,49.849,-34.272,135.127,4.71
436,48.5328,69.680,116,vehicle.mitsubishi.fusorosa,45.034,-34.272,135.127,4.71
436,48.5330,69.692,116,vehicle.mitsubishi.fusorosa,49.464,-34.272,135.127,4.71
436,48.5330,69.703,116,vehicle.mitsubishi.fusorosa,49.551,-34.272,135.127,4.71
436,48.5331,69.715,116,vehicle.mitsubishi.fusorosa,33.626,-34.271,135.127,4.73
436,48.5331,69.726,116,vehicle.mitsubishi.fusorosa,39.119,-34.271,135.127,4.73
436,48.5332,69.738,116,vehicle.mitsubishi.fusorosa,43.083,-34.271,135.127,4.74
436,48.5332,69.749,116,vehicle.mitsubishi.fusorosa,35.745,-34.271,135.127,4.74
436,48.5332,69.761,116,vehicle.mitsubishi.fusorosa,41.938,-34.271,135.127,4.74
436,48.5333,69.774,116,vehicle.mitsubishi.fusorosa,33.555,-34.270,135.127,4.75
437,48.6391,69.786,116,vehicle.mitsubishi.fusorosa,37.730,-34.270,135.127,4.76
437,48.6393,69.798,116,vehicle.mitsubishi.fusorosa,43.554,-34.270,135.127,4.77
437,48.6393,69.809,116,vehicle.mitsubishi.fusorosa,39.483,-34.270,135.127,4.77
437,48.6394,69.821,116,vehicle.mitsubishi.fusorosa,38.792,-34.270,135.127,4.77
437,48.6394,69.832,116,vehicle.mitsubishi.fusorosa,41.108,-34.270,135.126,4.77
437,48.6394,69.844,116,vehicle.mitsubishi.fusorosa,35.648,-34.270,135.126,4.77
437,48.6395,69.855,116,vehicle.mitsubishi.fusorosa,39.183,-34.270,135.126,4.77
437,48.6395,69.866,116,vehicle.mitsubishi.fusorosa,29.019,-34.270,135.126,4.78
437,48.6395,69.877,116,vehicle.mitsubishi.fusorosa,31.560,-34.269,135.126,4.78
438,48.7553,69.889,116,vehicle.mitsubishi.fusorosa,41.006,-34.269,135.126,4.78
438,48.7554,69.902,116,vehicle.mitsubishi.fusorosa,42.900,-34.269,135.126,4.79
438,48.7555,69.914,116,vehicle.mitsubishi.fusorosa,43.761,-34.269,135.126,4.79
438,48.7555,69.925,116,vehicle.mitsubishi.fusorosa,37.528,-34.269,135.126,4.79
438,48.7556,69.937,116,vehicle.mitsubishi.fusorosa,40.256,-34.269,135.126,4.79
438,48.7556,69.949,116,vehicle.mitsubishi.fusorosa,51.131,-34.269,135.126,4.79
438,48.7556,69.961,116,vehicle.mitsubishi.fusorosa,39.560,-34.268,135.126,4.80
438,48.7557,69.972,116,vehicle.mitsubishi.fusorosa,45.583,-34.268,135.126,4.80
438,48.7557,69.984,116,vehicle.mitsubishi.fusorosa,45.458,-34.267,135.126,4.80
438,48.7557,69.996,116,vehicle.mitsubishi.fusorosa,45.369,-34.266,135.126,4.80
439,48.8613,70.008,116,vehicle.mitsubishi.fusorosa,54.437,-34.265,135.126,4.81
439,48.8615,70.020,116,vehicle.mitsubishi.fusorosa,47.036,-34.264,135.126,4.82
439,48.8615,70.032,116,vehicle.mitsubishi.fusorosa,50.230,-34.263,135.126,4.83
439,48.8615,70.043,116,vehicle.mitsubishi.fusorosa,44.320,-34.261,135.126,4.84
439,48.8616,70.055,116,vehicle.mitsubishi.fusorosa,47.176,-34.259,135.127,4.83
439,48.8616,70.067,116,vehicle.mitsubishi.fusorosa,47.023,-34.256,135.127,4.83
439,48.8617,70.078,116,vehicle.mitsubishi.fusorosa,47.163,-34.254,135.127,4.82
439,48.8617,70.090,116,vehicle.mitsubishi.fusorosa,45.546,-34.251,135.127,4.82
439,48.8617,70.101,116,vehicle.mitsubishi.fusorosa,50.670,-34.247,135.128,4.83
440,48.9821,70.113,116,vehicle.mitsubishi.fusorosa,48.802,-34.243,135.128,4.83
440,48.9823,70.125,116,vehicle.mitsubishi.fusorosa,76.157,-34.239,135.128,4.84
440,48.9824,70.137,116,vehicle.mitsubishi.fusorosa,43.684,-34.235,135.128,4.84
440,48.9824,70.148,116,vehicle.mitsubishi.fusorosa,40.480,-34.230,135.128,4.83
440,48.9824,70.160,116,vehicle.mitsubishi.fusorosa,56.436,-34.225,135.128,4.83
440,48.9825,70.171,116,vehicle.mitsubishi.fusorosa,46.249,-34.220,135.128,4.82
440,48.9825,70.183,116,vehicle.mitsubishi.fusorosa,57.704,-34.214,135.128,4.80
440,48.9825,70.194,116,vehicle.mitsubishi.fusorosa,51.482,-34.208,135.128,4.78
440,48.9826,70.206,116,vehicle.mitsubishi.fusorosa,53.088,-34.201,135.128,4.76
440,48.9826,70.218,116,vehicle.mitsubishi.fusorosa,52.398,-34.193,135.127,4.74
441,49.0849,70.230,116,vehicle.mitsubishi.fusorosa,39.687,-34.185,135.127,4.72
441,49.0851,70.242,116,vehicle.mitsubishi.fusorosa,85.307,-34.178,135.127,4.67
441,49.0851,70.253,116,vehicle.mitsubishi.fusorosa,19.665,-34.174,135.127,4.63
441,49.0852,70.265,116,vehicle.mitsubishi.fusorosa,21.931,-34.172,135.127,4.60
441,49.0852,70.276,116,vehicle.mitsubishi.fusorosa,32.862,-34.172,135.127,4.60
441,49.0852,70.287,116,vehicle.mitsubishi.fusorosa,36.497,-34.172,135.127,4.60
441,49.0853,70.298,116,vehicle.mitsubishi.fusorosa,37.272,-34.173,135.127,4.60
441,49.0853,70.310,116,vehicle.mitsubishi.fusorosa,38.188,-34.173,135.127,4.60
441,49.0853,70.322,116,vehicle.mitsubishi.fusorosa,39.341,-34.173,135.127,4.60
442,49.2011,70.334,116,vehicle.mitsubishi.fusorosa,40.767,-34.173,135.127,4.60
442,49.2013,70.346,116,vehicle.mitsubishi.fusorosa,40.481,-34.173,135.127,4.60
442,49.2013,70.358,116,vehicle.mitsubishi.fusorosa,40.618,-34.173,135.127,4.60
442,49.2014,70.369,116,vehicle.mitsubishi.fusorosa,38.606,-34.173,135.127,4.60
442,49.2014,70.380,116,vehicle.mitsubishi.fusorosa,39.424,-34.173,135.127,4.60
442,49.2014,70.392,116,vehicle.mitsubishi.fusorosa,39.495,-34.173,135.127,4.60
442,49.2015,70.403,116,vehicle.mitsubishi.fusorosa,39.761,-34.174,135.127,4.60
442,49.2015,70.415,116,vehicle.mitsubishi.fusorosa,40.937,-34.174,135.127,4.60
442,49.2015,70.427,116,vehicle.mitsubishi.fusorosa,42.218,-34.174,135.127,4.60
442,49.2016,70.440,116,vehicle.mitsubishi.fusorosa,44.373,-34.174,135.127,4.60
443,49.3064,70.452,116,vehicle.mitsubishi.fusorosa,42.998,-34.174,135.126,4.60
443,49.3066,70.463,116,vehicle.mitsubishi.fusorosa,41.757,-34.174,135.126,4.61
443,49.3066,70.475,116,vehicle.mitsubishi.fusorosa,41.898,-34.174,135.126,4.61
443,49.3067,70.486,116,vehicle.mitsubishi.fusorosa,40.366,-34.174,135.126,4.61
443,49.3067,70.498,116,vehicle.mitsubishi.fusorosa,40.278,-34.174,135.126,4.61
443,49.3067,70.509,116,vehicle.mitsubishi.fusorosa,41.587,-34.174,135.126,4.61
443,49.3068,70.521,116,vehicle.mitsubishi.fusorosa,43.355,-34.174,135.126,4.61
443,49.3068,70.533,116,vehicle.mitsubishi.fusorosa,42.945,-34.174,135.126,4.61
443,49.3068,70.546,116,vehicle.mitsubishi.fusorosa,45.674,-34.174,135.126,4.61
444,49.4115,70.558,116,vehicle.mitsubishi.fusorosa,44.581,-34.174,135.126,4.61
444,49.4116,70.570,116,vehicle.mitsubishi.fusorosa,44.989,-34.174,135.126,4.61
444,49.4117,70.582,116,vehicle.mitsubishi.fusorosa,41.121,-34.174,135.126,4.61
444,49.4117,70.594,116,vehicle.mitsubishi.fusorosa,43.059,-34.174,135.126,4.61
444,49.4117,70.605,116,vehicle.mitsubishi.fusorosa,43.007,-34.174,135.126,4.61
444,49.4118,70.617,116,vehicle.mitsubishi.fusorosa,41.129,-34.174,135.126,4.61
444,49.4118,70.628,116,vehicle.mitsubishi.fusorosa,41.775,-34.174,135.126,4.61
444,49.4118,70.640,116,vehicle.mitsubishi.fusorosa,42.130,-34.174,135.126,4.61
444,49.4119,70.652,116,vehicle.mitsubishi.fusorosa,43.142,-34.174,135.126,4.61
445,49.5300,70.664,116,vehicle.mitsubishi.fusorosa,43.636,-34.174,135.126,4.61
445,49.5302,70.676,116,vehicle.mitsubishi.fusorosa,47.171,-34.174,135.126,4.61
445,49.5303,70.687,116,vehicle.mitsubishi.fusorosa,42.154,-34.174,135.126,4.61
445,49.5303,70.699,116,vehicle.mitsubishi.fusorosa,41.723,-34.174,135.126,4.61
445,49.5303,70.711,116,vehicle.mitsubishi.fusorosa,43.391,-34.174,135.126,4.61
445,49.5304,70.722,116,vehicle.mitsubishi.fusorosa,42.978,-34.174,135.126,4.61
445,49.5304,70.734,116,vehicle.mitsubishi.fusorosa,41.387,-34.174,135.125,4.61
445,49.5304,70.745,116,vehicle.mitsubishi.fusorosa,40.831,-34.174,135.125,4.61
445,49.5305,70.756,116,vehicle.mitsubishi.fusorosa,42.079,-34.174,135.125,4.61
445,49.5305,70.769,116,vehicle.mitsubishi.fusorosa,44.658,-34.174,135.125,4.61
446,49.6349,70.782,116,vehicle.mitsubishi.fusorosa,47.726,-34.174,135.125,4.61
446,49.6351,70.794,116,vehicle.mitsubishi.fusorosa,47.229,-34.174,135.125,4.61
446,49.6351,70.806,116,vehicle.mitsubishi.fusorosa,43.046,-34.174,135.125,4.61
446,49.6352,70.817,116,vehicle.mitsubishi.fusorosa,42.099,-34.174,135.125,4.61
446,49.6352,70.829,116,vehicle.mitsubishi.fusorosa,43.791,-34.174,135.125,4.61
446,49.6352,70.841,116,vehicle.mitsubishi.fusorosa,42.732,-34.174,135.125,4.61
446,49.6353,70.852,116,vehicle.mitsubishi.fusorosa,41.074,-34.174,135.125,4.61
446,49.6353,70.863,116,vehicle.mitsubishi.fusorosa,41.037,-34.174,135.125,4.61
446,49.6353,70.875,116,vehicle.mitsubishi.fusorosa,44.216,-34.174,135.125,4.61
447,49.7404,70.888,116,vehicle.mitsubishi.fusorosa,45.544,-34.174,135.125,4.62
447,49.7406,70.900,116,vehicle.mitsubishi.fusorosa,46.989,-34.174,135.125,4.62
447,49.7406,70.911,116,vehicle.mitsubishi.fusorosa,41.829,-34.174,135.125,4.62
447,49.7407,70.923,116,vehicle.mitsubishi.fusorosa,42.536,-34.174,135.125,4.62
447,49.7407,70.935,116,vehicle.mitsubishi.fusorosa,42.720,-34.174,135.125,4.62
447,49.7407,70.947,116,vehicle.mitsubishi.fusorosa,43.334,-34.174,135.125,4.62
447,49.7408,70.958,116,vehicle.mitsubishi.fusorosa,42.197,-34.174,135.125,4.62
447,49.7408,70.970,116,vehicle.mitsubishi.fusorosa,42.519,-34.174,135.125,4.62
447,49.7408,70.982,116,vehicle.mitsubishi.fusorosa,43.770,-34.174,135.125,4.62
448,49.8579,70.994,116,vehicle.mitsubishi.fusorosa,43.261,-34.174,135.125,4.62
448,49.8580,71.005,116,vehicle.mitsubishi.fusorosa,45.723,-34.174,135.125,4.62
448,49.8581,71.017,116,vehicle.mitsubishi.fusorosa,42.057,-34.174,135.125,4.62
448,49.8581,71.028,116,vehicle.mitsubishi.fusorosa,42.096,-34.174,135.125,4.62
448,49.8581,71.040,116,vehicle.mitsubishi.fusorosa,42.651,-34.174,135.125,4.62
448,49.8582,71.052,116,vehicle.mitsubishi.fusorosa,42.730,-34.174,135.125,4.62
448,49.8582,71.064,116,vehicle.mitsubishi.fusorosa,42.559,-34.174,135.125,4.62
448,49.8582,71.075,116,vehicle.mitsubishi.fusorosa,41.653,-34.174,135.125,4.62
448,49.8583,71.086,116,vehicle.mitsubishi.fusorosa,41.890,-34.174,135.125,4.62
448,49.8583,71.098,116,vehicle.mitsubishi.fusorosa,42.264,-34.174,135.125,4.62
449,49.9618,71.110,116,vehicle.mitsubishi.fusorosa,42.903,-34.174,135.125,4.62
449,49.9619,71.122,116,vehicle.mitsubishi.fusorosa,46.257,-34.174,135.125,4.62
449,49.9620,71.133,116,vehicle.mitsubishi.fusorosa,42.018,-34.174,135.125,4.62
449,49.9620,71.145,116,vehicle.mitsubishi.fusorosa,41.863,-34.174,135.125,4.62
449,49.9620,71.157,116,vehicle.mitsubishi.fusorosa,42.316,-34.174,135.125,4.62
449,49.9620,71.168,116,vehicle.mitsubishi.fusorosa,42.209,-34.174,135.125,4.62
449,49.9621,71.179,116,vehicle.mitsubishi.fusorosa,41.020,-34.174,135.125,4.62
449,49.9621,71.191,116,vehicle.mitsubishi.fusorosa,42.041,-34.174,135.125,4.61
449,49.9621,71.203,116,vehicle.mitsubishi.fusorosa,43.675,-34.174,135.125,4.61
450,50.0750,71.215,116,vehicle.mitsubishi.fusorosa,43.930,-34.174,135.125,4.61
450,50.0751,71.227,116,vehicle.mitsubishi.fusorosa,44.641,-34.174,135.125,4.61
450,50.0752,71.244,116,vehicle.mitsubishi.fusorosa,60.211,-34.174,135.125,4.61
450,50.0752,71.256,116,vehicle.mitsubishi.fusorosa,46.040,-34.174,135.125,4.61
450,50.0752,71.268,116,vehicle.mitsubishi.fusorosa,43.353,-34.174,135.125,4.61
450,50.0753,71.279,116,vehicle.mitsubishi.fusorosa,42.859,-34.174,135.125,4.61
450,50.0753,71.291,116,vehicle.mitsubishi.fusorosa,43.940,-34.174,135.125,4.61
450,50.0753,71.303,116,vehicle.mitsubishi.fusorosa,42.330,-34.174,135.125,4.61
450,50.0754,71.315,116,vehicle.mitsubishi.fusorosa,44.425,-34.174,135.125,4.61
451,50.1828,71.327,116,vehicle.mitsubishi.fusorosa,43.866,-34.174,135.125,4.61
451,50.1834,71.339,116,vehicle.mitsubishi.fusorosa,46.166,-34.174,135.125,4.61
451,50.1834,71.351,116,vehicle.mitsubishi.fusorosa,43.748,-34.174,135.125,4.61
451,50.1835,71.363,116,vehicle.mitsubishi.fusorosa,43.261,-34.174,135.125,4.61
451,50.1835,71.375,116,vehicle.mitsubishi.fusorosa,42.326,-34.174,135.125,4.61
451,50.1836,71.387,116,vehicle.mitsubishi.fusorosa,43.331,-34.174,135.125,4.61
451,50.1836,71.398,116,vehicle.mitsubishi.fusorosa,41.666,-34.174,135.125,4.61
451,50.1836,71.410,116,vehicle.mitsubishi.fusorosa,41.451,-34.174,135.125,4.61
451,50.1837,71.422,116,vehicle.mitsubishi.fusorosa,44.407,-34.174,135.125,4.61
452,50.3017,71.434,116,vehicle.mitsubishi.fusorosa,45.766,-34.174,135.125,4.61
452,50.3019,71.446,116,vehicle.mitsubishi.fusorosa,45.657,-34.174,135.125,4.61
452,50.3020,71.458,116,vehicle.mitsubishi.fusorosa,41.589,-34.174,135.125,4.61
452,50.3021,71.469,116,vehicle.mitsubishi.fusorosa,41.561,-34.175,135.125,4.61
452,50.3022,71.481,116,vehicle.mitsubishi.fusorosa,41.152,-34.175,135.125,4.61
452,50.3023,71.492,116,vehicle.mitsubishi.fusorosa,42.469,-34.175,135.125,4.61
452,50.3023,71.504,116,vehicle.mitsubishi.fusorosa,44.073,-34.175,135.125,4.61
452,50.3023,71.516,116,vehicle.mitsubishi.fusorosa,41.901,-34.175,135.125,4.61
452,50.3024,71.528,116,vehicle.mitsubishi.fusorosa,43.256,-34.175,135.125,4.61
452,50.3024,71.540,116,vehicle.mitsubishi.fusorosa,45.553,-34.175,135.125,4.61
453,50.4068,71.553,116,vehicle.mitsubishi.fusorosa,46.172,-34.175,135.125,4.61
453,50.4070,71.565,116,vehicle.mitsubishi.fusorosa,45.911,-34.175,135.125,4.61
453,50.4070,71.577,116,vehicle.mitsubishi.fusorosa,42.603,-34.175,135.125,4.61
453,50.4071,71.588,116,vehicle.mitsubishi.fusorosa,42.769,-34.175,135.125,4.61
453,50.4071,71.600,116,vehicle.mitsubishi.fusorosa,41.625,-34.175,135.125,4.61
453,50.4071,71.611,116,vehicle.mitsubishi.fusorosa,41.203,-34.175,135.125,4.61
453,50.4072,71.623,116,vehicle.mitsubishi.fusorosa,42.973,-34.175,135.125,4.61
453,50.4072,71.635,116,vehicle.mitsubishi.fusorosa,45.078,-34.175,135.125,4.61
453,50.4072,71.648,116,vehicle.mitsubishi.fusorosa,45.356,-34.175,135.125,4.61
454,50.5117,71.660,116,vehicle.mitsubishi.fusorosa,43.587,-34.175,135.125,4.61
454,50.5118,71.672,116,vehicle.mitsubishi.fusorosa,45.472,-34.175,135.125,4.61
454,50.5119,71.683,116,vehicle.mitsubishi.fusorosa,41.338,-34.175,135.125,4.61
454,50.5119,71.695,116,vehicle.mitsubishi.fusorosa,42.591,-34.175,135.125,4.61
454,50.5119,71.706,116,vehicle.mitsubishi.fusorosa,41.875,-34.175,135.125,4.61
454,50.5120,71.717,116,vehicle.mitsubishi.fusorosa,41.546,-34.175,135.125,4.61
454,50.5120,71.729,116,vehicle.mitsubishi.fusorosa,43.265,-34.175,135.125,4.61
454,50.5120,71.741,116,vehicle.mitsubishi.fusorosa,42.399,-34.175,135.125,4.61
454,50.5121,71.754,116,vehicle.mitsubishi.fusorosa,46.901,-34.175,135.125,4.61
455,50.6170,71.766,116,vehicle.mitsubishi.fusorosa,46.470,-34.175,135.125,4.61
455,50.6172,71.777,116,vehicle.mitsubishi.fusorosa,49.564,-34.175,135.125,4.61
455,50.6172,71.789,116,vehicle.mitsubishi.fusorosa,50.385,-34.175,135.125,4.61
455,50.6172,71.800,116,vehicle.mitsubishi.fusorosa,49.824,-34.176,135.125,4.61
455,50.6173,71.811,116,vehicle.mitsubishi.fusorosa,49.875,-34.176,135.124,4.61
455,50.6173,71.823,116,vehicle.mitsubishi.fusorosa,50.048,-34.177,135.124,4.60
455,50.6173,71.834,116,vehicle.mitsubishi.fusorosa,52.356,-34.178,135.124,4.60
455,50.6174,71.846,116,vehicle.mitsubishi.fusorosa,50.284,-34.178,135.124,4.60
455,50.6174,71.858,116,vehicle.mitsubishi.fusorosa,56.355,-34.179,135.123,4.60
456,50.7384,71.870,116,vehicle.mitsubishi.fusorosa,51.643,-34.179,135.123,4.60
456,50.7385,71.882,116,vehicle.mitsubishi.fusorosa,54.810,-34.180,135.123,4.60
456,50.7386,71.894,116,vehicle.mitsubishi.fusorosa,54.472,-34.181,135.123,4.59
456,50.7387,71.906,116,vehicle.mitsubishi.fusorosa,53.240,-34.181,135.122,4.59
456,50.7387,71.917,116,vehicle.mitsubishi.fusorosa,52.213,-34.182,135.122,4.59
456,50.7387,71.928,116,vehicle.mitsubishi.fusorosa,52.079,-34.182,135.122,4.59
456,50.7388,71.940,116,vehicle.mitsubishi.fusorosa,53.406,-34.183,135.122,4.59
456,50.7388,71.952,116,vehicle.mitsubishi.fusorosa,54.058,-34.183,135.122,4.59
456,50.7388,71.964,116,vehicle.mitsubishi.fusorosa,53.049,-34.184,135.121,4.59
456,50.7388,71.975,116,vehicle.mitsubishi.fusorosa,54.173,-34.184,135.121,4.59
457,50.8429,71.988,116,vehicle.mitsubishi.fusorosa,56.893,-34.185,135.121,4.58
457,50.8430,72.000,116,vehicle.mitsubishi.fusorosa,53.280,-34.185,135.121,4.58
457,50.8431,72.012,116,vehicle.mitsubishi.fusorosa,53.569,-34.186,135.121,4.58
457,50.8431,72.023,116,vehicle.mitsubishi.fusorosa,54.856,-34.186,135.120,4.58
457,50.8431,72.035,116,vehicle.mitsubishi.fusorosa,53.947,-34.187,135.120,4.58
457,50.8432,72.047,116,vehicle.mitsubishi.fusorosa,53.034,-34.187,135.120,4.57
457,50.8432,72.059,116,vehicle.mitsubishi.fusorosa,55.005,-34.187,135.120,4.57
457,50.8432,72.071,116,vehicle.mitsubishi.fusorosa,53.899,-34.188,135.120,4.56
457,50.8433,72.084,116,vehicle.mitsubishi.fusorosa,57.553,-34.188,135.119,4.56
458,50.9457,72.097,116,vehicle.mitsubishi.fusorosa,58.121,-34.188,135.119,4.56
458,50.9459,72.115,116,vehicle.mitsubishi.fusorosa,79.077,-34.189,135.119,4.55
458,50.9459,72.127,116,vehicle.mitsubishi.fusorosa,54.718,-34.189,135.119,4.55
458,50.9459,72.139,116,vehicle.mitsubishi.fusorosa,43.103,-34.190,135.119,4.55
458,50.9460,72.150,116,vehicle.mitsubishi.fusorosa,41.357,-34.190,135.119,4.55
458,50.9460,72.162,116,vehicle.mitsubishi.fusorosa,43.913,-34.190,135.118,4.55
458,50.9460,72.174,116,vehicle.mitsubishi.fusorosa,43.655,-34.190,135.118,4.55
458,50.9461,72.187,116,vehicle.mitsubishi.fusorosa,50.173,-34.190,135.118,4.54
459,51.0574,72.200,116,vehicle.mitsubishi.fusorosa,44.678,-34.190,135.118,4.54
459,51.0576,72.212,116,vehicle.mitsubishi.fusorosa,46.517,-34.191,135.118,4.54
459,51.0576,72.224,116,vehicle.mitsubishi.fusorosa,43.396,-34.191,135.118,4.54
459,51.0576,72.237,116,vehicle.mitsubishi.fusorosa,45.978,-34.191,135.118,4.54
459,51.0577,72.249,116,vehicle.mitsubishi.fusorosa,38.056,-34.191,135.118,4.55
459,51.0577,72.261,116,vehicle.mitsubishi.fusorosa,42.025,-34.191,135.118,4.55
459,51.0577,72.273,116,vehicle.mitsubishi.fusorosa,44.171,-34.191,135.118,4.55
459,51.0578,72.285,116,vehicle.mitsubishi.fusorosa,45.366,-34.191,135.118,4.56
459,51.0578,72.298,116,vehicle.mitsubishi.fusorosa,51.000,-34.191,135.118,4.56
460,51.1645,72.311,116,vehicle.mitsubishi.fusorosa,51.680,-34.190,135.118,4.56
460,51.1646,72.323,116,vehicle.mitsubishi.fusorosa,54.096,-34.190,135.118,4.57
460,51.1647,72.334,116,vehicle.mitsubishi.fusorosa,47.264,-34.190,135.118,4.57
460,51.1647,72.346,116,vehicle.mitsubishi.fusorosa,49.601,-34.190,135.118,4.58
460,51.1647,72.358,116,vehicle.mitsubishi.fusorosa,48.018,-34.190,135.118,4.58
460,51.1648,72.370,116,vehicle.mitsubishi.fusorosa,48.506,-34.190,135.118,4.58
460,51.1648,72.381,116,vehicle.mitsubishi.fusorosa,41.608,-34.190,135.118,4.59
460,51.1648,72.393,116,vehicle.mitsubishi.fusorosa,43.664,-34.190,135.118,4.60
460,51.1648,72.406,116,vehicle.mitsubishi.fusorosa,50.766,-34.190,135.118,4.60
461,51.2745,72.419,116,vehicle.mitsubishi.fusorosa,49.990,-34.190,135.118,4.60
461,51.2746,72.430,116,vehicle.mitsubishi.fusorosa,55.825,-34.190,135.118,4.61
461,51.2747,72.442,116,vehicle.mitsubishi.fusorosa,35.626,-34.189,135.118,4.63
461,51.2747,72.454,116,vehicle.mitsubishi.fusorosa,44.931,-34.189,135.118,4.63
461,51.2747,72.466,116,vehicle.mitsubishi.fusorosa,47.148,-34.189,135.119,4.64
461,51.2748,72.478,116,vehicle.mitsubishi.fusorosa,41.136,-34.188,135.119,4.65
461,51.2748,72.490,116,vehicle.mitsubishi.fusorosa,48.577,-34.188,135.119,4.66
461,51.2749,72.502,116,vehicle.mitsubishi.fusorosa,44.611,-34.188,135.119,4.67
461,51.2749,72.515,116,vehicle.mitsubishi.fusorosa,52.405,-34.188,135.119,4.68
462,51.3954,72.527,116,vehicle.mitsubishi.fusorosa,54.637,-34.187,135.119,4.68
462,51.3955,72.538,116,vehicle.mitsubishi.fusorosa,49.376,-34.187,135.119,4.69
462,51.3956,72.550,116,vehicle.mitsubishi.fusorosa,45.492,-34.187,135.119,4.69
462,51.3956,72.562,116,vehicle.mitsubishi.fusorosa,47.289,-34.187,135.119,4.70
462,51.3957,72.573,116,vehicle.mitsubishi.fusorosa,43.812,-34.187,135.120,4.71
462,51.3957,72.585,116,vehicle.mitsubishi.fusorosa,44.228,-34.186,135.120,4.72
462,51.3957,72.597,116,vehicle.mitsubishi.fusorosa,48.051,-34.186,135.120,4.72
462,51.3958,72.609,116,vehicle.mitsubishi.fusorosa,40.215,-34.186,135.120,4.73
462,51.3958,72.621,116,vehicle.mitsubishi.fusorosa,49.230,-34.185,135.120,4.74
462,51.3958,72.635,116,vehicle.mitsubishi.fusorosa,54.055,-34.185,135.120,4.75
463,51.5052,72.647,116,vehicle.mitsubishi.fusorosa,53.289,-34.185,135.120,4.75
463,51.5053,72.660,116,vehicle.mitsubishi.fusorosa,44.064,-34.184,135.120,4.77
463,51.5054,72.671,116,vehicle.mitsubishi.fusorosa,45.234,-34.184,135.120,4.78
463,51.5054,72.683,116,vehicle.mitsubishi.fusorosa,48.944,-34.184,135.121,4.78
463,51.5055,72.695,116,vehicle.mitsubishi.fusorosa,45.823,-34.184,135.121,4.79
463,51.5055,72.707,116,vehicle.mitsubishi.fusorosa,42.724,-34.184,135.121,4.80
463,51.5055,72.719,116,vehicle.mitsubishi.fusorosa,47.785,-34.183,135.121,4.80
463,51.5056,72.731,116,vehicle.mitsubishi.fusorosa,48.411,-34.183,135.121,4.81
463,51.5056,72.743,116,vehicle.mitsubishi.fusorosa,49.504,-34.183,135.121,4.81
464,51.6108,72.755,116,vehicle.mitsubishi.fusorosa,47.384,-34.183,135.121,4.82
464,51.6109,72.768,116,vehicle.mitsubishi.fusorosa,49.155,-34.183,135.121,4.82
464,51.6110,72.780,116,vehicle.mitsubishi.fusorosa,45.535,-34.183,135.121,4.83
464,51.6110,72.791,116,vehicle.mitsubishi.fusorosa,39.783,-34.183,135.121,4.83
464,51.6110,72.802,116,vehicle.mitsubishi.fusorosa,43.654,-34.183,135.121,4.84
464,51.6111,72.815,116,vehicle.mitsubishi.fusorosa,52.446,-34.183,135.121,4.84
464,51.6111,72.826,116,vehicle.mitsubishi.fusorosa,46.551,-34.183,135.121,4.85
464,51.6111,72.838,116,vehicle.mitsubishi.fusorosa,47.019,-34.182,135.121,4.85
464,51.6112,72.851,116,vehicle.mitsubishi.fusorosa,55.950,-34.182,135.121,4.86
465,51.7102,72.863,116,vehicle.mitsubishi.fusorosa,46.681,-34.182,135.121,4.87
465,51.7104,72.879,116,vehicle.mitsubishi.fusorosa,66.804,-34.182,135.121,4.87
465,51.7104,72.890,116,vehicle.mitsubishi.fusorosa,48.178,-34.182,135.121,4.88
465,51.7104,72.902,116,vehicle.mitsubishi.fusorosa,43.356,-34.182,135.121,4.89
465,51.7105,72.913,116,vehicle.mitsubishi.fusorosa,40.596,-34.181,135.122,4.90
465,51.7105,72.925,116,vehicle.mitsubishi.fusorosa,40.570,-34.181,135.122,4.91
465,51.7105,72.937,116,vehicle.mitsubishi.fusorosa,36.382,-34.181,135.122,4.91
465,51.7106,72.949,116,vehicle.mitsubishi.fusorosa,37.484,-34.181,135.122,4.91
466,51.8302,72.961,116,vehicle.mitsubishi.fusorosa,41.195,-34.181,135.122,4.92
466,51.8304,72.973,116,vehicle.mitsubishi.fusorosa,43.108,-34.181,135.122,4.92
466,51.8305,72.984,116,vehicle.mitsubishi.fusorosa,37.305,-34.181,135.122,4.93
466,51.8305,72.996,116,vehicle.mitsubishi.fusorosa,41.108,-34.181,135.122,4.93
466,51.8305,73.008,116,vehicle.mitsubishi.fusorosa,45.627,-34.180,135.122,4.94
466,51.8306,73.019,116,vehicle.mitsubishi.fusorosa,40.889,-34.180,135.122,4.94
466,51.8306,73.031,116,vehicle.mitsubishi.fusorosa,42.192,-34.180,135.122,4.95
466,51.8306,73.042,116,vehicle.mitsubishi.fusorosa,46.194,-34.180,135.122,4.95
466,51.8307,73.054,116,vehicle.mitsubishi.fusorosa,46.625,-34.180,135.122,4.95
466,51.8307,73.066,116,vehicle.mitsubishi.fusorosa,44.130,-34.180,135.122,4.96
467,51.9305,73.078,116,vehicle.mitsubishi.fusorosa,47.084,-34.180,135.122,4.96
467,51.9307,73.090,116,vehicle.mitsubishi.fusorosa,39.968,-34.180,135.122,4.97
467,51.9307,73.102,116,vehicle.mitsubishi.fusorosa,44.586,-34.180,135.122,4.97
467,51.9307,73.113,116,vehicle.mitsubishi.fusorosa,42.297,-34.180,135.122,4.98
467,51.9308,73.124,116,vehicle.mitsubishi.fusorosa,42.336,-34.180,135.122,4.98
467,51.9308,73.136,116,vehicle.mitsubishi.fusorosa,43.984,-34.180,135.122,4.99
467,51.9309,73.147,116,vehicle.mitsubishi.fusorosa,42.683,-34.180,135.122,4.99
467,51.9309,73.158,116,vehicle.mitsubishi.fusorosa,45.326,-34.180,135.122,5.00
467,51.9310,73.171,116,vehicle.mitsubishi.fusorosa,50.984,-34.180,135.122,5.01
468,52.0377,73.184,116,vehicle.mitsubishi.fusorosa,43.721,-34.179,135.122,5.01
468,52.0379,73.196,116,vehicle.mitsubishi.fusorosa,46.594,-34.179,135.122,5.02
468,52.0379,73.208,116,vehicle.mitsubishi.fusorosa,46.837,-34.179,135.122,5.02
468,52.0379,73.219,116,vehicle.mitsubishi.fusorosa,44.479,-34.179,135.122,5.02
468,52.0380,73.230,116,vehicle.mitsubishi.fusorosa,45.647,-34.179,135.122,5.03
468,52.0380,73.242,116,vehicle.mitsubishi.fusorosa,51.913,-34.179,135.122,5.03
468,52.0380,73.254,116,vehicle.mitsubishi.fusorosa,33.386,-34.179,135.122,5.04
468,52.0381,73.266,116,vehicle.mitsubishi.fusorosa,39.016,-34.179,135.123,5.04
468,52.0381,73.278,116,vehicle.mitsubishi.fusorosa,38.677,-34.179,135.123,5.05
469,52.1554,73.291,116,vehicle.mitsubishi.fusorosa,41.393,-34.179,135.123,5.05
469,52.1555,73.303,116,vehicle.mitsubishi.fusorosa,38.002,-34.179,135.123,5.06
469,52.1556,73.314,116,vehicle.mitsubishi.fusorosa,44.724,-34.179,135.123,5.06
469,52.1556,73.326,116,vehicle.mitsubishi.fusorosa,46.628,-34.179,135.123,5.07
469,52.1556,73.337,116,vehicle.mitsubishi.fusorosa,41.800,-34.178,135.123,5.08
469,52.1557,73.349,116,vehicle.mitsubishi.fusorosa,44.328,-34.178,135.123,5.08
469,52.1557,73.361,116,vehicle.mitsubishi.fusorosa,46.951,-34.178,135.123,5.09
469,52.1557,73.372,116,vehicle.mitsubishi.fusorosa,50.401,-34.178,135.123,5.09
469,52.1558,73.384,116,vehicle.mitsubishi.fusorosa,46.346,-34.177,135.123,5.11
469,52.1558,73.396,116,vehicle.mitsubishi.fusorosa,43.835,-34.176,135.124,5.13
470,52.2635,73.408,116,vehicle.mitsubishi.fusorosa,49.962,-34.176,135.124,5.15
470,52.2636,73.420,116,vehicle.mitsubishi.fusorosa,45.505,-34.174,135.125,5.18
470,52.2637,73.432,116,vehicle.mitsubishi.fusorosa,50.585,-34.174,135.125,5.19
470,52.2637,73.444,116,vehicle.mitsubishi.fusorosa,52.829,-34.172,135.126,5.22
470,52.2637,73.456,116,vehicle.mitsubishi.fusorosa,46.158,-34.171,135.127,5.25
470,52.2637,73.468,116,vehicle.mitsubishi.fusorosa,52.388,-34.169,135.127,5.28
470,52.2638,73.480,116,vehicle.mitsubishi.fusorosa,50.420,-34.166,135.129,5.33
470,52.2638,73.492,116,vehicle.mitsubishi.fusorosa,47.754,-34.163,135.130,5.38
470,52.2638,73.504,116,vehicle.mitsubishi.fusorosa,49.094,-34.160,135.131,5.43
471,52.3728,73.515,116,vehicle.mitsubishi.fusorosa,49.047,-34.157,135.133,5.48
471,52.3730,73.527,116,vehicle.mitsubishi.fusorosa,73.900,-34.154,135.134,5.54
471,52.3730,73.540,116,vehicle.mitsubishi.fusorosa,47.183,-34.150,135.136,5.61
471,52.3731,73.552,116,vehicle.mitsubishi.fusorosa,48.449,-34.146,135.138,5.68
471,52.3731,73.563,116,vehicle.mitsubishi.fusorosa,51.892,-34.142,135.140,5.76
471,52.3731,73.575,116,vehicle.mitsubishi.fusorosa,48.768,-34.138,135.142,5.84
471,52.3732,73.586,116,vehicle.mitsubishi.fusorosa,47.107,-34.133,135.144,5.93
471,52.3732,73.598,116,vehicle.mitsubishi.fusorosa,50.741,-34.128,135.146,6.03
471,52.3732,73.610,116,vehicle.mitsubishi.fusorosa,42.943,-34.122,135.149,6.11
472,52.4755,73.622,116,vehicle.mitsubishi.fusorosa,47.136,-34.117,135.152,6.17
472,52.4757,73.634,116,vehicle.mitsubishi.fusorosa,165.934,-34.111,135.154,6.23
472,52.4757,73.646,116,vehicle.mitsubishi.fusorosa,44.212,-34.107,135.156,6.25
472,52.4758,73.657,116,vehicle.mitsubishi.fusorosa,65.398,-34.104,135.158,6.28
472,52.4758,73.669,116,vehicle.mitsubishi.fusorosa,70.806,-34.101,135.159,6.30
472,52.4758,73.681,116,vehicle.mitsubishi.fusorosa,67.357,-34.098,135.161,6.32
472,52.4759,73.692,116,vehicle.mitsubishi.fusorosa,59.024,-34.095,135.162,6.36
472,52.4759,73.703,116,vehicle.mitsubishi.fusorosa,60.818,-34.093,135.163,6.38
472,52.4759,73.715,116,vehicle.mitsubishi.fusorosa,64.116,-34.090,135.164,6.40
473,52.5934,73.727,116,vehicle.mitsubishi.fusorosa,66.147,-34.088,135.166,6.43
473,52.5935,73.739,116,vehicle.mitsubishi.fusorosa,97.362,-34.086,135.167,6.45
473,52.5936,73.751,116,vehicle.mitsubishi.fusorosa,64.955,-34.084,135.167,6.46
473,52.5936,73.762,116,vehicle.mitsubishi.fusorosa,61.778,-34.083,135.168,6.47
473,52.5936,73.774,116,vehicle.mitsubishi.fusorosa,65.679,-34.082,135.169,6.49
473,52.5937,73.786,116,vehicle.mitsubishi.fusorosa,62.869,-34.081,135.169,6.50
473,52.5937,73.798,116,vehicle.mitsubishi.fusorosa,63.717,-34.080,135.169,6.51
473,52.5937,73.809,116,vehicle.mitsubishi.fusorosa,66.346,-34.079,135.170,6.52
473,52.5938,73.821,116,vehicle.mitsubishi.fusorosa,61.893,-34.078,135.170,6.53
473,52.5938,73.834,116,vehicle.mitsubishi.fusorosa,64.894,-34.078,135.170,6.54
474,52.7012,73.845,116,vehicle.mitsubishi.fusorosa,62.195,-34.077,135.170,6.55
474,52.7014,73.857,116,vehicle.mitsubishi.fusorosa,74.995,-34.077,135.171,6.56
474,52.7014,73.869,116,vehicle.mitsubishi.fusorosa,60.782,-34.077,135.171,6.56
474,52.7015,73.881,116,vehicle.mitsubishi.fusorosa,62.079,-34.076,135.171,6.57
474,52.7015,73.892,116,vehicle.mitsubishi.fusorosa,61.432,-34.076,135.171,6.57
474,52.7015,73.903,116,vehicle.mitsubishi.fusorosa,57.485,-34.075,135.171,6.58
474,52.7016,73.915,116,vehicle.mitsubishi.fusorosa,60.476,-34.075,135.171,6.58
474,52.7016,73.927,116,vehicle.mitsubishi.fusorosa,62.060,-34.074,135.172,6.59
474,52.7016,73.939,116,vehicle.mitsubishi.fusorosa,61.316,-34.074,135.172,6.59
475,52.8175,73.950,116,vehicle.mitsubishi.fusorosa,59.898,-34.074,135.172,6.60
475,52.8177,73.962,116,vehicle.mitsubishi.fusorosa,74.872,-34.073,135.172,6.60
475,52.8177,73.974,116,vehicle.mitsubishi.fusorosa,59.581,-34.073,135.172,6.61
475,52.8178,73.985,116,vehicle.mitsubishi.fusorosa,59.760,-34.072,135.172,6.61
475,52.8178,73.997,116,vehicle.mitsubishi.fusorosa,61.478,-34.072,135.173,6.62
475,52.8178,74.009,116,vehicle.mitsubishi.fusorosa,59.851,-34.072,135.173,6.62
475,52.8179,74.020,116,vehicle.mitsubishi.fusorosa,61.018,-34.071,135.173,6.63
475,52.8179,74.032,116,vehicle.mitsubishi.fusorosa,61.754,-34.071,135.173,6.63
475,52.8179,74.044,116,vehicle.mitsubishi.fusorosa,60.463,-34.070,135.173,6.64
475,52.8180,74.056,116,vehicle.mitsubishi.fusorosa,62.008,-34.070,135.173,6.64
476,52.9251,74.068,116,vehicle.mitsubishi.fusorosa,64.339,-34.070,135.173,6.65
476,52.9252,74.080,116,vehicle.mitsubishi.fusorosa,70.663,-34.069,135.174,6.66
476,52.9253,74.091,116,vehicle.mitsubishi.fusorosa,59.966,-34.069,135.174,6.66
476,52.9253,74.103,116,vehicle.mitsubishi.fusorosa,59.114,-34.068,135.174,6.66
476,52.9253,74.114,116,vehicle.mitsubishi.fusorosa,62.285,-34.068,135.174,6.67
476,52.9254,74.126,116,vehicle.mitsubishi.fusorosa,63.185,-34.067,135.174,6.67
476,52.9254,74.138,116,vehicle.mitsubishi.fusorosa,64.535,-34.067,135.174,6.67
476,52.9254,74.150,116,vehicle.mitsubishi.fusorosa,64.441,-34.067,135.174,6.68
476,52.9255,74.163,116,vehicle.mitsubishi.fusorosa,70.864,-34.066,135.174,6.68
477,53.0335,74.176,116,vehicle.mitsubishi.fusorosa,66.767,-34.066,135.174,6.69
477,53.0336,74.188,116,vehicle.mitsubishi.fusorosa,71.048,-34.065,135.174,6.69
477,53.0337,74.200,116,vehicle.mitsubishi.fusorosa,63.279,-34.065,135.174,6.69
477,53.0337,74.211,116,vehicle.mitsubishi.fusorosa,60.830,-34.064,135.174,6.69
477,53.0338,74.223,116,vehicle.mitsubishi.fusorosa,62.370,-34.064,135.174,6.70
477,53.0338,74.235,116,vehicle.mitsubishi.fusorosa,65.032,-34.063,135.174,6.70
477,53.0338,74.247,116,vehicle.mitsubishi.fusorosa,64.445,-34.063,135.174,6.70
477,53.0339,74.258,116,vehicle.mitsubishi.fusorosa,63.201,-34.062,135.174,6.70
477,53.0339,74.270,116,vehicle.mitsubishi.fusorosa,65.864,-34.062,135.174,6.70
478,53.1484,74.283,116,vehicle.mitsubishi.fusorosa,70.530,-34.062,135.174,6.71
478,53.1485,74.295,116,vehicle.mitsubishi.fusorosa,70.514,-34.061,135.174,6.71
478,53.1486,74.307,116,vehicle.mitsubishi.fusorosa,64.398,-34.061,135.174,6.71
478,53.1486,74.319,116,vehicle.mitsubishi.fusorosa,62.915,-34.060,135.173,6.71
478,53.1486,74.331,116,vehicle.mitsubishi.fusorosa,63.473,-34.060,135.173,6.72
478,53.1487,74.342,116,vehicle.mitsubishi.fusorosa,61.138,-34.059,135.173,6.72
478,53.1487,74.353,116,vehicle.mitsubishi.fusorosa,62.119,-34.059,135.173,6.72
478,53.1487,74.365,116,vehicle.mitsubishi.fusorosa,60.894,-34.058,135.173,6.72
478,53.1489,74.376,116,vehicle.mitsubishi.fusorosa,63.103,-34.058,135.173,6.73
478,53.1489,74.389,116,vehicle.mitsubishi.fusorosa,69.681,-34.058,135.173,6.73
479,53.2532,74.402,116,vehicle.mitsubishi.fusorosa,68.571,-34.057,135.173,6.73
479,53.2533,74.414,116,vehicle.mitsubishi.fusorosa,68.757,-34.057,135.173,6.73
479,53.2533,74.426,116,vehicle.mitsubishi.fusorosa,63.644,-34.056,135.173,6.74
479,53.2534,74.437,116,vehicle.mitsubishi.fusorosa,60.955,-34.056,135.173,6.74
479,53.2534,74.448,116,vehicle.mitsubishi.fusorosa,61.778,-34.055,135.173,6.74
479,53.2534,74.459,116,vehicle.mitsubishi.fusorosa,58.734,-34.055,135.173,6.74
479,53.2535,74.471,116,vehicle.mitsubishi.fusorosa,63.622,-34.054,135.173,6.74
479,53.2535,74.482,116,vehicle.mitsubishi.fusorosa,62.832,-34.054,135.173,6.75
479,53.2535,74.495,116,vehicle.mitsubishi.fusorosa,68.683,-34.054,135.173,6.75
480,53.3592,74.508,116,vehicle.mitsubishi.fusorosa,68.887,-34.053,135.173,6.75
480,53.3594,74.520,116,vehicle.mitsubishi.fusorosa,69.277,-34.053,135.173,6.76
480,53.3594,74.531,116,vehicle.mitsubishi.fusorosa,60.860,-34.052,135.173,6.76
480,53.3594,74.543,116,vehicle.mitsubishi.fusorosa,61.974,-34.052,135.173,6.76
480,53.3595,74.554,116,vehicle.mitsubishi.fusorosa,59.654,-34.051,135.173,6.76
480,53.3595,74.565,116,vehicle.mitsubishi.fusorosa,62.370,-34.051,135.173,6.76
480,53.3595,74.577,116,vehicle.mitsubishi.fusorosa,64.747,-34.050,135.173,6.76
480,53.3596,74.589,116,vehicle.mitsubishi.fusorosa,63.766,-34.050,135.172,6.77
480,53.3596,74.601,116,vehicle.mitsubishi.fusorosa,68.048,-34.050,135.172,6.77
481,53.4805,74.613,116,vehicle.mitsubishi.fusorosa,64.974,-34.049,135.172,6.77
481,53.4807,74.625,116,vehicle.mitsubishi.fusorosa,70.058,-34.049,135.172,6.77
481,53.4808,74.637,116,vehicle.mitsubishi.fusorosa,63.022,-34.048,135.172,6.78
481,53.4808,74.648,116,vehicle.mitsubishi.fusorosa,61.527,-34.048,135.172,6.78
481,53.4808,74.660,116,vehicle.mitsubishi.fusorosa,66.176,-34.047,135.172,6.78
481,53.4809,74.671,116,vehicle.mitsubishi.fusorosa,61.055,-34.047,135.172,6.78
481,53.4809,74.683,116,vehicle.mitsubishi.fusorosa,65.144,-34.047,135.172,6.78
481,53.4809,74.694,116,vehicle.mitsubishi.fusorosa,63.210,-34.046,135.172,6.79
481,53.4810,74.706,116,vehicle.mitsubishi.fusorosa,63.641,-34.046,135.172,6.79
481,53.4810,74.719,116,vehicle.mitsubishi.fusorosa,70.043,-34.045,135.172,6.79
482,53.5849,74.731,116,vehicle.mitsubishi.fusorosa,66.488,-34.045,135.172,6.80
482,53.5850,74.743,116,vehicle.mitsubishi.fusorosa,62.314,-34.044,135.172,6.80
482,53.5851,74.754,116,vehicle.mitsubishi.fusorosa,62.220,-34.044,135.172,6.80
482,53.5851,74.766,116,vehicle.mitsubishi.fusorosa,63.051,-34.044,135.172,6.81
482,53.5851,74.777,116,vehicle.mitsubishi.fusorosa,61.942,-34.043,135.172,6.81
482,53.5852,74.788,116,vehicle.mitsubishi.fusorosa,59.434,-34.043,135.172,6.81
482,53.5852,74.800,116,vehicle.mitsubishi.fusorosa,59.747,-34.042,135.172,6.82
482,53.5852,74.811,116,vehicle.mitsubishi.fusorosa,59.673,-34.042,135.172,6.82
482,53.5853,74.824,116,vehicle.mitsubishi.fusorosa,66.396,-34.042,135.172,6.82
483,53.7009,74.836,116,vehicle.mitsubishi.fusorosa,62.775,-34.041,135.172,6.83
483,53.7010,74.847,116,vehicle.mitsubishi.fusorosa,67.693,-34.041,135.172,6.83
483,53.7011,74.859,116,vehicle.mitsubishi.fusorosa,61.864,-34.040,135.172,6.83
483,53.7011,74.870,116,vehicle.mitsubishi.fusorosa,60.631,-34.040,135.173,6.84
483,53.7012,74.882,116,vehicle.mitsubishi.fusorosa,60.322,-34.040,135.173,6.84
483,53.7012,74.893,116,vehicle.mitsubishi.fusorosa,57.526,-34.039,135.173,6.85
483,53.7012,74.904,116,vehicle.mitsubishi.fusorosa,59.269,-34.039,135.173,6.85
483,53.7012,74.916,116,vehicle.mitsubishi.fusorosa,60.076,-34.039,135.173,6.86
483,53.7013,74.928,116,vehicle.mitsubishi.fusorosa,60.445,-34.038,135.173,6.86
483,53.7013,74.939,116,vehicle.mitsubishi.fusorosa,59.742,-34.038,135.173,6.87
484,53.8053,74.951,116,vehicle.mitsubishi.fusorosa,62.329,-34.037,135.173,6.87
484,53.8054,74.963,116,vehicle.mitsubishi.fusorosa,67.154,-34.037,135.174,6.88
484,53.8055,74.974,116,vehicle.mitsubishi.fusorosa,57.162,-34.037,135.174,6.88
484,53.8056,74.986,116,vehicle.mitsubishi.fusorosa,61.380,-34.036,135.174,6.89
484,53.8056,74.998,116,vehicle.mitsubishi.fusorosa,61.399,-34.036,135.174,6.89
484,53.8057,75.011,116,vehicle.mitsubishi.fusorosa,63.894,-34.036,135.174,6.90
484,53.8057,75.022,116,vehicle.mitsubishi.fusorosa,59.441,-34.035,135.174,6.90
484,53.8057,75.034,116,vehicle.mitsubishi.fusorosa,61.330,-34.035,135.174,6.91
484,53.8058,75.047,116,vehicle.mitsubishi.fusorosa,69.954,-34.034,135.175,6.91
485,53.9106,75.059,116,vehicle.mitsubishi.fusorosa,63.283,-34.034,135.175,6.92
485,53.9107,75.071,116,vehicle.mitsubishi.fusorosa,64.837,-34.033,135.175,6.93
485,53.9108,75.082,116,vehicle.mitsubishi.fusorosa,58.097,-34.033,135.175,6.93
485,53.9108,75.093,116,vehicle.mitsubishi.fusorosa,58.184,-34.033,135.175,6.94
485,53.9109,75.105,116,vehicle.mitsubishi.fusorosa,61.997,-34.032,135.175,6.94
485,53.9109,75.117,116,vehicle.mitsubishi.fusorosa,60.339,-34.032,135.175,6.95
485,53.9109,75.128,116,vehicle.mitsubishi.fusorosa,59.451,-34.032,135.175,6.95
485,53.9110,75.140,116,vehicle.mitsubishi.fusorosa,58.726,-34.031,135.176,6.96
485,53.9110,75.152,116,vehicle.mitsubishi.fusorosa,62.100,-34.031,135.176,6.96
486,54.0279,75.164,116,vehicle.mitsubishi.fusorosa,64.229,-34.030,135.176,6.97
486,54.0281,75.176,116,vehicle.mitsubishi.fusorosa,66.020,-34.030,135.176,6.97
486,54.0281,75.188,116,vehicle.mitsubishi.fusorosa,61.026,-34.030,135.176,6.98
486,54.0281,75.200,116,vehicle.mitsubishi.fusorosa,60.104,-34.029,135.176,6.98
486,54.0282,75.211,116,vehicle.mitsubishi.fusorosa,59.676,-34.029,135.176,6.99
486,54.0282,75.223,116,vehicle.mitsubishi.fusorosa,61.016,-34.029,135.176,6.99
486,54.0283,75.234,116,vehicle.mitsubishi.fusorosa,58.404,-34.028,135.177,7.00
486,54.0283,75.245,116,vehicle.mitsubishi.fusorosa,58.722,-34.028,135.177,7.00
486,54.0283,75.257,116,vehicle.mitsubishi.fusorosa,58.707,-34.027,135.177,7.01
486,54.0283,75.269,116,vehicle.mitsubishi.fusorosa,61.966,-34.027,135.177,7.01
487,54.1355,75.281,116,vehicle.mitsubishi.fusorosa,65.384,-34.027,135.177,7.02
487,54.1357,75.293,116,vehicle.mitsubishi.fusorosa,67.133,-34.026,135.177,7.03
487,54.1357,75.305,116,vehicle.mitsubishi.fusorosa,61.653,-34.026,135.177,7.03
487,54.1357,75.316,116,vehicle.mitsubishi.fusorosa,58.579,-34.026,135.177,7.03
487,54.1358,75.328,116,vehicle.mitsubishi.fusorosa,60.844,-34.025,135.177,7.04
487,54.1358,75.340,116,vehicle.mitsubishi.fusorosa,62.286,-34.025,135.178,7.04
487,54.1358,75.351,116,vehicle.mitsubishi.fusorosa,59.754,-34.024,135.178,7.04
487,54.1359,75.363,116,vehicle.mitsubishi.fusorosa,60.207,-34.024,135.178,7.05
487,54.1359,75.375,116,vehicle.mitsubishi.fusorosa,64.028,-34.024,135.178,7.05
488,54.2516,75.387,116,vehicle.mitsubishi.fusorosa,62.108,-34.023,135.178,7.06
488,54.2518,75.399,116,vehicle.mitsubishi.fusorosa,67.601,-34.023,135.178,7.06
488,54.2518,75.410,116,vehicle.mitsubishi.fusorosa,58.089,-34.022,135.178,7.07
488,54.2519,75.422,116,vehicle.mitsubishi.fusorosa,59.161,-34.022,135.178,7.07
488,54.2519,75.433,116,vehicle.mitsubishi.fusorosa,58.909,-34.022,135.178,7.08
488,54.2519,75.444,116,vehicle.mitsubishi.fusorosa,60.116,-34.021,135.178,7.08
488,54.2520,75.456,116,vehicle.mitsubishi.fusorosa,60.562,-34.021,135.178,7.08
488,54.2520,75.467,116,vehicle.mitsubishi.fusorosa,57.540,-34.021,135.179,7.09
488,54.2520,75.479,116,vehicle.mitsubishi.fusorosa,61.285,-34.020,135.179,7.09
488,54.2521,75.491,116,vehicle.mitsubishi.fusorosa,64.118,-34.020,135.179,7.10
489,54.3601,75.503,116,vehicle.mitsubishi.fusorosa,62.210,-34.019,135.179,7.10
489,54.3603,75.515,116,vehicle.mitsubishi.fusorosa,68.036,-34.019,135.179,7.11
489,54.3603,75.527,116,vehicle.mitsubishi.fusorosa,58.742,-34.019,135.179,7.11
489,54.3603,75.538,116,vehicle.mitsubishi.fusorosa,60.129,-34.018,135.179,7.11
489,54.3604,75.550,116,vehicle.mitsubishi.fusorosa,60.988,-34.018,135.179,7.12
489,54.3604,75.562,116,vehicle.mitsubishi.fusorosa,60.691,-34.017,135.179,7.12
489,54.3604,75.573,116,vehicle.mitsubishi.fusorosa,60.554,-34.017,135.179,7.13
489,54.3605,75.585,116,vehicle.mitsubishi.fusorosa,61.798,-34.017,135.179,7.13
489,54.3605,75.598,116,vehicle.mitsubishi.fusorosa,64.199,-34.016,135.180,7.14
490,54.4668,75.610,116,vehicle.mitsubishi.fusorosa,62.617,-34.016,135.180,7.14
490,54.4670,75.622,116,vehicle.mitsubishi.fusorosa,68.101,-34.015,135.180,7.15
490,54.4670,75.634,116,vehicle.mitsubishi.fusorosa,59.899,-34.015,135.180,7.15
490,54.4670,75.646,116,vehicle.mitsubishi.fusorosa,65.837,-34.015,135.180,7.15
490,54.4671,75.658,116,vehicle.mitsubishi.fusorosa,63.011,-34.014,135.180,7.15
490,54.4671,75.670,116,vehicle.mitsubishi.fusorosa,64.242,-34.014,135.180,7.16
490,54.4671,75.681,116,vehicle.mitsubishi.fusorosa,61.436,-34.013,135.180,7.16
490,54.4672,75.693,116,vehicle.mitsubishi.fusorosa,64.865,-34.013,135.180,7.16
490,54.4672,75.706,116,vehicle.mitsubishi.fusorosa,68.851,-34.012,135.180,7.16
491,54.5749,75.718,116,vehicle.mitsubishi.fusorosa,64.653,-34.012,135.180,7.17
491,54.5751,75.731,116,vehicle.mitsubishi.fusorosa,72.517,-34.011,135.180,7.17
491,54.5751,75.742,116,vehicle.mitsubishi.fusorosa,62.960,-34.011,135.180,7.17
491,54.5751,75.754,116,vehicle.mitsubishi.fusorosa,62.893,-34.011,135.180,7.17
491,54.5752,75.766,116,vehicle.mitsubishi.fusorosa,65.655,-34.010,135.179,7.17
491,54.5752,75.778,116,vehicle.mitsubishi.fusorosa,65.375,-34.010,135.179,7.18
491,54.5752,75.790,116,vehicle.mitsubishi.fusorosa,67.251,-34.009,135.179,7.18
491,54.5753,75.801,116,vehicle.mitsubishi.fusorosa,62.757,-34.009,135.179,7.18
491,54.5753,75.815,116,vehicle.mitsubishi.fusorosa,72.149,-34.008,135.179,7.18
492,54.6829,75.827,116,vehicle.mitsubishi.fusorosa,66.836,-34.008,135.179,7.18
492,54.6831,75.838,116,vehicle.mitsubishi.fusorosa,69.132,-34.007,135.179,7.18
492,54.6831,75.850,116,vehicle.mitsubishi.fusorosa,64.159,-34.007,135.179,7.18
492,54.6831,75.862,116,vehicle.mitsubishi.fusorosa,65.661,-34.006,135.178,7.18
492,54.6833,75.873,116,vehicle.mitsubishi.fusorosa,63.610,-34.006,135.178,7.18
492,54.6834,75.884,116,vehicle.mitsubishi.fusorosa,65.082,-34.005,135.178,7.18
492,54.6834,75.896,116,vehicle.mitsubishi.fusorosa,67.927,-34.005,135.178,7.18
492,54.6834,75.908,116,vehicle.mitsubishi.fusorosa,66.525,-34.004,135.177,7.18
492,54.6835,75.920,116,vehicle.mitsubishi.fusorosa,67.155,-34.004,135.177,7.18
493,54.8001,75.931,116,vehicle.mitsubishi.fusorosa,67.228,-34.003,135.177,7.19
493,54.8002,75.943,116,vehicle.mitsubishi.fusorosa,69.596,-34.003,135.177,7.19
493,54.8003,75.956,116,vehicle.mitsubishi.fusorosa,72.315,-34.002,135.177,7.19
493,54.8003,75.967,116,vehicle.mitsubishi.fusorosa,66.263,-34.001,135.176,7.19
493,54.8003,75.978,116,vehicle.mitsubishi.fusorosa,62.503,-34.001,135.176,7.19
493,54.8004,75.989,116,vehicle.mitsubishi.fusorosa,65.764,-34.000,135.176,7.18
493,54.8004,76.001,116,vehicle.mitsubishi.fusorosa,67.952,-34.000,135.175,7.18
493,54.8004,76.013,116,vehicle.mitsubishi.fusorosa,66.937,-33.999,135.175,7.18
493,54.8005,76.024,116,vehicle.mitsubishi.fusorosa,66.344,-33.999,135.175,7.18
493,54.8005,76.037,116,vehicle.mitsubishi.fusorosa,71.681,-33.998,135.175,7.18
494,54.9068,76.049,116,vehicle.mitsubishi.fusorosa,69.946,-33.998,135.174,7.18
494,54.9069,76.061,116,vehicle.mitsubishi.fusorosa,71.303,-33.997,135.174,7.18
494,54.9070,76.074,116,vehicle.mitsubishi.fusorosa,69.050,-33.997,135.173,7.18
494,54.9070,76.085,116,vehicle.mitsubishi.fusorosa,66.631,-33.996,135.173,7.18
494,54.9070,76.097,116,vehicle.mitsubishi.fusorosa,66.355,-33.995,135.173,7.18
494,54.9071,76.108,116,vehicle.mitsubishi.fusorosa,65.615,-33.995,135.172,7.18
494,54.9071,76.120,116,vehicle.mitsubishi.fusorosa,66.907,-33.994,135.172,7.17
494,54.9071,76.132,116,vehicle.mitsubishi.fusorosa,70.194,-33.994,135.172,7.17
494,54.9072,76.145,116,vehicle.mitsubishi.fusorosa,72.388,-33.993,135.171,7.17
495,54.9986,76.157,116,vehicle.mitsubishi.fusorosa,71.726,-33.992,135.171,7.17
495,54.9988,76.169,116,vehicle.mitsubishi.fusorosa,66.817,-33.992,135.170,7.17
495,54.9988,76.181,116,vehicle.mitsubishi.fusorosa,69.290,-33.991,135.170,7.17
495,54.9989,76.192,116,vehicle.mitsubishi.fusorosa,66.916,-33.991,135.169,7.17
495,54.9989,76.204,116,vehicle.mitsubishi.fusorosa,66.322,-33.990,135.169,7.17
495,54.9989,76.215,116,vehicle.mitsubishi.fusorosa,66.750,-33.990,135.169,7.17
495,54.9990,76.227,116,vehicle.mitsubishi.fusorosa,67.463,-33.989,135.168,7.17
495,54.9990,76.239,116,vehicle.mitsubishi.fusorosa,70.818,-33.989,135.168,7.16
496,55.1051,76.251,116,vehicle.mitsubishi.fusorosa,66.962,-33.988,135.167,7.16
496,55.1053,76.263,116,vehicle.mitsubishi.fusorosa,47.741,-33.988,135.167,7.16
496,55.1054,76.274,116,vehicle.mitsubishi.fusorosa,65.249,-33.987,135.166,7.16
496,55.1054,76.287,116,vehicle.mitsubishi.fusorosa,66.285,-33.986,135.166,7.15
496,55.1054,76.298,116,vehicle.mitsubishi.fusorosa,66.212,-33.986,135.165,7.15
496,55.1055,76.310,116,vehicle.mitsubishi.fusorosa,57.766,-33.985,135.165,7.15
496,55.1055,76.322,116,vehicle.mitsubishi.fusorosa,66.031,-33.985,135.164,7.14
496,55.1055,76.333,116,vehicle.mitsubishi.fusorosa,60.666,-33.984,135.164,7.14
496,55.1056,76.345,116,vehicle.mitsubishi.fusorosa,65.551,-33.984,135.163,7.14
497,55.2156,76.358,116,vehicle.mitsubishi.fusorosa,67.288,-33.983,135.163,7.13
497,55.2157,76.369,116,vehicle.mitsubishi.fusorosa,69.213,-33.982,135.162,7.13
497,55.2158,76.381,116,vehicle.mitsubishi.fusorosa,64.044,-33.982,135.161,7.13
497,55.2158,76.393,116,vehicle.mitsubishi.fusorosa,67.969,-33.981,135.161,7.12
497,55.2158,76.404,116,vehicle.mitsubishi.fusorosa,65.233,-33.980,135.161,7.12
497,55.2159,76.416,116,vehicle.mitsubishi.fusorosa,66.655,-33.980,135.160,7.12
497,55.2159,76.431,116,vehicle.mitsubishi.fusorosa,83.326,-33.979,135.160,7.12
497,55.2159,76.443,116,vehicle.mitsubishi.fusorosa,71.767,-33.978,135.159,7.11
497,55.2160,76.454,116,vehicle.mitsubishi.fusorosa,59.429,-33.978,135.159,7.11
498,55.3313,76.466,116,vehicle.mitsubishi.fusorosa,71.901,-33.977,135.158,7.11
498,55.3315,76.478,116,vehicle.mitsubishi.fusorosa,74.332,-33.977,135.158,7.11
498,55.3315,76.490,116,vehicle.mitsubishi.fusorosa,73.367,-33.976,135.157,7.11
498,55.3315,76.502,116,vehicle.mitsubishi.fusorosa,76.864,-33.975,135.157,7.11
498,55.3316,76.513,116,vehicle.mitsubishi.fusorosa,73.163,-33.975,135.156,7.12
498,55.3316,76.525,116,vehicle.mitsubishi.fusorosa,72.168,-33.974,135.156,7.12
498,55.3316,76.536,116,vehicle.mitsubishi.fusorosa,69.043,-33.973,135.156,7.12
498,55.3317,76.548,116,vehicle.mitsubishi.fusorosa,71.988,-33.973,135.155,7.13
498,55.3317,76.559,116,vehicle.mitsubishi.fusorosa,70.014,-33.972,135.155,7.13
498,55.3317,76.571,116,vehicle.mitsubishi.fusorosa,70.805,-33.972,135.154,7.13
499,55.4376,76.583,116,vehicle.mitsubishi.fusorosa,73.301,-33.971,135.154,7.13
499,55.4378,76.596,116,vehicle.mitsubishi.fusorosa,77.711,-33.971,135.154,7.14
499,55.4378,76.608,116,vehicle.mitsubishi.fusorosa,75.056,-33.970,135.153,7.14
499,55.4378,76.619,116,vehicle.mitsubishi.fusorosa,69.699,-33.969,135.153,7.14
499,55.4379,76.631,116,vehicle.mitsubishi.fusorosa,68.399,-33.969,135.153,7.15
499,55.4379,76.643,116,vehicle.mitsubishi.fusorosa,71.957,-33.968,135.152,7.15
499,55.4380,76.654,116,vehicle.mitsubishi.fusorosa,70.184,-33.968,135.152,7.15
499,55.4380,76.665,116,vehicle.mitsubishi.fusorosa,67.542,-33.967,135.152,7.16
499,55.4380,76.677,116,vehicle.mitsubishi.fusorosa,71.727,-33.967,135.151,7.16
500,55.5456,76.690,116,vehicle.mitsubishi.fusorosa,74.370,-33.966,135.151,7.16
500,55.5457,76.702,116,vehicle.mitsubishi.fusorosa,79.139,-33.965,135.151,7.17
500,55.5458,76.714,116,vehicle.mitsubishi.fusorosa,68.005,-33.965,135.151,7.17
500,55.5458,76.726,116,vehicle.mitsubishi.fusorosa,74.901,-33.964,135.150,7.18
500,55.5458,76.737,116,vehicle.mitsubishi.fusorosa,71.319,-33.964,135.150,7.18
500,55.5459,76.749,116,vehicle.mitsubishi.fusorosa,69.397,-33.963,135.150,7.18
500,55.5459,76.760,116,vehicle.mitsubishi.fusorosa,68.872,-33.963,135.150,7.19
500,55.5460,76.772,116,vehicle.mitsubishi.fusorosa,69.394,-33.962,135.150,7.19
500,55.5460,76.786,116,vehicle.mitsubishi.fusorosa,80.434,-33.962,135.150,7.20
501,55.6609,76.799,116,vehicle.mitsubishi.fusorosa,79.727,-33.961,135.149,7.20
501,55.6615,76.812,116,vehicle.mitsubishi.fusorosa,89.885,-33.961,135.149,7.21
501,55.6617,76.824,116,vehicle.mitsubishi.fusorosa,79.038,-33.960,135.149,7.21
501,55.6617,76.836,116,vehicle.mitsubishi.fusorosa,67.208,-33.959,135.149,7.21
501,55.6618,76.847,116,vehicle.mitsubishi.fusorosa,70.806,-33.959,135.149,7.21
501,55.6618,76.859,116,vehicle.mitsubishi.fusorosa,62.770,-33.959,135.149,7.22
501,55.6618,76.871,116,vehicle.mitsubishi.fusorosa,74.088,-33.958,135.149,7.22
501,55.6619,76.882,116,vehicle.mitsubishi.fusorosa,69.193,-33.958,135.149,7.22
501,55.6619,76.895,116,vehicle.mitsubishi.fusorosa,70.962,-33.957,135.149,7.22
502,55.7701,76.909,116,vehicle.mitsubishi.fusorosa,70.418,-33.957,135.149,7.22
502,55.7703,76.922,116,vehicle.mitsubishi.fusorosa,85.269,-33.956,135.149,7.22
502,55.7703,76.935,116,vehicle.mitsubishi.fusorosa,76.777,-33.956,135.149,7.22
502,55.7703,76.947,116,vehicle.mitsubishi.fusorosa,72.199,-33.955,135.149,7.22
502,55.7704,76.959,116,vehicle.mitsubishi.fusorosa,72.703,-33.955,135.149,7.22
502,55.7704,76.972,116,vehicle.mitsubishi.fusorosa,74.222,-33.954,135.150,7.22
502,55.7704,76.985,116,vehicle.mitsubishi.fusorosa,75.870,-33.954,135.150,7.22
502,55.7705,76.997,116,vehicle.mitsubishi.fusorosa,71.307,-33.953,135.150,7.22
502,55.7705,77.011,116,vehicle.mitsubishi.fusorosa,81.757,-33.953,135.150,7.22
503,55.8707,77.025,116,vehicle.mitsubishi.fusorosa,82.610,-33.952,135.150,7.23
503,55.8709,77.037,116,vehicle.mitsubishi.fusorosa,78.185,-33.952,135.150,7.23
503,55.8709,77.050,116,vehicle.mitsubishi.fusorosa,69.048,-33.952,135.150,7.24
503,55.8709,77.062,116,vehicle.mitsubishi.fusorosa,68.551,-33.951,135.150,7.25
503,55.8710,77.074,116,vehicle.mitsubishi.fusorosa,67.460,-33.951,135.150,7.25
503,55.8710,77.086,116,vehicle.mitsubishi.fusorosa,67.788,-33.950,135.151,7.26
503,55.8710,77.099,116,vehicle.mitsubishi.fusorosa,71.826,-33.950,135.151,7.27
503,55.8711,77.112,116,vehicle.mitsubishi.fusorosa,73.075,-33.950,135.151,7.28
504,55.9887,77.125,116,vehicle.mitsubishi.fusorosa,69.633,-33.949,135.151,7.29
504,55.9888,77.138,116,vehicle.mitsubishi.fusorosa,72.459,-33.949,135.151,7.30
504,55.9889,77.150,116,vehicle.mitsubishi.fusorosa,67.204,-33.948,135.152,7.30
504,55.9889,77.164,116,vehicle.mitsubishi.fusorosa,67.727,-33.948,135.152,7.31
504,55.9889,77.176,116,vehicle.mitsubishi.fusorosa,66.472,-33.948,135.152,7.32
504,55.9890,77.189,116,vehicle.mitsubishi.fusorosa,69.133,-33.947,135.152,7.33
504,55.9890,77.201,116,vehicle.mitsubishi.fusorosa,66.192,-33.947,135.152,7.33
504,55.9890,77.213,116,vehicle.mitsubishi.fusorosa,63.566,-33.946,135.153,7.34
504,55.9891,77.226,116,vehicle.mitsubishi.fusorosa,72.697,-33.946,135.153,7.35
505,56.0961,77.239,116,vehicle.mitsubishi.fusorosa,68.593,-33.945,135.153,7.35
505,56.0963,77.252,116,vehicle.mitsubishi.fusorosa,75.322,-33.945,135.153,7.35
505,56.0963,77.264,116,vehicle.mitsubishi.fusorosa,61.739,-33.945,135.154,7.36
505,56.0964,77.276,116,vehicle.mitsubishi.fusorosa,60.808,-33.944,135.154,7.36
505,56.0964,77.288,116,vehicle.mitsubishi.fusorosa,63.718,-33.944,135.154,7.36
505,56.0965,77.299,116,vehicle.mitsubishi.fusorosa,62.229,-33.944,135.154,7.36
505,56.0965,77.311,116,vehicle.mitsubishi.fusorosa,62.688,-33.943,135.154,7.36
505,56.0965,77.323,116,vehicle.mitsubishi.fusorosa,61.362,-33.943,135.154,7.37
505,56.0966,77.334,116,vehicle.mitsubishi.fusorosa,61.176,-33.942,135.154,7.37
506,56.2084,77.346,116,vehicle.mitsubishi.fusorosa,64.353,-33.942,135.155,7.37
506,56.2085,77.359,116,vehicle.mitsubishi.fusorosa,79.299,-33.942,135.155,7.37
506,56.2085,77.370,116,vehicle.mitsubishi.fusorosa,59.502,-33.941,135.155,7.37
506,56.2086,77.382,116,vehicle.mitsubishi.fusorosa,64.711,-33.941,135.155,7.38
506,56.2086,77.395,116,vehicle.mitsubishi.fusorosa,66.014,-33.941,135.155,7.38
506,56.2086,77.407,116,vehicle.mitsubishi.fusorosa,64.712,-33.940,135.155,7.38
506,56.2087,77.419,116,vehicle.mitsubishi.fusorosa,63.918,-33.940,135.156,7.38
506,56.2087,77.437,116,vehicle.mitsubishi.fusorosa,94.174,-33.939,135.156,7.38
506,56.2087,77.450,116,vehicle.mitsubishi.fusorosa,66.863,-33.939,135.156,7.39
507,56.3166,77.462,116,vehicle.mitsubishi.fusorosa,61.729,-33.938,135.156,7.39
507,56.3169,77.475,116,vehicle.mitsubishi.fusorosa,71.125,-33.938,135.156,7.39
507,56.3169,77.487,116,vehicle.mitsubishi.fusorosa,77.440,-33.938,135.157,7.38
507,56.3170,77.499,116,vehicle.mitsubishi.fusorosa,70.089,-33.937,135.157,7.38
507,56.3170,77.511,116,vehicle.mitsubishi.fusorosa,68.165,-33.937,135.157,7.38
507,56.3170,77.522,116,vehicle.mitsubishi.fusorosa,67.099,-33.937,135.158,7.38
507,56.3171,77.534,116,vehicle.mitsubishi.fusorosa,67.278,-33.936,135.158,7.39
507,56.3171,77.546,116,vehicle.mitsubishi.fusorosa,66.787,-33.936,135.158,7.39
507,56.3171,77.559,116,vehicle.mitsubishi.fusorosa,79.186,-33.935,135.158,7.39
508,56.4256,77.571,116,vehicle.mitsubishi.fusorosa,69.561,-33.935,135.159,7.39
508,56.4258,77.583,116,vehicle.mitsubishi.fusorosa,79.110,-33.934,135.159,7.40
508,56.4258,77.595,116,vehicle.mitsubishi.fusorosa,66.240,-33.934,135.159,7.40
508,56.4259,77.607,116,vehicle.mitsubishi.fusorosa,65.411,-33.934,135.159,7.40
508,56.4259,77.618,116,vehicle.mitsubishi.fusorosa,64.373,-33.933,135.159,7.40
508,56.4259,77.630,116,vehicle.mitsubishi.fusorosa,64.417,-33.933,135.160,7.41
508,56.4260,77.642,116,vehicle.mitsubishi.fusorosa,66.234,-33.933,135.160,7.41
508,56.4260,77.653,116,vehicle.mitsubishi.fusorosa,62.663,-33.932,135.160,7.41
508,56.4260,77.665,116,vehicle.mitsubishi.fusorosa,67.789,-33.932,135.160,7.42
509,56.5310,77.677,116,vehicle.mitsubishi.fusorosa,68.446,-33.931,135.160,7.42
509,56.5312,77.689,116,vehicle.mitsubishi.fusorosa,75.202,-33.931,135.160,7.43
509,56.5312,77.701,116,vehicle.mitsubishi.fusorosa,63.166,-33.931,135.161,7.43
509,56.5312,77.713,116,vehicle.mitsubishi.fusorosa,64.913,-33.930,135.161,7.43
509,56.5313,77.724,116,vehicle.mitsubishi.fusorosa,61.330,-33.930,135.161,7.44
509,56.5313,77.735,116,vehicle.mitsubishi.fusorosa,62.273,-33.930,135.161,7.44
509,56.5313,77.747,116,vehicle.mitsubishi.fusorosa,63.366,-33.929,135.161,7.45
509,56.5314,77.759,116,vehicle.mitsubishi.fusorosa,64.304,-33.929,135.162,7.45
509,56.5314,77.771,116,vehicle.mitsubishi.fusorosa,66.519,-33.929,135.162,7.46
510,56.6366,77.783,116,vehicle.mitsubishi.fusorosa,64.181,-33.928,135.162,7.47
510,56.6367,77.795,116,vehicle.mitsubishi.fusorosa,71.129,-33.928,135.162,7.47
510,56.6368,77.807,116,vehicle.mitsubishi.fusorosa,61.250,-33.928,135.163,7.48
510,56.6368,77.819,116,vehicle.mitsubishi.fusorosa,62.421,-33.927,135.163,7.49
510,56.6368,77.830,116,vehicle.mitsubishi.fusorosa,62.366,-33.927,135.163,7.50
510,56.6369,77.841,116,vehicle.mitsubishi.fusorosa,58.300,-33.927,135.163,7.51
510,56.6369,77.853,116,vehicle.mitsubishi.fusorosa,61.214,-33.926,135.164,7.51
510,56.6369,77.865,116,vehicle.mitsubishi.fusorosa,60.030,-33.926,135.164,7.52
510,56.6370,77.878,116,vehicle.mitsubishi.fusorosa,66.960,-33.926,135.164,7.53
511,56.7455,77.890,116,vehicle.mitsubishi.fusorosa,64.845,-33.926,135.165,7.54
511,56.7456,77.902,116,vehicle.mitsubishi.fusorosa,70.029,-33.925,135.165,7.56
511,56.7457,77.915,116,vehicle.mitsubishi.fusorosa,67.805,-33.925,135.165,7.56
511,56.7457,77.929,116,vehicle.mitsubishi.fusorosa,74.742,-33.925,135.166,7.57
511,56.7458,77.941,116,vehicle.mitsubishi.fusorosa,64.968,-33.924,135.166,7.58
511,56.7458,77.953,116,vehicle.mitsubishi.fusorosa,62.782,-33.924,135.166,7.59
511,56.7458,77.964,116,vehicle.mitsubishi.fusorosa,63.527,-33.923,135.166,7.59
511,56.7458,77.975,116,vehicle.mitsubishi.fusorosa,61.196,-33.923,135.167,7.60
511,56.7459,77.988,116,vehicle.mitsubishi.fusorosa,66.037,-33.923,135.167,7.61
512,56.8630,78.000,116,vehicle.mitsubishi.fusorosa,65.512,-33.922,135.167,7.61
512,56.8632,78.012,116,vehicle.mitsubishi.fusorosa,70.922,-33.922,135.167,7.62
512,56.8633,78.024,116,vehicle.mitsubishi.fusorosa,67.752,-33.922,135.168,7.62
512,56.8633,78.035,116,vehicle.mitsubishi.fusorosa,64.275,-33.921,135.168,7.63
512,56.8633,78.047,116,vehicle.mitsubishi.fusorosa,62.993,-33.921,135.168,7.63
512,56.8634,78.058,116,vehicle.mitsubishi.fusorosa,64.881,-33.921,135.168,7.64
512,56.8634,78.070,116,vehicle.mitsubishi.fusorosa,64.487,-33.920,135.168,7.64
512,56.8634,78.080,116,vehicle.mitsubishi.fusorosa,60.928,-33.920,135.168,7.64
512,56.8635,78.092,116,vehicle.mitsubishi.fusorosa,63.494,-33.920,135.168,7.65
512,56.8635,78.104,116,vehicle.mitsubishi.fusorosa,67.541,-33.919,135.169,7.65
513,56.9693,78.116,116,vehicle.mitsubishi.fusorosa,70.273,-33.919,135.169,7.66
513,56.9695,78.128,116,vehicle.mitsubishi.fusorosa,72.285,-33.918,135.169,7.66
513,56.9695,78.140,116,vehicle.mitsubishi.fusorosa,64.555,-33.918,135.169,7.66
513,56.9696,78.152,116,vehicle.mitsubishi.fusorosa,67.383,-33.918,135.169,7.67
513,56.9696,78.163,116,vehicle.mitsubishi.fusorosa,64.555,-33.917,135.169,7.67
513,56.9696,78.174,116,vehicle.mitsubishi.fusorosa,64.700,-33.917,135.169,7.67
513,56.9697,78.186,116,vehicle.mitsubishi.fusorosa,63.994,-33.917,135.169,7.68
513,56.9697,78.197,116,vehicle.mitsubishi.fusorosa,64.822,-33.916,135.169,7.68
513,56.9697,78.209,116,vehicle.mitsubishi.fusorosa,67.903,-33.916,135.170,7.68
514,57.0780,78.222,116,vehicle.mitsubishi.fusorosa,71.297,-33.915,135.170,7.69
514,57.0781,78.234,116,vehicle.mitsubishi.fusorosa,76.214,-33.915,135.170,7.69
514,57.0782,78.246,116,vehicle.mitsubishi.fusorosa,65.466,-33.915,135.170,7.69
514,57.0782,78.256,116,vehicle.mitsubishi.fusorosa,63.614,-33.914,135.170,7.69
514,57.0782,78.268,116,vehicle.mitsubishi.fusorosa,66.125,-33.914,135.170,7.70
514,57.0783,78.279,116,vehicle.mitsubishi.fusorosa,67.971,-33.913,135.170,7.70
514,57.0783,78.291,116,vehicle.mitsubishi.fusorosa,67.453,-33.913,135.170,7.70
514,57.0783,78.302,116,vehicle.mitsubishi.fusorosa,66.701,-33.913,135.170,7.70
514,57.0784,78.315,116,vehicle.mitsubishi.fusorosa,70.220,-33.912,135.170,7.70
515,57.1929,78.327,116,vehicle.mitsubishi.fusorosa,72.558,-33.912,135.170,7.71
515,57.1930,78.339,116,vehicle.mitsubishi.fusorosa,73.951,-33.911,135.170,7.71
515,57.1930,78.351,116,vehicle.mitsubishi.fusorosa,68.977,-33.911,135.170,7.71
515,57.1931,78.362,116,vehicle.mitsubishi.fusorosa,69.281,-33.910,135.170,7.71
515,57.1931,78.374,116,vehicle.mitsubishi.fusorosa,67.945,-33.910,135.170,7.71
515,57.1931,78.385,116,vehicle.mitsubishi.fusorosa,68.100,-33.909,135.170,7.71
515,57.1932,78.397,116,vehicle.mitsubishi.fusorosa,68.809,-33.909,135.170,7.71
515,57.1932,78.408,116,vehicle.mitsubishi.fusorosa,67.471,-33.909,135.170,7.71
515,57.1932,78.419,116,vehicle.mitsubishi.fusorosa,68.242,-33.908,135.170,7.71
515,57.1933,78.431,116,vehicle.mitsubishi.fusorosa,71.765,-33.908,135.169,7.71
516,57.2992,78.443,116,vehicle.mitsubishi.fusorosa,72.201,-33.907,135.169,7.72
516,57.2993,78.456,116,vehicle.mitsubishi.fusorosa,77.218,-33.907,135.169,7.72
516,57.2994,78.468,116,vehicle.mitsubishi.fusorosa,71.486,-33.906,135.169,7.72
516,57.2994,78.480,116,vehicle.mitsubishi.fusorosa,70.835,-33.906,135.169,7.72
516,57.2995,78.491,116,vehicle.mitsubishi.fusorosa,69.369,-33.905,135.169,7.72
516,57.2995,78.503,116,vehicle.mitsubishi.fusorosa,70.585,-33.905,135.169,7.72
516,57.2995,78.515,116,vehicle.mitsubishi.fusorosa,72.548,-33.904,135.168,7.72
516,57.2996,78.527,116,vehicle.mitsubishi.fusorosa,71.465,-33.903,135.168,7.72
516,57.2996,78.538,116,vehicle.mitsubishi.fusorosa,71.312,-33.903,135.168,7.72
517,57.4055,78.551,116,vehicle.mitsubishi.fusorosa,74.849,-33.902,135.168,7.72
517,57.4056,78.564,116,vehicle.mitsubishi.fusorosa,82.405,-33.902,135.167,7.72
517,57.4057,78.576,116,vehicle.mitsubishi.fusorosa,70.918,-33.901,135.167,7.72
517,57.4057,78.588,116,vehicle.mitsubishi.fusorosa,71.860,-33.901,135.167,7.72
517,57.4058,78.599,116,vehicle.mitsubishi.fusorosa,71.768,-33.900,135.167,7.72
517,57.4058,78.611,116,vehicle.mitsubishi.fusorosa,71.198,-33.900,135.166,7.72
517,57.4058,78.622,116,vehicle.mitsubishi.fusorosa,67.554,-33.899,135.166,7.71
517,57.4058,78.634,116,vehicle.mitsubishi.fusorosa,70.729,-33.898,135.166,7.71
517,57.4059,78.647,116,vehicle.mitsubishi.fusorosa,75.973,-33.898,135.165,7.71
518,57.5129,78.659,116,vehicle.mitsubishi.fusorosa,71.385,-33.897,135.165,7.71
518,57.5131,78.671,116,vehicle.mitsubishi.fusorosa,78.755,-33.897,135.165,7.71
518,57.5132,78.682,116,vehicle.mitsubishi.fusorosa,69.008,-33.896,135.164,7.71
518,57.5132,78.694,116,vehicle.mitsubishi.fusorosa,69.546,-33.895,135.164,7.71
518,57.5132,78.706,116,vehicle.mitsubishi.fusorosa,71.092,-33.895,135.164,7.71
518,57.5133,78.718,116,vehicle.mitsubishi.fusorosa,70.576,-33.894,135.163,7.71
518,57.5133,78.730,116,vehicle.mitsubishi.fusorosa,71.370,-33.894,135.163,7.70
518,57.5133,78.741,116,vehicle.mitsubishi.fusorosa,67.979,-33.893,135.163,7.70
518,57.5134,78.753,116,vehicle.mitsubishi.fusorosa,71.583,-33.892,135.162,7.70
519,57.6305,78.765,116,vehicle.mitsubishi.fusorosa,73.209,-33.892,135.162,7.70
519,57.6307,78.777,116,vehicle.mitsubishi.fusorosa,76.301,-33.891,135.161,7.70
519,57.6307,78.789,116,vehicle.mitsubishi.fusorosa,70.563,-33.891,135.161,7.70
519,57.6308,78.800,116,vehicle.mitsubishi.fusorosa,71.156,-33.890,135.161,7.70
519,57.6308,78.812,116,vehicle.mitsubishi.fusorosa,72.296,-33.889,135.160,7.69
519,57.6308,78.824,116,vehicle.mitsubishi.fusorosa,69.275,-33.889,135.160,7.69
519,57.6309,78.836,116,vehicle.mitsubishi.fusorosa,71.678,-33.888,135.160,7.69
519,57.6309,78.847,116,vehicle.mitsubishi.fusorosa,69.659,-33.888,135.159,7.69
519,57.6309,78.859,116,vehicle.mitsubishi.fusorosa,71.656,-33.887,135.159,7.69
519,57.6310,78.871,116,vehicle.mitsubishi.fusorosa,71.440,-33.887,135.159,7.69
520,57.7348,78.882,116,vehicle.mitsubishi.fusorosa,70.279,-33.886,135.159,7.69
520,57.7350,78.894,116,vehicle.mitsubishi.fusorosa,77.881,-33.885,135.158,7.70
520,57.7350,78.905,116,vehicle.mitsubishi.fusorosa,69.230,-33.885,135.158,7.70
520,57.7351,78.916,116,vehicle.mitsubishi.fusorosa,67.707,-33.884,135.158,7.70
520,57.7351,78.928,116,vehicle.mitsubishi.fusorosa,72.092,-33.884,135.158,7.70
520,57.7351,78.940,116,vehicle.mitsubishi.fusorosa,72.797,-33.883,135.157,7.70
520,57.7351,78.952,116,vehicle.mitsubishi.fusorosa,70.597,-33.883,135.157,7.70
520,57.7352,78.964,116,vehicle.mitsubishi.fusorosa,69.946,-33.882,135.157,7.70
520,57.7352,78.976,116,vehicle.mitsubishi.fusorosa,76.415,-33.882,135.157,7.70
521,57.8520,78.988,116,vehicle.mitsubishi.fusorosa,72.874,-33.881,135.157,7.70
521,57.8521,79.000,116,vehicle.mitsubishi.fusorosa,77.796,-33.881,135.157,7.71
521,57.8521,79.012,116,vehicle.mitsubishi.fusorosa,68.200,-33.880,135.157,7.71
521,57.8522,79.023,116,vehicle.mitsubishi.fusorosa,67.668,-33.880,135.156,7.71
521,57.8522,79.035,116,vehicle.mitsubishi.fusorosa,70.325,-33.879,135.156,7.71
521,57.8522,79.046,116,vehicle.mitsubishi.fusorosa,69.854,-33.879,135.156,7.71
521,57.8523,79.058,116,vehicle.mitsubishi.fusorosa,69.449,-33.878,135.156,7.72
521,57.8523,79.069,116,vehicle.mitsubishi.fusorosa,69.098,-33.878,135.156,7.72
521,57.8523,79.081,116,vehicle.mitsubishi.fusorosa,69.420,-33.877,135.156,7.72
521,57.8524,79.093,116,vehicle.mitsubishi.fusorosa,73.849,-33.877,135.156,7.72
522,57.9595,79.106,116,vehicle.mitsubishi.fusorosa,76.246,-33.876,135.156,7.73
522,57.9596,79.118,116,vehicle.mitsubishi.fusorosa,76.827,-33.876,135.156,7.73
522,57.9597,79.130,116,vehicle.mitsubishi.fusorosa,68.385,-33.875,135.156,7.74
522,57.9597,79.141,116,vehicle.mitsubishi.fusorosa,66.756,-33.875,135.156,7.74
522,57.9597,79.153,116,vehicle.mitsubishi.fusorosa,67.195,-33.875,135.156,7.74
522,57.9598,79.165,116,vehicle.mitsubishi.fusorosa,68.836,-33.874,135.156,7.75
522,57.9598,79.176,116,vehicle.mitsubishi.fusorosa,64.881,-33.874,135.156,7.75
522,57.9598,79.188,116,vehicle.mitsubishi.fusorosa,70.786,-33.873,135.156,7.76
522,57.9599,79.201,116,vehicle.mitsubishi.fusorosa,72.944,-33.873,135.156,7.76
523,58.0650,79.212,116,vehicle.mitsubishi.fusorosa,70.158,-33.872,135.157,7.77
523,58.0652,79.225,116,vehicle.mitsubishi.fusorosa,69.490,-33.872,135.157,7.77
523,58.0653,79.236,116,vehicle.mitsubishi.fusorosa,65.191,-33.872,135.157,7.78
523,58.0653,79.247,116,vehicle.mitsubishi.fusorosa,65.804,-33.871,135.157,7.78
523,58.0655,79.259,116,vehicle.mitsubishi.fusorosa,64.774,-33.871,135.157,7.78
523,58.0656,79.270,116,vehicle.mitsubishi.fusorosa,65.093,-33.871,135.157,7.79
523,58.0656,79.281,116,vehicle.mitsubishi.fusorosa,64.190,-33.870,135.157,7.79
523,58.0657,79.293,116,vehicle.mitsubishi.fusorosa,63.694,-33.870,135.158,7.80
523,58.0657,79.305,116,vehicle.mitsubishi.fusorosa,70.060,-33.869,135.158,7.80
524,58.1852,79.318,116,vehicle.mitsubishi.fusorosa,71.923,-33.869,135.158,7.81
524,58.1853,79.330,116,vehicle.mitsubishi.fusorosa,71.046,-33.869,135.158,7.82
524,58.1854,79.341,116,vehicle.mitsubishi.fusorosa,62.708,-33.868,135.158,7.82
524,58.1854,79.353,116,vehicle.mitsubishi.fusorosa,63.875,-33.868,135.158,7.83
524,58.1855,79.365,116,vehicle.mitsubishi.fusorosa,67.211,-33.868,135.159,7.83
524,58.1855,79.376,116,vehicle.mitsubishi.fusorosa,64.989,-33.867,135.159,7.84
524,58.1855,79.388,116,vehicle.mitsubishi.fusorosa,64.580,-33.867,135.159,7.84
524,58.1856,79.399,116,vehicle.mitsubishi.fusorosa,66.976,-33.866,135.159,7.85
524,58.1856,79.411,116,vehicle.mitsubishi.fusorosa,65.377,-33.866,135.159,7.86
524,58.1856,79.425,116,vehicle.mitsubishi.fusorosa,77.115,-33.866,135.160,7.86
525,58.2955,79.438,116,vehicle.mitsubishi.fusorosa,73.178,-33.865,135.160,7.87
525,58.2956,79.450,116,vehicle.mitsubishi.fusorosa,71.352,-33.865,135.160,7.88
525,58.2957,79.461,116,vehicle.mitsubishi.fusorosa,64.872,-33.864,135.160,7.88
525,58.2957,79.473,116,vehicle.mitsubishi.fusorosa,66.572,-33.864,135.160,7.88
525,58.2957,79.485,116,vehicle.mitsubishi.fusorosa,65.626,-33.864,135.161,7.89
525,58.2958,79.496,116,vehicle.mitsubishi.fusorosa,65.395,-33.863,135.161,7.89
525,58.2958,79.508,116,vehicle.mitsubishi.fusorosa,68.475,-33.863,135.161,7.90
525,58.2958,79.520,116,vehicle.mitsubishi.fusorosa,66.601,-33.863,135.161,7.90
525,58.2959,79.532,116,vehicle.mitsubishi.fusorosa,68.990,-33.862,135.161,7.91
526,58.3995,79.545,116,vehicle.mitsubishi.fusorosa,74.888,-33.862,135.161,7.92
526,58.3996,79.558,116,vehicle.mitsubishi.fusorosa,73.836,-33.861,135.162,7.92
526,58.3997,79.570,116,vehicle.mitsubishi.fusorosa,68.198,-33.861,135.162,7.93
526,58.3997,79.582,116,vehicle.mitsubishi.fusorosa,65.916,-33.861,135.162,7.93
526,58.3997,79.593,116,vehicle.mitsubishi.fusorosa,65.844,-33.860,135.162,7.94
526,58.3998,79.605,116,vehicle.mitsubishi.fusorosa,66.671,-33.860,135.162,7.94
526,58.3998,79.617,116,vehicle.mitsubishi.fusorosa,65.580,-33.859,135.162,7.95
526,58.3998,79.628,116,vehicle.mitsubishi.fusorosa,64.189,-33.859,135.163,7.95
526,58.3999,79.640,116,vehicle.mitsubishi.fusorosa,66.829,-33.859,135.163,7.96
527,58.5174,79.652,116,vehicle.mitsubishi.fusorosa,69.681,-33.858,135.163,7.96
527,58.5176,79.664,116,vehicle.mitsubishi.fusorosa,73.930,-33.858,135.163,7.97
527,58.5177,79.676,116,vehicle.mitsubishi.fusorosa,65.020,-33.858,135.163,7.97
527,58.5177,79.688,116,vehicle.mitsubishi.fusorosa,67.594,-33.857,135.163,7.98
527,58.5178,79.699,116,vehicle.mitsubishi.fusorosa,63.490,-33.857,135.164,7.98
527,58.5178,79.711,116,vehicle.mitsubishi.fusorosa,68.594,-33.856,135.164,7.99
527,58.5178,79.723,116,vehicle.mitsubishi.fusorosa,68.875,-33.856,135.164,7.99
527,58.5179,79.735,116,vehicle.mitsubishi.fusorosa,64.959,-33.856,135.164,8.00
527,58.5179,79.746,116,vehicle.mitsubishi.fusorosa,65.075,-33.855,135.164,8.00
527,58.5179,79.758,116,vehicle.mitsubishi.fusorosa,67.341,-33.855,135.164,8.01
528,58.6232,79.771,116,vehicle.mitsubishi.fusorosa,70.510,-33.855,135.165,8.01
528,58.6233,79.783,116,vehicle.mitsubishi.fusorosa,73.307,-33.854,135.165,8.02
528,58.6233,79.794,116,vehicle.mitsubishi.fusorosa,65.227,-33.854,135.165,8.02
528,58.6234,79.806,116,vehicle.mitsubishi.fusorosa,68.597,-33.853,135.165,8.02
528,58.6234,79.818,116,vehicle.mitsubishi.fusorosa,68.811,-33.853,135.165,8.02
528,58.6234,79.829,116,vehicle.mitsubishi.fusorosa,68.460,-33.853,135.165,8.03
528,58.6235,79.841,116,vehicle.mitsubishi.fusorosa,68.915,-33.852,135.165,8.03
528,58.6235,79.852,116,vehicle.mitsubishi.fusorosa,66.147,-33.852,135.165,8.03
528,58.6235,79.865,116,vehicle.mitsubishi.fusorosa,74.647,-33.851,135.165,8.04
529,58.7317,79.878,116,vehicle.mitsubishi.fusorosa,72.749,-33.851,135.165,8.04
529,58.7318,79.890,116,vehicle.mitsubishi.fusorosa,73.339,-33.850,135.165,8.04
529,58.7319,79.901,116,vehicle.mitsubishi.fusorosa,66.346,-33.850,135.165,8.05
529,58.7319,79.913,116,vehicle.mitsubishi.fusorosa,67.844,-33.850,135.165,8.05
529,58.7320,79.926,116,vehicle.mitsubishi.fusorosa,72.167,-33.849,135.165,8.05
529,58.7320,79.937,116,vehicle.mitsubishi.fusorosa,66.762,-33.849,135.166,8.06
529,58.7320,79.949,116,vehicle.mitsubishi.fusorosa,64.432,-33.848,135.166,8.06
529,58.7321,79.960,116,vehicle.mitsubishi.fusorosa,65.346,-33.848,135.166,8.07
529,58.7321,79.972,116,vehicle.mitsubishi.fusorosa,69.229,-33.848,135.166,8.07
530,58.8495,79.984,116,vehicle.mitsubishi.fusorosa,66.541,-33.847,135.166,8.08
530,58.8497,79.996,116,vehicle.mitsubishi.fusorosa,70.167,-33.847,135.166,8.08
530,58.8497,80.007,116,vehicle.mitsubishi.fusorosa,63.917,-33.847,135.166,8.08
530,58.8498,80.019,116,vehicle.mitsubishi.fusorosa,66.674,-33.846,135.167,8.09
530,58.8498,80.031,116,vehicle.mitsubishi.fusorosa,62.952,-33.846,135.167,8.10
530,58.8499,80.042,116,vehicle.mitsubishi.fusorosa,62.304,-33.845,135.167,8.10
530,58.8499,80.054,116,vehicle.mitsubishi.fusorosa,65.921,-33.845,135.167,8.11
530,58.8499,80.066,116,vehicle.mitsubishi.fusorosa,66.369,-33.845,135.167,8.11
530,58.8499,80.078,116,vehicle.mitsubishi.fusorosa,66.546,-33.844,135.168,8.12
530,58.8501,80.090,116,vehicle.mitsubishi.fusorosa,65.986,-33.844,135.168,8.13
531,58.9554,80.103,116,vehicle.mitsubishi.fusorosa,66.882,-33.844,135.168,8.14
531,58.9556,80.114,116,vehicle.mitsubishi.fusorosa,66.521,-33.843,135.168,8.14
531,58.9557,80.125,116,vehicle.mitsubishi.fusorosa,61.151,-33.843,135.169,8.15
531,58.9557,80.138,116,vehicle.mitsubishi.fusorosa,64.751,-33.843,135.169,8.16
531,58.9557,80.149,116,vehicle.mitsubishi.fusorosa,61.510,-33.842,135.169,8.17
531,58.9558,80.161,116,vehicle.mitsubishi.fusorosa,63.141,-33.842,135.169,8.18
531,58.9559,80.173,116,vehicle.mitsubishi.fusorosa,64.079,-33.842,135.170,8.18
531,58.9560,80.184,116,vehicle.mitsubishi.fusorosa,59.540,-33.842,135.170,8.20
531,58.9560,80.196,116,vehicle.mitsubishi.fusorosa,66.121,-33.841,135.170,8.21
532,59.0611,80.209,116,vehicle.mitsubishi.fusorosa,64.392,-33.841,135.171,8.22
532,59.0613,80.220,116,vehicle.mitsubishi.fusorosa,63.446,-33.841,135.171,8.23
532,59.0613,80.232,116,vehicle.mitsubishi.fusorosa,60.567,-33.840,135.171,8.24
532,59.0614,80.243,116,vehicle.mitsubishi.fusorosa,58.239,-33.840,135.172,8.25
532,59.0614,80.254,116,vehicle.mitsubishi.fusorosa,58.575,-33.840,135.172,8.26
532,59.0614,80.266,116,vehicle.mitsubishi.fusorosa,60.583,-33.840,135.172,8.27
532,59.0614,80.277,116,vehicle.mitsubishi.fusorosa,58.950,-33.840,135.173,8.29
532,59.0615,80.288,116,vehicle.mitsubishi.fusorosa,58.816,-33.839,135.173,8.30
532,59.0615,80.300,116,vehicle.mitsubishi.fusorosa,61.289,-33.839,135.173,8.31
533,59.1824,80.312,116,vehicle.mitsubishi.fusorosa,60.192,-33.839,135.174,8.32
533,59.1826,80.324,116,vehicle.mitsubishi.fusorosa,64.302,-33.839,135.174,8.34
533,59.1826,80.336,116,vehicle.mitsubishi.fusorosa,61.935,-33.838,135.174,8.35
533,59.1826,80.348,116,vehicle.mitsubishi.fusorosa,64.036,-33.838,135.175,8.36
533,59.1827,80.360,116,vehicle.mitsubishi.fusorosa,60.961,-33.838,135.175,8.38
533,59.1827,80.371,116,vehicle.mitsubishi.fusorosa,57.306,-33.837,135.176,8.39
533,59.1828,80.383,116,vehicle.mitsubishi.fusorosa,62.499,-33.837,135.176,8.40
533,59.1828,80.395,116,vehicle.mitsubishi.fusorosa,63.062,-33.837,135.176,8.42
533,59.1828,80.407,116,vehicle.mitsubishi.fusorosa,64.218,-33.837,135.177,8.43
533,59.1829,80.421,116,vehicle.mitsubishi.fusorosa,68.610,-33.836,135.177,8.44
534,59.2853,80.434,116,vehicle.mitsubishi.fusorosa,67.213,-33.836,135.177,8.46
534,59.2855,80.445,116,vehicle.mitsubishi.fusorosa,62.465,-33.836,135.178,8.48
534,59.2856,80.457,116,vehicle.mitsubishi.fusorosa,59.691,-33.836,135.178,8.49
534,59.2856,80.468,116,vehicle.mitsubishi.fusorosa,56.796,-33.835,135.178,8.50
534,59.2856,80.478,116,vehicle.mitsubishi.fusorosa,56.211,-33.835,135.179,8.51
534,59.2857,80.490,116,vehicle.mitsubishi.fusorosa,58.924,-33.835,135.179,8.52
534,59.2857,80.501,116,vehicle.mitsubishi.fusorosa,58.506,-33.835,135.179,8.53
534,59.2857,80.512,116,vehicle.mitsubishi.fusorosa,59.242,-33.834,135.180,8.55
534,59.2857,80.525,116,vehicle.mitsubishi.fusorosa,66.035,-33.834,135.180,8.56
535,59.4040,80.537,116,vehicle.mitsubishi.fusorosa,63.433,-33.834,135.180,8.57
535,59.4041,80.549,116,vehicle.mitsubishi.fusorosa,61.422,-33.834,135.181,8.59
535,59.4042,80.560,116,vehicle.mitsubishi.fusorosa,60.067,-33.833,135.181,8.60
535,59.4042,80.571,116,vehicle.mitsubishi.fusorosa,58.732,-33.833,135.181,8.61
535,59.4043,80.583,116,vehicle.mitsubishi.fusorosa,60.712,-33.833,135.181,8.62
535,59.4043,80.595,116,vehicle.mitsubishi.fusorosa,60.624,-33.833,135.182,8.63
535,59.4043,80.606,116,vehicle.mitsubishi.fusorosa,58.772,-33.832,135.182,8.64
535,59.4044,80.618,116,vehicle.mitsubishi.fusorosa,60.094,-33.832,135.182,8.65
535,59.4044,80.629,116,vehicle.mitsubishi.fusorosa,60.158,-33.832,135.183,8.67
535,59.4044,80.642,116,vehicle.mitsubishi.fusorosa,65.970,-33.832,135.183,8.68
536,59.5056,80.654,116,vehicle.mitsubishi.fusorosa,62.255,-33.831,135.183,8.69
536,59.5057,80.666,116,vehicle.mitsubishi.fusorosa,64.737,-33.831,135.184,8.70
536,59.5058,80.677,116,vehicle.mitsubishi.fusorosa,60.729,-33.831,135.184,8.71
536,59.5058,80.688,116,vehicle.mitsubishi.fusorosa,59.621,-33.830,135.184,8.72
536,59.5059,80.699,116,vehicle.mitsubishi.fusorosa,61.410,-33.830,135.184,8.73
536,59.5059,80.711,116,vehicle.mitsubishi.fusorosa,62.514,-33.830,135.185,8.74
536,59.5059,80.722,116,vehicle.mitsubishi.fusorosa,59.788,-33.830,135.185,8.74
536,59.5060,80.734,116,vehicle.mitsubishi.fusorosa,63.734,-33.829,135.185,8.75
536,59.5060,80.747,116,vehicle.mitsubishi.fusorosa,68.004,-33.829,135.185,8.76
537,59.6244,80.759,116,vehicle.mitsubishi.fusorosa,67.072,-33.829,135.185,8.77
537,59.6245,80.771,116,vehicle.mitsubishi.fusorosa,68.292,-33.828,135.186,8.77
537,59.6246,80.783,116,vehicle.mitsubishi.fusorosa,65.546,-33.828,135.186,8.78
537,59.6246,80.795,116,vehicle.mitsubishi.fusorosa,64.065,-33.828,135.186,8.79
537,59.6246,80.806,116,vehicle.mitsubishi.fusorosa,63.402,-33.827,135.186,8.79
537,59.6247,80.818,116,vehicle.mitsubishi.fusorosa,66.553,-33.827,135.186,8.79
537,59.6247,80.829,116,vehicle.mitsubishi.fusorosa,60.860,-33.827,135.186,8.80
537,59.6247,80.840,116,vehicle.mitsubishi.fusorosa,64.071,-33.826,135.186,8.80
537,59.6248,80.852,116,vehicle.mitsubishi.fusorosa,63.197,-33.826,135.186,8.81
537,59.6248,80.864,116,vehicle.mitsubishi.fusorosa,68.402,-33.825,135.186,8.81
538,59.7303,80.876,116,vehicle.mitsubishi.fusorosa,66.405,-33.825,135.187,8.82
538,59.7304,80.888,116,vehicle.mitsubishi.fusorosa,70.261,-33.825,135.187,8.82
538,59.7305,80.900,116,vehicle.mitsubishi.fusorosa,64.024,-33.824,135.187,8.83
538,59.7305,80.912,116,vehicle.mitsubishi.fusorosa,64.238,-33.824,135.187,8.83
538,59.7306,80.923,116,vehicle.mitsubishi.fusorosa,60.442,-33.824,135.187,8.84
538,59.7306,80.934,116,vehicle.mitsubishi.fusorosa,61.316,-33.823,135.187,8.84
538,59.7306,80.946,116,vehicle.mitsubishi.fusorosa,64.037,-33.823,135.187,8.85
538,59.7307,80.957,116,vehicle.mitsubishi.fusorosa,60.779,-33.823,135.188,8.85
538,59.7309,80.971,116,vehicle.mitsubishi.fusorosa,69.201,-33.822,135.188,8.86
539,59.8345,80.984,116,vehicle.mitsubishi.fusorosa,68.716,-33.822,135.188,8.87
539,59.8347,80.995,116,vehicle.mitsubishi.fusorosa,66.542,-33.822,135.188,8.88
539,59.8347,81.007,116,vehicle.mitsubishi.fusorosa,59.360,-33.821,135.188,8.89
539,59.8347,81.019,116,vehicle.mitsubishi.fusorosa,62.146,-33.821,135.189,8.89
539,59.8348,81.030,116,vehicle.mitsubishi.fusorosa,59.479,-33.821,135.189,8.90
539,59.8348,81.041,116,vehicle.mitsubishi.fusorosa,60.168,-33.821,135.189,8.91
539,59.8348,81.053,116,vehicle.mitsubishi.fusorosa,58.579,-33.820,135.189,8.92
539,59.8349,81.064,116,vehicle.mitsubishi.fusorosa,57.234,-33.820,135.190,8.93
539,59.8349,81.076,116,vehicle.mitsubishi.fusorosa,64.061,-33.820,135.190,8.94
540,59.9589,81.088,116,vehicle.mitsubishi.fusorosa,62.164,-33.819,135.190,8.96
540,59.9590,81.101,116,vehicle.mitsubishi.fusorosa,64.966,-33.819,135.190,8.97
540,59.9591,81.113,116,vehicle.mitsubishi.fusorosa,63.255,-33.819,135.191,8.98
540,59.9591,81.124,116,vehicle.mitsubishi.fusorosa,60.020,-33.819,135.191,8.99
540,59.9591,81.136,116,vehicle.mitsubishi.fusorosa,59.413,-33.818,135.191,9.00
540,59.9592,81.147,116,vehicle.mitsubishi.fusorosa,56.500,-33.818,135.191,9.01
540,59.9592,81.158,116,vehicle.mitsubishi.fusorosa,61.291,-33.818,135.192,9.02
540,59.9592,81.170,116,vehicle.mitsubishi.fusorosa,59.252,-33.818,135.192,9.03
540,59.9593,81.181,116,vehicle.mitsubishi.fusorosa,59.354,-33.817,135.192,9.04
540,59.9593,81.193,116,vehicle.mitsubishi.fusorosa,61.670,-33.817,135.192,9.06
541,60.0569,81.205,116,vehicle.mitsubishi.fusorosa,60.878,-33.817,135.193,9.07
541,60.0570,81.216,116,vehicle.mitsubishi.fusorosa,59.385,-33.817,135.193,9.08
541,60.0571,81.228,116,vehicle.mitsubishi.fusorosa,63.382,-33.816,135.193,9.09
541,60.0571,81.241,116,vehicle.mitsubishi.fusorosa,64.699,-33.816,135.193,9.10
541,60.0572,81.253,116,vehicle.mitsubishi.fusorosa,62.486,-33.816,135.194,9.11
541,60.0572,81.264,116,vehicle.mitsubishi.fusorosa,58.373,-33.815,135.194,9.13
541,60.0572,81.275,116,vehicle.mitsubishi.fusorosa,58.350,-33.815,135.194,9.14
541,60.0572,81.286,116,vehicle.mitsubishi.fusorosa,56.708,-33.815,135.194,9.15
541,60.0573,81.298,116,vehicle.mitsubishi.fusorosa,62.033,-33.815,135.195,9.16
542,60.1777,81.310,116,vehicle.mitsubishi.fusorosa,62.600,-33.814,135.195,9.17
542,60.1778,81.322,116,vehicle.mitsubishi.fusorosa,62.899,-33.814,135.195,9.18
542,60.1779,81.333,116,vehicle.mitsubishi.fusorosa,57.721,-33.814,135.195,9.19
542,60.1779,81.346,116,vehicle.mitsubishi.fusorosa,63.577,-33.814,135.196,9.20
542,60.1779,81.357,116,vehicle.mitsubishi.fusorosa,60.407,-33.813,135.196,9.21
542,60.1780,81.369,116,vehicle.mitsubishi.fusorosa,58.547,-33.813,135.196,9.22
542,60.1780,81.380,116,vehicle.mitsubishi.fusorosa,59.949,-33.813,135.196,9.23
542,60.1780,81.392,116,vehicle.mitsubishi.fusorosa,60.910,-33.813,135.197,9.24
542,60.1781,81.403,116,vehicle.mitsubishi.fusorosa,57.477,-33.812,135.197,9.25
542,60.1781,81.415,116,vehicle.mitsubishi.fusorosa,61.389,-33.812,135.197,9.26
543,60.2806,81.427,116,vehicle.mitsubishi.fusorosa,61.127,-33.812,135.197,9.28
543,60.2807,81.439,116,vehicle.mitsubishi.fusorosa,66.051,-33.811,135.198,9.29
543,60.2808,81.451,116,vehicle.mitsubishi.fusorosa,60.201,-33.811,135.198,9.30
543,60.2808,81.462,116,vehicle.mitsubishi.fusorosa,59.250,-33.811,135.198,9.31
543,60.2808,81.474,116,vehicle.mitsubishi.fusorosa,60.315,-33.811,135.198,9.32
543,60.2808,81.486,116,vehicle.mitsubishi.fusorosa,60.800,-33.810,135.198,9.33
543,60.2809,81.497,116,vehicle.mitsubishi.fusorosa,57.810,-33.810,135.199,9.34
543,60.2809,81.508,116,vehicle.mitsubishi.fusorosa,58.445,-33.810,135.199,9.35
543,60.2809,81.520,116,vehicle.mitsubishi.fusorosa,60.532,-33.810,135.199,9.36
544,60.3966,81.532,116,vehicle.mitsubishi.fusorosa,64.011,-33.809,135.199,9.37
544,60.3967,81.544,116,vehicle.mitsubishi.fusorosa,65.137,-33.809,135.200,9.38
544,60.3968,81.555,116,vehicle.mitsubishi.fusorosa,61.215,-33.809,135.200,9.39
544,60.3968,81.567,116,vehicle.mitsubishi.fusorosa,61.531,-33.808,135.200,9.40
544,60.3968,81.578,116,vehicle.mitsubishi.fusorosa,60.976,-33.808,135.200,9.40
544,60.3969,81.590,116,vehicle.mitsubishi.fusorosa,60.398,-33.808,135.200,9.41
544,60.3969,81.601,116,vehicle.mitsubishi.fusorosa,59.473,-33.807,135.200,9.42
544,60.3969,81.612,116,vehicle.mitsubishi.fusorosa,61.552,-33.807,135.200,9.42
544,60.3970,81.623,116,vehicle.mitsubishi.fusorosa,60.655,-33.807,135.201,9.43
544,60.3970,81.636,116,vehicle.mitsubishi.fusorosa,67.390,-33.807,135.201,9.44
545,60.5049,81.648,116,vehicle.mitsubishi.fusorosa,66.437,-33.806,135.201,9.44
545,60.5051,81.660,116,vehicle.mitsubishi.fusorosa,66.699,-33.806,135.201,9.45
545,60.5051,81.672,116,vehicle.mitsubishi.fusorosa,62.707,-33.805,135.201,9.46
545,60.5051,81.683,116,vehicle.mitsubishi.fusorosa,65.575,-33.805,135.201,9.46
545,60.5052,81.696,116,vehicle.mitsubishi.fusorosa,67.109,-33.805,135.201,9.46
545,60.5052,81.708,116,vehicle.mitsubishi.fusorosa,69.410,-33.804,135.201,9.47
545,60.5053,81.720,116,vehicle.mitsubishi.fusorosa,64.661,-33.804,135.201,9.47
545,60.5053,81.731,116,vehicle.mitsubishi.fusorosa,64.741,-33.804,135.202,9.48
545,60.5053,81.744,116,vehicle.mitsubishi.fusorosa,69.251,-33.803,135.202,9.48
546,60.6105,81.757,116,vehicle.mitsubishi.fusorosa,70.070,-33.803,135.202,9.49
546,60.6106,81.768,116,vehicle.mitsubishi.fusorosa,68.769,-33.802,135.202,9.49
546,60.6107,81.779,116,vehicle.mitsubishi.fusorosa,63.112,-33.802,135.202,9.49
546,60.6107,81.791,116,vehicle.mitsubishi.fusorosa,67.487,-33.802,135.202,9.50
546,60.6107,81.802,116,vehicle.mitsubishi.fusorosa,65.643,-33.801,135.202,9.50
546,60.6108,81.814,116,vehicle.mitsubishi.fusorosa,61.940,-33.801,135.202,9.50
546,60.6108,81.825,116,vehicle.mitsubishi.fusorosa,59.330,-33.801,135.202,9.50
546,60.6108,81.837,116,vehicle.mitsubishi.fusorosa,63.508,-33.800,135.202,9.50
546,60.6109,81.850,116,vehicle.mitsubishi.fusorosa,67.338,-33.800,135.202,9.51
547,60.7147,81.862,116,vehicle.mitsubishi.fusorosa,69.838,-33.799,135.202,9.51
547,60.7149,81.874,116,vehicle.mitsubishi.fusorosa,74.032,-33.799,135.202,9.51
547,60.7149,81.886,116,vehicle.mitsubishi.fusorosa,62.150,-33.798,135.202,9.51
547,60.7150,81.897,116,vehicle.mitsubishi.fusorosa,55.497,-33.798,135.202,9.52
547,60.7150,81.908,116,vehicle.mitsubishi.fusorosa,58.430,-33.798,135.202,9.52
547,60.7150,81.920,116,vehicle.mitsubishi.fusorosa,56.587,-33.797,135.202,9.52
547,60.7151,81.932,116,vehicle.mitsubishi.fusorosa,61.814,-33.797,135.202,9.53
547,60.7151,81.943,116,vehicle.mitsubishi.fusorosa,58.152,-33.797,135.202,9.53
547,60.7151,81.955,116,vehicle.mitsubishi.fusorosa,57.576,-33.796,135.202,9.54
548,60.8268,81.967,116,vehicle.mitsubishi.fusorosa,63.041,-33.796,135.202,9.54
548,60.8270,81.979,116,vehicle.mitsubishi.fusorosa,65.590,-33.796,135.202,9.54
548,60.8270,81.991,116,vehicle.mitsubishi.fusorosa,60.377,-33.795,135.202,9.55
548,60.8271,82.007,116,vehicle.mitsubishi.fusorosa,82.812,-33.795,135.202,9.55
548,60.8271,82.019,116,vehicle.mitsubishi.fusorosa,61.918,-33.794,135.202,9.56
548,60.8271,82.031,116,vehicle.mitsubishi.fusorosa,73.922,-33.794,135.202,9.56
548,60.8272,82.042,116,vehicle.mitsubishi.fusorosa,64.574,-33.793,135.202,9.56
548,60.8273,82.055,116,vehicle.mitsubishi.fusorosa,68.033,-33.793,135.202,9.56
548,60.8275,82.068,116,vehicle.mitsubishi.fusorosa,69.542,-33.793,135.202,9.56
549,60.9467,82.080,116,vehicle.mitsubishi.fusorosa,72.891,-33.792,135.203,9.56
549,60.9468,82.092,116,vehicle.mitsubishi.fusorosa,73.426,-33.792,135.203,9.56
549,60.9468,82.103,116,vehicle.mitsubishi.fusorosa,67.587,-33.791,135.203,9.56
549,60.9469,82.115,116,vehicle.mitsubishi.fusorosa,64.163,-33.791,135.203,9.56
549,60.9469,82.126,116,vehicle.mitsubishi.fusorosa,65.187,-33.791,135.203,9.56
549,60.9469,82.138,116,vehicle.mitsubishi.fusorosa,65.591,-33.790,135.203,9.56
549,60.9470,82.149,116,vehicle.mitsubishi.fusorosa,64.681,-33.790,135.203,9.56
549,60.9470,82.161,116,vehicle.mitsubishi.fusorosa,64.804,-33.790,135.203,9.56
549,60.9470,82.173,116,vehicle.mitsubishi.fusorosa,65.447,-33.789,135.204,9.57
549,60.9471,82.186,116,vehicle.mitsubishi.fusorosa,75.270,-33.789,135.204,9.57
550,61.0483,82.198,116,vehicle.mitsubishi.fusorosa,70.499,-33.789,135.204,9.57
550,61.0485,82.210,116,vehicle.mitsubishi.fusorosa,70.004,-33.788,135.204,9.58
550,61.0485,82.229,116,vehicle.mitsubishi.fusorosa,97.117,-33.788,135.204,9.58
550,61.0485,82.241,116,vehicle.mitsubishi.fusorosa,73.344,-33.787,135.205,9.59
550,61.0486,82.253,116,vehicle.mitsubishi.fusorosa,60.226,-33.787,135.205,9.60
550,61.0486,82.266,116,vehicle.mitsubishi.fusorosa,62.850,-33.787,135.205,9.60
550,61.0486,82.277,116,vehicle.mitsubishi.fusorosa,57.495,-33.786,135.205,9.60
550,61.0487,82.290,116,vehicle.mitsubishi.fusorosa,64.100,-33.786,135.205,9.61
551,61.1575,82.303,116,vehicle.mitsubishi.fusorosa,71.950,-33.786,135.205,9.61
551,61.1582,82.315,116,vehicle.mitsubishi.fusorosa,60.939,-33.785,135.206,9.62
551,61.1582,82.326,116,vehicle.mitsubishi.fusorosa,54.186,-33.785,135.206,9.63
551,61.1583,82.338,116,vehicle.mitsubishi.fusorosa,59.117,-33.785,135.206,9.63
551,61.1583,82.351,116,vehicle.mitsubishi.fusorosa,58.826,-33.784,135.206,9.64
551,61.1584,82.362,116,vehicle.mitsubishi.fusorosa,57.017,-33.784,135.206,9.65
551,61.1584,82.374,116,vehicle.mitsubishi.fusorosa,55.705,-33.784,135.207,9.66
551,61.1585,82.386,116,vehicle.mitsubishi.fusorosa,57.187,-33.784,135.207,9.67
551,61.1585,82.399,116,vehicle.mitsubishi.fusorosa,60.051,-33.783,135.207,9.68
552,61.2777,82.411,116,vehicle.mitsubishi.fusorosa,57.976,-33.783,135.208,9.69
552,61.2778,82.423,116,vehicle.mitsubishi.fusorosa,59.763,-33.783,135.208,9.70
552,61.2779,82.435,116,vehicle.mitsubishi.fusorosa,56.177,-33.782,135.208,9.71
552,61.2779,82.447,116,vehicle.mitsubishi.fusorosa,56.296,-33.782,135.208,9.72
552,61.2779,82.458,116,vehicle.mitsubishi.fusorosa,54.928,-33.782,135.209,9.72
552,61.2780,82.470,116,vehicle.mitsubishi.fusorosa,54.186,-33.782,135.209,9.73
552,61.2780,82.481,116,vehicle.mitsubishi.fusorosa,56.026,-33.781,135.209,9.74
552,61.2780,82.493,116,vehicle.mitsubishi.fusorosa,55.785,-33.781,135.209,9.75
552,61.2781,82.505,116,vehicle.mitsubishi.fusorosa,54.979,-33.781,135.210,9.76
552,61.2781,82.518,116,vehicle.mitsubishi.fusorosa,60.667,-33.781,135.210,9.77
553,61.3821,82.529,116,vehicle.mitsubishi.fusorosa,57.195,-33.780,135.210,9.78
553,61.3822,82.541,116,vehicle.mitsubishi.fusorosa,57.125,-33.780,135.210,9.79
553,61.3823,82.553,116,vehicle.mitsubishi.fusorosa,55.519,-33.780,135.211,9.80
553,61.3823,82.564,116,vehicle.mitsubishi.fusorosa,53.904,-33.780,135.211,9.81
553,61.3824,82.575,116,vehicle.mitsubishi.fusorosa,53.274,-33.779,135.211,9.82
553,61.3824,82.587,116,vehicle.mitsubishi.fusorosa,54.553,-33.779,135.211,9.82
553,61.3824,82.598,116,vehicle.mitsubishi.fusorosa,54.087,-33.779,135.211,9.83
553,61.3825,82.609,116,vehicle.mitsubishi.fusorosa,52.285,-33.779,135.212,9.84
553,61.3825,82.621,116,vehicle.mitsubishi.fusorosa,57.559,-33.778,135.212,9.85
554,61.4870,82.634,116,vehicle.mitsubishi.fusorosa,57.525,-33.778,135.212,9.86
554,61.4871,82.646,116,vehicle.mitsubishi.fusorosa,59.995,-33.778,135.212,9.87
554,61.4871,82.658,116,vehicle.mitsubishi.fusorosa,55.223,-33.777,135.213,9.88
554,61.4872,82.669,116,vehicle.mitsubishi.fusorosa,53.597,-33.777,135.213,9.88
554,61.4872,82.681,116,vehicle.mitsubishi.fusorosa,57.549,-33.777,135.213,9.89
554,61.4873,82.692,116,vehicle.mitsubishi.fusorosa,53.600,-33.777,135.213,9.90
554,61.4873,82.704,116,vehicle.mitsubishi.fusorosa,56.540,-33.776,135.213,9.90
554,61.4873,82.715,116,vehicle.mitsubishi.fusorosa,54.822,-33.776,135.214,9.91
554,61.4874,82.728,116,vehicle.mitsubishi.fusorosa,59.101,-33.776,135.214,9.91
555,61.5977,82.740,116,vehicle.mitsubishi.fusorosa,58.769,-33.775,135.214,9.92
555,61.5979,82.752,116,vehicle.mitsubishi.fusorosa,54.144,-33.775,135.214,9.93
555,61.5979,82.763,116,vehicle.mitsubishi.fusorosa,54.450,-33.775,135.215,9.93
555,61.5980,82.780,116,vehicle.mitsubishi.fusorosa,77.319,-33.775,135.215,9.94
555,61.5980,82.792,116,vehicle.mitsubishi.fusorosa,60.711,-33.774,135.215,9.95
555,61.5980,82.803,116,vehicle.mitsubishi.fusorosa,57.160,-33.774,135.215,9.95
555,61.5981,82.814,116,vehicle.mitsubishi.fusorosa,55.567,-33.774,135.215,9.95
555,61.5981,82.826,116,vehicle.mitsubishi.fusorosa,57.475,-33.773,135.216,9.96
555,61.5981,82.839,116,vehicle.mitsubishi.fusorosa,62.710,-33.773,135.216,9.96
556,61.7171,82.851,116,vehicle.mitsubishi.fusorosa,58.709,-33.773,135.216,9.97
556,61.7173,82.863,116,vehicle.mitsubishi.fusorosa,62.393,-33.772,135.216,9.97
556,61.7174,82.875,116,vehicle.mitsubishi.fusorosa,59.420,-33.772,135.216,9.98
556,61.7174,82.886,116,vehicle.mitsubishi.fusorosa,58.908,-33.772,135.216,9.98
556,61.7174,82.898,116,vehicle.mitsubishi.fusorosa,62.584,-33.771,135.216,9.98
556,61.7175,82.910,116,vehicle.mitsubishi.fusorosa,65.949,-33.771,135.216,9.99
556,61.7175,82.922,116,vehicle.mitsubishi.fusorosa,69.355,-33.771,135.217,9.99
556,61.7175,82.934,116,vehicle.mitsubishi.fusorosa,65.596,-33.770,135.217,9.99
556,61.7176,82.945,116,vehicle.mitsubishi.fusorosa,58.703,-33.770,135.217,9.99
556,61.7176,82.958,116,vehicle.mitsubishi.fusorosa,66.140,-33.769,135.217,10.00
557,61.8226,82.970,116,vehicle.mitsubishi.fusorosa,66.370,-33.769,135.217,10.00
557,61.8227,82.983,116,vehicle.mitsubishi.fusorosa,70.775,-33.769,135.217,10.01
557,61.8228,82.994,116,vehicle.mitsubishi.fusorosa,65.850,-33.768,135.217,10.01
557,61.8229,83.005,116,vehicle.mitsubishi.fusorosa,59.999,-33.768,135.217,10.01
557,61.8229,83.017,116,vehicle.mitsubishi.fusorosa,61.256,-33.767,135.217,10.01
557,61.8229,83.028,116,vehicle.mitsubishi.fusorosa,64.525,-33.767,135.217,10.01
557,61.8230,83.039,116,vehicle.mitsubishi.fusorosa,63.749,-33.767,135.217,10.02
557,61.8230,83.051,116,vehicle.mitsubishi.fusorosa,62.416,-33.766,135.217,10.02
557,61.8231,83.063,116,vehicle.mitsubishi.fusorosa,63.915,-33.766,135.217,10.02
558,61.9389,83.075,116,vehicle.mitsubishi.fusorosa,66.826,-33.765,135.217,10.02
558,61.9390,83.087,116,vehicle.mitsubishi.fusorosa,65.799,-33.765,135.217,10.03
558,61.9390,83.098,116,vehicle.mitsubishi.fusorosa,59.530,-33.765,135.217,10.03
558,61.9391,83.109,116,vehicle.mitsubishi.fusorosa,63.286,-33.764,135.217,10.03
558,61.9391,83.121,116,vehicle.mitsubishi.fusorosa,63.064,-33.764,135.217,10.03
558,61.9391,83.131,116,vehicle.mitsubishi.fusorosa,61.283,-33.764,135.217,10.04
558,61.9392,83.143,116,vehicle.mitsubishi.fusorosa,64.543,-33.763,135.217,10.04
558,61.9392,83.155,116,vehicle.mitsubishi.fusorosa,63.800,-33.763,135.217,10.05
558,61.9392,83.166,116,vehicle.mitsubishi.fusorosa,63.907,-33.763,135.217,10.05
558,61.9393,83.179,116,vehicle.mitsubishi.fusorosa,66.809,-33.762,135.217,10.05
559,62.0433,83.191,116,vehicle.mitsubishi.fusorosa,67.024,-33.762,135.217,10.06
559,62.0434,83.203,116,vehicle.mitsubishi.fusorosa,67.903,-33.761,135.217,10.06
559,62.0435,83.214,116,vehicle.mitsubishi.fusorosa,60.179,-33.761,135.217,10.07
559,62.0435,83.225,116,vehicle.mitsubishi.fusorosa,60.071,-33.761,135.217,10.07
559,62.0435,83.236,116,vehicle.mitsubishi.fusorosa,59.049,-33.761,135.217,10.08
559,62.0436,83.247,116,vehicle.mitsubishi.fusorosa,61.573,-33.760,135.218,10.08
559,62.0436,83.259,116,vehicle.mitsubishi.fusorosa,60.621,-33.760,135.218,10.09
559,62.0436,83.271,116,vehicle.mitsubishi.fusorosa,62.740,-33.760,135.218,10.10
559,62.0437,83.283,116,vehicle.mitsubishi.fusorosa,64.552,-33.759,135.218,10.10
560,62.1612,83.295,116,vehicle.mitsubishi.fusorosa,64.830,-33.759,135.218,10.11
560,62.1613,83.307,116,vehicle.mitsubishi.fusorosa,64.740,-33.759,135.218,10.12
560,62.1614,83.318,116,vehicle.mitsubishi.fusorosa,60.277,-33.758,135.218,10.13
560,62.1614,83.330,116,vehicle.mitsubishi.fusorosa,58.960,-33.758,135.219,10.14
560,62.1615,83.340,116,vehicle.mitsubishi.fusorosa,55.806,-33.758,135.219,10.14
560,62.1615,83.351,116,vehicle.mitsubishi.fusorosa,57.530,-33.758,135.219,10.15
560,62.1615,83.363,116,vehicle.mitsubishi.fusorosa,59.612,-33.757,135.219,10.16
560,62.1616,83.374,116,vehicle.mitsubishi.fusorosa,58.390,-33.757,135.219,10.17
560,62.1616,83.386,116,vehicle.mitsubishi.fusorosa,58.693,-33.757,135.220,10.18
560,62.1616,83.398,116,vehicle.mitsubishi.fusorosa,62.213,-33.757,135.220,10.19
561,62.2652,83.409,116,vehicle.mitsubishi.fusorosa,60.149,-33.756,135.220,10.21
561,62.2653,83.421,116,vehicle.mitsubishi.fusorosa,61.112,-33.756,135.220,10.22
561,62.2653,83.437,116,vehicle.mitsubishi.fusorosa,78.333,-33.756,135.220,10.23
561,62.2654,83.449,116,vehicle.mitsubishi.fusorosa,62.605,-33.755,135.221,10.25
561,62.2654,83.459,116,vehicle.mitsubishi.fusorosa,55.555,-33.755,135.221,10.26
561,62.2654,83.471,116,vehicle.mitsubishi.fusorosa,58.322,-33.755,135.221,10.27
561,62.2655,83.482,116,vehicle.mitsubishi.fusorosa,59.110,-33.755,135.221,10.28
561,62.2655,83.493,116,vehicle.mitsubishi.fusorosa,58.193,-33.754,135.222,10.29
561,62.2655,83.506,116,vehicle.mitsubishi.fusorosa,64.315,-33.754,135.222,10.30
562,62.3884,83.518,116,vehicle.mitsubishi.fusorosa,65.317,-33.754,135.222,10.31
562,62.3887,83.531,116,vehicle.mitsubishi.fusorosa,65.058,-33.753,135.222,10.33
562,62.3887,83.542,116,vehicle.mitsubishi.fusorosa,59.074,-33.753,135.223,10.33
562,62.3888,83.553,116,vehicle.mitsubishi.fusorosa,61.547,-33.753,135.223,10.34
562,62.3888,83.565,116,vehicle.mitsubishi.fusorosa,64.194,-33.753,135.223,10.35
562,62.3889,83.577,116,vehicle.mitsubishi.fusorosa,62.202,-33.752,135.223,10.36
562,62.3889,83.588,116,vehicle.mitsubishi.fusorosa,62.522,-33.752,135.223,10.36
562,62.3889,83.600,116,vehicle.mitsubishi.fusorosa,62.466,-33.752,135.223,10.37
562,62.3890,83.612,116,vehicle.mitsubishi.fusorosa,62.918,-33.751,135.223,10.38
562,62.3890,83.624,116,vehicle.mitsubishi.fusorosa,62.812,-33.751,135.224,10.38
563,62.4875,83.636,116,vehicle.mitsubishi.fusorosa,67.869,-33.751,135.224,10.39
563,62.4877,83.648,116,vehicle.mitsubishi.fusorosa,67.360,-33.750,135.224,10.40
563,62.4877,83.659,116,vehicle.mitsubishi.fusorosa,62.231,-33.750,135.224,10.40
563,62.4878,83.671,116,vehicle.mitsubishi.fusorosa,62.530,-33.750,135.224,10.41
563,62.4878,83.682,116,vehicle.mitsubishi.fusorosa,61.642,-33.749,135.224,10.41
563,62.4878,83.693,116,vehicle.mitsubishi.fusorosa,60.997,-33.749,135.224,10.42
563,62.4879,83.704,116,vehicle.mitsubishi.fusorosa,61.634,-33.749,135.224,10.42
563,62.4879,83.715,116,vehicle.mitsubishi.fusorosa,61.837,-33.748,135.224,10.42
563,62.4879,83.727,116,vehicle.mitsubishi.fusorosa,65.551,-33.748,135.224,10.43
564,62.5934,83.740,116,vehicle.mitsubishi.fusorosa,72.379,-33.748,135.224,10.43
564,62.5936,83.752,116,vehicle.mitsubishi.fusorosa,69.190,-33.747,135.224,10.44
564,62.5936,83.763,116,vehicle.mitsubishi.fusorosa,62.011,-33.747,135.224,10.44
564,62.5936,83.775,116,vehicle.mitsubishi.fusorosa,63.935,-33.746,135.224,10.44
564,62.5937,83.787,116,vehicle.mitsubishi.fusorosa,65.375,-33.746,135.224,10.45
564,62.5937,83.797,116,vehicle.mitsubishi.fusorosa,57.311,-33.746,135.224,10.45
564,62.5937,83.808,116,vehicle.mitsubishi.fusorosa,59.024,-33.745,135.224,10.45
564,62.5938,83.820,116,vehicle.mitsubishi.fusorosa,65.723,-33.745,135.224,10.45
564,62.5938,83.833,116,vehicle.mitsubishi.fusorosa,66.369,-33.745,135.224,10.45
565,62.7060,83.844,116,vehicle.mitsubishi.fusorosa,60.946,-33.744,135.224,10.46
565,62.7062,83.856,116,vehicle.mitsubishi.fusorosa,72.248,-33.744,135.224,10.46
565,62.7062,83.867,116,vehicle.mitsubishi.fusorosa,63.946,-33.743,135.224,10.46
565,62.7062,83.879,116,vehicle.mitsubishi.fusorosa,61.080,-33.743,135.224,10.46
565,62.7063,83.889,116,vehicle.mitsubishi.fusorosa,60.779,-33.743,135.224,10.46
565,62.7063,83.901,116,vehicle.mitsubishi.fusorosa,67.164,-33.742,135.224,10.46
565,62.7066,83.913,116,vehicle.mitsubishi.fusorosa,65.717,-33.742,135.224,10.46
565,62.7066,83.923,116,vehicle.mitsubishi.fusorosa,64.507,-33.741,135.224,10.47
565,62.7067,83.935,116,vehicle.mitsubishi.fusorosa,63.332,-33.741,135.224,10.47
565,62.7067,83.946,116,vehicle.mitsubishi.fusorosa,67.603,-33.740,135.224,10.47
566,62.8263,83.959,116,vehicle.mitsubishi.fusorosa,67.680,-33.740,135.224,10.47
566,62.8264,83.970,116,vehicle.mitsubishi.fusorosa,69.645,-33.740,135.224,10.47
566,62.8265,83.982,116,vehicle.mitsubishi.fusorosa,66.086,-33.739,135.224,10.47
566,62.8265,83.995,116,vehicle.mitsubishi.fusorosa,71.449,-33.739,135.224,10.47
566,62.8265,84.006,116,vehicle.mitsubishi.fusorosa,67.612,-33.738,135.223,10.47
566,62.8266,84.017,116,vehicle.mitsubishi.fusorosa,64.224,-33.738,135.223,10.47
566,62.8266,84.029,116,vehicle.mitsubishi.fusorosa,65.575,-33.737,135.223,10.47
566,62.8266,84.040,116,vehicle.mitsubishi.fusorosa,65.377,-33.737,135.223,10.47
566,62.8267,84.051,116,vehicle.mitsubishi.fusorosa,65.613,-33.736,135.223,10.47
566,62.8267,84.064,116,vehicle.mitsubishi.fusorosa,72.349,-33.736,135.223,10.47
567,62.9279,84.076,116,vehicle.mitsubishi.fusorosa,68.629,-33.735,135.223,10.47
567,62.9280,84.088,116,vehicle.mitsubishi.fusorosa,70.738,-33.735,135.222,10.47
567,62.9281,84.099,116,vehicle.mitsubishi.fusorosa,64.155,-33.734,135.222,10.47
567,62.9283,84.111,116,vehicle.mitsubishi.fusorosa,65.162,-33.734,135.222,10.47
567,62.9283,84.123,116,vehicle.mitsubishi.fusorosa,71.545,-33.734,135.222,10.47
567,62.9284,84.134,116,vehicle.mitsubishi.fusorosa,64.486,-33.733,135.222,10.47
567,62.9284,84.146,116,vehicle.mitsubishi.fusorosa,61.317,-33.733,135.222,10.48
567,62.9284,84.157,116,vehicle.mitsubishi.fusorosa,60.384,-33.732,135.222,10.48
567,62.9285,84.169,116,vehicle.mitsubishi.fusorosa,64.500,-33.732,135.222,10.48
568,63.0447,84.181,116,vehicle.mitsubishi.fusorosa,63.336,-33.731,135.222,10.48
568,63.0449,84.193,116,vehicle.mitsubishi.fusorosa,67.845,-33.731,135.222,10.48
568,63.0450,84.204,116,vehicle.mitsubishi.fusorosa,61.314,-33.731,135.222,10.49
568,63.0450,84.215,116,vehicle.mitsubishi.fusorosa,65.244,-33.730,135.222,10.49
568,63.0451,84.227,116,vehicle.mitsubishi.fusorosa,67.016,-33.730,135.222,10.49
568,63.0451,84.238,116,vehicle.mitsubishi.fusorosa,65.653,-33.729,135.222,10.49
568,63.0451,84.250,116,vehicle.mitsubishi.fusorosa,67.413,-33.729,135.222,10.50
568,63.0452,84.261,116,vehicle.mitsubishi.fusorosa,63.755,-33.729,135.222,10.50
568,63.0452,84.273,116,vehicle.mitsubishi.fusorosa,65.707,-33.728,135.222,10.50
568,63.0452,84.285,116,vehicle.mitsubishi.fusorosa,68.909,-33.728,135.222,10.51
569,63.1507,84.297,116,vehicle.mitsubishi.fusorosa,67.626,-33.727,135.222,10.51
569,63.1510,84.309,116,vehicle.mitsubishi.fusorosa,72.089,-33.727,135.222,10.52
569,63.1511,84.321,116,vehicle.mitsubishi.fusorosa,66.226,-33.727,135.222,10.52
569,63.1512,84.333,116,vehicle.mitsubishi.fusorosa,63.727,-33.726,135.222,10.52
569,63.1512,84.345,116,vehicle.mitsubishi.fusorosa,66.878,-33.726,135.222,10.53
569,63.1512,84.357,116,vehicle.mitsubishi.fusorosa,66.103,-33.726,135.223,10.53
569,63.1513,84.368,116,vehicle.mitsubishi.fusorosa,62.347,-33.725,135.223,10.54
569,63.1513,84.379,116,vehicle.mitsubishi.fusorosa,62.626,-33.725,135.223,10.55
569,63.1513,84.391,116,vehicle.mitsubishi.fusorosa,65.129,-33.725,135.223,10.55
570,63.2725,84.403,116,vehicle.mitsubishi.fusorosa,67.484,-33.724,135.223,10.56
570,63.2727,84.415,116,vehicle.mitsubishi.fusorosa,67.630,-33.724,135.223,10.57
570,63.2727,84.427,116,vehicle.mitsubishi.fusorosa,62.774,-33.724,135.223,10.57
570,63.2728,84.438,116,vehicle.mitsubishi.fusorosa,63.565,-33.723,135.223,10.58
570,63.2728,84.450,116,vehicle.mitsubishi.fusorosa,63.191,-33.723,135.224,10.58
570,63.2728,84.461,116,vehicle.mitsubishi.fusorosa,63.245,-33.723,135.224,10.59
570,63.2729,84.473,116,vehicle.mitsubishi.fusorosa,63.402,-33.722,135.224,10.59
570,63.2729,84.484,116,vehicle.mitsubishi.fusorosa,63.005,-33.722,135.224,10.60
570,63.2729,84.496,116,vehicle.mitsubishi.fusorosa,64.150,-33.722,135.224,10.61
570,63.2730,84.508,116,vehicle.mitsubishi.fusorosa,66.821,-33.721,135.224,10.61
571,63.3739,84.519,116,vehicle.mitsubishi.fusorosa,63.466,-33.721,135.224,10.62
571,63.3740,84.531,116,vehicle.mitsubishi.fusorosa,64.935,-33.721,135.225,10.62
571,63.3741,84.542,116,vehicle.mitsubishi.fusorosa,64.850,-33.720,135.225,10.63
571,63.3741,84.554,116,vehicle.mitsubishi.fusorosa,62.201,-33.720,135.225,10.64
571,63.3742,84.565,116,vehicle.mitsubishi.fusorosa,61.157,-33.720,135.225,10.64
571,63.3742,84.577,116,vehicle.mitsubishi.fusorosa,67.114,-33.719,135.225,10.65
571,63.3742,84.589,116,vehicle.mitsubishi.fusorosa,64.380,-33.719,135.225,10.65
571,63.3743,84.600,116,vehicle.mitsubishi.fusorosa,61.782,-33.719,135.225,10.66
571,63.3743,84.612,116,vehicle.mitsubishi.fusorosa,65.884,-33.718,135.225,10.66
572,63.4889,84.623,116,vehicle.mitsubishi.fusorosa,63.920,-33.718,135.226,10.67
572,63.4891,84.635,116,vehicle.mitsubishi.fusorosa,68.565,-33.718,135.226,10.68
572,63.4891,84.647,116,vehicle.mitsubishi.fusorosa,64.347,-33.717,135.226,10.68
572,63.4891,84.658,116,vehicle.mitsubishi.fusorosa,61.628,-33.717,135.226,10.69
572,63.4892,84.670,116,vehicle.mitsubishi.fusorosa,63.083,-33.717,135.226,10.69
572,63.4892,84.681,116,vehicle.mitsubishi.fusorosa,61.645,-33.716,135.226,10.70
572,63.4892,84.692,116,vehicle.mitsubishi.fusorosa,61.579,-33.716,135.226,10.70
572,63.4893,84.704,116,vehicle.mitsubishi.fusorosa,64.751,-33.716,135.226,10.71
572,63.4893,84.715,116,vehicle.mitsubishi.fusorosa,62.038,-33.715,135.227,10.71
572,63.4893,84.727,116,vehicle.mitsubishi.fusorosa,65.943,-33.715,135.227,10.72
573,63.5926,84.738,116,vehicle.mitsubishi.fusorosa,63.675,-33.715,135.227,10.73
573,63.5928,84.750,116,vehicle.mitsubishi.fusorosa,67.240,-33.714,135.227,10.73
573,63.5928,84.761,116,vehicle.mitsubishi.fusorosa,62.553,-33.714,135.227,10.74
573,63.5929,84.772,116,vehicle.mitsubishi.fusorosa,61.159,-33.714,135.227,10.74
573,63.5929,84.784,116,vehicle.mitsubishi.fusorosa,64.452,-33.713,135.227,10.75
573,63.5930,84.795,116,vehicle.mitsubishi.fusorosa,62.425,-33.713,135.227,10.75
573,63.5930,84.807,116,vehicle.mitsubishi.fusorosa,62.126,-33.713,135.228,10.76
573,63.5930,84.818,116,vehicle.mitsubishi.fusorosa,63.394,-33.712,135.228,10.76
573,63.5931,84.830,116,vehicle.mitsubishi.fusorosa,65.198,-33.712,135.228,10.77
574,63.7052,84.842,116,vehicle.mitsubishi.fusorosa,64.022,-33.712,135.228,10.78
574,63.7054,84.853,116,vehicle.mitsubishi.fusorosa,66.319,-33.711,135.228,10.78
574,63.7054,84.864,116,vehicle.mitsubishi.fusorosa,61.234,-33.711,135.228,10.79
574,63.7054,84.876,116,vehicle.mitsubishi.fusorosa,62.850,-33.711,135.228,10.79
574,63.7055,84.887,116,vehicle.mitsubishi.fusorosa,62.025,-33.710,135.228,10.80
574,63.7055,84.898,116,vehicle.mitsubishi.fusorosa,62.477,-33.710,135.229,10.80
574,63.7055,84.910,116,vehicle.mitsubishi.fusorosa,64.438,-33.710,135.229,10.81
574,63.7056,84.921,116,vehicle.mitsubishi.fusorosa,59.576,-33.709,135.229,10.81
574,63.7056,84.932,116,vehicle.mitsubishi.fusorosa,62.587,-33.709,135.229,10.82
574,63.7056,84.945,116,vehicle.mitsubishi.fusorosa,68.328,-33.709,135.229,10.82
575,63.8112,84.957,116,vehicle.mitsubishi.fusorosa,67.759,-33.708,135.229,10.83
575,63.8114,84.968,116,vehicle.mitsubishi.fusorosa,67.728,-33.708,135.229,10.84
575,63.8114,84.980,116,vehicle.mitsubishi.fusorosa,64.974,-33.708,135.229,10.84
575,63.8115,84.992,116,vehicle.mitsubishi.fusorosa,66.589,-33.707,135.229,10.84
575,63.8115,85.004,116,vehicle.mitsubishi.fusorosa,68.674,-33.707,135.229,10.85
575,63.8115,85.015,116,vehicle.mitsubishi.fusorosa,65.973,-33.707,135.230,10.85
575,63.8116,85.026,116,vehicle.mitsubishi.fusorosa,63.845,-33.706,135.230,10.85
575,63.8116,85.038,116,vehicle.mitsubishi.fusorosa,64.202,-33.706,135.230,10.86
575,63.8116,85.050,116,vehicle.mitsubishi.fusorosa,68.895,-33.706,135.230,10.86
576,63.9259,85.062,116,vehicle.mitsubishi.fusorosa,68.656,-33.705,135.230,10.86
576,63.9260,85.073,116,vehicle.mitsubishi.fusorosa,69.267,-33.705,135.230,10.87
576,63.9261,85.085,116,vehicle.mitsubishi.fusorosa,66.888,-33.704,135.230,10.87
576,63.9261,85.096,116,vehicle.mitsubishi.fusorosa,66.679,-33.704,135.230,10.87
576,63.9261,85.107,116,vehicle.mitsubishi.fusorosa,65.941,-33.704,135.230,10.87
576,63.9262,85.118,116,vehicle.mitsubishi.fusorosa,61.408,-33.703,135.230,10.87
576,63.9262,85.130,116,vehicle.mitsubishi.fusorosa,63.086,-33.703,135.230,10.87
576,63.9262,85.142,116,vehicle.mitsubishi.fusorosa,62.225,-33.702,135.230,10.87
576,63.9263,85.152,116,vehicle.mitsubishi.fusorosa,58.941,-33.702,135.230,10.88
576,63.9263,85.164,116,vehicle.mitsubishi.fusorosa,65.102,-33.702,135.229,10.88
577,64.0283,85.176,116,vehicle.mitsubishi.fusorosa,64.269,-33.701,135.229,10.88
577,64.0284,85.188,116,vehicle.mitsubishi.fusorosa,69.729,-33.701,135.229,10.88
577,64.0284,85.199,116,vehicle.mitsubishi.fusorosa,63.637,-33.700,135.229,10.88
577,64.0285,85.212,116,vehicle.mitsubishi.fusorosa,71.743,-33.700,135.229,10.88
577,64.0285,85.223,116,vehicle.mitsubishi.fusorosa,64.545,-33.699,135.229,10.88
577,64.0285,85.234,116,vehicle.mitsubishi.fusorosa,64.246,-33.699,135.229,10.88
577,64.0286,85.245,116,vehicle.mitsubishi.fusorosa,69.636,-33.698,135.229,10.88
577,64.0286,85.257,116,vehicle.mitsubishi.fusorosa,63.658,-33.698,135.229,10.88
577,64.0286,85.269,116,vehicle.mitsubishi.fusorosa,71.892,-33.697,135.229,10.88
578,64.1459,85.281,116,vehicle.mitsubishi.fusorosa,72.722,-33.697,135.228,10.88
578,64.1461,85.294,116,vehicle.mitsubishi.fusorosa,73.955,-33.696,135.228,10.88
578,64.1462,85.305,116,vehicle.mitsubishi.fusorosa,64.708,-33.696,135.228,10.89
578,64.1462,85.317,116,vehicle.mitsubishi.fusorosa,67.563,-33.695,135.228,10.89
578,64.1463,85.328,116,vehicle.mitsubishi.fusorosa,69.077,-33.695,135.228,10.89
578,64.1463,85.339,116,vehicle.mitsubishi.fusorosa,67.412,-33.695,135.228,10.89
578,64.1463,85.351,116,vehicle.mitsubishi.fusorosa,66.268,-33.694,135.228,10.89
578,64.1463,85.363,116,vehicle.mitsubishi.fusorosa,70.027,-33.694,135.228,10.89
578,64.1464,85.374,116,vehicle.mitsubishi.fusorosa,65.488,-33.693,135.228,10.89
578,64.1464,85.386,116,vehicle.mitsubishi.fusorosa,73.687,-33.693,135.228,10.89
579,64.2507,85.399,116,vehicle.mitsubishi.fusorosa,73.737,-33.692,135.228,10.90
579,64.2509,85.410,116,vehicle.mitsubishi.fusorosa,71.790,-33.692,135.228,10.90
579,64.2509,85.422,116,vehicle.mitsubishi.fusorosa,69.164,-33.692,135.228,10.90
579,64.2509,85.435,116,vehicle.mitsubishi.fusorosa,73.605,-33.691,135.228,10.90
579,64.2510,85.445,116,vehicle.mitsubishi.fusorosa,66.049,-33.691,135.228,10.90
579,64.2510,85.456,116,vehicle.mitsubishi.fusorosa,67.022,-33.690,135.227,10.90
579,64.2510,85.468,116,vehicle.mitsubishi.fusorosa,67.743,-33.690,135.227,10.90
579,64.2511,85.479,116,vehicle.mitsubishi.fusorosa,66.739,-33.689,135.227,10.90
579,64.2511,85.491,116,vehicle.mitsubishi.fusorosa,71.302,-33.689,135.227,10.90
580,64.3640,85.502,116,vehicle.mitsubishi.fusorosa,71.130,-33.688,135.227,10.90
580,64.3641,85.514,116,vehicle.mitsubishi.fusorosa,74.931,-33.688,135.227,10.90
580,64.3642,85.526,116,vehicle.mitsubishi.fusorosa,70.412,-33.687,135.227,10.90
580,64.3642,85.537,116,vehicle.mitsubishi.fusorosa,68.457,-33.687,135.226,10.90
580,64.3642,85.548,116,vehicle.mitsubishi.fusorosa,68.359,-33.686,135.226,10.90
580,64.3643,85.559,116,vehicle.mitsubishi.fusorosa,67.390,-33.686,135.226,10.90
580,64.3643,85.571,116,vehicle.mitsubishi.fusorosa,68.208,-33.685,135.226,10.90
580,64.3643,85.583,116,vehicle.mitsubishi.fusorosa,66.271,-33.685,135.226,10.90
580,64.3644,85.593,116,vehicle.mitsubishi.fusorosa,63.647,-33.684,135.225,10.90
580,64.3644,85.605,116,vehicle.mitsubishi.fusorosa,69.193,-33.684,135.225,10.90
581,64.4693,85.618,116,vehicle.mitsubishi.fusorosa,71.588,-33.683,135.225,10.90
581,64.4695,85.630,116,vehicle.mitsubishi.fusorosa,71.721,-33.683,135.225,10.90
581,64.4695,85.641,116,vehicle.mitsubishi.fusorosa,62.554,-33.682,135.225,10.90
581,64.4695,85.652,116,vehicle.mitsubishi.fusorosa,64.938,-33.682,135.224,10.90
581,64.4696,85.664,116,vehicle.mitsubishi.fusorosa,65.812,-33.681,135.224,10.90
581,64.4696,85.675,116,vehicle.mitsubishi.fusorosa,65.655,-33.681,135.224,10.90
581,64.4696,85.687,116,vehicle.mitsubishi.fusorosa,65.887,-33.681,135.224,10.90
581,64.4697,85.699,116,vehicle.mitsubishi.fusorosa,66.435,-33.680,135.224,10.90
581,64.4697,85.710,116,vehicle.mitsubishi.fusorosa,67.206,-33.680,135.224,10.90
582,64.5868,85.722,116,vehicle.mitsubishi.fusorosa,68.013,-33.679,135.224,10.90
582,64.5870,85.734,116,vehicle.mitsubishi.fusorosa,67.948,-33.679,135.224,10.91
582,64.5871,85.744,116,vehicle.mitsubishi.fusorosa,60.516,-33.678,135.224,10.91
582,64.5871,85.756,116,vehicle.mitsubishi.fusorosa,62.301,-33.678,135.224,10.91
582,64.5871,85.767,116,vehicle.mitsubishi.fusorosa,61.984,-33.677,135.224,10.91
582,64.5872,85.778,116,vehicle.mitsubishi.fusorosa,64.832,-33.677,135.224,10.91
582,64.5872,85.791,116,vehicle.mitsubishi.fusorosa,66.704,-33.677,135.224,10.91
582,64.5872,85.802,116,vehicle.mitsubishi.fusorosa,63.022,-33.676,135.224,10.92
582,64.5873,85.814,116,vehicle.mitsubishi.fusorosa,65.285,-33.676,135.224,10.92
582,64.5873,85.826,116,vehicle.mitsubishi.fusorosa,66.337,-33.675,135.224,10.92
583,64.6890,85.837,116,vehicle.mitsubishi.fusorosa,64.594,-33.675,135.224,10.92
583,64.6891,85.849,116,vehicle.mitsubishi.fusorosa,68.108,-33.675,135.224,10.93
583,64.6893,85.861,116,vehicle.mitsubishi.fusorosa,62.869,-33.674,135.224,10.93
583,64.6894,85.872,116,vehicle.mitsubishi.fusorosa,62.399,-33.674,135.224,10.93
583,64.6894,85.883,116,vehicle.mitsubishi.fusorosa,62.668,-33.673,135.224,10.93
583,64.6894,85.895,116,vehicle.mitsubishi.fusorosa,62.338,-33.673,135.224,10.94
583,64.6895,85.905,116,vehicle.mitsubishi.fusorosa,59.416,-33.673,135.224,10.94
583,64.6895,85.917,116,vehicle.mitsubishi.fusorosa,63.567,-33.672,135.224,10.94
583,64.6895,85.930,116,vehicle.mitsubishi.fusorosa,71.361,-33.672,135.224,10.95
584,64.8060,85.942,116,vehicle.mitsubishi.fusorosa,67.091,-33.671,135.224,10.95
584,64.8061,85.953,116,vehicle.mitsubishi.fusorosa,67.757,-33.671,135.224,10.95
584,64.8061,85.965,116,vehicle.mitsubishi.fusorosa,63.958,-33.671,135.224,10.95
584,64.8062,85.976,116,vehicle.mitsubishi.fusorosa,64.138,-33.670,135.224,10.95
584,64.8062,85.987,116,vehicle.mitsubishi.fusorosa,65.596,-33.670,135.224,10.96
584,64.8062,85.998,116,vehicle.mitsubishi.fusorosa,63.154,-33.669,135.224,10.96
584,64.8063,86.010,116,vehicle.mitsubishi.fusorosa,63.069,-33.669,135.224,10.96
584,64.8063,86.021,116,vehicle.mitsubishi.fusorosa,65.493,-33.669,135.224,10.96
584,64.8063,86.032,116,vehicle.mitsubishi.fusorosa,64.584,-33.668,135.224,10.96
584,64.8064,86.044,116,vehicle.mitsubishi.fusorosa,65.785,-33.668,135.224,10.96
585,64.9055,86.056,116,vehicle.mitsubishi.fusorosa,66.764,-33.667,135.224,10.96
585,64.9056,86.067,116,vehicle.mitsubishi.fusorosa,68.522,-33.667,135.224,10.96
585,64.9057,86.078,116,vehicle.mitsubishi.fusorosa,63.871,-33.666,135.224,10.96
585,64.9057,86.089,116,vehicle.mitsubishi.fusorosa,64.099,-33.666,135.223,10.96
585,64.9058,86.101,116,vehicle.mitsubishi.fusorosa,67.457,-33.665,135.223,10.96
585,64.9058,86.112,116,vehicle.mitsubishi.fusorosa,63.022,-33.665,135.223,10.96
585,64.9058,86.123,116,vehicle.mitsubishi.fusorosa,63.954,-33.664,135.223,10.96
585,64.9059,86.134,116,vehicle.mitsubishi.fusorosa,63.691,-33.664,135.223,10.96
585,64.9059,86.146,116,vehicle.mitsubishi.fusorosa,70.184,-33.664,135.223,10.96
586,65.0214,86.158,116,vehicle.mitsubishi.fusorosa,71.150,-33.663,135.223,10.96
586,65.0215,86.170,116,vehicle.mitsubishi.fusorosa,72.306,-33.663,135.222,10.96
586,65.0216,86.182,116,vehicle.mitsubishi.fusorosa,69.065,-33.662,135.222,10.96
586,65.0216,86.195,116,vehicle.mitsubishi.fusorosa,76.227,-33.661,135.222,10.96
586,65.0217,86.206,116,vehicle.mitsubishi.fusorosa,66.411,-33.661,135.222,10.96
586,65.0217,86.217,116,vehicle.mitsubishi.fusorosa,66.398,-33.660,135.221,10.96
586,65.0217,86.228,116,vehicle.mitsubishi.fusorosa,69.730,-33.660,135.221,10.96
586,65.0217,86.240,116,vehicle.mitsubishi.fusorosa,69.223,-33.659,135.221,10.96
586,65.0218,86.250,116,vehicle.mitsubishi.fusorosa,66.469,-33.659,135.221,10.96
586,65.0218,86.262,116,vehicle.mitsubishi.fusorosa,70.335,-33.658,135.220,10.96
587,65.1367,86.273,116,vehicle.mitsubishi.fusorosa,68.631,-33.658,135.220,10.96
587,65.1369,86.285,116,vehicle.mitsubishi.fusorosa,75.233,-33.657,135.220,10.96
587,65.1369,86.297,116,vehicle.mitsubishi.fusorosa,70.800,-33.657,135.220,10.96
587,65.1369,86.308,116,vehicle.mitsubishi.fusorosa,67.835,-33.656,135.219,10.95
587,65.1370,86.320,116,vehicle.mitsubishi.fusorosa,70.242,-33.656,135.219,10.95
587,65.1370,86.331,116,vehicle.mitsubishi.fusorosa,67.842,-33.655,135.219,10.95
587,65.1371,86.342,116,vehicle.mitsubishi.fusorosa,66.650,-33.654,135.218,10.95
587,65.1371,86.354,116,vehicle.mitsubishi.fusorosa,70.275,-33.654,135.218,10.95
587,65.1371,86.365,116,vehicle.mitsubishi.fusorosa,66.175,-33.653,135.218,10.94
587,65.1372,86.377,116,vehicle.mitsubishi.fusorosa,73.189,-33.653,135.217,10.94
588,65.2413,86.390,116,vehicle.mitsubishi.fusorosa,75.999,-33.652,135.217,10.94
588,65.2415,86.401,116,vehicle.mitsubishi.fusorosa,73.125,-33.651,135.217,10.94
588,65.2416,86.413,116,vehicle.mitsubishi.fusorosa,68.222,-33.651,135.216,10.94
588,65.2416,86.424,116,vehicle.mitsubishi.fusorosa,66.666,-33.650,135.216,10.93
588,65.2416,86.437,116,vehicle.mitsubishi.fusorosa,76.149,-33.650,135.215,10.93
588,65.2416,86.448,116,vehicle.mitsubishi.fusorosa,66.179,-33.649,135.215,10.93
588,65.2417,86.460,116,vehicle.mitsubishi.fusorosa,66.464,-33.648,135.215,10.92
588,65.2417,86.471,116,vehicle.mitsubishi.fusorosa,66.963,-33.648,135.214,10.92
588,65.2417,86.483,116,vehicle.mitsubishi.fusorosa,71.893,-33.647,135.214,10.92
589,65.3558,86.495,116,vehicle.mitsubishi.fusorosa,69.310,-33.647,135.213,10.91
589,65.3560,86.507,116,vehicle.mitsubishi.fusorosa,74.159,-33.646,135.213,10.91
589,65.3560,86.518,116,vehicle.mitsubishi.fusorosa,68.678,-33.645,135.212,10.91
589,65.3560,86.529,116,vehicle.mitsubishi.fusorosa,64.965,-33.645,135.212,10.90
589,65.3561,86.540,116,vehicle.mitsubishi.fusorosa,69.817,-33.644,135.212,10.90
589,65.3561,86.551,116,vehicle.mitsubishi.fusorosa,65.523,-33.644,135.211,10.90
589,65.3562,86.563,116,vehicle.mitsubishi.fusorosa,70.270,-33.643,135.211,10.90
589,65.3565,86.574,116,vehicle.mitsubishi.fusorosa,67.549,-33.643,135.211,10.90
589,65.3566,86.586,116,vehicle.mitsubishi.fusorosa,70.076,-33.642,135.211,10.90
589,65.3566,86.597,116,vehicle.mitsubishi.fusorosa,68.686,-33.641,135.210,10.89
590,65.4582,86.609,116,vehicle.mitsubishi.fusorosa,69.580,-33.641,135.210,10.89
590,65.4583,86.621,116,vehicle.mitsubishi.fusorosa,76.822,-33.640,135.210,10.89
590,65.4584,86.632,116,vehicle.mitsubishi.fusorosa,67.457,-33.640,135.209,10.89
590,65.4584,86.644,116,vehicle.mitsubishi.fusorosa,67.574,-33.639,135.209,10.89
590,65.4584,86.655,116,vehicle.mitsubishi.fusorosa,67.168,-33.639,135.209,10.89
590,65.4585,86.666,116,vehicle.mitsubishi.fusorosa,65.388,-33.638,135.208,10.88
590,65.4585,86.677,116,vehicle.mitsubishi.fusorosa,66.293,-33.638,135.208,10.88
590,65.4585,86.688,116,vehicle.mitsubishi.fusorosa,66.244,-33.637,135.208,10.88
590,65.4586,86.700,116,vehicle.mitsubishi.fusorosa,67.815,-33.636,135.207,10.88
591,65.5767,86.712,116,vehicle.mitsubishi.fusorosa,72.982,-33.636,135.207,10.87
591,65.5768,86.724,116,vehicle.mitsubishi.fusorosa,73.396,-33.635,135.206,10.87
591,65.5769,86.735,116,vehicle.mitsubishi.fusorosa,65.308,-33.635,135.206,10.87
591,65.5769,86.747,116,vehicle.mitsubishi.fusorosa,69.642,-33.634,135.206,10.86
591,65.5769,86.759,116,vehicle.mitsubishi.fusorosa,67.441,-33.633,135.205,10.86
591,65.5770,86.770,116,vehicle.mitsubishi.fusorosa,64.834,-33.633,135.205,10.85
591,65.5770,86.781,116,vehicle.mitsubishi.fusorosa,62.261,-33.632,135.204,10.85
591,65.5770,86.793,116,vehicle.mitsubishi.fusorosa,65.326,-33.632,135.204,10.84
591,65.5771,86.804,116,vehicle.mitsubishi.fusorosa,60.183,-33.631,135.203,10.82
591,65.5771,86.817,116,vehicle.mitsubishi.fusorosa,71.031,-33.630,135.203,10.81
592,65.6833,86.829,116,vehicle.mitsubishi.fusorosa,67.144,-33.629,135.202,10.78
592,65.6835,86.841,116,vehicle.mitsubishi.fusorosa,77.201,-33.628,135.202,10.77
592,65.6835,86.852,116,vehicle.mitsubishi.fusorosa,62.655,-33.627,135.201,10.74
592,65.6836,86.864,116,vehicle.mitsubishi.fusorosa,63.256,-33.626,135.201,10.73
592,65.6836,86.876,116,vehicle.mitsubishi.fusorosa,64.032,-33.625,135.200,10.71
592,65.6836,86.887,116,vehicle.mitsubishi.fusorosa,63.568,-33.624,135.199,10.68
592,65.6837,86.899,116,vehicle.mitsubishi.fusorosa,62.336,-33.623,135.199,10.66
592,65.6837,86.910,116,vehicle.mitsubishi.fusorosa,62.053,-33.622,135.198,10.63
592,65.6837,86.923,116,vehicle.mitsubishi.fusorosa,69.233,-33.621,135.198,10.61
593,65.7911,86.935,116,vehicle.mitsubishi.fusorosa,64.099,-33.619,135.197,10.57
593,65.7913,86.947,116,vehicle.mitsubishi.fusorosa,100.901,-33.618,135.196,10.55
593,65.7914,86.959,116,vehicle.mitsubishi.fusorosa,69.199,-33.618,135.196,10.53
593,65.7915,86.971,116,vehicle.mitsubishi.fusorosa,67.705,-33.617,135.196,10.51
593,65.7915,86.983,116,vehicle.mitsubishi.fusorosa,67.825,-33.616,135.195,10.50
593,65.7915,86.995,116,vehicle.mitsubishi.fusorosa,68.534,-33.615,135.195,10.49
593,65.7916,87.006,116,vehicle.mitsubishi.fusorosa,66.812,-33.614,135.195,10.47
593,65.7916,87.018,116,vehicle.mitsubishi.fusorosa,69.754,-33.613,135.194,10.46
593,65.7916,87.032,116,vehicle.mitsubishi.fusorosa,75.502,-33.612,135.194,10.44
594,65.8968,87.044,116,vehicle.mitsubishi.fusorosa,69.207,-33.611,135.193,10.42
594,65.8970,87.056,116,vehicle.mitsubishi.fusorosa,87.825,-33.610,135.193,10.41
594,65.8970,87.068,116,vehicle.mitsubishi.fusorosa,69.559,-33.610,135.193,10.39
594,65.8971,87.079,116,vehicle.mitsubishi.fusorosa,67.449,-33.609,135.192,10.38
594,65.8971,87.091,116,vehicle.mitsubishi.fusorosa,69.216,-33.608,135.192,10.38
594,65.8971,87.102,116,vehicle.mitsubishi.fusorosa,66.537,-33.607,135.192,10.37
594,65.8972,87.114,116,vehicle.mitsubishi.fusorosa,68.111,-33.607,135.192,10.36
594,65.8972,87.125,116,vehicle.mitsubishi.fusorosa,67.869,-33.606,135.191,10.35
594,65.8972,87.137,116,vehicle.mitsubishi.fusorosa,71.523,-33.605,135.191,10.34
595,66.0144,87.150,116,vehicle.mitsubishi.fusorosa,74.835,-33.604,135.191,10.34
595,66.0145,87.163,116,vehicle.mitsubishi.fusorosa,87.292,-33.603,135.190,10.33
595,66.0146,87.174,116,vehicle.mitsubishi.fusorosa,62.830,-33.602,135.190,10.32
595,66.0146,87.185,116,vehicle.mitsubishi.fusorosa,67.896,-33.602,135.190,10.31
595,66.0146,87.197,116,vehicle.mitsubishi.fusorosa,71.555,-33.601,135.190,10.31
595,66.0147,87.208,116,vehicle.mitsubishi.fusorosa,69.225,-33.601,135.190,10.30
595,66.0147,87.220,116,vehicle.mitsubishi.fusorosa,70.581,-33.600,135.189,10.30
595,66.0148,87.232,116,vehicle.mitsubishi.fusorosa,71.411,-33.599,135.189,10.29
595,66.0150,87.243,116,vehicle.mitsubishi.fusorosa,68.067,-33.598,135.189,10.29
595,66.0150,87.256,116,vehicle.mitsubishi.fusorosa,73.995,-33.598,135.189,10.28
596,66.1239,87.267,116,vehicle.mitsubishi.fusorosa,69.929,-33.597,135.189,10.28
596,66.1240,87.280,116,vehicle.mitsubishi.fusorosa,80.998,-33.596,135.189,10.27
596,66.1241,87.291,116,vehicle.mitsubishi.fusorosa,82.158,-33.596,135.188,10.26
596,66.1241,87.303,116,vehicle.mitsubishi.fusorosa,66.622,-33.595,135.188,10.26
596,66.1241,87.314,116,vehicle.mitsubishi.fusorosa,69.689,-33.594,135.188,10.25
596,66.1242,87.326,116,vehicle.mitsubishi.fusorosa,68.747,-33.594,135.188,10.24
596,66.1242,87.338,116,vehicle.mitsubishi.fusorosa,68.156,-33.593,135.188,10.24
596,66.1242,87.349,116,vehicle.mitsubishi.fusorosa,67.764,-33.592,135.187,10.23
596,66.1243,87.362,116,vehicle.mitsubishi.fusorosa,73.279,-33.591,135.187,10.22
597,66.2272,87.374,116,vehicle.mitsubishi.fusorosa,69.323,-33.591,135.187,10.21
597,66.2274,87.386,116,vehicle.mitsubishi.fusorosa,76.944,-33.590,135.186,10.21
597,66.2274,87.398,116,vehicle.mitsubishi.fusorosa,62.037,-33.589,135.186,10.20
597,66.2275,87.409,116,vehicle.mitsubishi.fusorosa,68.421,-33.589,135.186,10.19
597,66.2275,87.421,116,vehicle.mitsubishi.fusorosa,63.356,-33.588,135.186,10.18
597,66.2275,87.432,116,vehicle.mitsubishi.fusorosa,64.130,-33.587,135.185,10.17
597,66.2276,87.443,116,vehicle.mitsubishi.fusorosa,65.650,-33.587,135.185,10.16
597,66.2276,87.455,116,vehicle.mitsubishi.fusorosa,67.184,-33.586,135.185,10.15
597,66.2276,87.468,116,vehicle.mitsubishi.fusorosa,69.949,-33.585,135.185,10.14
598,66.3472,87.480,116,vehicle.mitsubishi.fusorosa,68.938,-33.584,135.184,10.13
598,66.3473,87.492,116,vehicle.mitsubishi.fusorosa,81.432,-33.583,135.184,10.12
598,66.3473,87.503,116,vehicle.mitsubishi.fusorosa,63.865,-33.583,135.184,10.10
598,66.3474,87.515,116,vehicle.mitsubishi.fusorosa,63.768,-33.582,135.183,10.09
598,66.3474,87.526,116,vehicle.mitsubishi.fusorosa,62.418,-33.581,135.183,10.08
598,66.3475,87.537,116,vehicle.mitsubishi.fusorosa,61.388,-33.581,135.183,10.07
598,66.3475,87.548,116,vehicle.mitsubishi.fusorosa,62.488,-33.580,135.182,10.05
598,66.3475,87.560,116,vehicle.mitsubishi.fusorosa,62.138,-33.579,135.182,10.04
598,66.3476,87.571,116,vehicle.mitsubishi.fusorosa,61.703,-33.578,135.182,10.02
598,66.3476,87.584,116,vehicle.mitsubishi.fusorosa,68.568,-33.578,135.181,10.00
599,66.4535,87.598,116,vehicle.mitsubishi.fusorosa,76.453,-33.577,135.181,9.98
599,66.4536,87.610,116,vehicle.mitsubishi.fusorosa,84.025,-33.576,135.180,9.96
599,66.4537,87.622,116,vehicle.mitsubishi.fusorosa,68.368,-33.575,135.180,9.94
599,66.4537,87.635,116,vehicle.mitsubishi.fusorosa,70.578,-33.574,135.180,9.93
599,66.4537,87.647,116,vehicle.mitsubishi.fusorosa,69.507,-33.573,135.179,9.92
599,66.4538,87.659,116,vehicle.mitsubishi.fusorosa,68.824,-33.572,135.179,9.91
599,66.4538,87.671,116,vehicle.mitsubishi.fusorosa,68.944,-33.572,135.178,9.89
599,66.4538,87.682,116,vehicle.mitsubishi.fusorosa,66.084,-33.571,135.178,9.88
599,66.4540,87.694,116,vehicle.mitsubishi.fusorosa,68.538,-33.570,135.178,9.87
600,66.5635,87.707,116,vehicle.mitsubishi.fusorosa,70.610,-33.569,135.177,9.85
600,66.5636,87.718,116,vehicle.mitsubishi.fusorosa,83.087,-33.568,135.177,9.84
600,66.5637,87.730,116,vehicle.mitsubishi.fusorosa,67.607,-33.567,135.177,9.83
600,66.5637,87.741,116,vehicle.mitsubishi.fusorosa,67.540,-33.567,135.176,9.82
600,66.5638,87.752,116,vehicle.mitsubishi.fusorosa,66.897,-33.566,135.176,9.81
600,66.5638,87.763,116,vehicle.mitsubishi.fusorosa,68.742,-33.565,135.176,9.81
600,66.5638,87.776,116,vehicle.mitsubishi.fusorosa,71.642,-33.565,135.176,9.80
600,66.5639,87.787,116,vehicle.mitsubishi.fusorosa,71.019,-33.564,135.175,9.79
600,66.5639,87.800,116,vehicle.mitsubishi.fusorosa,74.430,-33.563,135.175,9.78
601,66.6654,87.812,116,vehicle.mitsubishi.fusorosa,74.164,-33.562,135.175,9.77
601,66.6661,87.824,116,vehicle.mitsubishi.fusorosa,75.946,-33.561,135.174,9.75
601,66.6662,87.836,116,vehicle.mitsubishi.fusorosa,80.574,-33.560,135.174,9.74
601,66.6662,87.848,116,vehicle.mitsubishi.fusorosa,78.178,-33.560,135.174,9.73
601,66.6663,87.859,116,vehicle.mitsubishi.fusorosa,72.151,-33.559,135.174,9.72
601,66.6663,87.871,116,vehicle.mitsubishi.fusorosa,70.875,-33.558,135.174,9.71
601,66.6663,87.882,116,vehicle.mitsubishi.fusorosa,71.321,-33.557,135.173,9.70
601,66.6664,87.894,116,vehicle.mitsubishi.fusorosa,72.409,-33.557,135.173,9.69
601,66.6664,87.906,116,vehicle.mitsubishi.fusorosa,74.863,-33.556,135.173,9.68
602,66.7826,87.918,116,vehicle.mitsubishi.fusorosa,76.000,-33.555,135.173,9.67
602,66.7828,87.930,116,vehicle.mitsubishi.fusorosa,78.569,-33.554,135.173,9.66
602,66.7828,87.942,116,vehicle.mitsubishi.fusorosa,74.461,-33.554,135.173,9.65
602,66.7828,87.954,116,vehicle.mitsubishi.fusorosa,74.295,-33.553,135.173,9.64
602,66.7829,87.965,116,vehicle.mitsubishi.fusorosa,66.355,-33.552,135.172,9.64
602,66.7829,87.976,116,vehicle.mitsubishi.fusorosa,68.019,-33.551,135.172,9.63
602,66.7829,87.987,116,vehicle.mitsubishi.fusorosa,72.291,-33.550,135.172,9.62
602,66.7830,87.998,116,vehicle.mitsubishi.fusorosa,70.444,-33.550,135.172,9.61
602,66.7830,88.010,116,vehicle.mitsubishi.fusorosa,72.024,-33.549,135.172,9.60
602,66.7830,88.022,116,vehicle.mitsubishi.fusorosa,77.879,-33.548,135.172,9.59
603,66.8876,88.035,116,vehicle.mitsubishi.fusorosa,78.675,-33.547,135.172,9.58
603,66.8877,88.046,116,vehicle.mitsubishi.fusorosa,66.540,-33.546,135.172,9.58
603,66.8878,88.058,116,vehicle.mitsubishi.fusorosa,79.161,-33.545,135.172,9.57
603,66.8878,88.070,116,vehicle.mitsubishi.fusorosa,78.034,-33.544,135.172,9.57
603,66.8878,88.081,116,vehicle.mitsubishi.fusorosa,74.061,-33.544,135.172,9.56
603,66.8879,88.093,116,vehicle.mitsubishi.fusorosa,77.122,-33.543,135.172,9.56
603,66.8879,88.104,116,vehicle.mitsubishi.fusorosa,51.332,-33.542,135.172,9.56
603,66.8879,88.115,116,vehicle.mitsubishi.fusorosa,48.603,-33.542,135.172,9.56
603,66.8880,88.128,116,vehicle.mitsubishi.fusorosa,63.847,-33.542,135.173,9.56
604,66.9947,88.140,116,vehicle.mitsubishi.fusorosa,70.829,-33.541,135.173,9.56
604,66.9948,88.152,116,vehicle.mitsubishi.fusorosa,103.893,-33.540,135.173,9.56
604,66.9949,88.164,116,vehicle.mitsubishi.fusorosa,68.665,-33.540,135.173,9.56
604,66.9949,88.175,116,vehicle.mitsubishi.fusorosa,67.809,-33.539,135.173,9.55
604,66.9949,88.187,116,vehicle.mitsubishi.fusorosa,70.121,-33.539,135.173,9.55
604,66.9950,88.199,116,vehicle.mitsubishi.fusorosa,69.950,-33.538,135.173,9.55
604,66.9950,88.210,116,vehicle.mitsubishi.fusorosa,69.449,-33.538,135.173,9.55
604,66.9950,88.221,116,vehicle.mitsubishi.fusorosa,66.906,-33.537,135.173,9.54
604,66.9951,88.233,116,vehicle.mitsubishi.fusorosa,68.439,-33.537,135.173,9.54
605,67.1076,88.244,116,vehicle.mitsubishi.fusorosa,68.684,-33.536,135.173,9.54
605,67.1078,88.256,116,vehicle.mitsubishi.fusorosa,89.868,-33.536,135.174,9.54
605,67.1078,88.268,116,vehicle.mitsubishi.fusorosa,78.103,-33.535,135.174,9.53
605,67.1078,88.279,116,vehicle.mitsubishi.fusorosa,72.095,-33.535,135.174,9.53
605,67.1079,88.291,116,vehicle.mitsubishi.fusorosa,68.948,-33.534,135.174,9.53
605,67.1079,88.302,116,vehicle.mitsubishi.fusorosa,70.349,-33.534,135.174,9.52
605,67.1079,88.314,116,vehicle.mitsubishi.fusorosa,70.006,-33.533,135.174,9.52
605,67.1080,88.325,116,vehicle.mitsubishi.fusorosa,67.402,-33.533,135.174,9.52
605,67.1080,88.336,116,vehicle.mitsubishi.fusorosa,68.411,-33.532,135.175,9.51
605,67.1080,88.347,116,vehicle.mitsubishi.fusorosa,68.732,-33.532,135.175,9.51
606,67.2257,88.360,116,vehicle.mitsubishi.fusorosa,72.681,-33.532,135.175,9.51
606,67.2259,88.371,116,vehicle.mitsubishi.fusorosa,87.654,-33.531,135.175,9.51
606,67.2259,88.383,116,vehicle.mitsubishi.fusorosa,70.037,-33.531,135.175,9.50
606,67.2260,88.395,116,vehicle.mitsubishi.fusorosa,71.561,-33.530,135.175,9.50
606,67.2260,88.406,116,vehicle.mitsubishi.fusorosa,75.736,-33.530,135.175,9.49
606,67.2260,88.418,116,vehicle.mitsubishi.fusorosa,69.620,-33.530,135.176,9.49
606,67.2261,88.429,116,vehicle.mitsubishi.fusorosa,73.529,-33.529,135.176,9.48
606,67.2261,88.440,116,vehicle.mitsubishi.fusorosa,69.580,-33.529,135.176,9.48
606,67.2261,88.451,116,vehicle.mitsubishi.fusorosa,69.738,-33.528,135.176,9.47
606,67.2262,88.463,116,vehicle.mitsubishi.fusorosa,71.770,-33.528,135.176,9.47
607,67.3296,88.475,116,vehicle.mitsubishi.fusorosa,73.099,-33.527,135.176,9.46
607,67.3297,88.487,116,vehicle.mitsubishi.fusorosa,79.005,-33.527,135.176,9.46
607,67.3297,88.498,116,vehicle.mitsubishi.fusorosa,67.432,-33.526,135.176,9.45
607,67.3298,88.510,116,vehicle.mitsubishi.fusorosa,71.374,-33.526,135.176,9.45
607,67.3298,88.521,116,vehicle.mitsubishi.fusorosa,67.364,-33.526,135.177,9.44
607,67.3298,88.532,116,vehicle.mitsubishi.fusorosa,68.881,-33.525,135.177,9.44
607,67.3299,88.544,116,vehicle.mitsubishi.fusorosa,71.009,-33.525,135.177,9.43
607,67.3299,88.556,116,vehicle.mitsubishi.fusorosa,69.576,-33.525,135.177,9.43
607,67.3299,88.567,116,vehicle.mitsubishi.fusorosa,70.518,-33.524,135.177,9.42
608,67.4432,88.578,116,vehicle.mitsubishi.fusorosa,67.452,-33.524,135.177,9.42
608,67.4434,88.591,116,vehicle.mitsubishi.fusorosa,75.044,-33.523,135.178,9.41
608,67.4435,88.602,116,vehicle.mitsubishi.fusorosa,67.863,-33.523,135.178,9.41
608,67.4435,88.614,116,vehicle.mitsubishi.fusorosa,67.467,-33.523,135.178,9.41
608,67.4435,88.625,116,vehicle.mitsubishi.fusorosa,69.526,-33.522,135.178,9.40
608,67.4436,88.636,116,vehicle.mitsubishi.fusorosa,64.665,-33.522,135.179,9.40
608,67.4436,88.648,116,vehicle.mitsubishi.fusorosa,67.595,-33.522,135.179,9.39
608,67.4436,88.660,116,vehicle.mitsubishi.fusorosa,67.241,-33.522,135.179,9.39
608,67.4437,88.671,116,vehicle.mitsubishi.fusorosa,67.373,-33.521,135.179,9.39
608,67.4437,88.683,116,vehicle.mitsubishi.fusorosa,69.795,-33.521,135.180,9.38
609,67.5464,88.695,116,vehicle.mitsubishi.fusorosa,69.128,-33.521,135.180,9.38
609,67.5466,88.707,116,vehicle.mitsubishi.fusorosa,72.872,-33.520,135.180,9.38
609,67.5466,88.719,116,vehicle.mitsubishi.fusorosa,65.321,-33.520,135.181,9.37
609,67.5467,88.730,116,vehicle.mitsubishi.fusorosa,62.941,-33.520,135.181,9.37
609,67.5467,88.741,116,vehicle.mitsubishi.fusorosa,62.807,-33.520,135.181,9.37
609,67.5467,88.752,116,vehicle.mitsubishi.fusorosa,62.306,-33.519,135.182,9.36
609,67.5468,88.763,116,vehicle.mitsubishi.fusorosa,61.239,-33.519,135.182,9.36
609,67.5468,88.775,116,vehicle.mitsubishi.fusorosa,63.543,-33.519,135.182,9.36
609,67.5468,88.788,116,vehicle.mitsubishi.fusorosa,69.514,-33.519,135.183,9.36
610,67.6630,88.800,116,vehicle.mitsubishi.fusorosa,66.457,-33.519,135.183,9.36
610,67.6631,88.812,116,vehicle.mitsubishi.fusorosa,68.768,-33.518,135.183,9.35
610,67.6632,88.823,116,vehicle.mitsubishi.fusorosa,60.500,-33.518,135.184,9.35
610,67.6632,88.834,116,vehicle.mitsubishi.fusorosa,59.025,-33.518,135.184,9.35
610,67.6632,88.845,116,vehicle.mitsubishi.fusorosa,59.720,-33.518,135.184,9.35
610,67.6633,88.857,116,vehicle.mitsubishi.fusorosa,62.177,-33.518,135.185,9.35
610,67.6633,88.868,116,vehicle.mitsubishi.fusorosa,61.427,-33.518,135.185,9.35
610,67.6633,88.880,116,vehicle.mitsubishi.fusorosa,60.619,-33.517,135.185,9.34
610,67.6634,88.892,116,vehicle.mitsubishi.fusorosa,62.647,-33.517,135.186,9.34
610,67.6634,88.905,116,vehicle.mitsubishi.fusorosa,65.800,-33.517,135.186,9.34
611,67.7654,88.916,116,vehicle.mitsubishi.fusorosa,63.272,-33.517,135.187,9.34
611,67.7656,88.929,116,vehicle.mitsubishi.fusorosa,64.392,-33.517,135.187,9.34
611,67.7656,88.939,116,vehicle.mitsubishi.fusorosa,58.078,-33.517,135.187,9.34
611,67.7656,88.950,116,vehicle.mitsubishi.fusorosa,56.571,-33.517,135.188,9.34
611,67.7657,88.962,116,vehicle.mitsubishi.fusorosa,58.507,-33.516,135.188,9.34
611,67.7658,88.973,116,vehicle.mitsubishi.fusorosa,60.348,-33.516,135.189,9.34
611,67.7658,88.984,116,vehicle.mitsubishi.fusorosa,55.587,-33.516,135.189,9.34
611,67.7659,88.995,116,vehicle.mitsubishi.fusorosa,56.822,-33.516,135.189,9.34
611,67.7659,89.007,116,vehicle.mitsubishi.fusorosa,60.390,-33.516,135.190,9.34
612,67.8891,89.020,116,vehicle.mitsubishi.fusorosa,64.119,-33.516,135.190,9.34
612,67.8893,89.032,116,vehicle.mitsubishi.fusorosa,62.830,-33.516,135.191,9.34
612,67.8893,89.043,116,vehicle.mitsubishi.fusorosa,60.738,-33.516,135.191,9.34
612,67.8893,89.056,116,vehicle.mitsubishi.fusorosa,68.716,-33.516,135.191,9.34
612,67.8894,89.067,116,vehicle.mitsubishi.fusorosa,62.488,-33.515,135.192,9.34
612,67.8894,89.078,116,vehicle.mitsubishi.fusorosa,59.660,-33.515,135.192,9.34
612,67.8894,89.090,116,vehicle.mitsubishi.fusorosa,60.843,-33.515,135.192,9.35
612,67.8895,89.102,116,vehicle.mitsubishi.fusorosa,62.299,-33.515,135.193,9.35
612,67.8895,89.114,116,vehicle.mitsubishi.fusorosa,64.360,-33.515,135.193,9.35
612,67.8895,89.126,116,vehicle.mitsubishi.fusorosa,64.788,-33.515,135.193,9.35
613,67.9946,89.138,116,vehicle.mitsubishi.fusorosa,66.155,-33.514,135.193,9.36
613,67.9947,89.150,116,vehicle.mitsubishi.fusorosa,65.859,-33.514,135.194,9.37
613,67.9948,89.162,116,vehicle.mitsubishi.fusorosa,65.688,-33.514,135.194,9.38
613,67.9948,89.174,116,vehicle.mitsubishi.fusorosa,64.457,-33.513,135.194,9.38
613,67.9948,89.185,116,vehicle.mitsubishi.fusorosa,64.316,-33.513,135.195,9.39
613,67.9949,89.197,116,vehicle.mitsubishi.fusorosa,64.432,-33.513,135.195,9.40
613,67.9949,89.208,116,vehicle.mitsubishi.fusorosa,65.198,-33.513,135.195,9.40
613,67.9949,89.219,116,vehicle.mitsubishi.fusorosa,60.641,-33.512,135.195,9.41
613,67.9950,89.231,116,vehicle.mitsubishi.fusorosa,67.199,-33.512,135.196,9.41
614,68.1037,89.243,116,vehicle.mitsubishi.fusorosa,69.065,-33.512,135.196,9.42
614,68.1038,89.254,116,vehicle.mitsubishi.fusorosa,71.802,-33.511,135.196,9.43
614,68.1038,89.266,116,vehicle.mitsubishi.fusorosa,69.771,-33.511,135.197,9.43
614,68.1039,89.278,116,vehicle.mitsubishi.fusorosa,67.016,-33.511,135.197,9.43
614,68.1039,89.289,116,vehicle.mitsubishi.fusorosa,66.090,-33.510,135.197,9.44
614,68.1039,89.300,116,vehicle.mitsubishi.fusorosa,67.492,-33.510,135.197,9.44
614,68.1040,89.312,116,vehicle.mitsubishi.fusorosa,66.406,-33.509,135.197,9.44
614,68.1040,89.323,116,vehicle.mitsubishi.fusorosa,67.722,-33.509,135.197,9.45
614,68.1040,89.335,116,vehicle.mitsubishi.fusorosa,68.145,-33.509,135.198,9.45
615,68.2106,89.347,116,vehicle.mitsubishi.fusorosa,72.354,-33.508,135.198,9.45
615,68.2107,89.359,116,vehicle.mitsubishi.fusorosa,69.959,-33.508,135.198,9.46
615,68.2108,89.370,116,vehicle.mitsubishi.fusorosa,74.069,-33.508,135.198,9.46
615,68.2108,89.382,116,vehicle.mitsubishi.fusorosa,70.868,-33.507,135.198,9.46
615,68.2108,89.394,116,vehicle.mitsubishi.fusorosa,72.187,-33.507,135.198,9.47
615,68.2109,89.405,116,vehicle.mitsubishi.fusorosa,70.657,-33.506,135.198,9.47
615,68.2109,89.417,116,vehicle.mitsubishi.fusorosa,70.940,-33.506,135.198,9.47
615,68.2109,89.428,116,vehicle.mitsubishi.fusorosa,71.047,-33.506,135.199,9.47
615,68.2110,89.440,116,vehicle.mitsubishi.fusorosa,73.771,-33.505,135.199,9.47
615,68.2110,89.452,116,vehicle.mitsubishi.fusorosa,70.354,-33.505,135.199,9.47
616,68.3297,89.464,116,vehicle.mitsubishi.fusorosa,71.377,-33.504,135.199,9.48
616,68.3299,89.475,116,vehicle.mitsubishi.fusorosa,78.627,-33.504,135.199,9.48
616,68.3299,89.487,116,vehicle.mitsubishi.fusorosa,72.223,-33.503,135.199,9.48
616,68.3299,89.498,116,vehicle.mitsubishi.fusorosa,71.175,-33.503,135.199,9.48
616,68.3300,89.511,116,vehicle.mitsubishi.fusorosa,75.897,-33.503,135.199,9.48
616,68.3300,89.522,116,vehicle.mitsubishi.fusorosa,71.253,-33.502,135.199,9.48
616,68.3300,89.533,116,vehicle.mitsubishi.fusorosa,71.071,-33.502,135.199,9.48
616,68.3301,89.545,116,vehicle.mitsubishi.fusorosa,73.011,-33.501,135.199,9.48
616,68.3301,89.556,116,vehicle.mitsubishi.fusorosa,74.041,-33.501,135.198,9.48
616,68.3301,89.568,116,vehicle.mitsubishi.fusorosa,73.669,-33.500,135.198,9.48
617,68.4341,89.580,116,vehicle.mitsubishi.fusorosa,71.556,-33.500,135.198,9.48
617,68.4343,89.592,116,vehicle.mitsubishi.fusorosa,82.828,-33.499,135.198,9.48
617,68.4344,89.603,116,vehicle.mitsubishi.fusorosa,72.629,-33.499,135.198,9.48
617,68.4345,89.615,116,vehicle.mitsubishi.fusorosa,73.266,-33.498,135.198,9.48
617,68.4345,89.627,116,vehicle.mitsubishi.fusorosa,75.819,-33.498,135.198,9.48
617,68.4346,89.639,116,vehicle.mitsubishi.fusorosa,76.244,-33.497,135.198,9.48
617,68.4346,89.650,116,vehicle.mitsubishi.fusorosa,74.047,-33.497,135.198,9.48
617,68.4346,89.661,116,vehicle.mitsubishi.fusorosa,69.942,-33.496,135.197,9.48
617,68.4347,89.673,116,vehicle.mitsubishi.fusorosa,73.779,-33.496,135.197,9.48
618,68.5480,89.685,116,vehicle.mitsubishi.fusorosa,76.351,-33.495,135.197,9.48
618,68.5481,89.697,116,vehicle.mitsubishi.fusorosa,80.798,-33.494,135.197,9.48
618,68.5482,89.709,116,vehicle.mitsubishi.fusorosa,74.451,-33.494,135.197,9.48
618,68.5482,89.720,116,vehicle.mitsubishi.fusorosa,72.802,-33.493,135.196,9.48
618,68.5482,89.732,116,vehicle.mitsubishi.fusorosa,74.934,-33.493,135.196,9.48
618,68.5483,89.743,116,vehicle.mitsubishi.fusorosa,70.440,-33.492,135.196,9.48
618,68.5483,89.754,116,vehicle.mitsubishi.fusorosa,72.611,-33.492,135.196,9.48
618,68.5483,89.765,116,vehicle.mitsubishi.fusorosa,70.739,-33.491,135.195,9.47
618,68.5484,89.777,116,vehicle.mitsubishi.fusorosa,71.449,-33.491,135.195,9.47
618,68.5484,89.789,116,vehicle.mitsubishi.fusorosa,75.376,-33.490,135.195,9.47
619,68.6554,89.800,116,vehicle.mitsubishi.fusorosa,72.729,-33.489,135.194,9.47
619,68.6555,89.813,116,vehicle.mitsubishi.fusorosa,82.397,-33.489,135.194,9.47
619,68.6555,89.824,116,vehicle.mitsubishi.fusorosa,72.572,-33.488,135.194,9.47
619,68.6556,89.842,116,vehicle.mitsubishi.fusorosa,106.698,-33.488,135.193,9.47
619,68.6556,89.852,116,vehicle.mitsubishi.fusorosa,64.912,-33.487,135.193,9.46
619,68.6556,89.863,116,vehicle.mitsubishi.fusorosa,61.568,-33.486,135.193,9.46
619,68.6557,89.874,116,vehicle.mitsubishi.fusorosa,66.062,-33.486,135.192,9.46
619,68.6557,89.885,116,vehicle.mitsubishi.fusorosa,67.871,-33.485,135.192,9.46
619,68.6557,89.897,116,vehicle.mitsubishi.fusorosa,70.435,-33.485,135.192,9.46
620,68.7593,89.909,116,vehicle.mitsubishi.fusorosa,73.354,-33.484,135.192,9.46
620,68.7595,89.921,116,vehicle.mitsubishi.fusorosa,76.252,-33.484,135.191,9.45
620,68.7595,89.932,116,vehicle.mitsubishi.fusorosa,65.517,-33.483,135.191,9.45
620,68.7596,89.943,116,vehicle.mitsubishi.fusorosa,67.403,-33.483,135.191,9.45
620,68.7596,89.954,116,vehicle.mitsubishi.fusorosa,70.244,-33.482,135.190,9.44
620,68.7596,89.966,116,vehicle.mitsubishi.fusorosa,70.037,-33.481,135.190,9.44
620,68.7597,89.977,116,vehicle.mitsubishi.fusorosa,69.843,-33.481,135.189,9.43
620,68.7597,89.989,116,vehicle.mitsubishi.fusorosa,70.918,-33.480,135.189,9.43
620,68.7597,90.001,116,vehicle.mitsubishi.fusorosa,74.111,-33.480,135.188,9.43
621,68.8780,90.013,116,vehicle.mitsubishi.fusorosa,74.078,-33.479,135.188,9.42
621,68.8782,90.025,116,vehicle.mitsubishi.fusorosa,76.227,-33.478,135.187,9.42
621,68.8783,90.036,116,vehicle.mitsubishi.fusorosa,68.343,-33.478,135.187,9.41
621,68.8783,90.048,116,vehicle.mitsubishi.fusorosa,69.681,-33.477,135.187,9.41
621,68.8783,90.059,116,vehicle.mitsubishi.fusorosa,67.472,-33.476,135.186,9.40
621,68.8784,90.071,116,vehicle.mitsubishi.fusorosa,70.535,-33.476,135.186,9.40
621,68.8784,90.082,116,vehicle.mitsubishi.fusorosa,67.053,-33.475,135.185,9.39
621,68.8784,90.093,116,vehicle.mitsubishi.fusorosa,67.727,-33.475,135.185,9.39
621,68.8785,90.106,116,vehicle.mitsubishi.fusorosa,71.423,-33.474,135.184,9.38
621,68.8785,90.119,116,vehicle.mitsubishi.fusorosa,76.292,-33.473,135.183,9.37
622,68.9877,90.132,116,vehicle.mitsubishi.fusorosa,78.539,-33.473,135.183,9.37
622,68.9879,90.144,116,vehicle.mitsubishi.fusorosa,76.148,-33.472,135.182,9.36
622,68.9879,90.156,116,vehicle.mitsubishi.fusorosa,74.423,-33.472,135.182,9.35
622,68.9880,90.168,116,vehicle.mitsubishi.fusorosa,72.768,-33.471,135.181,9.35
622,68.9880,90.179,116,vehicle.mitsubishi.fusorosa,71.073,-33.470,135.181,9.35
622,68.9881,90.190,116,vehicle.mitsubishi.fusorosa,70.050,-33.470,135.180,9.34
622,68.9881,90.201,116,vehicle.mitsubishi.fusorosa,62.009,-33.469,135.180,9.34
622,68.9882,90.213,116,vehicle.mitsubishi.fusorosa,69.237,-33.469,135.180,9.34
622,68.9882,90.226,116,vehicle.mitsubishi.fusorosa,77.825,-33.468,135.179,9.33
623,69.0954,90.238,116,vehicle.mitsubishi.fusorosa,74.205,-33.467,135.179,9.32
623,69.0956,90.250,116,vehicle.mitsubishi.fusorosa,74.952,-33.466,135.178,9.32
623,69.0956,90.261,116,vehicle.mitsubishi.fusorosa,70.078,-33.465,135.178,9.31
623,69.0957,90.277,116,vehicle.mitsubishi.fusorosa,95.851,-33.465,135.178,9.30
623,69.0957,90.289,116,vehicle.mitsubishi.fusorosa,77.310,-33.463,135.177,9.29
623,69.0958,90.301,116,vehicle.mitsubishi.fusorosa,72.803,-33.463,135.177,9.28
623,69.0958,90.312,116,vehicle.mitsubishi.fusorosa,71.523,-33.462,135.177,9.28
623,69.0958,90.323,116,vehicle.mitsubishi.fusorosa,72.657,-33.461,135.176,9.27
623,69.0959,90.336,116,vehicle.mitsubishi.fusorosa,76.629,-33.461,135.176,9.27
624,69.2092,90.348,116,vehicle.mitsubishi.fusorosa,77.779,-33.460,135.176,9.26
624,69.2094,90.360,116,vehicle.mitsubishi.fusorosa,76.102,-33.459,135.176,9.26
624,69.2094,90.371,116,vehicle.mitsubishi.fusorosa,72.201,-33.459,135.175,9.25
624,69.2095,90.382,116,vehicle.mitsubishi.fusorosa,70.412,-33.458,135.175,9.25
624,69.2095,90.393,116,vehicle.mitsubishi.fusorosa,69.100,-33.457,135.175,9.24
624,69.2095,90.404,116,vehicle.mitsubishi.fusorosa,72.575,-33.457,135.175,9.24
624,69.2096,90.415,116,vehicle.mitsubishi.fusorosa,71.075,-33.456,135.175,9.24
624,69.2096,90.427,116,vehicle.mitsubishi.fusorosa,71.190,-33.455,135.175,9.24
624,69.2096,90.438,116,vehicle.mitsubishi.fusorosa,72.300,-33.455,135.174,9.23
624,69.2097,90.451,116,vehicle.mitsubishi.fusorosa,77.612,-33.454,135.174,9.23
625,69.3128,90.463,116,vehicle.mitsubishi.fusorosa,79.736,-33.454,135.174,9.23
625,69.3129,90.475,116,vehicle.mitsubishi.fusorosa,76.119,-33.453,135.174,9.22
625,69.3130,90.486,116,vehicle.mitsubishi.fusorosa,71.081,-33.452,135.174,9.22
625,69.3130,90.497,116,vehicle.mitsubishi.fusorosa,71.834,-33.452,135.174,9.21
625,69.3130,90.508,116,vehicle.mitsubishi.fusorosa,69.326,-33.451,135.173,9.21
625,69.3131,90.520,116,vehicle.mitsubishi.fusorosa,70.911,-33.450,135.173,9.20
625,69.3131,90.531,116,vehicle.mitsubishi.fusorosa,69.300,-33.450,135.173,9.20
625,69.3131,90.541,116,vehicle.mitsubishi.fusorosa,68.426,-33.449,135.173,9.20
625,69.3132,90.553,116,vehicle.mitsubishi.fusorosa,70.922,-33.448,135.173,9.19
626,69.4322,90.564,116,vehicle.mitsubishi.fusorosa,73.243,-33.448,135.172,9.19
626,69.4324,90.576,116,vehicle.mitsubishi.fusorosa,70.715,-33.447,135.172,9.18
626,69.4324,90.587,116,vehicle.mitsubishi.fusorosa,70.242,-33.446,135.172,9.17
626,69.4325,90.599,116,vehicle.mitsubishi.fusorosa,73.387,-33.446,135.172,9.17
626,69.4325,90.610,116,vehicle.mitsubishi.fusorosa,69.849,-33.445,135.172,9.16
626,69.4325,90.621,116,vehicle.mitsubishi.fusorosa,66.319,-33.444,135.172,9.16
626,69.4326,90.632,116,vehicle.mitsubishi.fusorosa,68.833,-33.444,135.172,9.15
626,69.4326,90.644,116,vehicle.mitsubishi.fusorosa,70.522,-33.443,135.171,9.14
626,69.4326,90.655,116,vehicle.mitsubishi.fusorosa,68.892,-33.442,135.171,9.13
626,69.4327,90.667,116,vehicle.mitsubishi.fusorosa,79.001,-33.442,135.171,9.12
627,69.5321,90.679,116,vehicle.mitsubishi.fusorosa,69.559,-33.441,135.171,9.11
627,69.5322,90.690,116,vehicle.mitsubishi.fusorosa,77.095,-33.440,135.171,9.10
627,69.5322,90.702,116,vehicle.mitsubishi.fusorosa,89.502,-33.439,135.171,9.09
627,69.5323,90.713,116,vehicle.mitsubishi.fusorosa,65.368,-33.439,135.171,9.09
627,69.5323,90.726,116,vehicle.mitsubishi.fusorosa,72.152,-33.438,135.171,9.08
627,69.5323,90.737,116,vehicle.mitsubishi.fusorosa,71.727,-33.437,135.170,9.08
627,69.5324,90.748,116,vehicle.mitsubishi.fusorosa,68.997,-33.437,135.170,9.07
627,69.5324,90.759,116,vehicle.mitsubishi.fusorosa,70.560,-33.436,135.170,9.06
627,69.5324,90.771,116,vehicle.mitsubishi.fusorosa,76.238,-33.435,135.170,9.06
628,69.6452,90.782,116,vehicle.mitsubishi.fusorosa,70.051,-33.435,135.170,9.05
628,69.6454,90.794,116,vehicle.mitsubishi.fusorosa,75.084,-33.434,135.170,9.04
628,69.6454,90.806,116,vehicle.mitsubishi.fusorosa,77.738,-33.433,135.170,9.04
628,69.6454,90.829,116,vehicle.mitsubishi.fusorosa,94.563,-33.433,135.170,9.04
628,69.6456,90.840,116,vehicle.mitsubishi.fusorosa,77.300,-33.432,135.170,9.03
628,69.6457,90.851,116,vehicle.mitsubishi.fusorosa,69.549,-33.431,135.170,9.03
628,69.6457,90.863,116,vehicle.mitsubishi.fusorosa,76.770,-33.431,135.170,9.03
628,69.6458,90.874,116,vehicle.mitsubishi.fusorosa,68.065,-33.430,135.170,9.03
628,69.6458,90.885,116,vehicle.mitsubishi.fusorosa,68.266,-33.430,135.170,9.03
629,69.7474,90.897,116,vehicle.mitsubishi.fusorosa,69.278,-33.430,135.170,9.03
629,69.7476,90.909,116,vehicle.mitsubishi.fusorosa,77.760,-33.429,135.170,9.03
629,69.7476,90.920,116,vehicle.mitsubishi.fusorosa,66.472,-33.429,135.170,9.03
629,69.7476,90.932,116,vehicle.mitsubishi.fusorosa,79.105,-33.428,135.170,9.03
629,69.7477,90.943,116,vehicle.mitsubishi.fusorosa,73.960,-33.428,135.170,9.03
629,69.7477,90.955,116,vehicle.mitsubishi.fusorosa,77.006,-33.427,135.170,9.02
629,69.7477,90.967,116,vehicle.mitsubishi.fusorosa,71.527,-33.427,135.171,9.02
629,69.7478,90.978,116,vehicle.mitsubishi.fusorosa,69.765,-33.426,135.171,9.02
629,69.7478,90.989,116,vehicle.mitsubishi.fusorosa,72.643,-33.426,135.171,9.02
630,69.8653,91.002,116,vehicle.mitsubishi.fusorosa,75.259,-33.425,135.171,9.02
630,69.8654,91.014,116,vehicle.mitsubishi.fusorosa,79.471,-33.425,135.171,9.01
630,69.8654,91.026,116,vehicle.mitsubishi.fusorosa,72.771,-33.425,135.171,9.01
630,69.8655,91.036,116,vehicle.mitsubishi.fusorosa,71.749,-33.424,135.171,9.01
630,69.8655,91.048,116,vehicle.mitsubishi.fusorosa,69.274,-33.424,135.172,9.01
630,69.8655,91.059,116,vehicle.mitsubishi.fusorosa,70.675,-33.423,135.172,9.01
630,69.8656,91.071,116,vehicle.mitsubishi.fusorosa,69.435,-33.423,135.172,9.01
630,69.8656,91.083,116,vehicle.mitsubishi.fusorosa,70.993,-33.423,135.172,9.01
630,69.8656,91.093,116,vehicle.mitsubishi.fusorosa,64.242,-33.422,135.172,9.00
630,69.8657,91.105,116,vehicle.mitsubishi.fusorosa,64.502,-33.422,135.173,9.00
631,69.9757,91.117,116,vehicle.mitsubishi.fusorosa,68.820,-33.422,135.173,9.00
631,69.9759,91.129,116,vehicle.mitsubishi.fusorosa,73.528,-33.421,135.173,9.00
631,69.9760,91.140,116,vehicle.mitsubishi.fusorosa,68.587,-33.421,135.173,9.00
631,69.9760,91.152,116,vehicle.mitsubishi.fusorosa,70.955,-33.421,135.173,8.99
631,69.9760,91.164,116,vehicle.mitsubishi.fusorosa,67.004,-33.420,135.174,8.99
631,69.9761,91.176,116,vehicle.mitsubishi.fusorosa,72.102,-33.420,135.174,8.99
631,69.9761,91.188,116,vehicle.mitsubishi.fusorosa,72.395,-33.420,135.174,8.99
631,69.9761,91.200,116,vehicle.mitsubishi.fusorosa,68.278,-33.419,135.174,8.99
631,69.9762,91.212,116,vehicle.mitsubishi.fusorosa,69.644,-33.419,135.174,8.99
632,70.0881,91.224,116,vehicle.mitsubishi.fusorosa,66.979,-33.419,135.175,8.99
632,70.0883,91.236,116,vehicle.mitsubishi.fusorosa,80.154,-33.419,135.175,8.98
632,70.0883,91.247,116,vehicle.mitsubishi.fusorosa,64.366,-33.418,135.175,8.98
632,70.0884,91.258,116,vehicle.mitsubishi.fusorosa,65.291,-33.418,135.175,8.98
632,70.0884,91.269,116,vehicle.mitsubishi.fusorosa,68.505,-33.418,135.175,8.97
632,70.0884,91.280,116,vehicle.mitsubishi.fusorosa,65.313,-33.417,135.175,8.97
632,70.0885,91.292,116,vehicle.mitsubishi.fusorosa,68.528,-33.417,135.176,8.96
632,70.0885,91.303,116,vehicle.mitsubishi.fusorosa,68.309,-33.417,135.176,8.96
632,70.0885,91.315,116,vehicle.mitsubishi.fusorosa,70.514,-33.416,135.176,8.96
632,70.0886,91.328,116,vehicle.mitsubishi.fusorosa,84.624,-33.416,135.176,8.95
633,70.1920,91.340,116,vehicle.mitsubishi.fusorosa,64.710,-33.416,135.177,8.95
633,70.1921,91.351,116,vehicle.mitsubishi.fusorosa,77.197,-33.415,135.177,8.95
633,70.1922,91.363,116,vehicle.mitsubishi.fusorosa,75.698,-33.415,135.177,8.94
633,70.1922,91.374,116,vehicle.mitsubishi.fusorosa,61.139,-33.415,135.177,8.94
633,70.1923,91.385,116,vehicle.mitsubishi.fusorosa,72.225,-33.414,135.177,8.93
633,70.1923,91.395,116,vehicle.mitsubishi.fusorosa,68.413,-33.414,135.177,8.93
633,70.1924,91.407,116,vehicle.mitsubishi.fusorosa,73.970,-33.414,135.177,8.93
633,70.1924,91.418,116,vehicle.mitsubishi.fusorosa,66.670,-33.413,135.178,8.92
633,70.1924,91.431,116,vehicle.mitsubishi.fusorosa,80.672,-33.413,135.178,8.92
634,70.3056,91.443,116,vehicle.mitsubishi.fusorosa,75.090,-33.413,135.178,8.92
634,70.3059,91.455,116,vehicle.mitsubishi.fusorosa,75.589,-33.412,135.178,8.91
634,70.3060,91.466,116,vehicle.mitsubishi.fusorosa,65.531,-33.412,135.178,8.91
634,70.3061,91.477,116,vehicle.mitsubishi.fusorosa,67.131,-33.412,135.178,8.90
634,70.3061,91.488,116,vehicle.mitsubishi.fusorosa,65.111,-33.411,135.179,8.90
634,70.3061,91.499,116,vehicle.mitsubishi.fusorosa,68.502,-33.411,135.179,8.90
634,70.3062,91.510,116,vehicle.mitsubishi.fusorosa,66.045,-33.411,135.179,8.89
634,70.3062,91.522,116,vehicle.mitsubishi.fusorosa,71.968,-33.410,135.179,8.89
634,70.3062,91.534,116,vehicle.mitsubishi.fusorosa,69.898,-33.410,135.179,8.89
634,70.3063,91.546,116,vehicle.mitsubishi.fusorosa,72.461,-33.410,135.179,8.88
635,70.4082,91.558,116,vehicle.mitsubishi.fusorosa,70.999,-33.409,135.179,8.88
635,70.4084,91.570,116,vehicle.mitsubishi.fusorosa,76.346,-33.409,135.180,8.87
635,70.4084,91.581,116,vehicle.mitsubishi.fusorosa,72.821,-33.409,135.180,8.87
635,70.4084,91.593,116,vehicle.mitsubishi.fusorosa,71.914,-33.408,135.180,8.87
635,70.4085,91.604,116,vehicle.mitsubishi.fusorosa,58.686,-33.408,135.180,8.86
635,70.4085,91.615,116,vehicle.mitsubishi.fusorosa,66.018,-33.407,135.180,8.86
635,70.4085,91.626,116,vehicle.mitsubishi.fusorosa,69.236,-33.407,135.180,8.85
635,70.4086,91.638,116,vehicle.mitsubishi.fusorosa,71.246,-33.407,135.180,8.85
635,70.4086,91.650,116,vehicle.mitsubishi.fusorosa,74.762,-33.406,135.180,8.84
636,70.5267,91.663,116,vehicle.mitsubishi.fusorosa,94.387,-33.406,135.180,8.84
636,70.5269,91.675,116,vehicle.mitsubishi.fusorosa,79.366,-33.405,135.180,8.83
636,70.5269,91.686,116,vehicle.mitsubishi.fusorosa,71.034,-33.405,135.180,8.83
636,70.5269,91.698,116,vehicle.mitsubishi.fusorosa,74.290,-33.404,135.180,8.83
636,70.5270,91.709,116,vehicle.mitsubishi.fusorosa,74.370,-33.404,135.180,8.82
636,70.5270,91.721,116,vehicle.mitsubishi.fusorosa,72.811,-33.403,135.180,8.82
636,70.5270,91.732,116,vehicle.mitsubishi.fusorosa,73.628,-33.402,135.180,8.82
636,70.5271,91.744,116,vehicle.mitsubishi.fusorosa,75.523,-33.402,135.180,8.81
636,70.5271,91.755,116,vehicle.mitsubishi.fusorosa,73.274,-33.401,135.180,8.81
636,70.5271,91.767,116,vehicle.mitsubishi.fusorosa,75.213,-33.401,135.180,8.81
637,70.6402,91.779,116,vehicle.mitsubishi.fusorosa,74.012,-33.400,135.180,8.81
637,70.6403,91.791,116,vehicle.mitsubishi.fusorosa,81.875,-33.400,135.180,8.80
637,70.6404,91.802,116,vehicle.mitsubishi.fusorosa,70.428,-33.399,135.180,8.80
637,70.6404,91.813,116,vehicle.mitsubishi.fusorosa,74.462,-33.399,135.180,8.80
637,70.6404,91.825,116,vehicle.mitsubishi.fusorosa,75.835,-33.398,135.180,8.79
637,70.6405,91.836,116,vehicle.mitsubishi.fusorosa,76.365,-33.397,135.180,8.79
637,70.6405,91.847,116,vehicle.mitsubishi.fusorosa,71.709,-33.397,135.179,8.79
637,70.6405,91.858,116,vehicle.mitsubishi.fusorosa,72.932,-33.396,135.179,8.78
637,70.6406,91.869,116,vehicle.mitsubishi.fusorosa,72.335,-33.395,135.179,8.78
637,70.6406,91.881,116,vehicle.mitsubishi.fusorosa,78.040,-33.395,135.179,8.78
638,70.7454,91.893,116,vehicle.mitsubishi.fusorosa,76.718,-33.394,135.179,8.78
638,70.7455,91.906,116,vehicle.mitsubishi.fusorosa,86.922,-33.394,135.178,8.78
638,70.7456,91.917,116,vehicle.mitsubishi.fusorosa,72.383,-33.393,135.178,8.77
638,70.7456,91.929,116,vehicle.mitsubishi.fusorosa,76.573,-33.392,135.178,8.77
638,70.7456,91.941,116,vehicle.mitsubishi.fusorosa,77.948,-33.391,135.178,8.77
638,70.7457,91.952,116,vehicle.mitsubishi.fusorosa,73.080,-33.391,135.178,8.76
638,70.7457,91.963,116,vehicle.mitsubishi.fusorosa,73.874,-33.390,135.177,8.76
638,70.7458,91.974,116,vehicle.mitsubishi.fusorosa,73.580,-33.389,135.177,8.76
638,70.7458,91.987,116,vehicle.mitsubishi.fusorosa,79.668,-33.389,135.177,8.75
639,70.8534,91.999,116,vehicle.mitsubishi.fusorosa,78.177,-33.388,135.176,8.75
639,70.8535,92.011,116,vehicle.mitsubishi.fusorosa,81.141,-33.387,135.176,8.75
639,70.8536,92.022,116,vehicle.mitsubishi.fusorosa,72.809,-33.386,135.176,8.74
639,70.8536,92.034,116,vehicle.mitsubishi.fusorosa,75.320,-33.385,135.175,8.74
639,70.8536,92.046,116,vehicle.mitsubishi.fusorosa,76.520,-33.385,135.175,8.73
639,70.8537,92.058,116,vehicle.mitsubishi.fusorosa,74.660,-33.384,135.175,8.73
639,70.8537,92.070,116,vehicle.mitsubishi.fusorosa,78.087,-33.383,135.174,8.72
639,70.8537,92.082,116,vehicle.mitsubishi.fusorosa,75.781,-33.382,135.174,8.72
639,70.8537,92.093,116,vehicle.mitsubishi.fusorosa,74.472,-33.381,135.173,8.71
640,70.9699,92.106,116,vehicle.mitsubishi.fusorosa,77.720,-33.380,135.173,8.71
640,70.9701,92.119,116,vehicle.mitsubishi.fusorosa,85.122,-33.380,135.172,8.70
640,70.9701,92.130,116,vehicle.mitsubishi.fusorosa,74.247,-33.379,135.172,8.69
640,70.9701,92.147,116,vehicle.mitsubishi.fusorosa,99.501,-33.378,135.171,8.68
640,70.9702,92.159,116,vehicle.mitsubishi.fusorosa,78.113,-33.376,135.171,8.67
640,70.9702,92.171,116,vehicle.mitsubishi.fusorosa,68.009,-33.376,135.170,8.66
640,70.9702,92.184,116,vehicle.mitsubishi.fusorosa,74.422,-33.375,135.170,8.66
640,70.9703,92.195,116,vehicle.mitsubishi.fusorosa,71.842,-33.374,135.169,8.65
640,70.9703,92.207,116,vehicle.mitsubishi.fusorosa,75.105,-33.373,135.169,8.65
641,71.0882,92.219,116,vehicle.mitsubishi.fusorosa,76.953,-33.373,135.168,8.64
641,71.0883,92.231,116,vehicle.mitsubishi.fusorosa,82.366,-33.372,135.168,8.63
641,71.0884,92.243,116,vehicle.mitsubishi.fusorosa,76.740,-33.371,135.167,8.61
641,71.0884,92.255,116,vehicle.mitsubishi.fusorosa,84.410,-33.370,135.167,8.60
641,71.0885,92.267,116,vehicle.mitsubishi.fusorosa,76.364,-33.369,135.166,8.59
641,71.0885,92.278,116,vehicle.mitsubishi.fusorosa,71.548,-33.368,135.166,8.58
641,71.0885,92.289,116,vehicle.mitsubishi.fusorosa,72.527,-33.368,135.166,8.57
641,71.0886,92.301,116,vehicle.mitsubishi.fusorosa,73.893,-33.367,135.165,8.57
641,71.0886,92.313,116,vehicle.mitsubishi.fusorosa,72.501,-33.366,135.165,8.57
641,71.0886,92.326,116,vehicle.mitsubishi.fusorosa,78.422,-33.365,135.164,8.56
642,71.1938,92.338,116,vehicle.mitsubishi.fusorosa,75.620,-33.364,135.164,8.56
642,71.1939,92.350,116,vehicle.mitsubishi.fusorosa,90.718,-33.363,135.163,8.55
642,71.1940,92.362,116,vehicle.mitsubishi.fusorosa,77.505,-33.362,135.163,8.54
642,71.1940,92.374,116,vehicle.mitsubishi.fusorosa,75.920,-33.361,135.162,8.54
642,71.1940,92.385,116,vehicle.mitsubishi.fusorosa,75.850,-33.360,135.162,8.53
642,71.1941,92.397,116,vehicle.mitsubishi.fusorosa,73.359,-33.359,135.161,8.53
642,71.1941,92.408,116,vehicle.mitsubishi.fusorosa,79.123,-33.359,135.161,8.53
642,71.1942,92.420,116,vehicle.mitsubishi.fusorosa,74.934,-33.358,135.160,8.52
642,71.1942,92.433,116,vehicle.mitsubishi.fusorosa,81.747,-33.357,135.160,8.52
643,71.3036,92.445,116,vehicle.mitsubishi.fusorosa,78.568,-33.356,135.159,8.52
643,71.3037,92.458,116,vehicle.mitsubishi.fusorosa,92.591,-33.355,135.159,8.52
643,71.3038,92.470,116,vehicle.mitsubishi.fusorosa,77.469,-33.354,135.159,8.52
643,71.3038,92.481,116,vehicle.mitsubishi.fusorosa,75.546,-33.353,135.158,8.51
643,71.3038,92.493,116,vehicle.mitsubishi.fusorosa,76.972,-33.352,135.158,8.51
643,71.3039,92.504,116,vehicle.mitsubishi.fusorosa,76.163,-33.351,135.158,8.50
643,71.3039,92.517,116,vehicle.mitsubishi.fusorosa,86.449,-33.351,135.157,8.50
643,71.3039,92.528,116,vehicle.mitsubishi.fusorosa,77.269,-33.350,135.157,8.50
643,71.3040,92.541,116,vehicle.mitsubishi.fusorosa,91.312,-33.349,135.156,8.50
644,71.4060,92.553,116,vehicle.mitsubishi.fusorosa,84.373,-33.348,135.156,8.50
644,71.4062,92.565,116,vehicle.mitsubishi.fusorosa,90.344,-33.347,135.156,8.50
644,71.4062,92.576,116,vehicle.mitsubishi.fusorosa,68.714,-33.346,135.155,8.50
644,71.4063,92.588,116,vehicle.mitsubishi.fusorosa,77.964,-33.346,135.155,8.50
644,71.4063,92.599,116,vehicle.mitsubishi.fusorosa,76.171,-33.345,135.154,8.50
644,71.4063,92.611,116,vehicle.mitsubishi.fusorosa,78.666,-33.344,135.154,8.50
644,71.4064,92.623,116,vehicle.mitsubishi.fusorosa,77.993,-33.344,135.154,8.51
644,71.4064,92.635,116,vehicle.mitsubishi.fusorosa,76.878,-33.343,135.153,8.51
644,71.4065,92.647,116,vehicle.mitsubishi.fusorosa,87.777,-33.342,135.153,8.51
645,71.5248,92.659,116,vehicle.mitsubishi.fusorosa,75.446,-33.341,135.153,8.51
645,71.5249,92.671,116,vehicle.mitsubishi.fusorosa,94.878,-33.340,135.152,8.51
645,71.5249,92.683,116,vehicle.mitsubishi.fusorosa,75.049,-33.340,135.152,8.51
645,71.5250,92.695,116,vehicle.mitsubishi.fusorosa,78.432,-33.339,135.152,8.51
645,71.5250,92.706,116,vehicle.mitsubishi.fusorosa,72.729,-33.338,135.151,8.50
645,71.5250,92.718,116,vehicle.mitsubishi.fusorosa,78.581,-33.337,135.151,8.50
645,71.5251,92.730,116,vehicle.mitsubishi.fusorosa,75.817,-33.336,135.151,8.50
645,71.5251,92.741,116,vehicle.mitsubishi.fusorosa,77.339,-33.336,135.150,8.49
645,71.5251,92.752,116,vehicle.mitsubishi.fusorosa,75.199,-33.335,135.150,8.49
645,71.5252,92.765,116,vehicle.mitsubishi.fusorosa,82.142,-33.334,135.149,8.48
646,71.6329,92.778,116,vehicle.mitsubishi.fusorosa,80.277,-33.333,135.149,8.47
646,71.6330,92.790,116,vehicle.mitsubishi.fusorosa,90.978,-33.332,135.148,8.47
646,71.6331,92.803,116,vehicle.mitsubishi.fusorosa,77.827,-33.331,135.148,8.46
646,71.6331,92.815,116,vehicle.mitsubishi.fusorosa,76.201,-33.330,135.147,8.46
646,71.6331,92.826,116,vehicle.mitsubishi.fusorosa,76.273,-33.329,135.147,8.45
646,71.6332,92.837,116,vehicle.mitsubishi.fusorosa,73.090,-33.328,135.146,8.45
646,71.6332,92.849,116,vehicle.mitsubishi.fusorosa,72.770,-33.327,135.146,8.45
646,71.6332,92.861,116,vehicle.mitsubishi.fusorosa,76.271,-33.327,135.145,8.45
646,71.6333,92.873,116,vehicle.mitsubishi.fusorosa,76.541,-33.326,135.145,8.45
647,71.7365,92.885,116,vehicle.mitsubishi.fusorosa,72.654,-33.325,135.144,8.45
647,71.7366,92.897,116,vehicle.mitsubishi.fusorosa,86.504,-33.324,135.144,8.45
647,71.7367,92.908,116,vehicle.mitsubishi.fusorosa,68.515,-33.323,135.143,8.44
647,71.7367,92.919,116,vehicle.mitsubishi.fusorosa,72.411,-33.322,135.143,8.44
647,71.7367,92.930,116,vehicle.mitsubishi.fusorosa,72.354,-33.322,135.142,8.43
647,71.7368,92.942,116,vehicle.mitsubishi.fusorosa,72.960,-33.321,135.142,8.43
647,71.7368,92.953,116,vehicle.mitsubishi.fusorosa,68.462,-33.320,135.141,8.43
647,71.7368,92.964,116,vehicle.mitsubishi.fusorosa,68.777,-33.319,135.141,8.42
647,71.7368,92.976,116,vehicle.mitsubishi.fusorosa,76.797,-33.318,135.140,8.42
648,71.8459,92.989,116,vehicle.mitsubishi.fusorosa,75.769,-33.317,135.140,8.41
648,71.8460,93.000,116,vehicle.mitsubishi.fusorosa,91.236,-33.316,135.139,8.40
648,71.8461,93.012,116,vehicle.mitsubishi.fusorosa,71.286,-33.315,135.139,8.38
648,71.8461,93.028,116,vehicle.mitsubishi.fusorosa,89.906,-33.315,135.138,8.37
648,71.8462,93.040,116,vehicle.mitsubishi.fusorosa,70.586,-33.313,135.137,8.36
648,71.8462,93.051,116,vehicle.mitsubishi.fusorosa,67.740,-33.313,135.137,8.35
648,71.8462,93.062,116,vehicle.mitsubishi.fusorosa,67.596,-33.312,135.136,8.34
648,71.8463,93.074,116,vehicle.mitsubishi.fusorosa,67.104,-33.311,135.136,8.33
648,71.8463,93.086,116,vehicle.mitsubishi.fusorosa,72.664,-33.310,135.135,8.32
649,71.9588,93.098,116,vehicle.mitsubishi.fusorosa,69.713,-33.309,135.135,8.30
649,71.9589,93.109,116,vehicle.mitsubishi.fusorosa,88.035,-33.308,135.134,8.29
649,71.9590,93.120,116,vehicle.mitsubishi.fusorosa,68.529,-33.307,135.133,8.27
649,71.9590,93.131,116,vehicle.mitsubishi.fusorosa,64.789,-33.306,135.133,8.26
649,71.9590,93.142,116,vehicle.mitsubishi.fusorosa,68.977,-33.305,135.133,8.24
649,71.9591,93.154,116,vehicle.mitsubishi.fusorosa,70.013,-33.305,135.132,8.23
649,71.9591,93.166,116,vehicle.mitsubishi.fusorosa,67.478,-33.304,135.132,8.22
649,71.9591,93.177,116,vehicle.mitsubishi.fusorosa,70.217,-33.303,135.131,8.21
649,71.9592,93.188,116,vehicle.mitsubishi.fusorosa,67.490,-33.302,135.130,8.19
649,71.9592,93.200,116,vehicle.mitsubishi.fusorosa,69.569,-33.301,135.130,8.18
650,72.0793,93.212,116,vehicle.mitsubishi.fusorosa,75.301,-33.300,135.129,8.17
650,72.0794,93.224,116,vehicle.mitsubishi.fusorosa,90.867,-33.299,135.129,8.15
650,72.0794,93.236,116,vehicle.mitsubishi.fusorosa,70.821,-33.298,135.128,8.13
650,72.0795,93.248,116,vehicle.mitsubishi.fusorosa,79.609,-33.297,135.128,8.12
650,72.0795,93.259,116,vehicle.mitsubishi.fusorosa,71.129,-33.296,135.127,8.10
650,72.0796,93.270,116,vehicle.mitsubishi.fusorosa,66.299,-33.295,135.127,8.09
650,72.0796,93.282,116,vehicle.mitsubishi.fusorosa,68.120,-33.294,135.126,8.08
650,72.0796,93.293,116,vehicle.mitsubishi.fusorosa,69.517,-33.294,135.125,8.07
650,72.0796,93.305,116,vehicle.mitsubishi.fusorosa,67.464,-33.293,135.125,8.06
650,72.0797,93.317,116,vehicle.mitsubishi.fusorosa,74.894,-33.292,135.124,8.04
651,72.1881,93.330,116,vehicle.mitsubishi.fusorosa,76.630,-33.291,135.124,8.03
651,72.1888,93.344,116,vehicle.mitsubishi.fusorosa,105.381,-33.290,135.123,8.01
651,72.1889,93.357,116,vehicle.mitsubishi.fusorosa,79.687,-33.288,135.122,7.99
651,72.1889,93.370,116,vehicle.mitsubishi.fusorosa,72.695,-33.287,135.122,7.97
651,72.1890,93.382,116,vehicle.mitsubishi.fusorosa,71.524,-33.287,135.121,7.96
651,72.1890,93.393,116,vehicle.mitsubishi.fusorosa,69.987,-33.286,135.121,7.95
651,72.1890,93.405,116,vehicle.mitsubishi.fusorosa,69.229,-33.285,135.120,7.94
651,72.1891,93.416,116,vehicle.mitsubishi.fusorosa,66.080,-33.284,135.120,7.93
651,72.1891,93.428,116,vehicle.mitsubishi.fusorosa,70.920,-33.283,135.119,7.91
652,72.2943,93.440,116,vehicle.mitsubishi.fusorosa,71.261,-33.282,135.118,7.90
652,72.2945,93.452,116,vehicle.mitsubishi.fusorosa,98.072,-33.281,135.118,7.88
652,72.2945,93.463,116,vehicle.mitsubishi.fusorosa,74.089,-33.280,135.117,7.87
652,72.2946,93.475,116,vehicle.mitsubishi.fusorosa,71.547,-33.279,135.117,7.86
652,72.2946,93.486,116,vehicle.mitsubishi.fusorosa,72.946,-33.278,135.116,7.85
652,72.2946,93.498,116,vehicle.mitsubishi.fusorosa,71.153,-33.277,135.116,7.84
652,72.2947,93.509,116,vehicle.mitsubishi.fusorosa,67.226,-33.276,135.115,7.84
652,72.2947,93.520,116,vehicle.mitsubishi.fusorosa,74.034,-33.275,135.115,7.83
652,72.2947,93.532,116,vehicle.mitsubishi.fusorosa,72.272,-33.274,135.114,7.82
653,72.4085,93.543,116,vehicle.mitsubishi.fusorosa,69.755,-33.273,135.114,7.81
653,72.4087,93.555,116,vehicle.mitsubishi.fusorosa,99.504,-33.272,135.113,7.80
653,72.4087,93.566,116,vehicle.mitsubishi.fusorosa,72.936,-33.271,135.113,7.79
653,72.4088,93.577,116,vehicle.mitsubishi.fusorosa,72.753,-33.271,135.112,7.78
653,72.4088,93.589,116,vehicle.mitsubishi.fusorosa,75.379,-33.270,135.112,7.78
653,72.4088,93.601,116,vehicle.mitsubishi.fusorosa,76.572,-33.269,135.112,7.78
653,72.4089,93.612,116,vehicle.mitsubishi.fusorosa,73.011,-33.268,135.111,7.78
653,72.4089,93.623,116,vehicle.mitsubishi.fusorosa,73.552,-33.267,135.111,7.77
653,72.4089,93.634,116,vehicle.mitsubishi.fusorosa,71.722,-33.266,135.110,7.76
653,72.4090,93.647,116,vehicle.mitsubishi.fusorosa,79.100,-33.265,135.110,7.75
654,72.5083,93.659,116,vehicle.mitsubishi.fusorosa,76.766,-33.264,135.109,7.74
654,72.5085,93.670,116,vehicle.mitsubishi.fusorosa,90.362,-33.263,135.109,7.73
654,72.5085,93.681,116,vehicle.mitsubishi.fusorosa,74.412,-33.262,135.108,7.72
654,72.5086,93.693,116,vehicle.mitsubishi.fusorosa,76.302,-33.261,135.108,7.72
654,72.5086,93.705,116,vehicle.mitsubishi.fusorosa,80.971,-33.261,135.108,7.72
654,72.5086,93.716,116,vehicle.mitsubishi.fusorosa,76.728,-33.260,135.108,7.72
654,72.5087,93.728,116,vehicle.mitsubishi.fusorosa,79.108,-33.259,135.107,7.71
654,72.5087,93.739,116,vehicle.mitsubishi.fusorosa,73.016,-33.258,135.107,7.71
654,72.5087,93.751,116,vehicle.mitsubishi.fusorosa,82.804,-33.257,135.107,7.70
655,72.6269,93.763,116,vehicle.mitsubishi.fusorosa,81.361,-33.256,135.106,7.69
655,72.6270,93.774,116,vehicle.mitsubishi.fusorosa,98.338,-33.255,135.106,7.69
655,72.6271,93.786,116,vehicle.mitsubishi.fusorosa,77.315,-33.254,135.106,7.68
655,72.6271,93.796,116,vehicle.mitsubishi.fusorosa,79.512,-33.254,135.105,7.68
655,72.6272,93.808,116,vehicle.mitsubishi.fusorosa,83.528,-33.253,135.105,7.68
655,72.6272,93.819,116,vehicle.mitsubishi.fusorosa,76.674,-33.252,135.105,7.68
655,72.6272,93.831,116,vehicle.mitsubishi.fusorosa,80.262,-33.251,135.105,7.67
655,72.6273,93.843,116,vehicle.mitsubishi.fusorosa,77.873,-33.251,135.104,7.67
655,72.6274,93.855,116,vehicle.mitsubishi.fusorosa,72.865,-33.250,135.104,7.67
655,72.6274,93.868,116,vehicle.mitsubishi.fusorosa,90.070,-33.249,135.104,7.66
656,72.7397,93.880,116,vehicle.mitsubishi.fusorosa,79.655,-33.248,135.104,7.65
656,72.7398,93.891,116,vehicle.mitsubishi.fusorosa,97.541,-33.247,135.104,7.65
656,72.7399,93.902,116,vehicle.mitsubishi.fusorosa,77.823,-33.246,135.103,7.65
656,72.7399,93.913,116,vehicle.mitsubishi.fusorosa,79.171,-33.246,135.103,7.65
656,72.7400,93.924,116,vehicle.mitsubishi.fusorosa,77.553,-33.245,135.103,7.65
656,72.7400,93.935,116,vehicle.mitsubishi.fusorosa,73.713,-33.245,135.103,7.65
656,72.7400,93.946,116,vehicle.mitsubishi.fusorosa,73.713,-33.244,135.103,7.65
656,72.7401,93.958,116,vehicle.mitsubishi.fusorosa,78.041,-33.243,135.103,7.64
656,72.7401,93.969,116,vehicle.mitsubishi.fusorosa,73.151,-33.242,135.103,7.64
656,72.7401,93.981,116,vehicle.mitsubishi.fusorosa,74.850,-33.242,135.103,7.64
657,72.8444,93.993,116,vehicle.mitsubishi.fusorosa,80.131,-33.241,135.103,7.64
657,72.8445,94.005,116,vehicle.mitsubishi.fusorosa,93.497,-33.240,135.103,7.64
657,72.8446,94.016,116,vehicle.mitsubishi.fusorosa,68.505,-33.240,135.103,7.64
657,72.8446,94.027,116,vehicle.mitsubishi.fusorosa,76.160,-33.239,135.103,7.64
657,72.8446,94.038,116,vehicle.mitsubishi.fusorosa,70.630,-33.239,135.103,7.64
657,72.8447,94.049,116,vehicle.mitsubishi.fusorosa,72.133,-33.238,135.103,7.64
657,72.8447,94.061,116,vehicle.mitsubishi.fusorosa,72.554,-33.237,135.103,7.64
657,72.8447,94.073,116,vehicle.mitsubishi.fusorosa,75.411,-33.237,135.103,7.64
657,72.8448,94.086,116,vehicle.mitsubishi.fusorosa,79.772,-33.236,135.103,7.64
658,72.9601,94.097,116,vehicle.mitsubishi.fusorosa,71.212,-33.236,135.103,7.64
658,72.9602,94.109,116,vehicle.mitsubishi.fusorosa,86.227,-33.235,135.103,7.64
658,72.9603,94.120,116,vehicle.mitsubishi.fusorosa,70.915,-33.235,135.103,7.64
658,72.9603,94.131,116,vehicle.mitsubishi.fusorosa,70.043,-33.234,135.103,7.64
658,72.9603,94.142,116,vehicle.mitsubishi.fusorosa,66.905,-33.234,135.103,7.64
658,72.9604,94.153,116,vehicle.mitsubishi.fusorosa,68.529,-33.233,135.103,7.64
658,72.9604,94.165,116,vehicle.mitsubishi.fusorosa,75.866,-33.233,135.103,7.63
658,72.9604,94.177,116,vehicle.mitsubishi.fusorosa,73.183,-33.232,135.104,7.63
658,72.9605,94.189,116,vehicle.mitsubishi.fusorosa,68.104,-33.232,135.104,7.63
658,72.9605,94.201,116,vehicle.mitsubishi.fusorosa,73.874,-33.231,135.104,7.63
659,73.0679,94.213,116,vehicle.mitsubishi.fusorosa,74.039,-33.231,135.104,7.63
659,73.0681,94.224,116,vehicle.mitsubishi.fusorosa,72.552,-33.230,135.104,7.63
659,73.0681,94.236,116,vehicle.mitsubishi.fusorosa,71.275,-33.230,135.104,7.63
659,73.0681,94.247,116,vehicle.mitsubishi.fusorosa,67.583,-33.230,135.105,7.63
659,73.0682,94.258,116,vehicle.mitsubishi.fusorosa,66.696,-33.229,135.105,7.63
659,73.0682,94.270,116,vehicle.mitsubishi.fusorosa,70.623,-33.229,135.105,7.63
659,73.0682,94.281,116,vehicle.mitsubishi.fusorosa,68.360,-33.229,135.105,7.63
659,73.0683,94.292,116,vehicle.mitsubishi.fusorosa,63.701,-33.228,135.105,7.63
659,73.0683,94.305,116,vehicle.mitsubishi.fusorosa,82.427,-33.228,135.106,7.63
660,73.1845,94.318,116,vehicle.mitsubishi.fusorosa,73.445,-33.227,135.106,7.63
660,73.1846,94.330,116,vehicle.mitsubishi.fusorosa,75.172,-33.227,135.106,7.63
660,73.1847,94.341,116,vehicle.mitsubishi.fusorosa,67.777,-33.227,135.106,7.63
660,73.1847,94.353,116,vehicle.mitsubishi.fusorosa,67.567,-33.226,135.106,7.63
660,73.1848,94.365,116,vehicle.mitsubishi.fusorosa,69.321,-33.226,135.106,7.63
660,73.1848,94.376,116,vehicle.mitsubishi.fusorosa,67.717,-33.226,135.107,7.63
660,73.1848,94.387,116,vehicle.mitsubishi.fusorosa,64.902,-33.226,135.107,7.63
660,73.1849,94.399,116,vehicle.mitsubishi.fusorosa,67.366,-33.225,135.107,7.64
660,73.1849,94.410,116,vehicle.mitsubishi.fusorosa,61.399,-33.225,135.107,7.64
660,73.1849,94.423,116,vehicle.mitsubishi.fusorosa,74.222,-33.225,135.107,7.64
661,73.2895,94.435,116,vehicle.mitsubishi.fusorosa,70.827,-33.224,135.107,7.64
661,73.2897,94.447,116,vehicle.mitsubishi.fusorosa,70.747,-33.224,135.108,7.64
661,73.2898,94.459,116,vehicle.mitsubishi.fusorosa,71.138,-33.224,135.108,7.63
661,73.2898,94.471,116,vehicle.mitsubishi.fusorosa,68.326,-33.223,135.108,7.63
661,73.2898,94.482,116,vehicle.mitsubishi.fusorosa,64.199,-33.223,135.108,7.63
661,73.2899,94.493,116,vehicle.mitsubishi.fusorosa,63.911,-33.223,135.108,7.63
661,73.2899,94.504,116,vehicle.mitsubishi.fusorosa,65.680,-33.222,135.108,7.63
661,73.2899,94.515,116,vehicle.mitsubishi.fusorosa,64.535,-33.222,135.109,7.63
661,73.2900,94.527,116,vehicle.mitsubishi.fusorosa,67.811,-33.222,135.109,7.63
662,73.3918,94.540,116,vehicle.mitsubishi.fusorosa,70.608,-33.221,135.109,7.63
662,73.3920,94.552,116,vehicle.mitsubishi.fusorosa,65.366,-33.221,135.109,7.63
662,73.3920,94.563,116,vehicle.mitsubishi.fusorosa,65.934,-33.221,135.109,7.63
662,73.3921,94.574,116,vehicle.mitsubishi.fusorosa,65.979,-33.221,135.110,7.63
662,73.3921,94.586,116,vehicle.mitsubishi.fusorosa,66.296,-33.220,135.110,7.63
662,73.3921,94.597,116,vehicle.mitsubishi.fusorosa,64.323,-33.220,135.110,7.63
662,73.3922,94.608,116,vehicle.mitsubishi.fusorosa,62.348,-33.220,135.110,7.63
662,73.3922,94.620,116,vehicle.mitsubishi.fusorosa,62.892,-33.220,135.110,7.63
662,73.3923,94.632,116,vehicle.mitsubishi.fusorosa,65.642,-33.220,135.111,7.63
663,73.5097,94.644,116,vehicle.mitsubishi.fusorosa,67.206,-33.219,135.111,7.63
663,73.5099,94.656,116,vehicle.mitsubishi.fusorosa,61.571,-33.219,135.111,7.63
663,73.5099,94.668,116,vehicle.mitsubishi.fusorosa,67.251,-33.219,135.111,7.63
663,73.5100,94.680,116,vehicle.mitsubishi.fusorosa,57.798,-33.219,135.112,7.63
663,73.5100,94.691,116,vehicle.mitsubishi.fusorosa,64.080,-33.218,135.112,7.63
663,73.5100,94.703,116,vehicle.mitsubishi.fusorosa,67.374,-33.218,135.112,7.63
663,73.5101,94.714,116,vehicle.mitsubishi.fusorosa,68.130,-33.218,135.112,7.64
663,73.5101,94.726,116,vehicle.mitsubishi.fusorosa,66.682,-33.218,135.112,7.64
663,73.5101,94.737,116,vehicle.mitsubishi.fusorosa,62.898,-33.218,135.112,7.64
663,73.5102,94.749,116,vehicle.mitsubishi.fusorosa,64.775,-33.218,135.112,7.64
664,73.6116,94.760,116,vehicle.mitsubishi.fusorosa,64.785,-33.217,135.113,7.65
664,73.6118,94.772,116,vehicle.mitsubishi.fusorosa,60.022,-33.217,135.113,7.65
664,73.6118,94.784,116,vehicle.mitsubishi.fusorosa,68.704,-33.217,135.113,7.65
664,73.6119,94.795,116,vehicle.mitsubishi.fusorosa,67.676,-33.217,135.113,7.65
664,73.6119,94.807,116,vehicle.mitsubishi.fusorosa,67.779,-33.217,135.113,7.66
664,73.6119,94.818,116,vehicle.mitsubishi.fusorosa,67.847,-33.216,135.113,7.66
664,73.6120,94.829,116,vehicle.mitsubishi.fusorosa,66.349,-33.216,135.113,7.66
664,73.6120,94.841,116,vehicle.mitsubishi.fusorosa,79.084,-33.216,135.113,7.66
664,73.6120,94.853,116,vehicle.mitsubishi.fusorosa,75.045,-33.216,135.113,7.66
665,73.7208,94.866,116,vehicle.mitsubishi.fusorosa,67.111,-33.215,135.113,7.66
665,73.7209,94.878,116,vehicle.mitsubishi.fusorosa,72.612,-33.215,135.114,7.66
665,73.7210,94.890,116,vehicle.mitsubishi.fusorosa,70.296,-33.215,135.114,7.66
665,73.7210,94.902,116,vehicle.mitsubishi.fusorosa,70.454,-33.214,135.114,7.66
665,73.7211,94.914,116,vehicle.mitsubishi.fusorosa,68.238,-33.214,135.114,7.66
665,73.7211,94.925,116,vehicle.mitsubishi.fusorosa,65.119,-33.214,135.114,7.66
665,73.7211,94.936,116,vehicle.mitsubishi.fusorosa,66.736,-33.213,135.114,7.66
665,73.7211,94.948,116,vehicle.mitsubishi.fusorosa,65.955,-33.213,135.114,7.67
665,73.7212,94.961,116,vehicle.mitsubishi.fusorosa,74.461,-33.213,135.114,7.67
666,73.8379,94.972,116,vehicle.mitsubishi.fusorosa,67.299,-33.212,135.114,7.67
666,73.8380,94.984,116,vehicle.mitsubishi.fusorosa,68.367,-33.212,135.114,7.67
666,73.8381,94.995,116,vehicle.mitsubishi.fusorosa,74.147,-33.212,135.114,7.67
666,73.8381,95.007,116,vehicle.mitsubishi.fusorosa,61.801,-33.212,135.114,7.67
666,73.8382,95.019,116,vehicle.mitsubishi.fusorosa,71.571,-33.211,135.114,7.67
666,73.8382,95.031,116,vehicle.mitsubishi.fusorosa,78.339,-33.211,135.114,7.67
666,73.8382,95.043,116,vehicle.mitsubishi.fusorosa,69.326,-33.210,135.114,7.67
666,73.8383,95.054,116,vehicle.mitsubishi.fusorosa,72.712,-33.210,135.114,7.67
666,73.8383,95.066,116,vehicle.mitsubishi.fusorosa,73.715,-33.210,135.114,7.66
666,73.8383,95.079,116,vehicle.mitsubishi.fusorosa,77.600,-33.209,135.115,7.66
667,73.9500,95.091,116,vehicle.mitsubishi.fusorosa,79.088,-33.209,135.115,7.66
667,73.9501,95.104,116,vehicle.mitsubishi.fusorosa,77.579,-33.208,135.115,7.66
667,73.9502,95.117,116,vehicle.mitsubishi.fusorosa,82.307,-33.208,135.115,7.65
667,73.9502,95.129,116,vehicle.mitsubishi.fusorosa,82.811,-33.207,135.115,7.65
667,73.9503,95.141,116,vehicle.mitsubishi.fusorosa,79.168,-33.207,135.115,7.65
667,73.9503,95.154,116,vehicle.mitsubishi.fusorosa,79.524,-33.206,135.115,7.64
667,73.9503,95.167,116,vehicle.mitsubishi.fusorosa,84.305,-33.206,135.115,7.64
667,73.9503,95.179,116,vehicle.mitsubishi.fusorosa,80.241,-33.205,135.115,7.63
667,73.9504,95.191,116,vehicle.mitsubishi.fusorosa,83.817,-33.205,135.115,7.63
668,74.0444,95.204,116,vehicle.mitsubishi.fusorosa,82.512,-33.204,135.115,7.62
668,74.0445,95.216,116,vehicle.mitsubishi.fusorosa,77.394,-33.204,135.115,7.62
668,74.0446,95.227,116,vehicle.mitsubishi.fusorosa,76.965,-33.203,135.115,7.62
668,74.0446,95.239,116,vehicle.mitsubishi.fusorosa,78.677,-33.203,135.114,7.61
668,74.0446,95.252,116,vehicle.mitsubishi.fusorosa,80.067,-33.202,135.115,7.61
668,74.0447,95.264,116,vehicle.mitsubishi.fusorosa,77.756,-33.202,135.115,7.60
668,74.0447,95.276,116,vehicle.mitsubishi.fusorosa,72.998,-33.201,135.115,7.60
669,74.1677,95.289,116,vehicle.mitsubishi.fusorosa,85.759,-33.201,135.114,7.59
669,74.1678,95.301,116,vehicle.mitsubishi.fusorosa,81.307,-33.200,135.115,7.59
669,74.1679,95.313,116,vehicle.mitsubishi.fusorosa,81.812,-33.200,135.115,7.58
669,74.1679,95.325,116,vehicle.mitsubishi.fusorosa,69.831,-33.199,135.115,7.58
669,74.1679,95.336,116,vehicle.mitsubishi.fusorosa,79.003,-33.199,135.115,7.57
669,74.1680,95.349,116,vehicle.mitsubishi.fusorosa,78.444,-33.198,135.115,7.57
669,74.1680,95.360,116,vehicle.mitsubishi.fusorosa,75.103,-33.198,135.115,7.56
669,74.1680,95.372,116,vehicle.mitsubishi.fusorosa,73.079,-33.197,135.115,7.56
669,74.1681,95.384,116,vehicle.mitsubishi.fusorosa,78.360,-33.197,135.115,7.55
669,74.1681,95.396,116,vehicle.mitsubishi.fusorosa,76.162,-33.196,135.115,7.55
670,74.2799,95.410,116,vehicle.mitsubishi.fusorosa,79.374,-33.196,135.115,7.55
670,74.2800,95.422,116,vehicle.mitsubishi.fusorosa,76.748,-33.196,135.115,7.54
670,74.2801,95.435,116,vehicle.mitsubishi.fusorosa,84.178,-33.195,135.115,7.54
670,74.2801,95.447,116,vehicle.mitsubishi.fusorosa,77.234,-33.195,135.116,7.53
670,74.2802,95.459,116,vehicle.mitsubishi.fusorosa,76.274,-33.194,135.116,7.53
670,74.2802,95.471,116,vehicle.mitsubishi.fusorosa,72.501,-33.194,135.116,7.52
670,74.2802,95.482,116,vehicle.mitsubishi.fusorosa,70.781,-33.194,135.116,7.52
670,74.2802,95.493,116,vehicle.mitsubishi.fusorosa,71.499,-33.193,135.116,7.52
670,74.2803,95.505,116,vehicle.mitsubishi.fusorosa,73.398,-33.193,135.117,7.51
670,74.2803,95.518,116,vehicle.mitsubishi.fusorosa,75.708,-33.193,135.117,7.51
671,74.3888,95.530,116,vehicle.mitsubishi.fusorosa,74.259,-33.192,135.117,7.50
671,74.3889,95.542,116,vehicle.mitsubishi.fusorosa,80.453,-33.192,135.117,7.50
671,74.3890,95.554,116,vehicle.mitsubishi.fusorosa,74.635,-33.192,135.117,7.50
671,74.3890,95.566,116,vehicle.mitsubishi.fusorosa,76.543,-33.191,135.118,7.49
671,74.3891,95.578,116,vehicle.mitsubishi.fusorosa,78.771,-33.191,135.118,7.49
671,74.3892,95.590,116,vehicle.mitsubishi.fusorosa,78.970,-33.191,135.118,7.48
671,74.3893,95.602,116,vehicle.mitsubishi.fusorosa,79.172,-33.190,135.118,7.48
671,74.3893,95.614,116,vehicle.mitsubishi.fusorosa,75.909,-33.190,135.118,7.47
671,74.3893,95.626,116,vehicle.mitsubishi.fusorosa,77.113,-33.189,135.118,7.47
672,74.4939,95.637,116,vehicle.mitsubishi.fusorosa,77.207,-33.189,135.118,7.47
672,74.4941,95.650,116,vehicle.mitsubishi.fusorosa,84.090,-33.188,135.118,7.46
672,74.4941,95.661,116,vehicle.mitsubishi.fusorosa,74.262,-33.188,135.119,7.46
672,74.4942,95.673,116,vehicle.mitsubishi.fusorosa,79.076,-33.188,135.119,7.45
672,74.4942,95.685,116,vehicle.mitsubishi.fusorosa,78.711,-33.187,135.119,7.45
672,74.4942,95.697,116,vehicle.mitsubishi.fusorosa,78.758,-33.187,135.119,7.44
672,74.4943,95.708,116,vehicle.mitsubishi.fusorosa,75.660,-33.186,135.119,7.44
672,74.4943,95.719,116,vehicle.mitsubishi.fusorosa,75.945,-33.186,135.119,7.44
672,74.4943,95.732,116,vehicle.mitsubishi.fusorosa,91.447,-33.185,135.119,7.43
673,74.6046,95.751,116,vehicle.mitsubishi.fusorosa,118.825,-33.184,135.119,7.43
673,74.6047,95.764,116,vehicle.mitsubishi.fusorosa,77.989,-33.183,135.119,7.42
673,74.6048,95.776,116,vehicle.mitsubishi.fusorosa,80.659,-33.183,135.119,7.42
673,74.6048,95.787,116,vehicle.mitsubishi.fusorosa,78.586,-33.183,135.119,7.42
673,74.6049,95.799,116,vehicle.mitsubishi.fusorosa,70.809,-33.182,135.119,7.42
673,74.6049,95.810,116,vehicle.mitsubishi.fusorosa,80.183,-33.182,135.119,7.42
673,74.6049,95.822,116,vehicle.mitsubishi.fusorosa,78.413,-33.182,135.119,7.42
673,74.6050,95.833,116,vehicle.mitsubishi.fusorosa,76.678,-33.181,135.119,7.42
673,74.6050,95.845,116,vehicle.mitsubishi.fusorosa,77.700,-33.181,135.120,7.42
674,74.7086,95.857,116,vehicle.mitsubishi.fusorosa,77.645,-33.181,135.120,7.42
674,74.7087,95.869,116,vehicle.mitsubishi.fusorosa,82.692,-33.180,135.120,7.42
674,74.7087,95.880,116,vehicle.mitsubishi.fusorosa,72.578,-33.180,135.120,7.42
674,74.7088,95.893,116,vehicle.mitsubishi.fusorosa,76.336,-33.180,135.120,7.42
674,74.7088,95.904,116,vehicle.mitsubishi.fusorosa,72.468,-33.179,135.120,7.41
674,74.7088,95.915,116,vehicle.mitsubishi.fusorosa,70.167,-33.179,135.120,7.41
674,74.7089,95.927,116,vehicle.mitsubishi.fusorosa,72.780,-33.179,135.121,7.41
674,74.7089,95.938,116,vehicle.mitsubishi.fusorosa,71.794,-33.178,135.121,7.41
674,74.7089,95.950,116,vehicle.mitsubishi.fusorosa,73.754,-33.178,135.121,7.41
675,74.8246,95.962,116,vehicle.mitsubishi.fusorosa,72.793,-33.178,135.121,7.40
675,74.8247,95.974,116,vehicle.mitsubishi.fusorosa,75.579,-33.178,135.121,7.40
675,74.8248,95.986,116,vehicle.mitsubishi.fusorosa,73.363,-33.177,135.122,7.40
675,74.8248,95.997,116,vehicle.mitsubishi.fusorosa,71.265,-33.177,135.122,7.40
675,74.8249,96.008,116,vehicle.mitsubishi.fusorosa,67.670,-33.177,135.122,7.39
675,74.8249,96.019,116,vehicle.mitsubishi.fusorosa,70.833,-33.176,135.122,7.39
675,74.8249,96.031,116,vehicle.mitsubishi.fusorosa,73.267,-33.176,135.122,7.39
675,74.8250,96.043,116,vehicle.mitsubishi.fusorosa,71.866,-33.176,135.123,7.39
675,74.8250,96.054,116,vehicle.mitsubishi.fusorosa,69.140,-33.175,135.123,7.38
675,74.8250,96.065,116,vehicle.mitsubishi.fusorosa,72.902,-33.175,135.123,7.38
676,74.9293,96.077,116,vehicle.mitsubishi.fusorosa,73.992,-33.175,135.123,7.38
676,74.9294,96.089,116,vehicle.mitsubishi.fusorosa,72.053,-33.174,135.123,7.38
676,74.9295,96.101,116,vehicle.mitsubishi.fusorosa,70.512,-33.174,135.124,7.37
676,74.9295,96.112,116,vehicle.mitsubishi.fusorosa,71.268,-33.174,135.124,7.37
676,74.9296,96.123,116,vehicle.mitsubishi.fusorosa,70.138,-33.173,135.124,7.37
676,74.9296,96.135,116,vehicle.mitsubishi.fusorosa,70.105,-33.173,135.124,7.37
676,74.9296,96.146,116,vehicle.mitsubishi.fusorosa,70.963,-33.173,135.124,7.36
676,74.9297,96.157,116,vehicle.mitsubishi.fusorosa,68.984,-33.173,135.125,7.36
676,74.9297,96.170,116,vehicle.mitsubishi.fusorosa,81.962,-33.172,135.125,7.36
677,75.0456,96.182,116,vehicle.mitsubishi.fusorosa,73.015,-33.172,135.125,7.36
677,75.0457,96.193,116,vehicle.mitsubishi.fusorosa,76.316,-33.172,135.125,7.36
677,75.0458,96.205,116,vehicle.mitsubishi.fusorosa,69.657,-33.171,135.125,7.36
677,75.0458,96.216,116,vehicle.mitsubishi.fusorosa,72.513,-33.171,135.125,7.36
677,75.0458,96.228,116,vehicle.mitsubishi.fusorosa,67.374,-33.171,135.125,7.35
677,75.0459,96.239,116,vehicle.mitsubishi.fusorosa,73.170,-33.170,135.125,7.35
677,75.0459,96.251,116,vehicle.mitsubishi.fusorosa,74.643,-33.170,135.126,7.35
677,75.0459,96.262,116,vehicle.mitsubishi.fusorosa,75.093,-33.170,135.126,7.35
677,75.0460,96.274,116,vehicle.mitsubishi.fusorosa,71.868,-33.169,135.126,7.35
677,75.0461,96.286,116,vehicle.mitsubishi.fusorosa,68.717,-33.169,135.126,7.35
678,75.1464,96.298,116,vehicle.mitsubishi.fusorosa,71.291,-33.169,135.126,7.35
678,75.1465,96.310,116,vehicle.mitsubishi.fusorosa,79.771,-33.168,135.126,7.35
678,75.1466,96.320,116,vehicle.mitsubishi.fusorosa,68.501,-33.168,135.126,7.35
678,75.1466,96.332,116,vehicle.mitsubishi.fusorosa,72.609,-33.168,135.126,7.34
678,75.1466,96.343,116,vehicle.mitsubishi.fusorosa,72.210,-33.167,135.127,7.34
678,75.1467,96.355,116,vehicle.mitsubishi.fusorosa,72.077,-33.167,135.127,7.34
678,75.1467,96.366,116,vehicle.mitsubishi.fusorosa,69.406,-33.167,135.127,7.34
678,75.1467,96.377,116,vehicle.mitsubishi.fusorosa,69.145,-33.166,135.127,7.34
679,75.2642,96.389,116,vehicle.mitsubishi.fusorosa,83.611,-33.166,135.127,7.33
679,75.2643,96.401,116,vehicle.mitsubishi.fusorosa,73.941,-33.166,135.128,7.33
679,75.2643,96.413,116,vehicle.mitsubishi.fusorosa,76.636,-33.165,135.128,7.33
679,75.2644,96.425,116,vehicle.mitsubishi.fusorosa,69.564,-33.165,135.128,7.33
679,75.2644,96.436,116,vehicle.mitsubishi.fusorosa,72.787,-33.165,135.128,7.33
679,75.2644,96.447,116,vehicle.mitsubishi.fusorosa,69.947,-33.164,135.128,7.33
679,75.2645,96.459,116,vehicle.mitsubishi.fusorosa,68.890,-33.164,135.128,7.33
679,75.2645,96.470,116,vehicle.mitsubishi.fusorosa,72.138,-33.164,135.128,7.33
679,75.2645,96.482,116,vehicle.mitsubishi.fusorosa,72.235,-33.163,135.128,7.33
679,75.2646,96.493,116,vehicle.mitsubishi.fusorosa,73.313,-33.163,135.129,7.33
679,75.2646,96.506,116,vehicle.mitsubishi.fusorosa,80.639,-33.163,135.129,7.32
680,75.3717,96.518,116,vehicle.mitsubishi.fusorosa,64.766,-33.162,135.129,7.32
680,75.3718,96.530,116,vehicle.mitsubishi.fusorosa,74.770,-33.162,135.129,7.33
680,75.3719,96.541,116,vehicle.mitsubishi.fusorosa,71.957,-33.162,135.129,7.32
680,75.3719,96.553,116,vehicle.mitsubishi.fusorosa,67.812,-33.161,135.129,7.32
680,75.3719,96.564,116,vehicle.mitsubishi.fusorosa,67.782,-33.161,135.129,7.32
680,75.3720,96.575,116,vehicle.mitsubishi.fusorosa,67.938,-33.161,135.129,7.32
680,75.3720,96.587,116,vehicle.mitsubishi.fusorosa,71.975,-33.160,135.129,7.32
680,75.3720,96.598,116,vehicle.mitsubishi.fusorosa,71.967,-33.160,135.130,7.32
680,75.3721,96.610,116,vehicle.mitsubishi.fusorosa,71.709,-33.160,135.130,7.31
681,75.4783,96.622,116,vehicle.mitsubishi.fusorosa,74.292,-33.159,135.130,7.31
681,75.4784,96.634,116,vehicle.mitsubishi.fusorosa,73.881,-33.159,135.130,7.31
681,75.4785,96.646,116,vehicle.mitsubishi.fusorosa,71.507,-33.159,135.130,7.31
681,75.4785,96.658,116,vehicle.mitsubishi.fusorosa,70.926,-33.158,135.130,7.31
681,75.4785,96.669,116,vehicle.mitsubishi.fusorosa,73.199,-33.158,135.130,7.30
681,75.4786,96.681,116,vehicle.mitsubishi.fusorosa,71.780,-33.157,135.130,7.30
681,75.4786,96.693,116,vehicle.mitsubishi.fusorosa,71.510,-33.157,135.130,7.30
681,75.4787,96.704,116,vehicle.mitsubishi.fusorosa,73.656,-33.157,135.131,7.30
681,75.4787,96.717,116,vehicle.mitsubishi.fusorosa,77.492,-33.156,135.131,7.29
682,75.5913,96.728,116,vehicle.mitsubishi.fusorosa,74.119,-33.156,135.131,7.29
682,75.5915,96.740,116,vehicle.mitsubishi.fusorosa,76.569,-33.155,135.131,7.29
682,75.5915,96.751,116,vehicle.mitsubishi.fusorosa,69.283,-33.155,135.131,7.29
682,75.5915,96.763,116,vehicle.mitsubishi.fusorosa,72.651,-33.154,135.131,7.29
682,75.5916,96.774,116,vehicle.mitsubishi.fusorosa,73.910,-33.154,135.131,7.28
682,75.5916,96.786,116,vehicle.mitsubishi.fusorosa,76.619,-33.153,135.131,7.28
682,75.5917,96.798,116,vehicle.mitsubishi.fusorosa,74.257,-33.153,135.131,7.28
682,75.5917,96.808,116,vehicle.mitsubishi.fusorosa,78.024,-33.152,135.131,7.28
682,75.5917,96.819,116,vehicle.mitsubishi.fusorosa,73.478,-33.152,135.131,7.27
682,75.5917,96.831,116,vehicle.mitsubishi.fusorosa,80.327,-33.151,135.131,7.27
683,75.6944,96.843,116,vehicle.mitsubishi.fusorosa,74.779,-33.151,135.131,7.27
683,75.6946,96.855,116,vehicle.mitsubishi.fusorosa,86.272,-33.150,135.130,7.27
683,75.6947,96.866,116,vehicle.mitsubishi.fusorosa,68.118,-33.150,135.130,7.27
683,75.6947,96.878,116,vehicle.mitsubishi.fusorosa,77.965,-33.149,135.130,7.27
683,75.6948,96.889,116,vehicle.mitsubishi.fusorosa,80.425,-33.149,135.130,7.26
683,75.6948,96.901,116,vehicle.mitsubishi.fusorosa,79.162,-33.148,135.130,7.26
683,75.6948,96.912,116,vehicle.mitsubishi.fusorosa,80.101,-33.147,135.130,7.26
683,75.6949,96.923,116,vehicle.mitsubishi.fusorosa,74.048,-33.147,135.130,7.25
683,75.6949,96.936,116,vehicle.mitsubishi.fusorosa,82.108,-33.146,135.129,7.25
684,75.8052,96.948,116,vehicle.mitsubishi.fusorosa,79.840,-33.146,135.129,7.25
684,75.8054,96.959,116,vehicle.mitsubishi.fusorosa,86.256,-33.145,135.129,7.25
684,75.8055,96.971,116,vehicle.mitsubishi.fusorosa,77.706,-33.144,135.129,7.25
684,75.8055,96.987,116,vehicle.mitsubishi.fusorosa,100.201,-33.144,135.129,7.24
684,75.8055,96.999,116,vehicle.mitsubishi.fusorosa,83.896,-33.142,135.128,7.24
684,75.8056,97.010,116,vehicle.mitsubishi.fusorosa,79.271,-33.142,135.128,7.23
684,75.8056,97.022,116,vehicle.mitsubishi.fusorosa,82.927,-33.141,135.128,7.23
684,75.8056,97.034,116,vehicle.mitsubishi.fusorosa,80.262,-33.140,135.127,7.23
684,75.8057,97.046,116,vehicle.mitsubishi.fusorosa,83.817,-33.139,135.127,7.22
685,75.9234,97.058,116,vehicle.mitsubishi.fusorosa,80.861,-33.139,135.127,7.22
685,75.9236,97.070,116,vehicle.mitsubishi.fusorosa,89.289,-33.138,135.127,7.22
685,75.9236,97.082,116,vehicle.mitsubishi.fusorosa,79.594,-33.137,135.126,7.22
685,75.9237,97.093,116,vehicle.mitsubishi.fusorosa,75.765,-33.136,135.126,7.21
685,75.9237,97.104,116,vehicle.mitsubishi.fusorosa,76.368,-33.135,135.126,7.21
685,75.9237,97.115,116,vehicle.mitsubishi.fusorosa,76.570,-33.135,135.125,7.20
685,75.9238,97.127,116,vehicle.mitsubishi.fusorosa,80.094,-33.134,135.125,7.20
685,75.9238,97.138,116,vehicle.mitsubishi.fusorosa,78.290,-33.133,135.124,7.19
685,75.9238,97.150,116,vehicle.mitsubishi.fusorosa,76.876,-33.132,135.124,7.19
685,75.9239,97.162,116,vehicle.mitsubishi.fusorosa,83.624,-33.131,135.124,7.19
686,76.0301,97.175,116,vehicle.mitsubishi.fusorosa,86.959,-33.130,135.123,7.18
686,76.0302,97.187,116,vehicle.mitsubishi.fusorosa,91.537,-33.129,135.123,7.18
686,76.0303,97.200,116,vehicle.mitsubishi.fusorosa,85.358,-33.128,135.122,7.17
686,76.0303,97.212,116,vehicle.mitsubishi.fusorosa,80.788,-33.127,135.122,7.16
686,76.0303,97.223,116,vehicle.mitsubishi.fusorosa,74.093,-33.126,135.121,7.16
686,76.0304,97.234,116,vehicle.mitsubishi.fusorosa,75.591,-33.126,135.121,7.15
686,76.0304,97.246,116,vehicle.mitsubishi.fusorosa,77.920,-33.125,135.120,7.14
686,76.0304,97.258,116,vehicle.mitsubishi.fusorosa,77.648,-33.124,135.120,7.14
686,76.0305,97.270,116,vehicle.mitsubishi.fusorosa,80.055,-33.123,135.119,7.13
687,76.1360,97.281,116,vehicle.mitsubishi.fusorosa,79.287,-33.122,135.119,7.12
687,76.1362,97.294,116,vehicle.mitsubishi.fusorosa,91.123,-33.121,135.118,7.12
687,76.1362,97.306,116,vehicle.mitsubishi.fusorosa,83.916,-33.120,135.117,7.11
687,76.1362,97.317,116,vehicle.mitsubishi.fusorosa,81.108,-33.119,135.117,7.10
687,76.1363,97.329,116,vehicle.mitsubishi.fusorosa,83.892,-33.118,135.117,7.10
687,76.1363,97.341,116,vehicle.mitsubishi.fusorosa,84.615,-33.117,135.116,7.09
687,76.1363,97.353,116,vehicle.mitsubishi.fusorosa,81.018,-33.116,135.116,7.09
687,76.1364,97.365,116,vehicle.mitsubishi.fusorosa,83.501,-33.116,135.115,7.09
687,76.1364,97.378,116,vehicle.mitsubishi.fusorosa,89.832,-33.115,135.115,7.09
688,76.2548,97.390,116,vehicle.mitsubishi.fusorosa,84.742,-33.114,135.115,7.08
688,76.2549,97.402,116,vehicle.mitsubishi.fusorosa,89.737,-33.113,135.114,7.08
688,76.2550,97.414,116,vehicle.mitsubishi.fusorosa,81.299,-33.112,135.114,7.08
688,76.2550,97.425,116,vehicle.mitsubishi.fusorosa,84.202,-33.111,135.113,7.07
688,76.2551,97.437,116,vehicle.mitsubishi.fusorosa,83.202,-33.111,135.113,7.07
688,76.2551,97.449,116,vehicle.mitsubishi.fusorosa,82.861,-33.110,135.113,7.07
688,76.2551,97.460,116,vehicle.mitsubishi.fusorosa,81.114,-33.109,135.113,7.07
688,76.2552,97.471,116,vehicle.mitsubishi.fusorosa,81.846,-33.109,135.112,7.07
688,76.2552,97.483,116,vehicle.mitsubishi.fusorosa,80.492,-33.108,135.112,7.07
688,76.2552,97.495,116,vehicle.mitsubishi.fusorosa,87.167,-33.107,135.112,7.07
689,76.3617,97.508,116,vehicle.mitsubishi.fusorosa,84.448,-33.106,135.112,7.07
689,76.3618,97.520,116,vehicle.mitsubishi.fusorosa,92.569,-33.106,135.111,7.07
689,76.3619,97.532,116,vehicle.mitsubishi.fusorosa,80.073,-33.105,135.111,7.06
689,76.3619,97.544,116,vehicle.mitsubishi.fusorosa,84.621,-33.104,135.111,7.06
689,76.3620,97.555,116,vehicle.mitsubishi.fusorosa,83.528,-33.104,135.111,7.06
689,76.3620,97.567,116,vehicle.mitsubishi.fusorosa,82.693,-33.103,135.111,7.06
689,76.3620,97.579,116,vehicle.mitsubishi.fusorosa,80.793,-33.103,135.111,7.06
689,76.3621,97.591,116,vehicle.mitsubishi.fusorosa,81.392,-33.102,135.111,7.06
689,76.3621,97.603,116,vehicle.mitsubishi.fusorosa,83.440,-33.101,135.110,7.06
690,76.4690,97.615,116,vehicle.mitsubishi.fusorosa,77.476,-33.101,135.110,7.06
690,76.4692,97.627,116,vehicle.mitsubishi.fusorosa,85.211,-33.100,135.110,7.06
690,76.4692,97.639,116,vehicle.mitsubishi.fusorosa,83.136,-33.100,135.110,7.06
690,76.4692,97.650,116,vehicle.mitsubishi.fusorosa,84.071,-33.099,135.110,7.06
690,76.4693,97.663,116,vehicle.mitsubishi.fusorosa,85.633,-33.099,135.110,7.05
690,76.4693,97.675,116,vehicle.mitsubishi.fusorosa,89.368,-33.098,135.110,7.05
690,76.4693,97.686,116,vehicle.mitsubishi.fusorosa,77.837,-33.098,135.110,7.05
690,76.4694,97.698,116,vehicle.mitsubishi.fusorosa,79.906,-33.097,135.110,7.05
690,76.4694,97.710,116,vehicle.mitsubishi.fusorosa,85.463,-33.097,135.110,7.05
691,76.5878,97.722,116,vehicle.mitsubishi.fusorosa,82.330,-33.097,135.110,7.05
691,76.5879,97.734,116,vehicle.mitsubishi.fusorosa,81.444,-33.096,135.110,7.05
691,76.5880,97.746,116,vehicle.mitsubishi.fusorosa,80.386,-33.096,135.110,7.05
691,76.5880,97.757,116,vehicle.mitsubishi.fusorosa,77.181,-33.095,135.110,7.05
691,76.5880,97.768,116,vehicle.mitsubishi.fusorosa,80.363,-33.095,135.110,7.04
691,76.5881,97.780,116,vehicle.mitsubishi.fusorosa,85.595,-33.094,135.110,7.04
691,76.5881,97.791,116,vehicle.mitsubishi.fusorosa,80.200,-33.094,135.110,7.04
691,76.5881,97.803,116,vehicle.mitsubishi.fusorosa,81.021,-33.093,135.110,7.04
691,76.5881,97.815,116,vehicle.mitsubishi.fusorosa,81.712,-33.093,135.110,7.04
691,76.5882,97.828,116,vehicle.mitsubishi.fusorosa,86.188,-33.092,135.110,7.04
692,76.6939,97.839,116,vehicle.mitsubishi.fusorosa,84.049,-33.091,135.110,7.04
692,76.6940,97.852,116,vehicle.mitsubishi.fusorosa,89.669,-33.091,135.110,7.04
692,76.6941,97.863,116,vehicle.mitsubishi.fusorosa,77.035,-33.090,135.109,7.03
692,76.6941,97.874,116,vehicle.mitsubishi.fusorosa,82.679,-33.090,135.109,7.03
692,76.6941,97.886,116,vehicle.mitsubishi.fusorosa,81.774,-33.089,135.109,7.03
692,76.6942,97.898,116,vehicle.mitsubishi.fusorosa,83.826,-33.088,135.109,7.02
692,76.6942,97.910,116,vehicle.mitsubishi.fusorosa,85.414,-33.088,135.109,7.02
692,76.6943,97.922,116,vehicle.mitsubishi.fusorosa,83.364,-33.087,135.109,7.02
692,76.6943,97.934,116,vehicle.mitsubishi.fusorosa,86.150,-33.086,135.108,7.02
693,76.7994,97.946,116,vehicle.mitsubishi.fusorosa,88.092,-33.085,135.108,7.01
693,76.7995,97.959,116,vehicle.mitsubishi.fusorosa,89.429,-33.085,135.108,7.01
693,76.7996,97.970,116,vehicle.mitsubishi.fusorosa,79.703,-33.084,135.108,7.01
693,76.7996,97.982,116,vehicle.mitsubishi.fusorosa,78.763,-33.083,135.107,7.00
693,76.7996,97.993,116,vehicle.mitsubishi.fusorosa,77.637,-33.082,135.107,7.00
693,76.7997,98.005,116,vehicle.mitsubishi.fusorosa,78.228,-33.082,135.107,6.99
693,76.7997,98.016,116,vehicle.mitsubishi.fusorosa,79.667,-33.081,135.106,6.99
693,76.7997,98.028,116,vehicle.mitsubishi.fusorosa,80.578,-33.080,135.106,6.98
693,76.7998,98.040,116,vehicle.mitsubishi.fusorosa,81.659,-33.079,135.106,6.98
694,76.9135,98.052,116,vehicle.mitsubishi.fusorosa,82.455,-33.079,135.105,6.97
694,76.9137,98.063,116,vehicle.mitsubishi.fusorosa,81.384,-33.078,135.105,6.97
694,76.9137,98.074,116,vehicle.mitsubishi.fusorosa,72.793,-33.077,135.105,6.96
694,76.9137,98.086,116,vehicle.mitsubishi.fusorosa,80.333,-33.076,135.104,6.95
694,76.9138,98.097,116,vehicle.mitsubishi.fusorosa,78.783,-33.075,135.104,6.95
694,76.9138,98.108,116,vehicle.mitsubishi.fusorosa,76.688,-33.075,135.104,6.94
694,76.9138,98.119,116,vehicle.mitsubishi.fusorosa,76.183,-33.074,135.103,6.93
694,76.9139,98.130,116,vehicle.mitsubishi.fusorosa,74.231,-33.073,135.103,6.93
694,76.9139,98.142,116,vehicle.mitsubishi.fusorosa,71.171,-33.072,135.103,6.92
694,76.9139,98.154,116,vehicle.mitsubishi.fusorosa,78.827,-33.071,135.102,6.92
695,77.0191,98.167,116,vehicle.mitsubishi.fusorosa,84.655,-33.071,135.102,6.91
695,77.0193,98.179,116,vehicle.mitsubishi.fusorosa,95.237,-33.070,135.101,6.91
695,77.0195,98.191,116,vehicle.mitsubishi.fusorosa,77.163,-33.069,135.101,6.90
695,77.0195,98.202,116,vehicle.mitsubishi.fusorosa,72.826,-33.068,135.101,6.89
695,77.0196,98.213,116,vehicle.mitsubishi.fusorosa,68.250,-33.068,135.101,6.89
695,77.0196,98.224,116,vehicle.mitsubishi.fusorosa,71.258,-33.067,135.100,6.88
695,77.0197,98.235,116,vehicle.mitsubishi.fusorosa,72.372,-33.066,135.100,6.88
695,77.0197,98.246,116,vehicle.mitsubishi.fusorosa,72.024,-33.066,135.100,6.88
695,77.0197,98.260,116,vehicle.mitsubishi.fusorosa,91.293,-33.065,135.099,6.87
696,77.1339,98.272,116,vehicle.mitsubishi.fusorosa,80.145,-33.064,135.099,6.87
696,77.1340,98.284,116,vehicle.mitsubishi.fusorosa,87.805,-33.063,135.098,6.86
696,77.1341,98.295,116,vehicle.mitsubishi.fusorosa,76.018,-33.062,135.098,6.85
696,77.1341,98.307,116,vehicle.mitsubishi.fusorosa,85.376,-33.062,135.098,6.85
696,77.1342,98.318,116,vehicle.mitsubishi.fusorosa,70.471,-33.061,135.097,6.85
696,77.1342,98.329,116,vehicle.mitsubishi.fusorosa,75.558,-33.061,135.097,6.85
696,77.1342,98.340,116,vehicle.mitsubishi.fusorosa,72.334,-33.060,135.097,6.84
696,77.1343,98.352,116,vehicle.mitsubishi.fusorosa,75.985,-33.059,135.096,6.84
696,77.1343,98.363,116,vehicle.mitsubishi.fusorosa,74.144,-33.058,135.096,6.84
696,77.1343,98.375,116,vehicle.mitsubishi.fusorosa,76.324,-33.058,135.095,6.83
697,77.2384,98.387,116,vehicle.mitsubishi.fusorosa,79.111,-33.057,135.095,6.83
697,77.2386,98.399,116,vehicle.mitsubishi.fusorosa,97.060,-33.056,135.094,6.82
697,77.2386,98.411,116,vehicle.mitsubishi.fusorosa,81.967,-33.055,135.094,6.81
697,77.2387,98.422,116,vehicle.mitsubishi.fusorosa,80.987,-33.054,135.093,6.81
697,77.2387,98.434,116,vehicle.mitsubishi.fusorosa,90.194,-33.053,135.093,6.81
697,77.2387,98.445,116,vehicle.mitsubishi.fusorosa,75.744,-33.052,135.092,6.81
697,77.2388,98.456,116,vehicle.mitsubishi.fusorosa,76.342,-33.052,135.092,6.80
697,77.2388,98.467,116,vehicle.mitsubishi.fusorosa,76.142,-33.051,135.091,6.80
697,77.2388,98.480,116,vehicle.mitsubishi.fusorosa,81.713,-33.050,135.091,6.80
698,77.3526,98.491,116,vehicle.mitsubishi.fusorosa,79.330,-33.049,135.090,6.80
698,77.3528,98.503,116,vehicle.mitsubishi.fusorosa,96.265,-33.048,135.089,6.80
698,77.3528,98.514,116,vehicle.mitsubishi.fusorosa,93.275,-33.047,135.089,6.79
698,77.3529,98.525,116,vehicle.mitsubishi.fusorosa,99.468,-33.046,135.088,6.79
698,77.3529,98.537,116,vehicle.mitsubishi.fusorosa,77.848,-33.045,135.088,6.79
698,77.3529,98.548,116,vehicle.mitsubishi.fusorosa,75.802,-33.044,135.088,6.78
698,77.3530,98.560,116,vehicle.mitsubishi.fusorosa,78.126,-33.043,135.087,6.78
698,77.3530,98.571,116,vehicle.mitsubishi.fusorosa,77.999,-33.042,135.087,6.78
698,77.3530,98.582,116,vehicle.mitsubishi.fusorosa,74.125,-33.041,135.086,6.77
698,77.3531,98.594,116,vehicle.mitsubishi.fusorosa,83.961,-33.040,135.086,6.76
699,77.4552,98.607,116,vehicle.mitsubishi.fusorosa,93.476,-33.039,135.085,6.75
699,77.4554,98.619,116,vehicle.mitsubishi.fusorosa,87.862,-33.038,135.084,6.74
699,77.4554,98.630,116,vehicle.mitsubishi.fusorosa,78.442,-33.037,135.084,6.73
699,77.4554,98.641,116,vehicle.mitsubishi.fusorosa,80.827,-33.036,135.084,6.73
699,77.4555,98.652,116,vehicle.mitsubishi.fusorosa,83.223,-33.035,135.083,6.72
699,77.4555,98.664,116,vehicle.mitsubishi.fusorosa,86.652,-33.035,135.083,6.72
699,77.4555,98.675,116,vehicle.mitsubishi.fusorosa,80.808,-33.034,135.083,6.72
699,77.4556,98.686,116,vehicle.mitsubishi.fusorosa,78.280,-33.033,135.082,6.72
700,77.5811,98.699,116,vehicle.mitsubishi.fusorosa,84.983,-33.032,135.082,6.71
700,77.5812,98.711,116,vehicle.mitsubishi.fusorosa,84.184,-33.031,135.082,6.70
700,77.5813,98.723,116,vehicle.mitsubishi.fusorosa,98.292,-33.030,135.081,6.70
700,77.5814,98.735,116,vehicle.mitsubishi.fusorosa,83.879,-33.029,135.081,6.69
700,77.5814,98.748,116,vehicle.mitsubishi.fusorosa,106.970,-33.029,135.081,6.68
700,77.5814,98.759,116,vehicle.mitsubishi.fusorosa,99.326,-33.028,135.081,6.68
700,77.5815,98.771,116,vehicle.mitsubishi.fusorosa,78.576,-33.027,135.081,6.68
700,77.5815,98.782,116,vehicle.mitsubishi.fusorosa,80.834,-33.026,135.080,6.67
700,77.5815,98.794,116,vehicle.mitsubishi.fusorosa,80.847,-33.026,135.080,6.67
700,77.5816,98.806,116,vehicle.mitsubishi.fusorosa,80.605,-33.025,135.080,6.66
700,77.5816,98.819,116,vehicle.mitsubishi.fusorosa,88.344,-33.024,135.080,6.65
701,77.6874,98.831,116,vehicle.mitsubishi.fusorosa,86.148,-33.023,135.080,6.64
701,77.6881,98.843,116,vehicle.mitsubishi.fusorosa,81.023,-33.022,135.079,6.64
701,77.6882,98.855,116,vehicle.mitsubishi.fusorosa,100.470,-33.021,135.079,6.63
701,77.6882,98.866,116,vehicle.mitsubishi.fusorosa,80.550,-33.020,135.079,6.63
701,77.6883,98.879,116,vehicle.mitsubishi.fusorosa,85.902,-33.019,135.079,6.63
701,77.6883,98.890,116,vehicle.mitsubishi.fusorosa,80.012,-33.019,135.079,6.63
701,77.6883,98.902,116,vehicle.mitsubishi.fusorosa,76.423,-33.018,135.078,6.63
701,77.6884,98.914,116,vehicle.mitsubishi.fusorosa,77.252,-33.017,135.078,6.63
701,77.6884,98.926,116,vehicle.mitsubishi.fusorosa,84.182,-33.017,135.078,6.63
702,77.7910,98.938,116,vehicle.mitsubishi.fusorosa,76.448,-33.016,135.078,6.63
702,77.7911,98.950,116,vehicle.mitsubishi.fusorosa,92.425,-33.015,135.078,6.62
702,77.7912,98.961,116,vehicle.mitsubishi.fusorosa,76.855,-33.015,135.078,6.62
702,77.7912,98.973,116,vehicle.mitsubishi.fusorosa,81.574,-33.014,135.078,6.62
702,77.7912,98.985,116,vehicle.mitsubishi.fusorosa,81.132,-33.013,135.078,6.62
702,77.7913,98.997,116,vehicle.mitsubishi.fusorosa,81.506,-33.013,135.078,6.62
702,77.7913,99.009,116,vehicle.mitsubishi.fusorosa,73.151,-33.012,135.078,6.62
702,77.7913,99.020,116,vehicle.mitsubishi.fusorosa,72.092,-33.012,135.078,6.62
702,77.7914,99.033,116,vehicle.mitsubishi.fusorosa,89.156,-33.011,135.078,6.62
703,77.9062,99.044,116,vehicle.mitsubishi.fusorosa,76.047,-33.010,135.078,6.62
703,77.9064,99.056,116,vehicle.mitsubishi.fusorosa,87.155,-33.010,135.078,6.62
703,77.9064,99.067,116,vehicle.mitsubishi.fusorosa,73.953,-33.009,135.078,6.62
703,77.9065,99.078,116,vehicle.mitsubishi.fusorosa,73.910,-33.009,135.078,6.62
703,77.9065,99.089,116,vehicle.mitsubishi.fusorosa,67.483,-33.008,135.078,6.62
703,77.9065,99.100,116,vehicle.mitsubishi.fusorosa,71.605,-33.008,135.078,6.62
703,77.9066,99.112,116,vehicle.mitsubishi.fusorosa,76.587,-33.007,135.078,6.62
703,77.9066,99.123,116,vehicle.mitsubishi.fusorosa,72.384,-33.007,135.078,6.62
703,77.9066,99.135,116,vehicle.mitsubishi.fusorosa,70.480,-33.006,135.079,6.62
703,77.9067,99.147,116,vehicle.mitsubishi.fusorosa,75.306,-33.006,135.079,6.62
704,78.0106,99.159,116,vehicle.mitsubishi.fusorosa,74.495,-33.005,135.079,6.62
704,78.0107,99.171,116,vehicle.mitsubishi.fusorosa,81.752,-33.005,135.079,6.62
704,78.0107,99.182,116,vehicle.mitsubishi.fusorosa,76.536,-33.005,135.079,6.62
704,78.0108,99.194,116,vehicle.mitsubishi.fusorosa,72.966,-33.004,135.079,6.62
704,78.0108,99.206,116,vehicle.mitsubishi.fusorosa,74.177,-33.004,135.079,6.62
704,78.0108,99.217,116,vehicle.mitsubishi.fusorosa,72.154,-33.004,135.079,6.62
704,78.0109,99.229,116,vehicle.mitsubishi.fusorosa,71.231,-33.003,135.080,6.62
704,78.0109,99.241,116,vehicle.mitsubishi.fusorosa,71.822,-33.003,135.080,6.62
705,78.1191,99.254,116,vehicle.mitsubishi.fusorosa,77.201,-33.002,135.080,6.62
705,78.1192,99.266,116,vehicle.mitsubishi.fusorosa,58.907,-33.002,135.080,6.62
705,78.1192,99.278,116,vehicle.mitsubishi.fusorosa,77.441,-33.002,135.080,6.63
705,78.1193,99.290,116,vehicle.mitsubishi.fusorosa,73.666,-33.001,135.080,6.63
705,78.1193,99.301,116,vehicle.mitsubishi.fusorosa,67.086,-33.001,135.080,6.63
705,78.1193,99.312,116,vehicle.mitsubishi.fusorosa,70.695,-33.001,135.080,6.63
705,78.1195,99.323,116,vehicle.mitsubishi.fusorosa,74.505,-33.001,135.081,6.64
705,78.1195,99.334,116,vehicle.mitsubishi.fusorosa,67.472,-33.000,135.081,6.64
705,78.1195,99.346,116,vehicle.mitsubishi.fusorosa,75.560,-33.000,135.081,6.64
705,78.1196,99.358,116,vehicle.mitsubishi.fusorosa,67.688,-32.999,135.081,6.64
706,78.2395,99.370,116,vehicle.mitsubishi.fusorosa,75.003,-32.999,135.081,6.64
706,78.2396,99.383,116,vehicle.mitsubishi.fusorosa,78.043,-32.999,135.081,6.64
706,78.2397,99.394,116,vehicle.mitsubishi.fusorosa,79.606,-32.998,135.081,6.64
706,78.2397,99.409,116,vehicle.mitsubishi.fusorosa,97.617,-32.998,135.081,6.64
706,78.2397,99.421,116,vehicle.mitsubishi.fusorosa,81.420,-32.998,135.081,6.64
706,78.2398,99.432,116,vehicle.mitsubishi.fusorosa,68.496,-32.997,135.082,6.64
706,78.2398,99.444,116,vehicle.mitsubishi.fusorosa,81.284,-32.997,135.082,6.64
706,78.2398,99.456,116,vehicle.mitsubishi.fusorosa,74.154,-32.997,135.082,6.64
706,78.2399,99.467,116,vehicle.mitsubishi.fusorosa,76.169,-32.996,135.082,6.65
706,78.2399,99.479,116,vehicle.mitsubishi.fusorosa,83.313,-32.996,135.082,6.65
707,78.3456,99.491,116,vehicle.mitsubishi.fusorosa,81.011,-32.995,135.082,6.65
707,78.3457,99.503,116,vehicle.mitsubishi.fusorosa,79.369,-32.995,135.082,6.65
707,78.3458,99.515,116,vehicle.mitsubishi.fusorosa,81.162,-32.995,135.082,6.64
707,78.3458,99.527,116,vehicle.mitsubishi.fusorosa,83.370,-32.994,135.082,6.64
707,78.3458,99.538,116,vehicle.mitsubishi.fusorosa,75.522,-32.994,135.082,6.65
707,78.3459,99.549,116,vehicle.mitsubishi.fusorosa,72.329,-32.994,135.083,6.65
707,78.3459,99.561,116,vehicle.mitsubishi.fusorosa,72.137,-32.993,135.083,6.65
707,78.3459,99.573,116,vehicle.mitsubishi.fusorosa,74.948,-32.993,135.083,6.65
707,78.3460,99.586,116,vehicle.mitsubishi.fusorosa,82.159,-32.993,135.083,6.65
708,78.4484,99.598,116,vehicle.mitsubishi.fusorosa,76.995,-32.992,135.083,6.65
708,78.4485,99.610,116,vehicle.mitsubishi.fusorosa,75.459,-32.992,135.083,6.65
708,78.4486,99.621,116,vehicle.mitsubishi.fusorosa,60.462,-32.992,135.083,6.65
708,78.4486,99.633,116,vehicle.mitsubishi.fusorosa,77.323,-32.992,135.083,6.65
708,78.4486,99.645,116,vehicle.mitsubishi.fusorosa,70.078,-32.991,135.083,6.65
708,78.4487,99.657,116,vehicle.mitsubishi.fusorosa,86.334,-32.991,135.083,6.66
708,78.4487,99.668,116,vehicle.mitsubishi.fusorosa,71.553,-32.990,135.084,6.66
708,78.4487,99.679,116,vehicle.mitsubishi.fusorosa,78.235,-32.990,135.084,6.66
709,78.5666,99.691,116,vehicle.mitsubishi.fusorosa,72.018,-32.990,135.084,6.66
709,78.5667,99.703,116,vehicle.mitsubishi.fusorosa,76.472,-32.990,135.084,6.66
709,78.5668,99.716,116,vehicle.mitsubishi.fusorosa,78.411,-32.989,135.084,6.67
709,78.5668,99.727,116,vehicle.mitsubishi.fusorosa,72.145,-32.989,135.084,6.67
709,78.5669,99.738,116,vehicle.mitsubishi.fusorosa,73.592,-32.989,135.084,6.67
709,78.5669,99.750,116,vehicle.mitsubishi.fusorosa,71.047,-32.988,135.084,6.67
709,78.5669,99.761,116,vehicle.mitsubishi.fusorosa,69.635,-32.988,135.084,6.67
709,78.5670,99.772,116,vehicle.mitsubishi.fusorosa,69.138,-32.988,135.084,6.67
709,78.5670,99.784,116,vehicle.mitsubishi.fusorosa,66.995,-32.987,135.084,6.67
709,78.5670,99.795,116,vehicle.mitsubishi.fusorosa,70.947,-32.987,135.084,6.67
709,78.5670,99.807,116,vehicle.mitsubishi.fusorosa,71.948,-32.987,135.084,6.67
710,78.6711,99.820,116,vehicle.mitsubishi.fusorosa,80.750,-32.986,135.084,6.68
710,78.6712,99.832,116,vehicle.mitsubishi.fusorosa,76.270,-32.986,135.084,6.68
710,78.6713,99.843,116,vehicle.mitsubishi.fusorosa,67.279,-32.986,135.084,6.68
710,78.6713,99.855,116,vehicle.mitsubishi.fusorosa,70.727,-32.986,135.084,6.68
710,78.6714,99.866,116,vehicle.mitsubishi.fusorosa,77.047,-32.985,135.085,6.67
710,78.6714,99.877,116,vehicle.mitsubishi.fusorosa,71.447,-32.985,135.085,6.68
710,78.6714,99.888,116,vehicle.mitsubishi.fusorosa,71.462,-32.985,135.085,6.68
710,78.6715,99.900,116,vehicle.mitsubishi.fusorosa,72.046,-32.984,135.085,6.68
710,78.6715,99.912,116,vehicle.mitsubishi.fusorosa,75.158,-32.984,135.085,6.68
711,78.7864,99.923,116,vehicle.mitsubishi.fusorosa,74.700,-32.984,135.085,6.68
711,78.7866,99.935,116,vehicle.mitsubishi.fusorosa,66.457,-32.984,135.085,6.68
711,78.7866,99.946,116,vehicle.mitsubishi.fusorosa,66.817,-32.983,135.085,6.69
711,78.7867,99.957,116,vehicle.mitsubishi.fusorosa,72.090,-32.983,135.085,6.69
711,78.7867,99.968,116,vehicle.mitsubishi.fusorosa,63.462,-32.983,135.085,6.69
711,78.7867,99.979,116,vehicle.mitsubishi.fusorosa,79.116,-32.982,135.085,6.69
711,78.7868,99.991,116,vehicle.mitsubishi.fusorosa,78.784,-32.982,135.085,6.69
711,78.7868,100.002,116,vehicle.mitsubishi.fusorosa,69.823,-32.982,135.085,6.69
711,78.7868,100.013,116,vehicle.mitsubishi.fusorosa,75.020,-32.981,135.085,6.69
711,78.7869,100.025,116,vehicle.mitsubishi.fusorosa,72.079,-32.981,135.085,6.69
712,78.8914,100.037,116,vehicle.mitsubishi.fusorosa,78.632,-32.981,135.085,6.69
712,78.8916,100.049,116,vehicle.mitsubishi.fusorosa,80.028,-32.980,135.085,6.69
712,78.8916,100.061,116,vehicle.mitsubishi.fusorosa,71.153,-32.980,135.085,6.69
712,78.8916,100.073,116,vehicle.mitsubishi.fusorosa,73.354,-32.979,135.085,6.69
712,78.8917,100.084,116,vehicle.mitsubishi.fusorosa,70.161,-32.979,135.085,6.69
712,78.8917,100.096,116,vehicle.mitsubishi.fusorosa,54.302,-32.979,135.085,6.69
712,78.8917,100.107,116,vehicle.mitsubishi.fusorosa,71.201,-32.979,135.085,6.70
712,78.8918,100.118,116,vehicle.mitsubishi.fusorosa,75.950,-32.978,135.085,6.70
712,78.8918,100.132,116,vehicle.mitsubishi.fusorosa,85.223,-32.978,135.085,6.70
713,79.0069,100.144,116,vehicle.mitsubishi.fusorosa,81.870,-32.978,135.085,6.70
713,79.0071,100.156,116,vehicle.mitsubishi.fusorosa,76.323,-32.977,135.086,6.70
713,79.0071,100.168,116,vehicle.mitsubishi.fusorosa,72.465,-32.977,135.086,6.70
713,79.0071,100.179,116,vehicle.mitsubishi.fusorosa,73.730,-32.977,135.086,6.70
713,79.0072,100.191,116,vehicle.mitsubishi.fusorosa,77.803,-32.976,135.086,6.70
713,79.0072,100.203,116,vehicle.mitsubishi.fusorosa,73.849,-32.976,135.086,6.70
713,79.0072,100.214,116,vehicle.mitsubishi.fusorosa,74.799,-32.975,135.086,6.70
713,79.0073,100.226,116,vehicle.mitsubishi.fusorosa,72.789,-32.975,135.086,6.70
713,79.0073,100.237,116,vehicle.mitsubishi.fusorosa,75.876,-32.975,135.086,6.71
713,79.0073,100.249,116,vehicle.mitsubishi.fusorosa,78.063,-32.974,135.085,6.71
714,79.1117,100.261,116,vehicle.mitsubishi.fusorosa,76.208,-32.974,135.085,6.71
714,79.1118,100.272,116,vehicle.mitsubishi.fusorosa,76.013,-32.974,135.085,6.71
714,79.1119,100.283,116,vehicle.mitsubishi.fusorosa,70.153,-32.973,135.085,6.72
714,79.1119,100.294,116,vehicle.mitsubishi.fusorosa,73.839,-32.973,135.085,6.72
714,79.1120,100.306,116,vehicle.mitsubishi.fusorosa,78.257,-32.972,135.085,6.72
714,79.1120,100.318,116,vehicle.mitsubishi.fusorosa,77.188,-32.972,135.085,6.72
714,79.1120,100.329,116,vehicle.mitsubishi.fusorosa,74.675,-32.971,135.085,6.72
714,79.1121,100.341,116,vehicle.mitsubishi.fusorosa,76.453,-32.971,135.085,6.72
714,79.1121,100.352,116,vehicle.mitsubishi.fusorosa,76.630,-32.970,135.085,6.72
715,79.2304,100.365,116,vehicle.mitsubishi.fusorosa,81.729,-32.970,135.085,6.72
715,79.2306,100.376,116,vehicle.mitsubishi.fusorosa,77.056,-32.969,135.085,6.72
715,79.2306,100.387,116,vehicle.mitsubishi.fusorosa,75.457,-32.969,135.084,6.71
715,79.2307,100.399,116,vehicle.mitsubishi.fusorosa,78.564,-32.968,135.084,6.71
715,79.2307,100.411,116,vehicle.mitsubishi.fusorosa,80.385,-32.968,135.084,6.71
715,79.2307,100.422,116,vehicle.mitsubishi.fusorosa,80.173,-32.967,135.084,6.71
715,79.2308,100.434,116,vehicle.mitsubishi.fusorosa,78.210,-32.966,135.084,6.71
715,79.2308,100.446,116,vehicle.mitsubishi.fusorosa,83.844,-32.966,135.083,6.71
715,79.2308,100.458,116,vehicle.mitsubishi.fusorosa,80.225,-32.965,135.083,6.71
715,79.2309,100.471,116,vehicle.mitsubishi.fusorosa,88.979,-32.964,135.083,6.71
716,79.3359,100.483,116,vehicle.mitsubishi.fusorosa,83.199,-32.964,135.083,6.71
716,79.3360,100.494,116,vehicle.mitsubishi.fusorosa,84.794,-32.963,135.082,6.71
716,79.3361,100.506,116,vehicle.mitsubishi.fusorosa,78.181,-32.962,135.082,6.71
716,79.3361,100.518,116,vehicle.mitsubishi.fusorosa,81.251,-32.962,135.082,6.71
716,79.3361,100.529,116,vehicle.mitsubishi.fusorosa,81.877,-32.961,135.082,6.70
716,79.3362,100.541,116,vehicle.mitsubishi.fusorosa,85.321,-32.960,135.081,6.70
716,79.3362,100.553,116,vehicle.mitsubishi.fusorosa,81.640,-32.959,135.081,6.70
716,79.3362,100.564,116,vehicle.mitsubishi.fusorosa,80.575,-32.959,135.081,6.70
716,79.3363,100.576,116,vehicle.mitsubishi.fusorosa,82.421,-32.958,135.080,6.70
717,79.4396,100.588,116,vehicle.mitsubishi.fusorosa,84.418,-32.957,135.080,6.70
717,79.4397,100.600,116,vehicle.mitsubishi.fusorosa,89.723,-32.956,135.080,6.70
717,79.4398,100.611,116,vehicle.mitsubishi.fusorosa,78.890,-32.956,135.079,6.70
717,79.4398,100.622,116,vehicle.mitsubishi.fusorosa,78.547,-32.955,135.079,6.70
717,79.4399,100.634,116,vehicle.mitsubishi.fusorosa,80.844,-32.954,135.079,6.70
717,79.4399,100.645,116,vehicle.mitsubishi.fusorosa,76.395,-32.954,135.079,6.69
717,79.4400,100.657,116,vehicle.mitsubishi.fusorosa,82.000,-32.953,135.079,6.69
717,79.4400,100.668,116,vehicle.mitsubishi.fusorosa,79.925,-32.953,135.078,6.70
717,79.4400,100.680,116,vehicle.mitsubishi.fusorosa,88.886,-32.952,135.078,6.70
718,79.5579,100.693,116,vehicle.mitsubishi.fusorosa,90.342,-32.951,135.078,6.70
718,79.5580,100.705,116,vehicle.mitsubishi.fusorosa,82.364,-32.951,135.078,6.71
718,79.5581,100.716,116,vehicle.mitsubishi.fusorosa,75.252,-32.950,135.078,6.71
718,79.5581,100.728,116,vehicle.mitsubishi.fusorosa,82.070,-32.950,135.077,6.71
718,79.5581,100.739,116,vehicle.mitsubishi.fusorosa,77.936,-32.949,135.077,6.71
718,79.5582,100.750,116,vehicle.mitsubishi.fusorosa,77.102,-32.949,135.077,6.71
718,79.5582,100.762,116,vehicle.mitsubishi.fusorosa,81.396,-32.948,135.077,6.71
718,79.5582,100.774,116,vehicle.mitsubishi.fusorosa,80.867,-32.948,135.077,6.71
718,79.5583,100.785,116,vehicle.mitsubishi.fusorosa,77.110,-32.947,135.077,6.72
718,79.5583,100.797,116,vehicle.mitsubishi.fusorosa,81.941,-32.947,135.077,6.72
719,79.6616,100.810,116,vehicle.mitsubishi.fusorosa,86.717,-32.947,135.077,6.73
719,79.6617,100.822,116,vehicle.mitsubishi.fusorosa,83.453,-32.946,135.077,6.73
719,79.6617,100.833,116,vehicle.mitsubishi.fusorosa,73.363,-32.946,135.077,6.73
719,79.6618,100.844,116,vehicle.mitsubishi.fusorosa,74.275,-32.945,135.077,6.73
719,79.6618,100.856,116,vehicle.mitsubishi.fusorosa,74.663,-32.945,135.077,6.73
719,79.6618,100.867,116,vehicle.mitsubishi.fusorosa,79.015,-32.944,135.077,6.73
719,79.6619,100.879,116,vehicle.mitsubishi.fusorosa,77.824,-32.944,135.077,6.73
719,79.6619,100.890,116,vehicle.mitsubishi.fusorosa,77.319,-32.944,135.077,6.74
719,79.6619,100.903,116,vehicle.mitsubishi.fusorosa,76.569,-32.943,135.077,6.74
720,79.7820,100.915,116,vehicle.mitsubishi.fusorosa,77.491,-32.943,135.077,6.74
720,79.7822,100.926,116,vehicle.mitsubishi.fusorosa,73.952,-32.943,135.077,6.75
720,79.7822,100.939,116,vehicle.mitsubishi.fusorosa,74.755,-32.942,135.077,6.75
720,79.7823,100.950,116,vehicle.mitsubishi.fusorosa,67.843,-32.942,135.077,6.75
720,79.7823,100.961,116,vehicle.mitsubishi.fusorosa,75.371,-32.942,135.077,6.75
720,79.7823,100.973,116,vehicle.mitsubishi.fusorosa,74.550,-32.941,135.077,6.75
720,79.7824,100.985,116,vehicle.mitsubishi.fusorosa,64.279,-32.941,135.077,6.75
720,79.7824,100.996,116,vehicle.mitsubishi.fusorosa,79.562,-32.941,135.077,6.75
720,79.7824,101.008,116,vehicle.mitsubishi.fusorosa,63.260,-32.940,135.077,6.76
720,79.7825,101.020,116,vehicle.mitsubishi.fusorosa,78.491,-32.940,135.077,6.75
721,79.8868,101.032,116,vehicle.mitsubishi.fusorosa,74.626,-32.940,135.077,6.76
721,79.8869,101.044,116,vehicle.mitsubishi.fusorosa,74.064,-32.940,135.077,6.76
721,79.8870,101.056,116,vehicle.mitsubishi.fusorosa,70.894,-32.939,135.077,6.76
721,79.8870,101.067,116,vehicle.mitsubishi.fusorosa,74.942,-32.939,135.077,6.76
721,79.8870,101.079,116,vehicle.mitsubishi.fusorosa,69.877,-32.939,135.078,6.76
721,79.8871,101.090,116,vehicle.mitsubishi.fusorosa,80.951,-32.938,135.078,6.76
721,79.8871,101.101,116,vehicle.mitsubishi.fusorosa,71.200,-32.938,135.078,6.76
721,79.8871,101.113,116,vehicle.mitsubishi.fusorosa,74.774,-32.938,135.078,6.76
721,79.8872,101.124,116,vehicle.mitsubishi.fusorosa,77.161,-32.938,135.078,6.76
722,80.0009,101.136,116,vehicle.mitsubishi.fusorosa,77.215,-32.937,135.078,6.76
722,80.0010,101.149,116,vehicle.mitsubishi.fusorosa,73.971,-32.937,135.078,6.76
722,80.0011,101.161,116,vehicle.mitsubishi.fusorosa,74.548,-32.937,135.078,6.76
722,80.0011,101.173,116,vehicle.mitsubishi.fusorosa,78.307,-32.937,135.079,6.76
722,80.0011,101.184,116,vehicle.mitsubishi.fusorosa,59.491,-32.936,135.079,6.76
722,80.0012,101.195,116,vehicle.mitsubishi.fusorosa,73.542,-32.936,135.079,6.76
722,80.0012,101.206,116,vehicle.mitsubishi.fusorosa,75.369,-32.936,135.079,6.76
722,80.0012,101.218,116,vehicle.mitsubishi.fusorosa,76.121,-32.936,135.079,6.76
722,80.0013,101.229,116,vehicle.mitsubishi.fusorosa,75.149,-32.935,135.079,6.76
722,80.0013,101.242,116,vehicle.mitsubishi.fusorosa,79.883,-32.935,135.079,6.76
723,80.1063,101.254,116,vehicle.mitsubishi.fusorosa,79.107,-32.935,135.079,6.76
723,80.1064,101.266,116,vehicle.mitsubishi.fusorosa,75.045,-32.935,135.080,6.76
723,80.1065,101.278,116,vehicle.mitsubishi.fusorosa,78.424,-32.935,135.080,6.76
723,80.1065,101.290,116,vehicle.mitsubishi.fusorosa,74.234,-32.934,135.080,6.76
723,80.1065,101.301,116,vehicle.mitsubishi.fusorosa,67.001,-32.934,135.080,6.76
723,80.1066,101.312,116,vehicle.mitsubishi.fusorosa,68.432,-32.934,135.080,6.76
723,80.1066,101.324,116,vehicle.mitsubishi.fusorosa,73.957,-32.933,135.080,6.76
723,80.1066,101.336,116,vehicle.mitsubishi.fusorosa,72.647,-32.933,135.080,6.76
723,80.1067,101.348,116,vehicle.mitsubishi.fusorosa,72.477,-32.933,135.080,6.76
724,80.2146,101.360,116,vehicle.mitsubishi.fusorosa,76.074,-32.932,135.081,6.76
724,80.2147,101.372,116,vehicle.mitsubishi.fusorosa,72.764,-32.932,135.081,6.76
724,80.2148,101.383,116,vehicle.mitsubishi.fusorosa,73.291,-32.932,135.081,6.76
724,80.2148,101.395,116,vehicle.mitsubishi.fusorosa,69.341,-32.931,135.081,6.76
724,80.2148,101.406,116,vehicle.mitsubishi.fusorosa,70.542,-32.931,135.081,6.76
724,80.2149,101.418,116,vehicle.mitsubishi.fusorosa,69.673,-32.931,135.081,6.75
724,80.2149,101.429,116,vehicle.mitsubishi.fusorosa,71.572,-32.931,135.081,6.75
724,80.2149,101.441,116,vehicle.mitsubishi.fusorosa,72.571,-32.930,135.082,6.75
724,80.2150,101.454,116,vehicle.mitsubishi.fusorosa,76.531,-32.930,135.082,6.75
725,80.3181,101.467,116,vehicle.mitsubishi.fusorosa,77.424,-32.930,135.082,6.74
725,80.3183,101.478,116,vehicle.mitsubishi.fusorosa,62.198,-32.929,135.082,6.74
725,80.3183,101.490,116,vehicle.mitsubishi.fusorosa,75.583,-32.929,135.082,6.74
725,80.3183,101.502,116,vehicle.mitsubishi.fusorosa,76.519,-32.929,135.083,6.73
725,80.3184,101.514,116,vehicle.mitsubishi.fusorosa,78.632,-32.929,135.083,6.73
725,80.3184,101.525,116,vehicle.mitsubishi.fusorosa,72.837,-32.928,135.083,6.73
725,80.3184,101.536,116,vehicle.mitsubishi.fusorosa,71.213,-32.928,135.083,6.72
725,80.3185,101.548,116,vehicle.mitsubishi.fusorosa,71.559,-32.928,135.083,6.72
725,80.3185,101.560,116,vehicle.mitsubishi.fusorosa,74.421,-32.927,135.084,6.72
726,80.4363,101.571,116,vehicle.mitsubishi.fusorosa,73.501,-32.927,135.084,6.71
726,80.4364,101.583,116,vehicle.mitsubishi.fusorosa,75.640,-32.927,135.084,6.71
726,80.4365,101.594,116,vehicle.mitsubishi.fusorosa,57.035,-32.927,135.084,6.71
726,80.4365,101.606,116,vehicle.mitsubishi.fusorosa,70.772,-32.926,135.084,6.71
726,80.4365,101.617,116,vehicle.mitsubishi.fusorosa,74.357,-32.926,135.084,6.71
726,80.4366,101.629,116,vehicle.mitsubishi.fusorosa,71.417,-32.926,135.084,6.71
726,80.4366,101.640,116,vehicle.mitsubishi.fusorosa,69.268,-32.926,135.085,6.71
726,80.4366,101.652,116,vehicle.mitsubishi.fusorosa,71.202,-32.925,135.085,6.71
726,80.4367,101.663,116,vehicle.mitsubishi.fusorosa,68.366,-32.925,135.085,6.71
726,80.4367,101.676,116,vehicle.mitsubishi.fusorosa,77.234,-32.925,135.085,6.71
727,80.5396,101.687,116,vehicle.mitsubishi.fusorosa,79.415,-32.924,135.085,6.70
727,80.5398,101.699,116,vehicle.mitsubishi.fusorosa,77.303,-32.924,135.085,6.70
727,80.5399,101.710,116,vehicle.mitsubishi.fusorosa,71.057,-32.924,135.085,6.70
727,80.5399,101.721,116,vehicle.mitsubishi.fusorosa,55.883,-32.923,135.086,6.70
727,80.5399,101.733,116,vehicle.mitsubishi.fusorosa,74.401,-32.923,135.086,6.69
727,80.5400,101.744,116,vehicle.mitsubishi.fusorosa,76.647,-32.923,135.086,6.69
727,80.5400,101.756,116,vehicle.mitsubishi.fusorosa,73.444,-32.922,135.086,6.69
727,80.5400,101.768,116,vehicle.mitsubishi.fusorosa,64.736,-32.922,135.086,6.69
727,80.5401,101.779,116,vehicle.mitsubishi.fusorosa,73.204,-32.922,135.086,6.69
728,80.6541,101.792,116,vehicle.mitsubishi.fusorosa,74.460,-32.921,135.087,6.69
728,80.6543,101.803,116,vehicle.mitsubishi.fusorosa,80.679,-32.921,135.087,6.69
728,80.6543,101.815,116,vehicle.mitsubishi.fusorosa,71.126,-32.921,135.087,6.69
728,80.6543,101.826,116,vehicle.mitsubishi.fusorosa,69.288,-32.921,135.087,6.68
728,80.6544,101.837,116,vehicle.mitsubishi.fusorosa,68.301,-32.920,135.087,6.68
728,80.6544,101.849,116,vehicle.mitsubishi.fusorosa,71.609,-32.920,135.087,6.68
728,80.6544,101.861,116,vehicle.mitsubishi.fusorosa,75.640,-32.920,135.088,6.68
728,80.6545,101.872,116,vehicle.mitsubishi.fusorosa,61.253,-32.919,135.088,6.68
728,80.6545,101.884,116,vehicle.mitsubishi.fusorosa,73.701,-32.919,135.088,6.68
728,80.6545,101.896,116,vehicle.mitsubishi.fusorosa,74.207,-32.919,135.088,6.68
729,80.7722,101.908,116,vehicle.mitsubishi.fusorosa,83.919,-32.919,135.088,6.68
729,80.7724,101.919,116,vehicle.mitsubishi.fusorosa,85.430,-32.918,135.088,6.68
729,80.7724,101.930,116,vehicle.mitsubishi.fusorosa,71.141,-32.918,135.088,6.67
729,80.7725,101.942,116,vehicle.mitsubishi.fusorosa,72.300,-32.918,135.089,6.67
729,80.7725,101.953,116,vehicle.mitsubishi.fusorosa,70.877,-32.917,135.089,6.67
729,80.7725,101.965,116,vehicle.mitsubishi.fusorosa,76.602,-32.917,135.089,6.67
729,80.7725,101.977,116,vehicle.mitsubishi.fusorosa,75.961,-32.917,135.089,6.67
729,80.7726,101.989,116,vehicle.mitsubishi.fusorosa,78.683,-32.916,135.089,6.67
729,80.7726,102.000,116,vehicle.mitsubishi.fusorosa,66.005,-32.916,135.089,6.67
729,80.7726,102.013,116,vehicle.mitsubishi.fusorosa,78.079,-32.916,135.089,6.67
730,80.8825,102.025,116,vehicle.mitsubishi.fusorosa,70.660,-32.915,135.089,6.67
730,80.8826,102.037,116,vehicle.mitsubishi.fusorosa,86.183,-32.915,135.090,6.68
730,80.8827,102.049,116,vehicle.mitsubishi.fusorosa,79.403,-32.915,135.090,6.68
730,80.8827,102.061,116,vehicle.mitsubishi.fusorosa,83.049,-32.914,135.090,6.68
730,80.8827,102.072,116,vehicle.mitsubishi.fusorosa,78.930,-32.914,135.090,6.67
730,80.8828,102.084,116,vehicle.mitsubishi.fusorosa,75.168,-32.913,135.090,6.67
730,80.8828,102.095,116,vehicle.mitsubishi.fusorosa,72.978,-32.913,135.090,6.67
730,80.8828,102.107,116,vehicle.mitsubishi.fusorosa,73.565,-32.912,135.090,6.67
730,80.8829,102.119,116,vehicle.mitsubishi.fusorosa,76.827,-32.912,135.090,6.67
731,80.9902,102.131,116,vehicle.mitsubishi.fusorosa,84.096,-32.911,135.090,6.68
731,80.9903,102.143,116,vehicle.mitsubishi.fusorosa,86.627,-32.911,135.090,6.68
731,80.9904,102.155,116,vehicle.mitsubishi.fusorosa,75.677,-32.911,135.090,6.68
731,80.9904,102.167,116,vehicle.mitsubishi.fusorosa,78.975,-32.910,135.090,6.68
731,80.9905,102.179,116,vehicle.mitsubishi.fusorosa,75.358,-32.910,135.090,6.68
731,80.9905,102.190,116,vehicle.mitsubishi.fusorosa,76.378,-32.909,135.090,6.68
731,80.9905,102.203,116,vehicle.mitsubishi.fusorosa,83.859,-32.909,135.090,6.68
731,80.9906,102.215,116,vehicle.mitsubishi.fusorosa,80.342,-32.908,135.089,6.68
731,80.9906,102.228,116,vehicle.mitsubishi.fusorosa,89.399,-32.907,135.089,6.68
732,81.1049,102.240,116,vehicle.mitsubishi.fusorosa,83.193,-32.907,135.089,6.69
732,81.1050,102.252,116,vehicle.mitsubishi.fusorosa,89.519,-32.907,135.089,6.69
732,81.1051,102.264,116,vehicle.mitsubishi.fusorosa,77.060,-32.906,135.089,6.69
732,81.1051,102.275,116,vehicle.mitsubishi.fusorosa,76.703,-32.906,135.089,6.69
732,81.1051,102.286,116,vehicle.mitsubishi.fusorosa,77.437,-32.905,135.089,6.69
732,81.1052,102.297,116,vehicle.mitsubishi.fusorosa,78.740,-32.904,135.088,6.69
732,81.1052,102.309,116,vehicle.mitsubishi.fusorosa,78.492,-32.904,135.088,6.69
732,81.1052,102.320,116,vehicle.mitsubishi.fusorosa,80.273,-32.903,135.088,6.69
732,81.1053,102.332,116,vehicle.mitsubishi.fusorosa,64.475,-32.902,135.088,6.69
732,81.1053,102.345,116,vehicle.mitsubishi.fusorosa,65.809,-32.902,135.088,6.70
733,81.2110,102.356,116,vehicle.mitsubishi.fusorosa,63.641,-32.902,135.087,6.71
733,81.2111,102.368,116,vehicle.mitsubishi.fusorosa,71.376,-32.901,135.087,6.71
733,81.2112,102.380,116,vehicle.mitsubishi.fusorosa,67.168,-32.901,135.086,6.72
733,81.2112,102.392,116,vehicle.mitsubishi.fusorosa,65.109,-32.901,135.086,6.73
733,81.2112,102.404,116,vehicle.mitsubishi.fusorosa,65.077,-32.900,135.086,6.73
733,81.2113,102.415,116,vehicle.mitsubishi.fusorosa,64.010,-32.900,135.085,6.74
733,81.2113,102.427,116,vehicle.mitsubishi.fusorosa,72.102,-32.900,135.085,6.74
733,81.2113,102.439,116,vehicle.mitsubishi.fusorosa,67.459,-32.900,135.085,6.75
733,81.2114,102.452,116,vehicle.mitsubishi.fusorosa,72.759,-32.899,135.084,6.75
734,81.3177,102.465,116,vehicle.mitsubishi.fusorosa,71.830,-32.899,135.084,6.75
734,81.3178,102.476,116,vehicle.mitsubishi.fusorosa,75.214,-32.899,135.084,6.76
734,81.3179,102.488,116,vehicle.mitsubishi.fusorosa,85.318,-32.898,135.084,6.76
734,81.3179,102.500,116,vehicle.mitsubishi.fusorosa,87.135,-32.898,135.084,6.76
734,81.3179,102.512,116,vehicle.mitsubishi.fusorosa,75.717,-32.898,135.083,6.76
734,81.3180,102.524,116,vehicle.mitsubishi.fusorosa,79.910,-32.898,135.083,6.77
734,81.3180,102.535,116,vehicle.mitsubishi.fusorosa,70.275,-32.898,135.083,6.77
734,81.3181,102.547,116,vehicle.mitsubishi.fusorosa,72.239,-32.897,135.083,6.78
734,81.3181,102.560,116,vehicle.mitsubishi.fusorosa,81.097,-32.897,135.083,6.78
735,81.4263,102.572,116,vehicle.mitsubishi.fusorosa,66.862,-32.897,135.082,6.79
735,81.4264,102.584,116,vehicle.mitsubishi.fusorosa,86.860,-32.897,135.082,6.79
735,81.4265,102.596,116,vehicle.mitsubishi.fusorosa,60.525,-32.896,135.082,6.80
735,81.4265,102.607,116,vehicle.mitsubishi.fusorosa,65.287,-32.896,135.081,6.80
735,81.4265,102.619,116,vehicle.mitsubishi.fusorosa,70.262,-32.896,135.081,6.81
735,81.4266,102.630,116,vehicle.mitsubishi.fusorosa,71.709,-32.896,135.081,6.82
735,81.4266,102.642,116,vehicle.mitsubishi.fusorosa,69.610,-32.895,135.080,6.83
735,81.4266,102.654,116,vehicle.mitsubishi.fusorosa,57.198,-32.895,135.080,6.83
735,81.4267,102.667,116,vehicle.mitsubishi.fusorosa,63.119,-32.895,135.080,6.84
736,81.5444,102.679,116,vehicle.mitsubishi.fusorosa,68.374,-32.894,135.079,6.85
736,81.5445,102.691,116,vehicle.mitsubishi.fusorosa,74.218,-32.894,135.079,6.86
736,81.5446,102.703,116,vehicle.mitsubishi.fusorosa,77.123,-32.894,135.079,6.86
736,81.5446,102.714,116,vehicle.mitsubishi.fusorosa,61.403,-32.894,135.079,6.87
736,81.5446,102.725,116,vehicle.mitsubishi.fusorosa,67.691,-32.894,135.078,6.87
736,81.5447,102.737,116,vehicle.mitsubishi.fusorosa,74.623,-32.893,135.078,6.88
736,81.5447,102.749,116,vehicle.mitsubishi.fusorosa,68.956,-32.893,135.078,6.89
736,81.5447,102.761,116,vehicle.mitsubishi.fusorosa,66.321,-32.893,135.077,6.90
736,81.5448,102.772,116,vehicle.mitsubishi.fusorosa,63.581,-32.893,135.077,6.91
736,81.5448,102.784,116,vehicle.mitsubishi.fusorosa,60.333,-32.892,135.076,6.91
737,81.6528,102.796,116,vehicle.mitsubishi.fusorosa,70.568,-32.892,135.076,6.92
737,81.6530,102.808,116,vehicle.mitsubishi.fusorosa,80.001,-32.892,135.076,6.93
737,81.6530,102.820,116,vehicle.mitsubishi.fusorosa,61.376,-32.892,135.075,6.94
737,81.6530,102.837,116,vehicle.mitsubishi.fusorosa,85.011,-32.891,135.075,6.94
737,81.6531,102.849,116,vehicle.mitsubishi.fusorosa,66.750,-32.891,135.075,6.95
737,81.6531,102.861,116,vehicle.mitsubishi.fusorosa,69.103,-32.891,135.075,6.95
737,81.6531,102.872,116,vehicle.mitsubishi.fusorosa,59.011,-32.891,135.074,6.96
737,81.6532,102.884,116,vehicle.mitsubishi.fusorosa,65.854,-32.891,135.074,6.97
738,81.7602,102.896,116,vehicle.mitsubishi.fusorosa,69.469,-32.891,135.074,6.97
738,81.7603,102.908,116,vehicle.mitsubishi.fusorosa,63.370,-32.890,135.073,6.98
738,81.7603,102.920,116,vehicle.mitsubishi.fusorosa,71.647,-32.890,135.073,6.99
738,81.7604,102.931,116,vehicle.mitsubishi.fusorosa,61.925,-32.890,135.073,6.99
738,81.7604,102.943,116,vehicle.mitsubishi.fusorosa,63.451,-32.890,135.073,7.00
738,81.7604,102.955,116,vehicle.mitsubishi.fusorosa,61.546,-32.890,135.072,7.00
738,81.7605,102.967,116,vehicle.mitsubishi.fusorosa,62.454,-32.889,135.072,7.01
738,81.7605,102.978,116,vehicle.mitsubishi.fusorosa,66.024,-32.889,135.072,7.01
738,81.7605,102.990,116,vehicle.mitsubishi.fusorosa,59.877,-32.889,135.072,7.02
738,81.7606,103.002,116,vehicle.mitsubishi.fusorosa,59.914,-32.889,135.071,7.03
739,81.8778,103.014,116,vehicle.mitsubishi.fusorosa,62.436,-32.889,135.071,7.03
739,81.8779,103.025,116,vehicle.mitsubishi.fusorosa,66.044,-32.889,135.071,7.04
739,81.8779,103.036,116,vehicle.mitsubishi.fusorosa,61.449,-32.889,135.071,7.04
739,81.8780,103.047,116,vehicle.mitsubishi.fusorosa,58.696,-32.889,135.071,7.04
739,81.8780,103.059,116,vehicle.mitsubishi.fusorosa,59.069,-32.888,135.070,7.05
739,81.8780,103.070,116,vehicle.mitsubishi.fusorosa,60.006,-32.888,135.070,7.05
739,81.8781,103.082,116,vehicle.mitsubishi.fusorosa,62.153,-32.888,135.070,7.05
739,81.8781,103.093,116,vehicle.mitsubishi.fusorosa,59.214,-32.888,135.070,7.06
739,81.8781,103.105,116,vehicle.mitsubishi.fusorosa,60.839,-32.888,135.070,7.06
739,81.8782,103.117,116,vehicle.mitsubishi.fusorosa,61.087,-32.888,135.070,7.06
740,81.9841,103.128,116,vehicle.mitsubishi.fusorosa,62.614,-32.888,135.069,7.07
740,81.9843,103.140,116,vehicle.mitsubishi.fusorosa,62.578,-32.888,135.069,7.07
740,81.9844,103.152,116,vehicle.mitsubishi.fusorosa,62.222,-32.888,135.069,7.07
740,81.9844,103.163,116,vehicle.mitsubishi.fusorosa,58.837,-32.888,135.069,7.07
740,81.9844,103.174,116,vehicle.mitsubishi.fusorosa,57.197,-32.888,135.069,7.08
740,81.9845,103.187,116,vehicle.mitsubishi.fusorosa,67.969,-32.887,135.069,7.08
740,81.9845,103.198,116,vehicle.mitsubishi.fusorosa,59.592,-32.887,135.069,7.08
740,81.9845,103.209,116,vehicle.mitsubishi.fusorosa,62.026,-32.887,135.069,7.09
740,81.9846,103.222,116,vehicle.mitsubishi.fusorosa,64.629,-32.887,135.068,7.09
741,82.0905,103.234,116,vehicle.mitsubishi.fusorosa,59.815,-32.887,135.068,7.10
741,82.0907,103.246,116,vehicle.mitsubishi.fusorosa,59.962,-32.887,135.068,7.10
741,82.0907,103.258,116,vehicle.mitsubishi.fusorosa,62.981,-32.887,135.068,7.10
741,82.0907,103.270,116,vehicle.mitsubishi.fusorosa,60.926,-32.887,135.068,7.10
741,82.0908,103.281,116,vehicle.mitsubishi.fusorosa,55.175,-32.887,135.068,7.11
741,82.0908,103.293,116,vehicle.mitsubishi.fusorosa,57.358,-32.887,135.068,7.11
741,82.0908,103.305,116,vehicle.mitsubishi.fusorosa,60.548,-32.887,135.067,7.11
741,82.0909,103.317,116,vehicle.mitsubishi.fusorosa,59.558,-32.887,135.067,7.11
741,82.0909,103.329,116,vehicle.mitsubishi.fusorosa,67.752,-32.887,135.067,7.11
742,82.2058,103.341,116,vehicle.mitsubishi.fusorosa,60.062,-32.887,135.067,7.12
742,82.2059,103.353,116,vehicle.mitsubishi.fusorosa,59.564,-32.887,135.067,7.12
742,82.2060,103.365,116,vehicle.mitsubishi.fusorosa,63.533,-32.887,135.067,7.12
742,82.2060,103.377,116,vehicle.mitsubishi.fusorosa,61.282,-32.886,135.067,7.13
742,82.2060,103.388,116,vehicle.mitsubishi.fusorosa,57.573,-32.886,135.066,7.13
742,82.2061,103.400,116,vehicle.mitsubishi.fusorosa,57.361,-32.886,135.066,7.13
742,82.2061,103.412,116,vehicle.mitsubishi.fusorosa,58.965,-32.886,135.066,7.13
742,82.2061,103.424,116,vehicle.mitsubishi.fusorosa,63.327,-32.886,135.066,7.14
742,82.2062,103.435,116,vehicle.mitsubishi.fusorosa,58.818,-32.886,135.066,7.14
742,82.2062,103.448,116,vehicle.mitsubishi.fusorosa,61.771,-32.886,135.066,7.14
743,82.3087,103.460,116,vehicle.mitsubishi.fusorosa,59.023,-32.886,135.066,7.14
743,82.3089,103.471,116,vehicle.mitsubishi.fusorosa,53.759,-32.886,135.066,7.15
743,82.3089,103.483,116,vehicle.mitsubishi.fusorosa,59.077,-32.886,135.065,7.15
743,82.3089,103.494,116,vehicle.mitsubishi.fusorosa,54.854,-32.886,135.065,7.15
743,82.3090,103.505,116,vehicle.mitsubishi.fusorosa,55.262,-32.886,135.065,7.15
743,82.3090,103.517,116,vehicle.mitsubishi.fusorosa,54.006,-32.886,135.065,7.15
743,82.3090,103.528,116,vehicle.mitsubishi.fusorosa,54.356,-32.886,135.065,7.16
743,82.3091,103.539,116,vehicle.mitsubishi.fusorosa,49.894,-32.886,135.065,7.16
744,82.4316,103.552,116,vehicle.mitsubishi.fusorosa,63.786,-32.886,135.065,7.16
744,82.4317,103.564,116,vehicle.mitsubishi.fusorosa,54.740,-32.887,135.065,7.16
744,82.4317,103.576,116,vehicle.mitsubishi.fusorosa,55.941,-32.887,135.065,7.17
744,82.4318,103.588,116,vehicle.mitsubishi.fusorosa,49.509,-32.887,135.065,7.17
744,82.4318,103.599,116,vehicle.mitsubishi.fusorosa,65.307,-32.887,135.065,7.17
744,82.4318,103.610,116,vehicle.mitsubishi.fusorosa,49.635,-32.887,135.065,7.17
744,82.4319,103.621,116,vehicle.mitsubishi.fusorosa,67.966,-32.887,135.064,7.18
744,82.4319,103.632,116,vehicle.mitsubishi.fusorosa,63.367,-32.887,135.064,7.18
744,82.4319,103.644,116,vehicle.mitsubishi.fusorosa,63.241,-32.887,135.064,7.18
744,82.4320,103.656,116,vehicle.mitsubishi.fusorosa,53.953,-32.887,135.064,7.19
744,82.4320,103.669,116,vehicle.mitsubishi.fusorosa,47.653,-32.887,135.064,7.19
745,82.5340,103.680,116,vehicle.mitsubishi.fusorosa,49.551,-32.887,135.064,7.19
745,82.5341,103.692,116,vehicle.mitsubishi.fusorosa,46.453,-32.887,135.064,7.20
745,82.5342,103.704,116,vehicle.mitsubishi.fusorosa,54.707,-32.887,135.064,7.20
745,82.5342,103.716,116,vehicle.mitsubishi.fusorosa,66.484,-32.888,135.064,7.20
745,82.5342,103.726,116,vehicle.mitsubishi.fusorosa,45.669,-32.888,135.063,7.21
745,82.5343,103.737,116,vehicle.mitsubishi.fusorosa,49.135,-32.888,135.063,7.21
745,82.5343,103.749,116,vehicle.mitsubishi.fusorosa,42.907,-32.888,135.063,7.21
745,82.5343,103.760,116,vehicle.mitsubishi.fusorosa,65.365,-32.888,135.063,7.22
745,82.5344,103.772,116,vehicle.mitsubishi.fusorosa,58.819,-32.888,135.063,7.22
746,82.6499,103.784,116,vehicle.mitsubishi.fusorosa,63.417,-32.888,135.063,7.22
746,82.6500,103.796,116,vehicle.mitsubishi.fusorosa,52.373,-32.888,135.063,7.22
746,82.6500,103.808,116,vehicle.mitsubishi.fusorosa,49.012,-32.888,135.063,7.22
746,82.6501,103.820,116,vehicle.mitsubishi.fusorosa,44.269,-32.888,135.063,7.22
746,82.6501,103.831,116,vehicle.mitsubishi.fusorosa,47.888,-32.888,135.063,7.22
746,82.6501,103.843,116,vehicle.mitsubishi.fusorosa,40.260,-32.888,135.063,7.22
746,82.6502,103.855,116,vehicle.mitsubishi.fusorosa,41.365,-32.888,135.063,7.23
746,82.6502,103.867,116,vehicle.mitsubishi.fusorosa,41.704,-32.888,135.063,7.22
746,82.6502,103.878,116,vehicle.mitsubishi.fusorosa,45.126,-32.888,135.063,7.22
746,82.6503,103.890,116,vehicle.mitsubishi.fusorosa,54.110,-32.888,135.063,7.22
747,82.7532,103.902,116,vehicle.mitsubishi.fusorosa,57.413,-32.888,135.063,7.22
747,82.7533,103.915,116,vehicle.mitsubishi.fusorosa,71.438,-32.888,135.063,7.22
747,82.7533,103.926,116,vehicle.mitsubishi.fusorosa,68.418,-32.888,135.063,7.22
747,82.7534,103.937,116,vehicle.mitsubishi.fusorosa,55.168,-32.888,135.062,7.22
747,82.7534,103.948,116,vehicle.mitsubishi.fusorosa,65.726,-32.888,135.062,7.22
747,82.7535,103.960,116,vehicle.mitsubishi.fusorosa,55.627,-32.888,135.062,7.22
747,82.7535,103.971,116,vehicle.mitsubishi.fusorosa,54.433,-32.888,135.062,7.22
747,82.7535,103.983,116,vehicle.mitsubishi.fusorosa,57.186,-32.888,135.062,7.22
747,82.7536,103.994,116,vehicle.mitsubishi.fusorosa,59.658,-32.888,135.062,7.22
748,82.8577,104.007,116,vehicle.mitsubishi.fusorosa,61.073,-32.888,135.062,7.22
748,82.8579,104.019,116,vehicle.mitsubishi.fusorosa,64.342,-32.887,135.062,7.22
748,82.8579,104.031,116,vehicle.mitsubishi.fusorosa,62.613,-32.887,135.062,7.22
748,82.8579,104.042,116,vehicle.mitsubishi.fusorosa,71.799,-32.887,135.062,7.22
748,82.8580,104.054,116,vehicle.mitsubishi.fusorosa,76.569,-32.887,135.062,7.22
748,82.8580,104.065,116,vehicle.mitsubishi.fusorosa,63.665,-32.887,135.062,7.22
748,82.8580,104.077,116,vehicle.mitsubishi.fusorosa,55.986,-32.887,135.062,7.22
748,82.8581,104.088,116,vehicle.mitsubishi.fusorosa,57.084,-32.887,135.062,7.22
749,82.9808,104.101,116,vehicle.mitsubishi.fusorosa,66.669,-32.887,135.062,7.22
749,82.9809,104.113,116,vehicle.mitsubishi.fusorosa,75.079,-32.887,135.062,7.22
749,82.9810,104.125,116,vehicle.mitsubishi.fusorosa,70.077,-32.886,135.062,7.22
749,82.9810,104.136,116,vehicle.mitsubishi.fusorosa,64.838,-32.886,135.062,7.22
749,82.9811,104.147,116,vehicle.mitsubishi.fusorosa,72.674,-32.886,135.062,7.22
749,82.9811,104.159,116,vehicle.mitsubishi.fusorosa,66.611,-32.886,135.062,7.22
749,82.9811,104.170,116,vehicle.mitsubishi.fusorosa,64.616,-32.886,135.061,7.23
749,82.9812,104.182,116,vehicle.mitsubishi.fusorosa,65.155,-32.886,135.061,7.23
749,82.9812,104.194,116,vehicle.mitsubishi.fusorosa,66.953,-32.885,135.061,7.23
749,82.9812,104.206,116,vehicle.mitsubishi.fusorosa,75.364,-32.885,135.061,7.23
749,82.9812,104.217,116,vehicle.mitsubishi.fusorosa,74.413,-32.885,135.061,7.23
750,83.0856,104.230,116,vehicle.mitsubishi.fusorosa,70.385,-32.885,135.061,7.23
750,83.0857,104.241,116,vehicle.mitsubishi.fusorosa,69.788,-32.885,135.061,7.23
750,83.0858,104.253,116,vehicle.mitsubishi.fusorosa,74.153,-32.885,135.061,7.23
750,83.0858,104.265,116,vehicle.mitsubishi.fusorosa,82.067,-32.885,135.061,7.24
750,83.0858,104.276,116,vehicle.mitsubishi.fusorosa,66.688,-32.884,135.061,7.24
750,83.0859,104.288,116,vehicle.mitsubishi.fusorosa,72.859,-32.884,135.060,7.24
750,83.0859,104.299,116,vehicle.mitsubishi.fusorosa,70.121,-32.884,135.060,7.25
750,83.0859,104.311,116,vehicle.mitsubishi.fusorosa,76.361,-32.884,135.060,7.25
750,83.0860,104.325,116,vehicle.mitsubishi.fusorosa,72.331,-32.884,135.060,7.25
751,83.2023,104.336,116,vehicle.mitsubishi.fusorosa,69.241,-32.883,135.060,7.25
751,83.2030,104.348,116,vehicle.mitsubishi.fusorosa,68.560,-32.883,135.060,7.25
751,83.2031,104.360,116,vehicle.mitsubishi.fusorosa,64.900,-32.883,135.060,7.25
751,83.2031,104.371,116,vehicle.mitsubishi.fusorosa,62.374,-32.883,135.060,7.25
751,83.2031,104.383,116,vehicle.mitsubishi.fusorosa,67.154,-32.883,135.060,7.26
751,83.2032,104.395,116,vehicle.mitsubishi.fusorosa,66.748,-32.883,135.060,7.26
751,83.2032,104.407,116,vehicle.mitsubishi.fusorosa,82.425,-32.883,135.059,7.26
751,83.2032,104.419,116,vehicle.mitsubishi.fusorosa,64.708,-32.882,135.059,7.27
751,83.2033,104.430,116,vehicle.mitsubishi.fusorosa,67.682,-32.882,135.059,7.27
751,83.2033,104.442,116,vehicle.mitsubishi.fusorosa,69.917,-32.882,135.059,7.27
752,83.3087,104.455,116,vehicle.mitsubishi.fusorosa,68.207,-32.882,135.059,7.28
752,83.3089,104.467,116,vehicle.mitsubishi.fusorosa,77.738,-32.882,135.058,7.28
752,83.3089,104.478,116,vehicle.mitsubishi.fusorosa,71.027,-32.882,135.058,7.29
752,83.3090,104.490,116,vehicle.mitsubishi.fusorosa,69.452,-32.881,135.058,7.29
752,83.3090,104.501,116,vehicle.mitsubishi.fusorosa,66.536,-32.881,135.058,7.29
752,83.3090,104.514,116,vehicle.mitsubishi.fusorosa,68.791,-32.881,135.058,7.30
752,83.3091,104.526,116,vehicle.mitsubishi.fusorosa,65.184,-32.881,135.058,7.30
752,83.3091,104.537,116,vehicle.mitsubishi.fusorosa,62.189,-32.881,135.057,7.30
752,83.3091,104.550,116,vehicle.mitsubishi.fusorosa,66.715,-32.881,135.057,7.31
753,83.4154,104.562,116,vehicle.mitsubishi.fusorosa,73.809,-32.881,135.057,7.31
753,83.4155,104.574,116,vehicle.mitsubishi.fusorosa,63.701,-32.881,135.057,7.31
753,83.4156,104.586,116,vehicle.mitsubishi.fusorosa,61.608,-32.880,135.057,7.31
753,83.4156,104.597,116,vehicle.mitsubishi.fusorosa,63.693,-32.880,135.057,7.31
753,83.4156,104.608,116,vehicle.mitsubishi.fusorosa,60.396,-32.880,135.057,7.32
753,83.4157,104.620,116,vehicle.mitsubishi.fusorosa,62.201,-32.880,135.057,7.32
753,83.4157,104.632,116,vehicle.mitsubishi.fusorosa,61.759,-32.880,135.056,7.32
753,83.4157,104.643,116,vehicle.mitsubishi.fusorosa,60.413,-32.880,135.056,7.33
753,83.4158,104.657,116,vehicle.mitsubishi.fusorosa,66.858,-32.880,135.056,7.33
754,83.5198,104.669,116,vehicle.mitsubishi.fusorosa,65.018,-32.880,135.056,7.33
754,83.5200,104.681,116,vehicle.mitsubishi.fusorosa,59.268,-32.880,135.056,7.33
754,83.5200,104.692,116,vehicle.mitsubishi.fusorosa,61.234,-32.880,135.056,7.33
754,83.5200,104.703,116,vehicle.mitsubishi.fusorosa,61.385,-32.880,135.056,7.34
754,83.5201,104.714,116,vehicle.mitsubishi.fusorosa,59.927,-32.880,135.056,7.34
754,83.5201,104.725,116,vehicle.mitsubishi.fusorosa,58.112,-32.880,135.056,7.34
754,83.5201,104.737,116,vehicle.mitsubishi.fusorosa,57.755,-32.880,135.055,7.34
754,83.5202,104.749,116,vehicle.mitsubishi.fusorosa,62.210,-32.879,135.055,7.34
754,83.5203,104.762,116,vehicle.mitsubishi.fusorosa,64.755,-32.879,135.055,7.35
755,83.6373,104.774,116,vehicle.mitsubishi.fusorosa,63.365,-32.879,135.055,7.35
755,83.6374,104.785,116,vehicle.mitsubishi.fusorosa,56.006,-32.879,135.055,7.35
755,83.6375,104.797,116,vehicle.mitsubishi.fusorosa,61.951,-32.879,135.055,7.36
755,83.6375,104.808,116,vehicle.mitsubishi.fusorosa,53.739,-32.879,135.055,7.36
755,83.6375,104.819,116,vehicle.mitsubishi.fusorosa,55.339,-32.879,135.055,7.36
755,83.6376,104.830,116,vehicle.mitsubishi.fusorosa,54.064,-32.879,135.054,7.36
755,83.6376,104.842,116,vehicle.mitsubishi.fusorosa,56.128,-32.879,135.054,7.37
755,83.6376,104.854,116,vehicle.mitsubishi.fusorosa,59.862,-32.879,135.054,7.37
755,83.6377,104.866,116,vehicle.mitsubishi.fusorosa,54.791,-32.879,135.054,7.37
755,83.6377,104.879,116,vehicle.mitsubishi.fusorosa,63.060,-32.879,135.054,7.38
756,83.7424,104.891,116,vehicle.mitsubishi.fusorosa,60.632,-32.879,135.054,7.38
756,83.7426,104.903,116,vehicle.mitsubishi.fusorosa,53.457,-32.879,135.054,7.38
756,83.7426,104.914,116,vehicle.mitsubishi.fusorosa,64.562,-32.879,135.054,7.38
756,83.7427,104.925,116,vehicle.mitsubishi.fusorosa,56.099,-32.879,135.053,7.38
756,83.7427,104.937,116,vehicle.mitsubishi.fusorosa,43.041,-32.879,135.053,7.39
756,83.7427,104.948,116,vehicle.mitsubishi.fusorosa,41.003,-32.879,135.053,7.39
756,83.7428,104.960,116,vehicle.mitsubishi.fusorosa,39.329,-32.879,135.053,7.39
756,83.7428,104.971,116,vehicle.mitsubishi.fusorosa,46.124,-32.879,135.053,7.39
756,83.7428,104.984,116,vehicle.mitsubishi.fusorosa,63.687,-32.879,135.053,7.40
757,83.8467,104.996,116,vehicle.mitsubishi.fusorosa,55.500,-32.879,135.053,7.40
757,83.8469,105.007,116,vehicle.mitsubishi.fusorosa,56.310,-32.879,135.053,7.40
757,83.8469,105.020,116,vehicle.mitsubishi.fusorosa,59.109,-32.879,135.053,7.41
757,83.8470,105.031,116,vehicle.mitsubishi.fusorosa,62.494,-32.879,135.053,7.41
757,83.8470,105.043,116,vehicle.mitsubishi.fusorosa,54.104,-32.879,135.053,7.41
757,83.8470,105.054,116,vehicle.mitsubishi.fusorosa,49.969,-32.879,135.052,7.41
757,83.8470,105.065,116,vehicle.mitsubishi.fusorosa,52.758,-32.879,135.052,7.41
757,83.8471,105.076,116,vehicle.mitsubishi.fusorosa,42.361,-32.879,135.052,7.42
757,83.8471,105.088,116,vehicle.mitsubishi.fusorosa,57.490,-32.880,135.052,7.42
758,83.9640,105.100,116,vehicle.mitsubishi.fusorosa,53.237,-32.880,135.052,7.42
758,83.9642,105.112,116,vehicle.mitsubishi.fusorosa,52.258,-32.880,135.052,7.42
758,83.9642,105.124,116,vehicle.mitsubishi.fusorosa,49.441,-32.880,135.052,7.43
758,83.9643,105.135,116,vehicle.mitsubishi.fusorosa,47.898,-32.880,135.052,7.43
758,83.9643,105.147,116,vehicle.mitsubishi.fusorosa,46.927,-32.880,135.052,7.43
758,83.9643,105.158,116,vehicle.mitsubishi.fusorosa,40.036,-32.880,135.052,7.43
758,83.9644,105.170,116,vehicle.mitsubishi.fusorosa,52.608,-32.880,135.052,7.43
758,83.9644,105.182,116,vehicle.mitsubishi.fusorosa,46.378,-32.880,135.052,7.44
758,83.9644,105.193,116,vehicle.mitsubishi.fusorosa,41.130,-32.880,135.052,7.44
758,83.9645,105.205,116,vehicle.mitsubishi.fusorosa,47.367,-32.880,135.052,7.44
759,84.0695,105.217,116,vehicle.mitsubishi.fusorosa,52.571,-32.880,135.052,7.44
759,84.0696,105.230,116,vehicle.mitsubishi.fusorosa,50.489,-32.880,135.052,7.44
759,84.0697,105.241,116,vehicle.mitsubishi.fusorosa,44.886,-32.880,135.051,7.44
759,84.0697,105.253,116,vehicle.mitsubishi.fusorosa,47.623,-32.880,135.051,7.44
759,84.0697,105.264,116,vehicle.mitsubishi.fusorosa,44.519,-32.880,135.051,7.44
759,84.0698,105.276,116,vehicle.mitsubishi.fusorosa,44.532,-32.880,135.051,7.44
759,84.0698,105.287,116,vehicle.mitsubishi.fusorosa,41.032,-32.880,135.051,7.44
759,84.0698,105.298,116,vehicle.mitsubishi.fusorosa,49.664,-32.880,135.051,7.44
759,84.0699,105.311,116,vehicle.mitsubishi.fusorosa,46.125,-32.880,135.051,7.44
760,84.1893,105.323,116,vehicle.mitsubishi.fusorosa,52.310,-32.880,135.051,7.44
760,84.1894,105.335,116,vehicle.mitsubishi.fusorosa,51.779,-32.880,135.051,7.44
760,84.1896,105.346,116,vehicle.mitsubishi.fusorosa,53.201,-32.880,135.051,7.44
760,84.1896,105.358,116,vehicle.mitsubishi.fusorosa,52.244,-32.880,135.051,7.44
760,84.1896,105.370,116,vehicle.mitsubishi.fusorosa,54.751,-32.880,135.051,7.44
760,84.1897,105.381,116,vehicle.mitsubishi.fusorosa,56.631,-32.880,135.051,7.44
760,84.1897,105.393,116,vehicle.mitsubishi.fusorosa,71.445,-32.880,135.051,7.44
760,84.1897,105.405,116,vehicle.mitsubishi.fusorosa,57.999,-32.879,135.051,7.44
760,84.1898,105.416,116,vehicle.mitsubishi.fusorosa,69.320,-32.879,135.051,7.45
760,84.1898,105.428,116,vehicle.mitsubishi.fusorosa,73.520,-32.879,135.050,7.45
761,84.3009,105.440,116,vehicle.mitsubishi.fusorosa,56.641,-32.879,135.050,7.45
761,84.3010,105.452,116,vehicle.mitsubishi.fusorosa,70.137,-32.879,135.050,7.46
761,84.3010,105.464,116,vehicle.mitsubishi.fusorosa,58.135,-32.879,135.050,7.46
761,84.3011,105.476,116,vehicle.mitsubishi.fusorosa,57.239,-32.879,135.050,7.46
761,84.3011,105.491,116,vehicle.mitsubishi.fusorosa,74.129,-32.879,135.050,7.46
761,84.3012,105.503,116,vehicle.mitsubishi.fusorosa,55.248,-32.879,135.050,7.46
761,84.3012,105.515,116,vehicle.mitsubishi.fusorosa,63.526,-32.878,135.049,7.46
761,84.3012,105.527,116,vehicle.mitsubishi.fusorosa,66.889,-32.878,135.049,7.47
761,84.3013,105.539,116,vehicle.mitsubishi.fusorosa,65.315,-32.878,135.049,7.47
762,84.4046,105.552,116,vehicle.mitsubishi.fusorosa,78.967,-32.878,135.049,7.48
762,84.4048,105.563,116,vehicle.mitsubishi.fusorosa,73.143,-32.878,135.049,7.48
762,84.4048,105.575,116,vehicle.mitsubishi.fusorosa,77.001,-32.878,135.048,7.48
762,84.4048,105.587,116,vehicle.mitsubishi.fusorosa,80.746,-32.878,135.048,7.49
762,84.4049,105.599,116,vehicle.mitsubishi.fusorosa,62.172,-32.877,135.048,7.49
762,84.4049,105.611,116,vehicle.mitsubishi.fusorosa,61.267,-32.877,135.048,7.50
762,84.4049,105.623,116,vehicle.mitsubishi.fusorosa,53.689,-32.877,135.047,7.50
762,84.4050,105.634,116,vehicle.mitsubishi.fusorosa,55.943,-32.877,135.047,7.51
762,84.4050,105.647,116,vehicle.mitsubishi.fusorosa,53.884,-32.877,135.047,7.52
763,84.5121,105.659,116,vehicle.mitsubishi.fusorosa,46.275,-32.876,135.046,7.52
763,84.5123,105.672,116,vehicle.mitsubishi.fusorosa,76.761,-32.876,135.046,7.53
763,84.5123,105.684,116,vehicle.mitsubishi.fusorosa,66.295,-32.876,135.046,7.53
763,84.5123,105.696,116,vehicle.mitsubishi.fusorosa,93.048,-32.876,135.046,7.54
763,84.5124,105.707,116,vehicle.mitsubishi.fusorosa,81.577,-32.876,135.045,7.55
763,84.5124,105.719,116,vehicle.mitsubishi.fusorosa,77.389,-32.876,135.045,7.55
763,84.5124,105.731,116,vehicle.mitsubishi.fusorosa,67.240,-32.875,135.045,7.56
763,84.5125,105.742,116,vehicle.mitsubishi.fusorosa,74.855,-32.875,135.044,7.56
763,84.5125,105.754,116,vehicle.mitsubishi.fusorosa,74.803,-32.875,135.044,7.57
764,84.6163,105.766,116,vehicle.mitsubishi.fusorosa,62.225,-32.875,135.044,7.58
764,84.6165,105.778,116,vehicle.mitsubishi.fusorosa,64.984,-32.875,135.044,7.58
764,84.6165,105.790,116,vehicle.mitsubishi.fusorosa,67.944,-32.874,135.043,7.59
764,84.6165,105.801,116,vehicle.mitsubishi.fusorosa,62.320,-32.874,135.043,7.60
764,84.6166,105.812,116,vehicle.mitsubishi.fusorosa,70.184,-32.874,135.043,7.60
764,84.6166,105.824,116,vehicle.mitsubishi.fusorosa,76.540,-32.874,135.042,7.61
764,84.6166,105.835,116,vehicle.mitsubishi.fusorosa,55.721,-32.874,135.042,7.62
764,84.6167,105.847,116,vehicle.mitsubishi.fusorosa,77.036,-32.874,135.042,7.62
764,84.6167,105.859,116,vehicle.mitsubishi.fusorosa,63.910,-32.873,135.041,7.63
765,84.7384,105.871,116,vehicle.mitsubishi.fusorosa,73.770,-32.873,135.041,7.64
765,84.7385,105.883,116,vehicle.mitsubishi.fusorosa,67.849,-32.873,135.041,7.64
765,84.7385,105.895,116,vehicle.mitsubishi.fusorosa,68.671,-32.873,135.040,7.65
765,84.7386,105.908,116,vehicle.mitsubishi.fusorosa,66.776,-32.873,135.040,7.65
765,84.7386,105.919,116,vehicle.mitsubishi.fusorosa,56.750,-32.873,135.040,7.66
765,84.7386,105.931,116,vehicle.mitsubishi.fusorosa,59.548,-32.873,135.040,7.66
765,84.7387,105.942,116,vehicle.mitsubishi.fusorosa,58.119,-32.872,135.039,7.67
765,84.7387,105.954,116,vehicle.mitsubishi.fusorosa,74.349,-32.872,135.039,7.68
765,84.7387,105.965,116,vehicle.mitsubishi.fusorosa,55.129,-32.872,135.039,7.68
765,84.7388,105.979,116,vehicle.mitsubishi.fusorosa,64.802,-32.872,135.039,7.69
766,84.8435,105.990,116,vehicle.mitsubishi.fusorosa,59.481,-32.872,135.038,7.70
766,84.8437,106.002,116,vehicle.mitsubishi.fusorosa,62.172,-32.872,135.038,7.70
766,84.8437,106.014,116,vehicle.mitsubishi.fusorosa,57.911,-32.872,135.038,7.71
766,84.8437,106.025,116,vehicle.mitsubishi.fusorosa,55.624,-32.872,135.038,7.71
766,84.8438,106.037,116,vehicle.mitsubishi.fusorosa,57.959,-32.871,135.037,7.71
766,84.8438,106.049,116,vehicle.mitsubishi.fusorosa,56.419,-32.871,135.037,7.72
766,84.8438,106.060,116,vehicle.mitsubishi.fusorosa,56.958,-32.871,135.037,7.72
766,84.8439,106.072,116,vehicle.mitsubishi.fusorosa,56.286,-32.871,135.037,7.73
766,84.8439,106.084,116,vehicle.mitsubishi.fusorosa,57.215,-32.871,135.037,7.73
767,84.9622,106.096,116,vehicle.mitsubishi.fusorosa,67.317,-32.871,135.036,7.74
767,84.9623,106.107,116,vehicle.mitsubishi.fusorosa,54.586,-32.871,135.036,7.74
767,84.9624,106.118,116,vehicle.mitsubishi.fusorosa,53.549,-32.871,135.036,7.74
767,84.9624,106.129,116,vehicle.mitsubishi.fusorosa,55.732,-32.871,135.036,7.75
767,84.9624,106.141,116,vehicle.mitsubishi.fusorosa,54.974,-32.871,135.036,7.75
767,84.9625,106.152,116,vehicle.mitsubishi.fusorosa,53.456,-32.871,135.035,7.76
767,84.9625,106.164,116,vehicle.mitsubishi.fusorosa,56.906,-32.871,135.035,7.77
767,84.9625,106.175,116,vehicle.mitsubishi.fusorosa,59.752,-32.871,135.035,7.77
767,84.9626,106.187,116,vehicle.mitsubishi.fusorosa,55.742,-32.871,135.035,7.78
767,84.9626,106.200,116,vehicle.mitsubishi.fusorosa,59.153,-32.871,135.034,7.78
768,85.0622,106.212,116,vehicle.mitsubishi.fusorosa,59.153,-32.870,135.034,7.79
768,85.0623,106.224,116,vehicle.mitsubishi.fusorosa,67.508,-32.870,135.034,7.80
768,85.0623,106.235,116,vehicle.mitsubishi.fusorosa,53.934,-32.870,135.033,7.80
768,85.0624,106.246,116,vehicle.mitsubishi.fusorosa,56.648,-32.870,135.033,7.81
768,85.0624,106.258,116,vehicle.mitsubishi.fusorosa,45.627,-32.870,135.033,7.81
768,85.0624,106.269,116,vehicle.mitsubishi.fusorosa,51.817,-32.870,135.033,7.82
768,85.0625,106.280,116,vehicle.mitsubishi.fusorosa,46.412,-32.870,135.033,7.82
768,85.0625,106.291,116,vehicle.mitsubishi.fusorosa,48.077,-32.870,135.032,7.83
768,85.0625,106.304,116,vehicle.mitsubishi.fusorosa,69.529,-32.870,135.032,7.83
769,85.1794,106.316,116,vehicle.mitsubishi.fusorosa,71.714,-32.870,135.032,7.84
769,85.1795,106.328,116,vehicle.mitsubishi.fusorosa,67.809,-32.870,135.032,7.85
769,85.1796,106.339,116,vehicle.mitsubishi.fusorosa,63.096,-32.870,135.031,7.85
769,85.1796,106.350,116,vehicle.mitsubishi.fusorosa,49.121,-32.870,135.031,7.85
769,85.1797,106.361,116,vehicle.mitsubishi.fusorosa,49.444,-32.870,135.031,7.86
769,85.1797,106.373,116,vehicle.mitsubishi.fusorosa,47.278,-32.870,135.031,7.86
769,85.1797,106.384,116,vehicle.mitsubishi.fusorosa,44.130,-32.869,135.031,7.87
769,85.1797,106.395,116,vehicle.mitsubishi.fusorosa,44.195,-32.869,135.030,7.87
769,85.1798,106.406,116,vehicle.mitsubishi.fusorosa,41.621,-32.869,135.030,7.88
769,85.1798,106.419,116,vehicle.mitsubishi.fusorosa,50.203,-32.869,135.030,7.88
770,85.2817,106.430,116,vehicle.mitsubishi.fusorosa,42.911,-32.869,135.030,7.89
770,85.2819,106.442,116,vehicle.mitsubishi.fusorosa,51.987,-32.869,135.030,7.89
770,85.2819,106.454,116,vehicle.mitsubishi.fusorosa,49.103,-32.869,135.029,7.89
770,85.2819,106.465,116,vehicle.mitsubishi.fusorosa,71.801,-32.869,135.029,7.90
770,85.2820,106.476,116,vehicle.mitsubishi.fusorosa,58.157,-32.869,135.029,7.90
770,85.2820,106.488,116,vehicle.mitsubishi.fusorosa,69.784,-32.869,135.029,7.90
770,85.2820,106.499,116,vehicle.mitsubishi.fusorosa,50.953,-32.869,135.029,7.91
770,85.2821,106.510,116,vehicle.mitsubishi.fusorosa,45.533,-32.869,135.029,7.91
770,85.2821,106.522,116,vehicle.mitsubishi.fusorosa,51.526,-32.869,135.029,7.91
771,85.3978,106.534,116,vehicle.mitsubishi.fusorosa,43.206,-32.869,135.028,7.92
771,85.3980,106.546,116,vehicle.mitsubishi.fusorosa,53.806,-32.869,135.028,7.92
771,85.3980,106.558,116,vehicle.mitsubishi.fusorosa,49.838,-32.869,135.028,7.92
771,85.3981,106.569,116,vehicle.mitsubishi.fusorosa,48.977,-32.869,135.028,7.92
771,85.3981,106.580,116,vehicle.mitsubishi.fusorosa,43.687,-32.869,135.028,7.93
771,85.3981,106.591,116,vehicle.mitsubishi.fusorosa,40.655,-32.869,135.028,7.93
771,85.3982,106.603,116,vehicle.mitsubishi.fusorosa,42.462,-32.869,135.028,7.93
771,85.3982,106.614,116,vehicle.mitsubishi.fusorosa,42.926,-32.869,135.028,7.93
771,85.3982,106.625,116,vehicle.mitsubishi.fusorosa,40.715,-32.869,135.028,7.93
771,85.3983,106.638,116,vehicle.mitsubishi.fusorosa,47.707,-32.869,135.028,7.93
772,85.5014,106.650,116,vehicle.mitsubishi.fusorosa,46.952,-32.869,135.028,7.94
772,85.5016,106.663,116,vehicle.mitsubishi.fusorosa,58.002,-32.869,135.027,7.94
772,85.5016,106.674,116,vehicle.mitsubishi.fusorosa,52.635,-32.869,135.027,7.94
772,85.5017,106.685,116,vehicle.mitsubishi.fusorosa,58.983,-32.869,135.027,7.94
772,85.5017,106.696,116,vehicle.mitsubishi.fusorosa,56.219,-32.869,135.027,7.94
772,85.5017,106.708,116,vehicle.mitsubishi.fusorosa,60.944,-32.869,135.027,7.95
772,85.5018,106.719,116,vehicle.mitsubishi.fusorosa,54.956,-32.869,135.027,7.95
772,85.5018,106.731,116,vehicle.mitsubishi.fusorosa,55.202,-32.869,135.027,7.95
772,85.5018,106.743,116,vehicle.mitsubishi.fusorosa,73.085,-32.869,135.027,7.95
773,85.6175,106.754,116,vehicle.mitsubishi.fusorosa,51.418,-32.869,135.027,7.95
773,85.6177,106.766,116,vehicle.mitsubishi.fusorosa,54.228,-32.869,135.027,7.95
773,85.6177,106.777,116,vehicle.mitsubishi.fusorosa,56.530,-32.869,135.027,7.95
773,85.6177,106.789,116,vehicle.mitsubishi.fusorosa,55.037,-32.869,135.027,7.95
773,85.6178,106.800,116,vehicle.mitsubishi.fusorosa,57.313,-32.869,135.027,7.96
773,85.6178,106.811,116,vehicle.mitsubishi.fusorosa,62.779,-32.869,135.027,7.96
773,85.6178,106.823,116,vehicle.mitsubishi.fusorosa,57.963,-32.869,135.027,7.96
773,85.6179,106.834,116,vehicle.mitsubishi.fusorosa,57.312,-32.869,135.027,7.96
773,85.6179,106.845,116,vehicle.mitsubishi.fusorosa,57.056,-32.869,135.026,7.96
773,85.6179,106.858,116,vehicle.mitsubishi.fusorosa,77.669,-32.869,135.026,7.96
774,85.7224,106.870,116,vehicle.mitsubishi.fusorosa,57.259,-32.869,135.026,7.96
774,85.7226,106.882,116,vehicle.mitsubishi.fusorosa,71.185,-32.869,135.026,7.96
774,85.7226,106.893,116,vehicle.mitsubishi.fusorosa,57.215,-32.869,135.026,7.97
774,85.7227,106.905,116,vehicle.mitsubishi.fusorosa,73.042,-32.869,135.026,7.97
774,85.7227,106.918,116,vehicle.mitsubishi.fusorosa,58.436,-32.869,135.026,7.97
774,85.7227,106.929,116,vehicle.mitsubishi.fusorosa,72.730,-32.869,135.026,7.97
774,85.7228,106.940,116,vehicle.mitsubishi.fusorosa,54.127,-32.869,135.026,7.97
774,85.7228,106.951,116,vehicle.mitsubishi.fusorosa,49.821,-32.869,135.026,7.97
774,85.7228,106.963,116,vehicle.mitsubishi.fusorosa,60.978,-32.869,135.026,7.97
775,85.8296,106.976,116,vehicle.mitsubishi.fusorosa,53.246,-32.869,135.026,7.97
775,85.8298,106.988,116,vehicle.mitsubishi.fusorosa,69.874,-32.869,135.026,7.97
775,85.8298,107.000,116,vehicle.mitsubishi.fusorosa,59.099,-32.869,135.026,7.97
775,85.8299,107.012,116,vehicle.mitsubishi.fusorosa,60.644,-32.869,135.026,7.97
775,85.8299,107.024,116,vehicle.mitsubishi.fusorosa,61.374,-32.868,135.025,7.98
775,85.8299,107.035,116,vehicle.mitsubishi.fusorosa,61.092,-32.868,135.025,7.98
775,85.8300,107.047,116,vehicle.mitsubishi.fusorosa,60.205,-32.868,135.025,7.98
775,85.8300,107.059,116,vehicle.mitsubishi.fusorosa,63.097,-32.868,135.025,7.98
775,85.8300,107.071,116,vehicle.mitsubishi.fusorosa,65.856,-32.868,135.025,7.98
776,85.9480,107.083,116,vehicle.mitsubishi.fusorosa,61.361,-32.868,135.025,7.98
776,85.9481,107.096,116,vehicle.mitsubishi.fusorosa,73.138,-32.868,135.025,7.98
776,85.9482,107.108,116,vehicle.mitsubishi.fusorosa,63.060,-32.868,135.025,7.99
776,85.9482,107.119,116,vehicle.mitsubishi.fusorosa,60.500,-32.868,135.025,7.99
776,85.9482,107.130,116,vehicle.mitsubishi.fusorosa,58.626,-32.868,135.025,7.99
776,85.9483,107.142,116,vehicle.mitsubishi.fusorosa,61.515,-32.868,135.025,7.99
776,85.9484,107.153,116,vehicle.mitsubishi.fusorosa,61.205,-32.868,135.024,7.99
776,85.9484,107.165,116,vehicle.mitsubishi.fusorosa,64.011,-32.868,135.024,7.99
776,85.9485,107.177,116,vehicle.mitsubishi.fusorosa,61.055,-32.867,135.024,7.99
776,85.9485,107.190,116,vehicle.mitsubishi.fusorosa,71.451,-32.867,135.024,8.00
777,86.0548,107.202,116,vehicle.mitsubishi.fusorosa,59.907,-32.867,135.024,8.00
777,86.0549,107.214,116,vehicle.mitsubishi.fusorosa,63.905,-32.867,135.024,8.00
777,86.0550,107.225,116,vehicle.mitsubishi.fusorosa,64.283,-32.867,135.024,8.00
777,86.0550,107.237,116,vehicle.mitsubishi.fusorosa,61.043,-32.867,135.024,8.00
777,86.0551,107.248,116,vehicle.mitsubishi.fusorosa,59.753,-32.867,135.024,8.00
777,86.0551,107.260,116,vehicle.mitsubishi.fusorosa,63.878,-32.867,135.024,8.00
777,86.0551,107.272,116,vehicle.mitsubishi.fusorosa,60.266,-32.867,135.024,8.00
777,86.0552,107.284,116,vehicle.mitsubishi.fusorosa,63.637,-32.867,135.024,8.00
777,86.0552,107.296,116,vehicle.mitsubishi.fusorosa,64.099,-32.867,135.024,8.00
778,86.1761,107.308,116,vehicle.mitsubishi.fusorosa,65.147,-32.867,135.024,8.01
778,86.1763,107.319,116,vehicle.mitsubishi.fusorosa,62.502,-32.867,135.024,8.01
778,86.1764,107.331,116,vehicle.mitsubishi.fusorosa,66.254,-32.867,135.023,8.01
778,86.1764,107.343,116,vehicle.mitsubishi.fusorosa,64.730,-32.866,135.023,8.01
778,86.1764,107.354,116,vehicle.mitsubishi.fusorosa,58.820,-32.866,135.023,8.01
778,86.1765,107.366,116,vehicle.mitsubishi.fusorosa,58.169,-32.866,135.023,8.02
778,86.1765,107.377,116,vehicle.mitsubishi.fusorosa,62.195,-32.866,135.023,8.02
778,86.1765,107.390,116,vehicle.mitsubishi.fusorosa,65.222,-32.866,135.023,8.02
778,86.1766,107.402,116,vehicle.mitsubishi.fusorosa,60.607,-32.866,135.023,8.02
778,86.1766,107.415,116,vehicle.mitsubishi.fusorosa,67.832,-32.866,135.023,8.02
779,86.2838,107.426,116,vehicle.mitsubishi.fusorosa,61.939,-32.866,135.022,8.03
779,86.2839,107.439,116,vehicle.mitsubishi.fusorosa,64.679,-32.866,135.022,8.03
779,86.2840,107.451,116,vehicle.mitsubishi.fusorosa,63.798,-32.866,135.022,8.03
779,86.2840,107.463,116,vehicle.mitsubishi.fusorosa,59.135,-32.866,135.022,8.03
779,86.2840,107.474,116,vehicle.mitsubishi.fusorosa,60.862,-32.866,135.022,8.03
779,86.2841,107.486,116,vehicle.mitsubishi.fusorosa,58.350,-32.866,135.022,8.03
779,86.2841,107.497,116,vehicle.mitsubishi.fusorosa,59.443,-32.866,135.022,8.03
779,86.2842,107.509,116,vehicle.mitsubishi.fusorosa,60.293,-32.866,135.022,8.03
779,86.2842,107.522,116,vehicle.mitsubishi.fusorosa,65.480,-32.866,135.022,8.03
780,86.3874,107.533,116,vehicle.mitsubishi.fusorosa,67.180,-32.866,135.022,8.03
780,86.3876,107.545,116,vehicle.mitsubishi.fusorosa,60.183,-32.866,135.022,8.03
780,86.3876,107.557,116,vehicle.mitsubishi.fusorosa,57.271,-32.866,135.022,8.03
780,86.3877,107.568,116,vehicle.mitsubishi.fusorosa,60.571,-32.866,135.022,8.03
780,86.3877,107.579,116,vehicle.mitsubishi.fusorosa,54.389,-32.866,135.022,8.04
780,86.3877,107.591,116,vehicle.mitsubishi.fusorosa,60.368,-32.866,135.022,8.04
780,86.3878,107.602,116,vehicle.mitsubishi.fusorosa,45.139,-32.866,135.022,8.04
780,86.3878,107.613,116,vehicle.mitsubishi.fusorosa,46.332,-32.866,135.022,8.04
780,86.3878,107.627,116,vehicle.mitsubishi.fusorosa,61.320,-32.866,135.022,8.05
781,86.5040,107.639,116,vehicle.mitsubishi.fusorosa,58.832,-32.866,135.022,8.05
781,86.5041,107.651,116,vehicle.mitsubishi.fusorosa,40.912,-32.866,135.021,8.05
781,86.5041,107.663,116,vehicle.mitsubishi.fusorosa,52.070,-32.866,135.021,8.05
781,86.5042,107.675,116,vehicle.mitsubishi.fusorosa,59.330,-32.866,135.021,8.05
781,86.5042,107.687,116,vehicle.mitsubishi.fusorosa,69.375,-32.866,135.021,8.05
781,86.5042,107.698,116,vehicle.mitsubishi.fusorosa,50.577,-32.866,135.021,8.05
781,86.5043,107.710,116,vehicle.mitsubishi.fusorosa,70.395,-32.866,135.021,8.05
781,86.5043,107.721,116,vehicle.mitsubishi.fusorosa,61.367,-32.867,135.021,8.05
781,86.5043,107.732,116,vehicle.mitsubishi.fusorosa,42.952,-32.867,135.021,8.05
781,86.5044,107.744,116,vehicle.mitsubishi.fusorosa,45.450,-32.867,135.021,8.05
782,86.6112,107.756,116,vehicle.mitsubishi.fusorosa,43.419,-32.867,135.021,8.05
782,86.6114,107.769,116,vehicle.mitsubishi.fusorosa,57.123,-32.867,135.021,8.05
782,86.6114,107.780,116,vehicle.mitsubishi.fusorosa,77.895,-32.867,135.021,8.05
782,86.6114,107.792,116,vehicle.mitsubishi.fusorosa,57.806,-32.867,135.021,8.06
782,86.6115,107.804,116,vehicle.mitsubishi.fusorosa,69.567,-32.867,135.021,8.06
782,86.6115,107.815,116,vehicle.mitsubishi.fusorosa,58.508,-32.867,135.021,8.06
782,86.6115,107.827,116,vehicle.mitsubishi.fusorosa,65.296,-32.867,135.021,8.06
782,86.6116,107.838,116,vehicle.mitsubishi.fusorosa,71.753,-32.867,135.021,8.06
782,86.6116,107.851,116,vehicle.mitsubishi.fusorosa,62.800,-32.867,135.021,8.06
783,86.7161,107.864,116,vehicle.mitsubishi.fusorosa,68.260,-32.867,135.021,8.06
783,86.7162,107.876,116,vehicle.mitsubishi.fusorosa,61.081,-32.867,135.021,8.06
783,86.7163,107.888,116,vehicle.mitsubishi.fusorosa,66.854,-32.867,135.021,8.06
783,86.7163,107.899,116,vehicle.mitsubishi.fusorosa,64.205,-32.867,135.021,8.06
783,86.7164,107.911,116,vehicle.mitsubishi.fusorosa,59.235,-32.867,135.021,8.06
783,86.7164,107.923,116,vehicle.mitsubishi.fusorosa,64.168,-32.867,135.021,8.06
783,86.7164,107.935,116,vehicle.mitsubishi.fusorosa,66.074,-32.867,135.021,8.06
783,86.7165,107.946,116,vehicle.mitsubishi.fusorosa,61.694,-32.867,135.021,8.06
784,86.8334,107.958,116,vehicle.mitsubishi.fusorosa,65.682,-32.867,135.021,8.07
784,86.8336,107.970,116,vehicle.mitsubishi.fusorosa,65.305,-32.867,135.021,8.07
784,86.8336,107.982,116,vehicle.mitsubishi.fusorosa,63.406,-32.867,135.020,8.07
784,86.8336,107.994,116,vehicle.mitsubishi.fusorosa,68.974,-32.867,135.020,8.07
784,86.8337,108.005,116,vehicle.mitsubishi.fusorosa,66.574,-32.867,135.020,8.07
784,86.8337,108.017,116,vehicle.mitsubishi.fusorosa,62.122,-32.867,135.020,8.07
784,86.8337,108.028,116,vehicle.mitsubishi.fusorosa,59.725,-32.867,135.020,8.07
784,86.8338,108.039,116,vehicle.mitsubishi.fusorosa,63.338,-32.867,135.020,8.07
784,86.8338,108.050,116,vehicle.mitsubishi.fusorosa,66.002,-32.867,135.020,8.07
784,86.8338,108.062,116,vehicle.mitsubishi.fusorosa,64.206,-32.867,135.020,8.07
784,86.8339,108.074,116,vehicle.mitsubishi.fusorosa,54.591,-32.867,135.020,8.07
785,86.9501,108.085,116,vehicle.mitsubishi.fusorosa,41.182,-32.867,135.020,8.07
785,86.9502,108.098,116,vehicle.mitsubishi.fusorosa,50.606,-32.867,135.020,8.07
785,86.9502,108.109,116,vehicle.mitsubishi.fusorosa,46.421,-32.867,135.020,8.07
785,86.9503,108.121,116,vehicle.mitsubishi.fusorosa,53.600,-32.866,135.020,8.07
785,86.9503,108.132,116,vehicle.mitsubishi.fusorosa,59.001,-32.866,135.020,8.08
785,86.9503,108.143,116,vehicle.mitsubishi.fusorosa,59.383,-32.866,135.020,8.08
785,86.9504,108.155,116,vehicle.mitsubishi.fusorosa,64.341,-32.866,135.019,8.08
785,86.9504,108.166,116,vehicle.mitsubishi.fusorosa,69.318,-32.866,135.019,8.08
785,86.9504,108.178,116,vehicle.mitsubishi.fusorosa,67.531,-32.866,135.019,8.08
785,86.9505,108.191,116,vehicle.mitsubishi.fusorosa,69.546,-32.866,135.019,8.09
786,87.0513,108.203,116,vehicle.mitsubishi.fusorosa,72.973,-32.866,135.019,8.09
786,87.0514,108.216,116,vehicle.mitsubishi.fusorosa,52.901,-32.866,135.019,8.10
786,87.0514,108.235,116,vehicle.mitsubishi.fusorosa,83.744,-32.866,135.018,8.10
786,87.0515,108.246,116,vehicle.mitsubishi.fusorosa,59.261,-32.866,135.018,8.10
786,87.0515,108.258,116,vehicle.mitsubishi.fusorosa,60.741,-32.865,135.018,8.10
786,87.0515,108.269,116,vehicle.mitsubishi.fusorosa,57.847,-32.865,135.018,8.11
786,87.0516,108.281,116,vehicle.mitsubishi.fusorosa,66.386,-32.865,135.018,8.11
786,87.0516,108.293,116,vehicle.mitsubishi.fusorosa,62.547,-32.865,135.017,8.12
787,87.1693,108.305,116,vehicle.mitsubishi.fusorosa,77.951,-32.865,135.017,8.12
787,87.1694,108.317,116,vehicle.mitsubishi.fusorosa,62.484,-32.865,135.017,8.12
787,87.1695,108.329,116,vehicle.mitsubishi.fusorosa,70.230,-32.865,135.017,8.12
787,87.1695,108.340,116,vehicle.mitsubishi.fusorosa,63.767,-32.865,135.017,8.13
787,87.1695,108.352,116,vehicle.mitsubishi.fusorosa,68.282,-32.865,135.017,8.13
787,87.1696,108.363,116,vehicle.mitsubishi.fusorosa,54.990,-32.865,135.017,8.13
787,87.1696,108.374,116,vehicle.mitsubishi.fusorosa,68.565,-32.865,135.016,8.14
787,87.1696,108.386,116,vehicle.mitsubishi.fusorosa,67.783,-32.865,135.016,8.14
787,87.1697,108.397,116,vehicle.mitsubishi.fusorosa,56.277,-32.864,135.016,8.14
787,87.1697,108.410,116,vehicle.mitsubishi.fusorosa,72.112,-32.864,135.016,8.15
788,87.2784,108.422,116,vehicle.mitsubishi.fusorosa,68.985,-32.864,135.016,8.15
788,87.2785,108.434,116,vehicle.mitsubishi.fusorosa,70.512,-32.864,135.016,8.15
788,87.2785,108.445,116,vehicle.mitsubishi.fusorosa,51.646,-32.864,135.016,8.15
788,87.2786,108.457,116,vehicle.mitsubishi.fusorosa,56.706,-32.864,135.016,8.15
788,87.2786,108.468,116,vehicle.mitsubishi.fusorosa,62.629,-32.864,135.016,8.15
788,87.2787,108.480,116,vehicle.mitsubishi.fusorosa,53.379,-32.864,135.015,8.15
788,87.2787,108.491,116,vehicle.mitsubishi.fusorosa,51.833,-32.864,135.015,8.15
788,87.2787,108.503,116,vehicle.mitsubishi.fusorosa,56.645,-32.864,135.015,8.16
788,87.2788,108.514,116,vehicle.mitsubishi.fusorosa,66.592,-32.864,135.015,8.16
789,87.3916,108.526,116,vehicle.mitsubishi.fusorosa,57.487,-32.864,135.015,8.16
789,87.3918,108.538,116,vehicle.mitsubishi.fusorosa,66.040,-32.864,135.015,8.16
789,87.3918,108.549,116,vehicle.mitsubishi.fusorosa,66.389,-32.864,135.015,8.16
789,87.3919,108.561,116,vehicle.mitsubishi.fusorosa,64.563,-32.864,135.015,8.16
789,87.3919,108.572,116,vehicle.mitsubishi.fusorosa,62.447,-32.864,135.015,8.16
789,87.3919,108.583,116,vehicle.mitsubishi.fusorosa,51.313,-32.864,135.015,8.16
789,87.3920,108.594,116,vehicle.mitsubishi.fusorosa,48.321,-32.864,135.015,8.17
789,87.3920,108.606,116,vehicle.mitsubishi.fusorosa,56.808,-32.864,135.015,8.17
789,87.3920,108.617,116,vehicle.mitsubishi.fusorosa,44.645,-32.864,135.015,8.17
789,87.3921,108.629,116,vehicle.mitsubishi.fusorosa,51.999,-32.864,135.015,8.17
790,87.4925,108.641,116,vehicle.mitsubishi.fusorosa,55.033,-32.864,135.015,8.17
790,87.4926,108.652,116,vehicle.mitsubishi.fusorosa,59.290,-32.864,135.014,8.17
790,87.4927,108.664,116,vehicle.mitsubishi.fusorosa,71.201,-32.864,135.014,8.17
790,87.4927,108.675,116,vehicle.mitsubishi.fusorosa,60.061,-32.864,135.014,8.18
790,87.4927,108.687,116,vehicle.mitsubishi.fusorosa,56.790,-32.864,135.014,8.18
790,87.4928,108.698,116,vehicle.mitsubishi.fusorosa,67.237,-32.864,135.014,8.18
790,87.4928,108.709,116,vehicle.mitsubishi.fusorosa,64.631,-32.864,135.014,8.18
790,87.4928,108.721,116,vehicle.mitsubishi.fusorosa,51.504,-32.864,135.014,8.19
790,87.4929,108.733,116,vehicle.mitsubishi.fusorosa,46.353,-32.864,135.014,8.19
791,87.6130,108.745,116,vehicle.mitsubishi.fusorosa,45.559,-32.864,135.014,8.19
791,87.6132,108.757,116,vehicle.mitsubishi.fusorosa,43.929,-32.864,135.014,8.19
791,87.6132,108.768,116,vehicle.mitsubishi.fusorosa,38.268,-32.864,135.014,8.19
791,87.6133,108.779,116,vehicle.mitsubishi.fusorosa,43.101,-32.864,135.014,8.19
791,87.6133,108.790,116,vehicle.mitsubishi.fusorosa,42.477,-32.864,135.014,8.19
791,87.6133,108.802,116,vehicle.mitsubishi.fusorosa,53.709,-32.864,135.014,8.20
791,87.6134,108.814,116,vehicle.mitsubishi.fusorosa,72.536,-32.864,135.014,8.20
791,87.6134,108.825,116,vehicle.mitsubishi.fusorosa,57.754,-32.864,135.014,8.20
791,87.6134,108.837,116,vehicle.mitsubishi.fusorosa,70.355,-32.864,135.014,8.20
791,87.6135,108.849,116,vehicle.mitsubishi.fusorosa,66.285,-32.864,135.013,8.20
792,87.7166,108.861,116,vehicle.mitsubishi.fusorosa,58.892,-32.864,135.013,8.20
792,87.7167,108.872,116,vehicle.mitsubishi.fusorosa,46.469,-32.864,135.013,8.20
792,87.7168,108.884,116,vehicle.mitsubishi.fusorosa,47.864,-32.864,135.013,8.20
792,87.7168,108.895,116,vehicle.mitsubishi.fusorosa,47.724,-32.864,135.013,8.20
792,87.7168,108.907,116,vehicle.mitsubishi.fusorosa,56.230,-32.864,135.013,8.20
792,87.7169,108.918,116,vehicle.mitsubishi.fusorosa,56.082,-32.864,135.013,8.20
792,87.7169,108.929,116,vehicle.mitsubishi.fusorosa,58.260,-32.864,135.013,8.20
792,87.7169,108.940,116,vehicle.mitsubishi.fusorosa,55.908,-32.864,135.013,8.21
792,87.7170,108.953,116,vehicle.mitsubishi.fusorosa,61.506,-32.864,135.013,8.21
793,87.8286,108.965,116,vehicle.mitsubishi.fusorosa,74.051,-32.864,135.013,8.21
793,87.8287,108.976,116,vehicle.mitsubishi.fusorosa,52.477,-32.864,135.013,8.21
793,87.8288,108.987,116,vehicle.mitsubishi.fusorosa,51.645,-32.864,135.013,8.21
793,87.8288,108.999,116,vehicle.mitsubishi.fusorosa,55.382,-32.864,135.013,8.21
793,87.8288,109.010,116,vehicle.mitsubishi.fusorosa,64.307,-32.864,135.013,8.21
793,87.8288,109.021,116,vehicle.mitsubishi.fusorosa,54.800,-32.864,135.013,8.21
793,87.8289,109.032,116,vehicle.mitsubishi.fusorosa,50.930,-32.864,135.013,8.21
793,87.8289,109.044,116,vehicle.mitsubishi.fusorosa,48.871,-32.864,135.013,8.21
793,87.8289,109.056,116,vehicle.mitsubishi.fusorosa,57.464,-32.864,135.013,8.21
793,87.8290,109.068,116,vehicle.mitsubishi.fusorosa,64.426,-32.864,135.012,8.21
794,87.9356,109.081,116,vehicle.mitsubishi.fusorosa,78.422,-32.864,135.012,8.22
794,87.9358,109.092,116,vehicle.mitsubishi.fusorosa,58.817,-32.864,135.012,8.22
794,87.9359,109.103,116,vehicle.mitsubishi.fusorosa,59.172,-32.864,135.012,8.22
794,87.9359,109.115,116,vehicle.mitsubishi.fusorosa,72.079,-32.864,135.012,8.22
794,87.9360,109.126,116,vehicle.mitsubishi.fusorosa,56.548,-32.863,135.012,8.22
794,87.9360,109.137,116,vehicle.mitsubishi.fusorosa,49.308,-32.863,135.012,8.22
794,87.9360,109.148,116,vehicle.mitsubishi.fusorosa,47.722,-32.863,135.012,8.23
794,87.9361,109.159,116,vehicle.mitsubishi.fusorosa,42.937,-32.863,135.012,8.23
794,87.9361,109.172,116,vehicle.mitsubishi.fusorosa,55.119,-32.863,135.011,8.23
795,88.0475,109.184,116,vehicle.mitsubishi.fusorosa,71.558,-32.863,135.011,8.23
795,88.0478,109.196,116,vehicle.mitsubishi.fusorosa,59.745,-32.863,135.011,8.24
795,88.0479,109.207,116,vehicle.mitsubishi.fusorosa,69.752,-32.863,135.011,8.24
795,88.0480,109.219,116,vehicle.mitsubishi.fusorosa,66.911,-32.863,135.011,8.24
795,88.0480,109.230,116,vehicle.mitsubishi.fusorosa,56.568,-32.863,135.011,8.24
795,88.0480,109.241,116,vehicle.mitsubishi.fusorosa,49.123,-32.863,135.011,8.24
795,88.0481,109.253,116,vehicle.mitsubishi.fusorosa,47.979,-32.863,135.011,8.25
795,88.0481,109.264,116,vehicle.mitsubishi.fusorosa,50.422,-32.863,135.011,8.25
795,88.0481,109.275,116,vehicle.mitsubishi.fusorosa,70.715,-32.863,135.010,8.25
795,88.0482,109.288,116,vehicle.mitsubishi.fusorosa,72.225,-32.863,135.010,8.26
796,88.1545,109.300,116,vehicle.mitsubishi.fusorosa,68.776,-32.863,135.010,8.26
796,88.1546,109.312,116,vehicle.mitsubishi.fusorosa,67.321,-32.862,135.010,8.27
796,88.1547,109.323,116,vehicle.mitsubishi.fusorosa,63.013,-32.862,135.010,8.27
796,88.1547,109.334,116,vehicle.mitsubishi.fusorosa,62.345,-32.862,135.009,8.27
796,88.1548,109.346,116,vehicle.mitsubishi.fusorosa,54.184,-32.862,135.009,8.28
796,88.1548,109.358,116,vehicle.mitsubishi.fusorosa,70.298,-32.862,135.009,8.28
796,88.1548,109.369,116,vehicle.mitsubishi.fusorosa,71.743,-32.862,135.009,8.28
796,88.1549,109.380,116,vehicle.mitsubishi.fusorosa,60.856,-32.862,135.009,8.29
796,88.1549,109.392,116,vehicle.mitsubishi.fusorosa,65.800,-32.862,135.009,8.29
797,88.2706,109.404,116,vehicle.mitsubishi.fusorosa,64.126,-32.862,135.009,8.29
797,88.2708,109.416,116,vehicle.mitsubishi.fusorosa,63.814,-32.862,135.009,8.29
797,88.2708,109.429,116,vehicle.mitsubishi.fusorosa,73.679,-32.862,135.008,8.29
797,88.2709,109.440,116,vehicle.mitsubishi.fusorosa,68.107,-32.862,135.008,8.29
797,88.2709,109.452,116,vehicle.mitsubishi.fusorosa,62.623,-32.862,135.008,8.30
797,88.2709,109.463,116,vehicle.mitsubishi.fusorosa,62.434,-32.862,135.008,8.30
797,88.2710,109.474,116,vehicle.mitsubishi.fusorosa,63.216,-32.862,135.008,8.30
797,88.2710,109.485,116,vehicle.mitsubishi.fusorosa,61.723,-32.862,135.008,8.30
797,88.2710,109.496,116,vehicle.mitsubishi.fusorosa,63.256,-32.862,135.008,8.30
797,88.2711,109.509,116,vehicle.mitsubishi.fusorosa,68.285,-32.862,135.008,8.30
798,88.3870,109.521,116,vehicle.mitsubishi.fusorosa,63.446,-32.862,135.008,8.31
798,88.3872,109.532,116,vehicle.mitsubishi.fusorosa,59.097,-32.862,135.008,8.31
798,88.3872,109.543,116,vehicle.mitsubishi.fusorosa,57.189,-32.862,135.008,8.31
798,88.3873,109.555,116,vehicle.mitsubishi.fusorosa,60.471,-32.862,135.008,8.31
798,88.3873,109.566,116,vehicle.mitsubishi.fusorosa,68.597,-32.862,135.008,8.31
798,88.3873,109.578,116,vehicle.mitsubishi.fusorosa,59.254,-32.862,135.007,8.31
798,88.3874,109.589,116,vehicle.mitsubishi.fusorosa,58.216,-32.862,135.007,8.32
798,88.3874,109.601,116,vehicle.mitsubishi.fusorosa,54.249,-32.862,135.007,8.32
798,88.3874,109.612,116,vehicle.mitsubishi.fusorosa,38.216,-32.862,135.007,8.32
798,88.3875,109.624,116,vehicle.mitsubishi.fusorosa,50.966,-32.862,135.007,8.32
799,88.4902,109.636,116,vehicle.mitsubishi.fusorosa,55.245,-32.862,135.007,8.33
799,88.4904,109.648,116,vehicle.mitsubishi.fusorosa,60.732,-32.862,135.007,8.33
799,88.4904,109.659,116,vehicle.mitsubishi.fusorosa,53.343,-32.862,135.007,8.33
799,88.4904,109.670,116,vehicle.mitsubishi.fusorosa,55.389,-32.862,135.007,8.33
799,88.4905,109.682,116,vehicle.mitsubishi.fusorosa,56.051,-32.862,135.006,8.34
799,88.4905,109.693,116,vehicle.mitsubishi.fusorosa,49.919,-32.862,135.006,8.34
799,88.4905,109.705,116,vehicle.mitsubishi.fusorosa,47.401,-32.861,135.006,8.34
799,88.4906,109.716,116,vehicle.mitsubishi.fusorosa,45.128,-32.861,135.006,8.35
799,88.4906,109.729,116,vehicle.mitsubishi.fusorosa,55.786,-32.861,135.006,8.35
800,88.5959,109.742,116,vehicle.mitsubishi.fusorosa,48.306,-32.861,135.006,8.35
800,88.5961,109.754,116,vehicle.mitsubishi.fusorosa,52.558,-32.861,135.006,8.36
800,88.5961,109.765,116,vehicle.mitsubishi.fusorosa,58.379,-32.861,135.005,8.36
800,88.5961,109.777,116,vehicle.mitsubishi.fusorosa,65.594,-32.861,135.005,8.36
800,88.5962,109.789,116,vehicle.mitsubishi.fusorosa,61.494,-32.861,135.005,8.36
800,88.5962,109.801,116,vehicle.mitsubishi.fusorosa,71.267,-32.861,135.005,8.37
800,88.5962,109.812,116,vehicle.mitsubishi.fusorosa,62.295,-32.861,135.005,8.37
800,88.5963,109.823,116,vehicle.mitsubishi.fusorosa,62.516,-32.861,135.005,8.37
800,88.5963,109.835,116,vehicle.mitsubishi.fusorosa,61.550,-32.861,135.005,8.38
801,88.7125,109.847,116,vehicle.mitsubishi.fusorosa,65.329,-32.861,135.004,8.38
801,88.7133,109.859,116,vehicle.mitsubishi.fusorosa,67.283,-32.861,135.004,8.38
801,88.7134,109.871,116,vehicle.mitsubishi.fusorosa,66.698,-32.861,135.004,8.38
801,88.7134,109.882,116,vehicle.mitsubishi.fusorosa,63.229,-32.861,135.004,8.38
801,88.7134,109.894,116,vehicle.mitsubishi.fusorosa,56.583,-32.861,135.004,8.39
801,88.7135,109.906,116,vehicle.mitsubishi.fusorosa,50.932,-32.861,135.004,8.39
801,88.7135,109.917,116,vehicle.mitsubishi.fusorosa,41.233,-32.861,135.004,8.39
801,88.7136,109.929,116,vehicle.mitsubishi.fusorosa,46.812,-32.861,135.004,8.39
801,88.7136,109.940,116,vehicle.mitsubishi.fusorosa,45.121,-32.861,135.004,8.39
801,88.7136,109.952,116,vehicle.mitsubishi.fusorosa,48.227,-32.861,135.003,8.40
802,88.8154,109.964,116,vehicle.mitsubishi.fusorosa,53.300,-32.861,135.003,8.40
802,88.8156,109.976,116,vehicle.mitsubishi.fusorosa,50.658,-32.860,135.003,8.40
802,88.8156,109.987,116,vehicle.mitsubishi.fusorosa,47.850,-32.860,135.003,8.40
802,88.8157,109.997,116,vehicle.mitsubishi.fusorosa,46.906,-32.860,135.003,8.40
802,88.8157,110.009,116,vehicle.mitsubishi.fusorosa,47.301,-32.860,135.003,8.40
802,88.8157,110.020,116,vehicle.mitsubishi.fusorosa,42.968,-32.860,135.003,8.41
802,88.8157,110.031,116,vehicle.mitsubishi.fusorosa,51.934,-32.860,135.003,8.41
802,88.8158,110.042,116,vehicle.mitsubishi.fusorosa,65.731,-32.860,135.003,8.41
802,88.8158,110.054,116,vehicle.mitsubishi.fusorosa,55.122,-32.860,135.003,8.41
803,88.9289,110.065,116,vehicle.mitsubishi.fusorosa,49.364,-32.860,135.002,8.42
803,88.9290,110.077,116,vehicle.mitsubishi.fusorosa,54.984,-32.860,135.002,8.42
803,88.9291,110.088,116,vehicle.mitsubishi.fusorosa,45.577,-32.860,135.002,8.42
803,88.9291,110.100,116,vehicle.mitsubishi.fusorosa,49.273,-32.860,135.002,8.43
803,88.9291,110.111,116,vehicle.mitsubishi.fusorosa,45.216,-32.860,135.002,8.43
803,88.9292,110.122,116,vehicle.mitsubishi.fusorosa,42.066,-32.860,135.002,8.43
803,88.9292,110.133,116,vehicle.mitsubishi.fusorosa,47.060,-32.860,135.002,8.43
803,88.9293,110.145,116,vehicle.mitsubishi.fusorosa,55.646,-32.860,135.002,8.43
803,88.9293,110.157,116,vehicle.mitsubishi.fusorosa,63.790,-32.860,135.002,8.44
803,88.9294,110.169,116,vehicle.mitsubishi.fusorosa,55.631,-32.860,135.001,8.44
804,89.0440,110.180,116,vehicle.mitsubishi.fusorosa,58.281,-32.860,135.001,8.44
804,89.0442,110.192,116,vehicle.mitsubishi.fusorosa,66.573,-32.860,135.001,8.45
804,89.0443,110.203,116,vehicle.mitsubishi.fusorosa,47.980,-32.860,135.001,8.45
804,89.0443,110.214,116,vehicle.mitsubishi.fusorosa,48.022,-32.860,135.001,8.45
804,89.0443,110.225,116,vehicle.mitsubishi.fusorosa,51.398,-32.860,135.001,8.45
804,89.0444,110.236,116,vehicle.mitsubishi.fusorosa,50.456,-32.860,135.001,8.45
804,89.0444,110.248,116,vehicle.mitsubishi.fusorosa,65.424,-32.860,135.001,8.46
804,89.0444,110.260,116,vehicle.mitsubishi.fusorosa,68.005,-32.860,135.000,8.46
804,89.0444,110.272,116,vehicle.mitsubishi.fusorosa,67.556,-32.860,135.000,8.46
804,89.0445,110.284,116,vehicle.mitsubishi.fusorosa,66.378,-32.860,135.000,8.47
805,89.1472,110.296,116,vehicle.mitsubishi.fusorosa,68.388,-32.860,135.000,8.47
805,89.1474,110.309,116,vehicle.mitsubishi.fusorosa,65.009,-32.860,135.000,8.47
805,89.1474,110.320,116,vehicle.mitsubishi.fusorosa,59.679,-32.860,135.000,8.47
805,89.1474,110.331,116,vehicle.mitsubishi.fusorosa,49.654,-32.860,135.000,8.47
805,89.1475,110.342,116,vehicle.mitsubishi.fusorosa,45.575,-32.860,135.000,8.48
805,89.1475,110.353,116,vehicle.mitsubishi.fusorosa,43.211,-32.860,134.999,8.48
805,89.1475,110.364,116,vehicle.mitsubishi.fusorosa,41.895,-32.860,134.999,8.48
805,89.1476,110.376,116,vehicle.mitsubishi.fusorosa,44.231,-32.859,134.999,8.49
805,89.1476,110.388,116,vehicle.mitsubishi.fusorosa,51.622,-32.859,134.999,8.49
806,89.2649,110.400,116,vehicle.mitsubishi.fusorosa,45.055,-32.859,134.999,8.49
806,89.2651,110.412,116,vehicle.mitsubishi.fusorosa,49.760,-32.859,134.999,8.50
806,89.2651,110.423,116,vehicle.mitsubishi.fusorosa,50.539,-32.859,134.998,8.50
806,89.2652,110.435,116,vehicle.mitsubishi.fusorosa,67.016,-32.859,134.998,8.50
806,89.2652,110.447,116,vehicle.mitsubishi.fusorosa,65.662,-32.859,134.998,8.50
806,89.2652,110.458,116,vehicle.mitsubishi.fusorosa,64.590,-32.859,134.998,8.51
806,89.2653,110.469,116,vehicle.mitsubishi.fusorosa,57.869,-32.859,134.998,8.51
806,89.2653,110.481,116,vehicle.mitsubishi.fusorosa,59.678,-32.859,134.998,8.52
806,89.2654,110.492,116,vehicle.mitsubishi.fusorosa,65.742,-32.859,134.998,8.52
806,89.2654,110.504,116,vehicle.mitsubishi.fusorosa,62.094,-32.859,134.997,8.52
807,89.3741,110.516,116,vehicle.mitsubishi.fusorosa,55.024,-32.859,134.997,8.53
807,89.3742,110.528,116,vehicle.mitsubishi.fusorosa,56.632,-32.859,134.997,8.53
807,89.3743,110.540,116,vehicle.mitsubishi.fusorosa,54.763,-32.859,134.997,8.53
807,89.3743,110.552,116,vehicle.mitsubishi.fusorosa,49.364,-32.859,134.997,8.54
807,89.3743,110.564,116,vehicle.mitsubishi.fusorosa,45.476,-32.859,134.997,8.54
807,89.3744,110.575,116,vehicle.mitsubishi.fusorosa,47.419,-32.859,134.997,8.54
807,89.3744,110.587,116,vehicle.mitsubishi.fusorosa,47.647,-32.859,134.996,8.54
807,89.3744,110.599,116,vehicle.mitsubishi.fusorosa,51.304,-32.859,134.996,8.54
807,89.3745,110.612,116,vehicle.mitsubishi.fusorosa,73.045,-32.859,134.996,8.55
808,89.4827,110.627,116,vehicle.mitsubishi.fusorosa,80.825,-32.859,134.996,8.55
808,89.4828,110.640,116,vehicle.mitsubishi.fusorosa,72.595,-32.859,134.996,8.55
808,89.4829,110.652,116,vehicle.mitsubishi.fusorosa,62.882,-32.858,134.996,8.55
808,89.4829,110.664,116,vehicle.mitsubishi.fusorosa,62.379,-32.858,134.996,8.56
808,89.4829,110.675,116,vehicle.mitsubishi.fusorosa,47.809,-32.858,134.996,8.56
808,89.4830,110.686,116,vehicle.mitsubishi.fusorosa,46.018,-32.858,134.995,8.56
808,89.4830,110.697,116,vehicle.mitsubishi.fusorosa,55.891,-32.858,134.995,8.57
808,89.4831,110.709,116,vehicle.mitsubishi.fusorosa,67.832,-32.858,134.995,8.57
808,89.4831,110.721,116,vehicle.mitsubishi.fusorosa,67.675,-32.858,134.995,8.58
809,89.5996,110.733,116,vehicle.mitsubishi.fusorosa,71.094,-32.858,134.995,8.58
809,89.5998,110.744,116,vehicle.mitsubishi.fusorosa,66.222,-32.858,134.994,8.59
809,89.5999,110.756,116,vehicle.mitsubishi.fusorosa,58.710,-32.858,134.994,8.59
809,89.5999,110.767,116,vehicle.mitsubishi.fusorosa,56.111,-32.858,134.994,8.60
809,89.5999,110.778,116,vehicle.mitsubishi.fusorosa,62.531,-32.858,134.994,8.60
809,89.6000,110.790,116,vehicle.mitsubishi.fusorosa,43.223,-32.857,134.993,8.61
809,89.6000,110.801,116,vehicle.mitsubishi.fusorosa,45.028,-32.857,134.993,8.61
809,89.6001,110.813,116,vehicle.mitsubishi.fusorosa,46.281,-32.857,134.993,8.62
809,89.6001,110.825,116,vehicle.mitsubishi.fusorosa,46.004,-32.857,134.993,8.62
809,89.6001,110.837,116,vehicle.mitsubishi.fusorosa,50.099,-32.857,134.993,8.62
810,89.7046,110.849,116,vehicle.mitsubishi.fusorosa,52.360,-32.857,134.992,8.63
810,89.7047,110.861,116,vehicle.mitsubishi.fusorosa,56.184,-32.857,134.992,8.63
810,89.7048,110.873,116,vehicle.mitsubishi.fusorosa,51.921,-32.857,134.992,8.64
810,89.7048,110.884,116,vehicle.mitsubishi.fusorosa,46.673,-32.857,134.992,8.64
810,89.7049,110.895,116,vehicle.mitsubishi.fusorosa,48.473,-32.857,134.992,8.64
810,89.7049,110.907,116,vehicle.mitsubishi.fusorosa,45.944,-32.857,134.992,8.65
810,89.7049,110.919,116,vehicle.mitsubishi.fusorosa,50.066,-32.857,134.991,8.65
810,89.7050,110.931,116,vehicle.mitsubishi.fusorosa,47.745,-32.857,134.991,8.65
810,89.7050,110.943,116,vehicle.mitsubishi.fusorosa,46.480,-32.856,134.991,8.66
811,89.8202,110.955,116,vehicle.mitsubishi.fusorosa,46.307,-32.856,134.991,8.66
811,89.8204,110.966,116,vehicle.mitsubishi.fusorosa,50.253,-32.856,134.991,8.66
811,89.8204,110.978,116,vehicle.mitsubishi.fusorosa,54.411,-32.856,134.991,8.66
811,89.8205,110.990,116,vehicle.mitsubishi.fusorosa,65.709,-32.856,134.991,8.67
811,89.8205,111.001,116,vehicle.mitsubishi.fusorosa,62.033,-32.856,134.991,8.67
811,89.8205,111.012,116,vehicle.mitsubishi.fusorosa,60.471,-32.856,134.990,8.67
811,89.8206,111.024,116,vehicle.mitsubishi.fusorosa,53.106,-32.856,134.990,8.67
811,89.8206,111.034,116,vehicle.mitsubishi.fusorosa,46.525,-32.856,134.990,8.68
811,89.8206,111.045,116,vehicle.mitsubishi.fusorosa,50.082,-32.856,134.990,8.68
811,89.8207,111.057,116,vehicle.mitsubishi.fusorosa,52.935,-32.856,134.990,8.68
812,89.9247,111.069,116,vehicle.mitsubishi.fusorosa,51.819,-32.856,134.990,8.68
812,89.9248,111.082,116,vehicle.mitsubishi.fusorosa,61.527,-32.856,134.990,8.69
812,89.9249,111.094,116,vehicle.mitsubishi.fusorosa,53.463,-32.856,134.989,8.69
812,89.9249,111.105,116,vehicle.mitsubishi.fusorosa,60.098,-32.856,134.989,8.69
812,89.9249,111.116,116,vehicle.mitsubishi.fusorosa,51.627,-32.856,134.989,8.70
812,89.9250,111.128,116,vehicle.mitsubishi.fusorosa,54.159,-32.856,134.989,8.70
812,89.9250,111.139,116,vehicle.mitsubishi.fusorosa,45.715,-32.856,134.988,8.71
812,89.9250,111.151,116,vehicle.mitsubishi.fusorosa,48.325,-32.856,134.988,8.72
812,89.9251,111.163,116,vehicle.mitsubishi.fusorosa,63.458,-32.856,134.988,8.72
813,90.0393,111.175,116,vehicle.mitsubishi.fusorosa,61.244,-32.855,134.988,8.73
813,90.0394,111.186,116,vehicle.mitsubishi.fusorosa,65.468,-32.855,134.987,8.73
813,90.0394,111.197,116,vehicle.mitsubishi.fusorosa,47.066,-32.855,134.987,8.74
813,90.0395,111.209,116,vehicle.mitsubishi.fusorosa,58.509,-32.855,134.987,8.74
813,90.0395,111.220,116,vehicle.mitsubishi.fusorosa,55.942,-32.855,134.987,8.75
813,90.0395,111.231,116,vehicle.mitsubishi.fusorosa,52.002,-32.855,134.987,8.75
813,90.0396,111.243,116,vehicle.mitsubishi.fusorosa,52.242,-32.855,134.986,8.76
813,90.0396,111.254,116,vehicle.mitsubishi.fusorosa,58.081,-32.855,134.986,8.77
813,90.0396,111.265,116,vehicle.mitsubishi.fusorosa,50.245,-32.854,134.986,8.77
813,90.0397,111.277,116,vehicle.mitsubishi.fusorosa,65.136,-32.854,134.985,8.78
814,90.1542,111.289,116,vehicle.mitsubishi.fusorosa,56.791,-32.854,134.985,8.79
814,90.1543,111.300,116,vehicle.mitsubishi.fusorosa,66.181,-32.854,134.985,8.80
814,90.1544,111.311,116,vehicle.mitsubishi.fusorosa,54.046,-32.854,134.984,8.80
814,90.1544,111.323,116,vehicle.mitsubishi.fusorosa,57.133,-32.854,134.984,8.81
814,90.1544,111.334,116,vehicle.mitsubishi.fusorosa,57.319,-32.854,134.984,8.81
814,90.1545,111.345,116,vehicle.mitsubishi.fusorosa,56.225,-32.854,134.984,8.82
814,90.1545,111.357,116,vehicle.mitsubishi.fusorosa,67.503,-32.854,134.983,8.82
814,90.1545,111.369,116,vehicle.mitsubishi.fusorosa,54.663,-32.853,134.983,8.83
814,90.1546,111.379,116,vehicle.mitsubishi.fusorosa,48.350,-32.853,134.983,8.83
814,90.1546,111.391,116,vehicle.mitsubishi.fusorosa,50.765,-32.853,134.983,8.84
815,90.2545,111.403,116,vehicle.mitsubishi.fusorosa,71.990,-32.853,134.982,8.84
815,90.2547,111.415,116,vehicle.mitsubishi.fusorosa,59.044,-32.853,134.982,8.85
815,90.2547,111.426,116,vehicle.mitsubishi.fusorosa,52.243,-32.853,134.982,8.85
815,90.2547,111.438,116,vehicle.mitsubishi.fusorosa,56.235,-32.853,134.982,8.85
815,90.2548,111.449,116,vehicle.mitsubishi.fusorosa,48.323,-32.853,134.982,8.85
815,90.2548,111.460,116,vehicle.mitsubishi.fusorosa,56.567,-32.853,134.982,8.86
815,90.2548,111.472,116,vehicle.mitsubishi.fusorosa,57.944,-32.853,134.982,8.86
815,90.2549,111.483,116,vehicle.mitsubishi.fusorosa,53.302,-32.853,134.982,8.86
815,90.2549,111.495,116,vehicle.mitsubishi.fusorosa,63.300,-32.853,134.981,8.87
816,90.3700,111.506,116,vehicle.mitsubishi.fusorosa,64.462,-32.853,134.981,8.87
816,90.3701,111.518,116,vehicle.mitsubishi.fusorosa,60.783,-32.853,134.981,8.87
816,90.3702,111.529,116,vehicle.mitsubishi.fusorosa,57.188,-32.853,134.981,8.88
816,90.3702,111.541,116,vehicle.mitsubishi.fusorosa,64.422,-32.853,134.981,8.88
816,90.3702,111.552,116,vehicle.mitsubishi.fusorosa,57.949,-32.853,134.981,8.88
816,90.3703,111.563,116,vehicle.mitsubishi.fusorosa,62.521,-32.853,134.981,8.88
816,90.3703,111.574,116,vehicle.mitsubishi.fusorosa,60.403,-32.853,134.981,8.89
816,90.3703,111.586,116,vehicle.mitsubishi.fusorosa,64.172,-32.853,134.980,8.89
816,90.3704,111.598,116,vehicle.mitsubishi.fusorosa,58.445,-32.853,134.980,8.89
816,90.3704,111.610,116,vehicle.mitsubishi.fusorosa,64.338,-32.853,134.980,8.89
817,90.4769,111.622,116,vehicle.mitsubishi.fusorosa,63.356,-32.853,134.980,8.89
817,90.4770,111.634,116,vehicle.mitsubishi.fusorosa,58.692,-32.853,134.980,8.89
817,90.4770,111.646,116,vehicle.mitsubishi.fusorosa,63.885,-32.853,134.980,8.89
817,90.4771,111.656,116,vehicle.mitsubishi.fusorosa,50.156,-32.853,134.980,8.90
817,90.4771,111.668,116,vehicle.mitsubishi.fusorosa,54.482,-32.853,134.980,8.90
817,90.4771,111.679,116,vehicle.mitsubishi.fusorosa,53.935,-32.853,134.980,8.90
817,90.4772,111.691,116,vehicle.mitsubishi.fusorosa,58.653,-32.853,134.980,8.90
817,90.4772,111.702,116,vehicle.mitsubishi.fusorosa,50.533,-32.853,134.980,8.91
817,90.4772,111.715,116,vehicle.mitsubishi.fusorosa,59.793,-32.853,134.979,8.91
818,90.5837,111.726,116,vehicle.mitsubishi.fusorosa,61.583,-32.853,134.979,8.91
818,90.5838,111.738,116,vehicle.mitsubishi.fusorosa,55.712,-32.853,134.979,8.92
818,90.5839,111.750,116,vehicle.mitsubishi.fusorosa,71.904,-32.853,134.979,8.92
818,90.5839,111.762,116,vehicle.mitsubishi.fusorosa,63.413,-32.853,134.979,8.92
818,90.5839,111.773,116,vehicle.mitsubishi.fusorosa,53.842,-32.853,134.979,8.93
818,90.5840,111.785,116,vehicle.mitsubishi.fusorosa,47.080,-32.853,134.979,8.93
818,90.5840,111.797,116,vehicle.mitsubishi.fusorosa,44.283,-32.852,134.978,8.93
818,90.5840,111.808,116,vehicle.mitsubishi.fusorosa,48.162,-32.852,134.978,8.94
818,90.5841,111.821,116,vehicle.mitsubishi.fusorosa,47.601,-32.852,134.978,8.94
819,90.6898,111.833,116,vehicle.mitsubishi.fusorosa,47.553,-32.852,134.978,8.95
819,90.6899,111.845,116,vehicle.mitsubishi.fusorosa,59.198,-32.852,134.978,8.95
819,90.6900,111.856,116,vehicle.mitsubishi.fusorosa,61.078,-32.852,134.978,8.95
819,90.6900,111.874,116,vehicle.mitsubishi.fusorosa,92.807,-32.852,134.977,8.96
819,90.6901,111.885,116,vehicle.mitsubishi.fusorosa,64.183,-32.852,134.977,8.96
819,90.6901,111.896,116,vehicle.mitsubishi.fusorosa,59.958,-32.852,134.977,8.96
819,90.6902,111.907,116,vehicle.mitsubishi.fusorosa,51.943,-32.852,134.977,8.97
819,90.6902,111.918,116,vehicle.mitsubishi.fusorosa,42.072,-32.852,134.977,8.97
819,90.6903,111.930,116,vehicle.mitsubishi.fusorosa,65.129,-32.852,134.977,8.97
820,90.8063,111.942,116,vehicle.mitsubishi.fusorosa,61.553,-32.852,134.976,8.98
820,90.8065,111.954,116,vehicle.mitsubishi.fusorosa,65.881,-32.852,134.976,8.98
820,90.8065,111.965,116,vehicle.mitsubishi.fusorosa,62.031,-32.852,134.976,8.98
820,90.8065,111.977,116,vehicle.mitsubishi.fusorosa,62.198,-32.852,134.976,8.99
820,90.8066,111.988,116,vehicle.mitsubishi.fusorosa,67.028,-32.852,134.976,8.99
820,90.8066,112.000,116,vehicle.mitsubishi.fusorosa,67.085,-32.851,134.976,8.99
820,90.8066,112.012,116,vehicle.mitsubishi.fusorosa,68.276,-32.851,134.975,9.00
820,90.8067,112.023,116,vehicle.mitsubishi.fusorosa,63.609,-32.851,134.975,9.00
820,90.8067,112.035,116,vehicle.mitsubishi.fusorosa,63.515,-32.851,134.975,9.00
820,90.8067,112.046,116,vehicle.mitsubishi.fusorosa,65.136,-32.851,134.975,9.01
821,90.9131,112.059,116,vehicle.mitsubishi.fusorosa,70.698,-32.851,134.975,9.01
821,90.9133,112.071,116,vehicle.mitsubishi.fusorosa,69.348,-32.851,134.975,9.01
821,90.9133,112.083,116,vehicle.mitsubishi.fusorosa,65.266,-32.851,134.974,9.01
821,90.9134,112.094,116,vehicle.mitsubishi.fusorosa,61.103,-32.851,134.974,9.02
821,90.9134,112.105,116,vehicle.mitsubishi.fusorosa,48.470,-32.851,134.974,9.02
821,90.9134,112.117,116,vehicle.mitsubishi.fusorosa,67.686,-32.851,134.974,9.02
821,90.9135,112.128,116,vehicle.mitsubishi.fusorosa,70.248,-32.850,134.974,9.03
821,90.9135,112.140,116,vehicle.mitsubishi.fusorosa,66.689,-32.850,134.974,9.03
821,90.9135,112.152,116,vehicle.mitsubishi.fusorosa,59.833,-32.850,134.973,9.03
822,91.0330,112.164,116,vehicle.mitsubishi.fusorosa,69.615,-32.850,134.973,9.04
822,91.0332,112.177,116,vehicle.mitsubishi.fusorosa,69.402,-32.850,134.973,9.04
822,91.0332,112.188,116,vehicle.mitsubishi.fusorosa,77.135,-32.850,134.973,9.05
822,91.0332,112.200,116,vehicle.mitsubishi.fusorosa,67.193,-32.850,134.972,9.05
822,91.0333,112.212,116,vehicle.mitsubishi.fusorosa,52.566,-32.850,134.972,9.06
822,91.0333,112.224,116,vehicle.mitsubishi.fusorosa,67.427,-32.849,134.972,9.06
822,91.0333,112.236,116,vehicle.mitsubishi.fusorosa,68.811,-32.849,134.972,9.07
822,91.0334,112.247,116,vehicle.mitsubishi.fusorosa,63.625,-32.849,134.971,9.08
822,91.0334,112.258,116,vehicle.mitsubishi.fusorosa,58.811,-32.849,134.971,9.08
822,91.0334,112.272,116,vehicle.mitsubishi.fusorosa,79.710,-32.849,134.971,9.09
823,91.1403,112.285,116,vehicle.mitsubishi.fusorosa,81.168,-32.849,134.971,9.09
823,91.1405,112.297,116,vehicle.mitsubishi.fusorosa,66.098,-32.849,134.970,9.10
823,91.1405,112.309,116,vehicle.mitsubishi.fusorosa,68.401,-32.848,134.970,9.10
823,91.1406,112.321,116,vehicle.mitsubishi.fusorosa,55.749,-32.848,134.970,9.11
823,91.1406,112.333,116,vehicle.mitsubishi.fusorosa,56.784,-32.848,134.970,9.12
823,91.1406,112.344,116,vehicle.mitsubishi.fusorosa,60.048,-32.848,134.969,9.12
823,91.1407,112.356,116,vehicle.mitsubishi.fusorosa,54.727,-32.848,134.969,9.13
823,91.1407,112.368,116,vehicle.mitsubishi.fusorosa,56.010,-32.848,134.969,9.13
823,91.1407,112.380,116,vehicle.mitsubishi.fusorosa,56.219,-32.848,134.968,9.14
824,91.2469,112.392,116,vehicle.mitsubishi.fusorosa,58.594,-32.848,134.968,9.15
824,91.2471,112.404,116,vehicle.mitsubishi.fusorosa,66.637,-32.847,134.968,9.16
824,91.2471,112.416,116,vehicle.mitsubishi.fusorosa,61.927,-32.847,134.967,9.16
824,91.2472,112.428,116,vehicle.mitsubishi.fusorosa,54.123,-32.847,134.967,9.17
824,91.2472,112.440,116,vehicle.mitsubishi.fusorosa,69.442,-32.847,134.967,9.18
824,91.2472,112.452,116,vehicle.mitsubishi.fusorosa,68.789,-32.847,134.967,9.19
824,91.2473,112.464,116,vehicle.mitsubishi.fusorosa,64.013,-32.847,134.967,9.19
824,91.2473,112.475,116,vehicle.mitsubishi.fusorosa,41.291,-32.847,134.966,9.20
824,91.2473,112.487,116,vehicle.mitsubishi.fusorosa,59.101,-32.847,134.966,9.21
825,91.3624,112.499,116,vehicle.mitsubishi.fusorosa,60.923,-32.847,134.966,9.22
825,91.3625,112.510,116,vehicle.mitsubishi.fusorosa,75.072,-32.847,134.965,9.23
825,91.3626,112.522,116,vehicle.mitsubishi.fusorosa,64.102,-32.847,134.965,9.24
825,91.3626,112.534,116,vehicle.mitsubishi.fusorosa,61.670,-32.847,134.965,9.24
825,91.3627,112.545,116,vehicle.mitsubishi.fusorosa,75.048,-32.847,134.965,9.25
825,91.3627,112.557,116,vehicle.mitsubishi.fusorosa,72.401,-32.847,134.964,9.26
825,91.3627,112.568,116,vehicle.mitsubishi.fusorosa,72.112,-32.847,134.964,9.27
825,91.3628,112.579,116,vehicle.mitsubishi.fusorosa,68.094,-32.847,134.964,9.27
825,91.3628,112.591,116,vehicle.mitsubishi.fusorosa,79.320,-32.847,134.964,9.28
825,91.3628,112.603,116,vehicle.mitsubishi.fusorosa,78.783,-32.847,134.963,9.28
826,91.4682,112.615,116,vehicle.mitsubishi.fusorosa,76.622,-32.847,134.963,9.29
826,91.4684,112.627,116,vehicle.mitsubishi.fusorosa,73.847,-32.846,134.963,9.30
826,91.4684,112.639,116,vehicle.mitsubishi.fusorosa,77.520,-32.846,134.963,9.30
826,91.4685,112.650,116,vehicle.mitsubishi.fusorosa,62.955,-32.846,134.962,9.31
826,91.4685,112.661,116,vehicle.mitsubishi.fusorosa,57.428,-32.846,134.962,9.31
826,91.4685,112.672,116,vehicle.mitsubishi.fusorosa,74.873,-32.846,134.962,9.31
826,91.4686,112.683,116,vehicle.mitsubishi.fusorosa,62.074,-32.846,134.961,9.32
826,91.4686,112.695,116,vehicle.mitsubishi.fusorosa,51.773,-32.846,134.961,9.33
826,91.4686,112.707,116,vehicle.mitsubishi.fusorosa,84.462,-32.846,134.961,9.33
827,91.5862,112.719,116,vehicle.mitsubishi.fusorosa,85.641,-32.846,134.961,9.33
827,91.5864,112.730,116,vehicle.mitsubishi.fusorosa,74.430,-32.846,134.960,9.34
827,91.5864,112.742,116,vehicle.mitsubishi.fusorosa,61.510,-32.846,134.960,9.34
827,91.5865,112.753,116,vehicle.mitsubishi.fusorosa,64.053,-32.846,134.960,9.34
827,91.5865,112.765,116,vehicle.mitsubishi.fusorosa,80.011,-32.846,134.959,9.34
827,91.5865,112.777,116,vehicle.mitsubishi.fusorosa,84.200,-32.846,134.959,9.34
827,91.5866,112.788,116,vehicle.mitsubishi.fusorosa,56.530,-32.846,134.959,9.34
827,91.5866,112.800,116,vehicle.mitsubishi.fusorosa,57.085,-32.846,134.959,9.34
827,91.5866,112.811,116,vehicle.mitsubishi.fusorosa,74.114,-32.846,134.958,9.35
827,91.5866,112.824,116,vehicle.mitsubishi.fusorosa,71.649,-32.846,134.958,9.35
828,91.6920,112.836,116,vehicle.mitsubishi.fusorosa,58.972,-32.846,134.958,9.35
828,91.6922,112.848,116,vehicle.mitsubishi.fusorosa,78.643,-32.846,134.957,9.35
828,91.6922,112.860,116,vehicle.mitsubishi.fusorosa,80.845,-32.846,134.957,9.35
828,91.6922,112.872,116,vehicle.mitsubishi.fusorosa,75.421,-32.846,134.957,9.35
828,91.6923,112.883,116,vehicle.mitsubishi.fusorosa,72.391,-32.846,134.956,9.35
828,91.6923,112.894,116,vehicle.mitsubishi.fusorosa,70.350,-32.845,134.956,9.36
828,91.6923,112.906,116,vehicle.mitsubishi.fusorosa,77.409,-32.845,134.956,9.36
828,91.6924,112.918,116,vehicle.mitsubishi.fusorosa,73.996,-32.845,134.955,9.36
828,91.6924,112.930,116,vehicle.mitsubishi.fusorosa,52.194,-32.845,134.955,9.37
829,91.8054,112.942,116,vehicle.mitsubishi.fusorosa,53.502,-32.845,134.954,9.37
829,91.8055,112.954,116,vehicle.mitsubishi.fusorosa,73.881,-32.845,134.954,9.37
829,91.8056,112.965,116,vehicle.mitsubishi.fusorosa,56.221,-32.845,134.954,9.37
829,91.8056,112.976,116,vehicle.mitsubishi.fusorosa,56.125,-32.845,134.953,9.37
829,91.8056,112.988,116,vehicle.mitsubishi.fusorosa,58.847,-32.845,134.953,9.37
829,91.8057,112.999,116,vehicle.mitsubishi.fusorosa,46.709,-32.845,134.953,9.38
829,91.8057,113.010,116,vehicle.mitsubishi.fusorosa,56.208,-32.845,134.952,9.38
829,91.8057,113.022,116,vehicle.mitsubishi.fusorosa,59.329,-32.845,134.952,9.38
829,91.8058,113.033,116,vehicle.mitsubishi.fusorosa,52.945,-32.845,134.951,9.39
829,91.8058,113.045,116,vehicle.mitsubishi.fusorosa,54.572,-32.845,134.951,9.39
830,91.9059,113.057,116,vehicle.mitsubishi.fusorosa,46.289,-32.844,134.950,9.39
830,91.9061,113.068,116,vehicle.mitsubishi.fusorosa,68.923,-32.844,134.950,9.39
830,91.9061,113.080,116,vehicle.mitsubishi.fusorosa,71.818,-32.844,134.949,9.39
830,91.9061,113.090,116,vehicle.mitsubishi.fusorosa,72.875,-32.844,134.949,9.40
830,91.9062,113.101,116,vehicle.mitsubishi.fusorosa,63.279,-32.844,134.949,9.40
830,91.9062,113.113,116,vehicle.mitsubishi.fusorosa,55.084,-32.844,134.948,9.40
830,91.9062,113.124,116,vehicle.mitsubishi.fusorosa,60.541,-32.844,134.948,9.40
830,91.9063,113.136,116,vehicle.mitsubishi.fusorosa,66.433,-32.844,134.947,9.40
830,91.9063,113.148,116,vehicle.mitsubishi.fusorosa,71.357,-32.844,134.947,9.41
831,92.0274,113.160,116,vehicle.mitsubishi.fusorosa,59.989,-32.844,134.946,9.41
831,92.0275,113.172,116,vehicle.mitsubishi.fusorosa,70.288,-32.844,134.946,9.41
831,92.0275,113.184,116,vehicle.mitsubishi.fusorosa,71.467,-32.844,134.945,9.41
831,92.0276,113.198,116,vehicle.mitsubishi.fusorosa,105.328,-32.844,134.945,9.41
831,92.0276,113.210,116,vehicle.mitsubishi.fusorosa,67.127,-32.844,134.945,9.41
831,92.0276,113.221,116,vehicle.mitsubishi.fusorosa,67.739,-32.844,134.944,9.41
831,92.0277,113.232,116,vehicle.mitsubishi.fusorosa,64.688,-32.844,134.944,9.41
831,92.0277,113.243,116,vehicle.mitsubishi.fusorosa,64.432,-32.844,134.943,9.42
831,92.0277,113.254,116,vehicle.mitsubishi.fusorosa,64.866,-32.844,134.943,9.42
831,92.0278,113.266,116,vehicle.mitsubishi.fusorosa,69.858,-32.844,134.942,9.42
832,92.1334,113.278,116,vehicle.mitsubishi.fusorosa,67.350,-32.844,134.942,9.42
832,92.1336,113.290,116,vehicle.mitsubishi.fusorosa,71.144,-32.844,134.941,9.42
832,92.1336,113.301,116,vehicle.mitsubishi.fusorosa,60.499,-32.844,134.941,9.42
832,92.1337,113.312,116,vehicle.mitsubishi.fusorosa,63.394,-32.844,134.941,9.42
832,92.1337,113.323,116,vehicle.mitsubishi.fusorosa,62.518,-32.844,134.941,9.42
832,92.1337,113.335,116,vehicle.mitsubishi.fusorosa,67.308,-32.844,134.940,9.42
832,92.1338,113.347,116,vehicle.mitsubishi.fusorosa,62.172,-32.844,134.940,9.42
832,92.1338,113.358,116,vehicle.mitsubishi.fusorosa,67.239,-32.844,134.940,9.42
832,92.1338,113.370,116,vehicle.mitsubishi.fusorosa,68.323,-32.844,134.939,9.42
833,92.2474,113.382,116,vehicle.mitsubishi.fusorosa,70.902,-32.844,134.939,9.42
833,92.2475,113.394,116,vehicle.mitsubishi.fusorosa,66.968,-32.844,134.939,9.42
833,92.2476,113.405,116,vehicle.mitsubishi.fusorosa,68.668,-32.844,134.938,9.42
833,92.2476,113.417,116,vehicle.mitsubishi.fusorosa,64.574,-32.844,134.938,9.42
833,92.2477,113.428,116,vehicle.mitsubishi.fusorosa,66.870,-32.844,134.938,9.42
833,92.2477,113.439,116,vehicle.mitsubishi.fusorosa,64.671,-32.844,134.937,9.42
833,92.2477,113.451,116,vehicle.mitsubishi.fusorosa,64.421,-32.844,134.937,9.42
833,92.2477,113.463,116,vehicle.mitsubishi.fusorosa,67.202,-32.844,134.937,9.42
833,92.2478,113.474,116,vehicle.mitsubishi.fusorosa,63.814,-32.844,134.936,9.42
833,92.2478,113.486,116,vehicle.mitsubishi.fusorosa,66.374,-32.844,134.936,9.43
834,92.3500,113.497,116,vehicle.mitsubishi.fusorosa,64.071,-32.844,134.936,9.43
834,92.3502,113.510,116,vehicle.mitsubishi.fusorosa,74.239,-32.844,134.935,9.43
834,92.3502,113.521,116,vehicle.mitsubishi.fusorosa,63.525,-32.844,134.935,9.43
834,92.3503,113.533,116,vehicle.mitsubishi.fusorosa,61.062,-32.844,134.935,9.42
834,92.3503,113.544,116,vehicle.mitsubishi.fusorosa,64.928,-32.844,134.934,9.42
834,92.3503,113.556,116,vehicle.mitsubishi.fusorosa,63.130,-32.844,134.934,9.42
834,92.3504,113.566,116,vehicle.mitsubishi.fusorosa,62.892,-32.844,134.934,9.42
834,92.3504,113.578,116,vehicle.mitsubishi.fusorosa,65.094,-32.844,134.933,9.41
834,92.3504,113.589,116,vehicle.mitsubishi.fusorosa,66.686,-32.845,134.933,9.41
835,92.4630,113.601,116,vehicle.mitsubishi.fusorosa,66.090,-32.845,134.932,9.41
835,92.4631,113.613,116,vehicle.mitsubishi.fusorosa,61.737,-32.845,134.932,9.40
835,92.4631,113.624,116,vehicle.mitsubishi.fusorosa,65.841,-32.845,134.932,9.40
835,92.4632,113.635,116,vehicle.mitsubishi.fusorosa,60.657,-32.845,134.931,9.40
835,92.4632,113.646,116,vehicle.mitsubishi.fusorosa,58.193,-32.845,134.931,9.39
835,92.4632,113.658,116,vehicle.mitsubishi.fusorosa,64.158,-32.845,134.931,9.38
835,92.4633,113.669,116,vehicle.mitsubishi.fusorosa,61.195,-32.845,134.930,9.38
835,92.4633,113.680,116,vehicle.mitsubishi.fusorosa,59.576,-32.845,134.930,9.38
835,92.4633,113.691,116,vehicle.mitsubishi.fusorosa,63.828,-32.845,134.929,9.38
835,92.4633,113.703,116,vehicle.mitsubishi.fusorosa,66.952,-32.845,134.929,9.37
836,92.5715,113.715,116,vehicle.mitsubishi.fusorosa,72.274,-32.845,134.928,9.37
836,92.5716,113.727,116,vehicle.mitsubishi.fusorosa,72.938,-32.845,134.928,9.37
836,92.5717,113.738,116,vehicle.mitsubishi.fusorosa,64.397,-32.845,134.927,9.37
836,92.5717,113.750,116,vehicle.mitsubishi.fusorosa,78.468,-32.845,134.927,9.37
836,92.5718,113.762,116,vehicle.mitsubishi.fusorosa,72.682,-32.845,134.926,9.37
836,92.5718,113.773,116,vehicle.mitsubishi.fusorosa,72.675,-32.845,134.926,9.36
836,92.5718,113.785,116,vehicle.mitsubishi.fusorosa,83.237,-32.845,134.926,9.36
836,92.5719,113.797,116,vehicle.mitsubishi.fusorosa,60.345,-32.845,134.925,9.35
836,92.5719,113.808,116,vehicle.mitsubishi.fusorosa,64.907,-32.845,134.925,9.35
837,92.6898,113.820,116,vehicle.mitsubishi.fusorosa,64.848,-32.845,134.925,9.34
837,92.6900,113.832,116,vehicle.mitsubishi.fusorosa,88.397,-32.845,134.924,9.33
837,92.6900,113.844,116,vehicle.mitsubishi.fusorosa,61.612,-32.845,134.924,9.33
837,92.6901,113.855,116,vehicle.mitsubishi.fusorosa,61.433,-32.845,134.923,9.33
837,92.6901,113.867,116,vehicle.mitsubishi.fusorosa,70.286,-32.845,134.923,9.32
837,92.6902,113.878,116,vehicle.mitsubishi.fusorosa,63.641,-32.845,134.922,9.32
837,92.6902,113.890,116,vehicle.mitsubishi.fusorosa,68.557,-32.845,134.921,9.32
837,92.6902,113.901,116,vehicle.mitsubishi.fusorosa,67.931,-32.845,134.920,9.32
837,92.6903,113.912,116,vehicle.mitsubishi.fusorosa,66.662,-32.845,134.920,9.33
837,92.6903,113.924,116,vehicle.mitsubishi.fusorosa,71.064,-32.845,134.919,9.32
838,92.7883,113.936,116,vehicle.mitsubishi.fusorosa,70.335,-32.845,134.918,9.32
838,92.7885,113.948,116,vehicle.mitsubishi.fusorosa,69.672,-32.845,134.918,9.32
838,92.7885,113.960,116,vehicle.mitsubishi.fusorosa,57.344,-32.845,134.917,9.31
838,92.7886,113.971,116,vehicle.mitsubishi.fusorosa,69.735,-32.845,134.917,9.31
838,92.7886,113.983,116,vehicle.mitsubishi.fusorosa,54.493,-32.845,134.917,9.30
838,92.7886,113.994,116,vehicle.mitsubishi.fusorosa,50.087,-32.845,134.916,9.30
838,92.7887,114.005,116,vehicle.mitsubishi.fusorosa,46.926,-32.845,134.916,9.29
838,92.7887,114.017,116,vehicle.mitsubishi.fusorosa,58.266,-32.845,134.916,9.28
838,92.7887,114.029,116,vehicle.mitsubishi.fusorosa,64.614,-32.845,134.915,9.27
839,92.9077,114.041,116,vehicle.mitsubishi.fusorosa,61.869,-32.845,134.915,9.27
839,92.9078,114.054,116,vehicle.mitsubishi.fusorosa,94.750,-32.845,134.914,9.27
839,92.9078,114.066,116,vehicle.mitsubishi.fusorosa,70.381,-32.845,134.913,9.26
839,92.9079,114.077,116,vehicle.mitsubishi.fusorosa,66.972,-32.845,134.912,9.26
839,92.9079,114.088,116,vehicle.mitsubishi.fusorosa,68.253,-32.845,134.912,9.26
839,92.9079,114.100,116,vehicle.mitsubishi.fusorosa,68.295,-32.845,134.911,9.26
839,92.9080,114.112,116,vehicle.mitsubishi.fusorosa,72.150,-32.845,134.910,9.26
839,92.9080,114.123,116,vehicle.mitsubishi.fusorosa,70.758,-32.845,134.909,9.25
839,92.9080,114.135,116,vehicle.mitsubishi.fusorosa,71.143,-32.845,134.909,9.25
839,92.9081,114.147,116,vehicle.mitsubishi.fusorosa,70.879,-32.845,134.908,9.24
840,93.0127,114.159,116,vehicle.mitsubishi.fusorosa,68.845,-32.845,134.908,9.24
840,93.0128,114.171,116,vehicle.mitsubishi.fusorosa,71.832,-32.845,134.907,9.23
840,93.0129,114.183,116,vehicle.mitsubishi.fusorosa,53.656,-32.845,134.907,9.22
840,93.0129,114.194,116,vehicle.mitsubishi.fusorosa,39.620,-32.845,134.907,9.21
840,93.0129,114.205,116,vehicle.mitsubishi.fusorosa,50.803,-32.845,134.906,9.20
840,93.0130,114.217,116,vehicle.mitsubishi.fusorosa,56.226,-32.845,134.906,9.19
840,93.0130,114.229,116,vehicle.mitsubishi.fusorosa,64.267,-32.845,134.905,9.19
840,93.0130,114.241,116,vehicle.mitsubishi.fusorosa,71.007,-32.845,134.904,9.19
840,93.0131,114.252,116,vehicle.mitsubishi.fusorosa,70.832,-32.846,134.903,9.19
841,93.1140,114.265,116,vehicle.mitsubishi.fusorosa,71.712,-32.846,134.902,9.19
841,93.1141,114.276,116,vehicle.mitsubishi.fusorosa,78.468,-32.846,134.901,9.19
841,93.1142,114.287,116,vehicle.mitsubishi.fusorosa,66.929,-32.846,134.900,9.19
841,93.1142,114.298,116,vehicle.mitsubishi.fusorosa,65.026,-32.846,134.900,9.18
841,93.1142,114.310,116,vehicle.mitsubishi.fusorosa,70.142,-32.846,134.899,9.18
841,93.1143,114.321,116,vehicle.mitsubishi.fusorosa,68.234,-32.846,134.898,9.18
841,93.1143,114.332,116,vehicle.mitsubishi.fusorosa,68.359,-32.846,134.898,9.17
841,93.1143,114.344,116,vehicle.mitsubishi.fusorosa,60.450,-32.846,134.898,9.17
841,93.1144,114.356,116,vehicle.mitsubishi.fusorosa,58.233,-32.846,134.897,9.16
842,93.2326,114.368,116,vehicle.mitsubishi.fusorosa,51.656,-32.846,134.897,9.15
842,93.2328,114.380,116,vehicle.mitsubishi.fusorosa,74.013,-32.846,134.897,9.14
842,93.2328,114.390,116,vehicle.mitsubishi.fusorosa,51.631,-32.846,134.897,9.13
842,93.2329,114.401,116,vehicle.mitsubishi.fusorosa,50.970,-32.846,134.896,9.13
842,93.2329,114.412,116,vehicle.mitsubishi.fusorosa,61.079,-32.846,134.895,9.12
842,93.2329,114.423,116,vehicle.mitsubishi.fusorosa,65.662,-32.846,134.895,9.12
842,93.2330,114.435,116,vehicle.mitsubishi.fusorosa,65.258,-32.846,134.894,9.13
842,93.2330,114.446,116,vehicle.mitsubishi.fusorosa,70.585,-32.846,134.893,9.13
842,93.2330,114.459,116,vehicle.mitsubishi.fusorosa,75.514,-32.846,134.892,9.13
842,93.2331,114.471,116,vehicle.mitsubishi.fusorosa,73.537,-32.846,134.891,9.13
843,93.3342,114.483,116,vehicle.mitsubishi.fusorosa,71.646,-32.846,134.890,9.13
843,93.3344,114.494,116,vehicle.mitsubishi.fusorosa,65.847,-32.847,134.890,9.13
843,93.3344,114.506,116,vehicle.mitsubishi.fusorosa,71.576,-32.847,134.889,9.13
843,93.3345,114.517,116,vehicle.mitsubishi.fusorosa,69.680,-32.846,134.888,9.12
843,93.3345,114.529,116,vehicle.mitsubishi.fusorosa,106.000,-32.846,134.888,9.12
843,93.3345,114.540,116,vehicle.mitsubishi.fusorosa,85.141,-32.846,134.888,9.12
843,93.3346,114.552,116,vehicle.mitsubishi.fusorosa,58.670,-32.846,134.887,9.11
843,93.3346,114.563,116,vehicle.mitsubishi.fusorosa,54.505,-32.846,134.887,9.11
843,93.3346,114.575,116,vehicle.mitsubishi.fusorosa,49.690,-32.846,134.887,9.10
844,93.4515,114.587,116,vehicle.mitsubishi.fusorosa,45.068,-32.846,134.886,9.10
844,93.4517,114.599,116,vehicle.mitsubishi.fusorosa,96.509,-32.847,134.886,9.09
844,93.4517,114.610,116,vehicle.mitsubishi.fusorosa,66.709,-32.847,134.885,9.09
844,93.4518,114.622,116,vehicle.mitsubishi.fusorosa,65.212,-32.847,134.885,9.09
844,93.4518,114.633,116,vehicle.mitsubishi.fusorosa,66.336,-32.847,134.884,9.09
844,93.4518,114.644,116,vehicle.mitsubishi.fusorosa,72.192,-32.847,134.883,9.09
844,93.4519,114.656,116,vehicle.mitsubishi.fusorosa,71.643,-32.847,134.882,9.09
844,93.4519,114.668,116,vehicle.mitsubishi.fusorosa,73.960,-32.847,134.882,9.09
844,93.4519,114.679,116,vehicle.mitsubishi.fusorosa,67.553,-32.847,134.881,9.09
844,93.4519,114.691,116,vehicle.mitsubishi.fusorosa,71.058,-32.847,134.880,9.09
845,93.5539,114.704,116,vehicle.mitsubishi.fusorosa,74.618,-32.847,134.880,9.08
845,93.5541,114.716,116,vehicle.mitsubishi.fusorosa,52.600,-32.847,134.879,9.08
845,93.5541,114.727,116,vehicle.mitsubishi.fusorosa,62.949,-32.847,134.879,9.08
845,93.5541,114.738,116,vehicle.mitsubishi.fusorosa,62.047,-32.847,134.879,9.07
845,93.5542,114.749,116,vehicle.mitsubishi.fusorosa,56.012,-32.846,134.879,9.06
845,93.5542,114.761,116,vehicle.mitsubishi.fusorosa,75.524,-32.846,134.878,9.06
845,93.5542,114.772,116,vehicle.mitsubishi.fusorosa,49.916,-32.846,134.878,9.05
845,93.5543,114.784,116,vehicle.mitsubishi.fusorosa,67.124,-32.846,134.877,9.05
845,93.5543,114.796,116,vehicle.mitsubishi.fusorosa,75.827,-32.847,134.877,9.04
846,93.6772,114.808,116,vehicle.mitsubishi.fusorosa,70.017,-32.847,134.876,9.05
846,93.6774,114.820,116,vehicle.mitsubishi.fusorosa,75.164,-32.846,134.875,9.05
846,93.6775,114.832,116,vehicle.mitsubishi.fusorosa,71.543,-32.846,134.875,9.05
846,93.6776,114.844,116,vehicle.mitsubishi.fusorosa,70.576,-32.846,134.874,9.05
846,93.6776,114.856,116,vehicle.mitsubishi.fusorosa,69.651,-32.846,134.874,9.04
846,93.6776,114.867,116,vehicle.mitsubishi.fusorosa,70.764,-32.846,134.873,9.04
846,93.6777,114.879,116,vehicle.mitsubishi.fusorosa,60.155,-32.846,134.873,9.04
846,93.6777,114.890,116,vehicle.mitsubishi.fusorosa,63.896,-32.846,134.872,9.03
846,93.6777,114.901,116,vehicle.mitsubishi.fusorosa,58.602,-32.846,134.872,9.03
846,93.6778,114.913,116,vehicle.mitsubishi.fusorosa,60.713,-32.846,134.872,9.02
847,93.7783,114.925,116,vehicle.mitsubishi.fusorosa,55.687,-32.846,134.871,9.01
847,93.7785,114.937,116,vehicle.mitsubishi.fusorosa,65.943,-32.846,134.871,9.00
847,93.7785,114.948,116,vehicle.mitsubishi.fusorosa,55.139,-32.846,134.871,9.00
847,93.7785,114.960,116,vehicle.mitsubishi.fusorosa,63.131,-32.846,134.870,8.99
847,93.7786,114.972,116,vehicle.mitsubishi.fusorosa,67.344,-32.846,134.870,8.99
847,93.7786,114.983,116,vehicle.mitsubishi.fusorosa,68.372,-32.846,134.869,8.99
847,93.7786,114.994,116,vehicle.mitsubishi.fusorosa,67.500,-32.846,134.868,8.99
847,93.7787,115.005,116,vehicle.mitsubishi.fusorosa,68.100,-32.847,134.867,8.99
847,93.7787,115.017,116,vehicle.mitsubishi.fusorosa,70.134,-32.847,134.867,8.99
848,93.8884,115.029,116,vehicle.mitsubishi.fusorosa,71.636,-32.847,134.866,8.99
848,93.8886,115.040,116,vehicle.mitsubishi.fusorosa,56.383,-32.847,134.865,8.99
848,93.8886,115.052,116,vehicle.mitsubishi.fusorosa,71.705,-32.847,134.865,8.98
848,93.8887,115.069,116,vehicle.mitsubishi.fusorosa,100.397,-32.846,134.864,8.97
848,93.8887,115.080,116,vehicle.mitsubishi.fusorosa,58.958,-32.846,134.864,8.97
848,93.8887,115.092,116,vehicle.mitsubishi.fusorosa,50.671,-32.846,134.864,8.96
848,93.8888,115.103,116,vehicle.mitsubishi.fusorosa,65.595,-32.846,134.864,8.95
848,93.8888,115.114,116,vehicle.mitsubishi.fusorosa,62.145,-32.846,134.863,8.94
848,93.8888,115.127,116,vehicle.mitsubishi.fusorosa,65.547,-32.846,134.863,8.94
849,94.0035,115.139,116,vehicle.mitsubishi.fusorosa,66.153,-32.846,134.862,8.94
849,94.0036,115.150,116,vehicle.mitsubishi.fusorosa,87.547,-32.846,134.862,8.93
849,94.0037,115.162,116,vehicle.mitsubishi.fusorosa,71.422,-32.846,134.861,8.93
849,94.0037,115.173,116,vehicle.mitsubishi.fusorosa,67.635,-32.846,134.860,8.93
849,94.0037,115.185,116,vehicle.mitsubishi.fusorosa,75.437,-32.846,134.860,8.93
849,94.0038,115.196,116,vehicle.mitsubishi.fusorosa,68.169,-32.846,134.859,8.93
849,94.0038,115.207,116,vehicle.mitsubishi.fusorosa,70.625,-32.846,134.858,8.93
849,94.0038,115.219,116,vehicle.mitsubishi.fusorosa,112.056,-32.846,134.858,8.93
849,94.0039,115.230,116,vehicle.mitsubishi.fusorosa,94.964,-32.846,134.857,8.92
849,94.0039,115.242,116,vehicle.mitsubishi.fusorosa,81.252,-32.846,134.857,8.92
850,94.1176,115.254,116,vehicle.mitsubishi.fusorosa,80.560,-32.846,134.856,8.91
850,94.1177,115.266,116,vehicle.mitsubishi.fusorosa,61.704,-32.845,134.856,8.91
850,94.1178,115.277,116,vehicle.mitsubishi.fusorosa,53.265,-32.845,134.856,8.90
850,94.1178,115.289,116,vehicle.mitsubishi.fusorosa,44.169,-32.845,134.856,8.89
850,94.1179,115.301,116,vehicle.mitsubishi.fusorosa,56.068,-32.845,134.855,8.89
850,94.1179,115.313,116,vehicle.mitsubishi.fusorosa,49.430,-32.845,134.855,8.88
850,94.1179,115.323,116,vehicle.mitsubishi.fusorosa,45.113,-32.845,134.855,8.87
850,94.1180,115.335,116,vehicle.mitsubishi.fusorosa,58.559,-32.845,134.854,8.87
850,94.1180,115.346,116,vehicle.mitsubishi.fusorosa,62.503,-32.846,134.853,8.86
850,94.1180,115.358,116,vehicle.mitsubishi.fusorosa,70.246,-32.846,134.853,8.86
851,94.2246,115.370,116,vehicle.mitsubishi.fusorosa,72.556,-32.846,134.852,8.86
851,94.2253,115.382,116,vehicle.mitsubishi.fusorosa,67.080,-32.846,134.851,8.86
851,94.2254,115.393,116,vehicle.mitsubishi.fusorosa,70.664,-32.846,134.851,8.86
851,94.2254,115.405,116,vehicle.mitsubishi.fusorosa,67.395,-32.846,134.850,8.86
851,94.2255,115.416,116,vehicle.mitsubishi.fusorosa,69.171,-32.846,134.850,8.86
851,94.2255,115.428,116,vehicle.mitsubishi.fusorosa,64.129,-32.846,134.849,8.85
851,94.2255,115.440,116,vehicle.mitsubishi.fusorosa,53.601,-32.846,134.849,8.85
851,94.2256,115.451,116,vehicle.mitsubishi.fusorosa,46.777,-32.846,134.849,8.84
851,94.2256,115.463,116,vehicle.mitsubishi.fusorosa,50.243,-32.846,134.848,8.83
852,94.3411,115.475,116,vehicle.mitsubishi.fusorosa,49.251,-32.846,134.848,8.83
852,94.3412,115.486,116,vehicle.mitsubishi.fusorosa,69.113,-32.846,134.848,8.82
852,94.3413,115.498,116,vehicle.mitsubishi.fusorosa,67.726,-32.847,134.847,8.82
852,94.3413,115.509,116,vehicle.mitsubishi.fusorosa,69.614,-32.847,134.846,8.82
852,94.3414,115.520,116,vehicle.mitsubishi.fusorosa,67.236,-32.847,134.845,8.82
852,94.3415,115.532,116,vehicle.mitsubishi.fusorosa,69.830,-32.847,134.844,8.82
852,94.3415,115.543,116,vehicle.mitsubishi.fusorosa,68.807,-32.847,134.843,8.83
852,94.3416,115.555,116,vehicle.mitsubishi.fusorosa,70.831,-32.847,134.843,8.82
852,94.3416,115.566,116,vehicle.mitsubishi.fusorosa,71.712,-32.847,134.842,8.82
852,94.3416,115.578,116,vehicle.mitsubishi.fusorosa,71.597,-32.847,134.841,8.82
853,94.4534,115.590,116,vehicle.mitsubishi.fusorosa,110.192,-32.848,134.841,8.81
853,94.4535,115.602,116,vehicle.mitsubishi.fusorosa,70.275,-32.848,134.840,8.81
853,94.4536,115.613,116,vehicle.mitsubishi.fusorosa,67.432,-32.848,134.840,8.80
853,94.4536,115.633,116,vehicle.mitsubishi.fusorosa,98.068,-32.848,134.840,8.79
853,94.4536,115.644,116,vehicle.mitsubishi.fusorosa,46.752,-32.848,134.839,8.79
853,94.4537,115.655,116,vehicle.mitsubishi.fusorosa,38.259,-32.848,134.839,8.78
853,94.4537,115.667,116,vehicle.mitsubishi.fusorosa,40.851,-32.848,134.839,8.78
853,94.4537,115.679,116,vehicle.mitsubishi.fusorosa,79.748,-32.848,134.838,8.77
853,94.4538,115.692,116,vehicle.mitsubishi.fusorosa,74.511,-32.848,134.838,8.77
854,94.5545,115.703,116,vehicle.mitsubishi.fusorosa,67.631,-32.848,134.837,8.77
854,94.5547,115.715,116,vehicle.mitsubishi.fusorosa,85.209,-32.847,134.836,8.76
854,94.5548,115.727,116,vehicle.mitsubishi.fusorosa,71.479,-32.847,134.836,8.76
854,94.5550,115.738,116,vehicle.mitsubishi.fusorosa,68.311,-32.847,134.835,8.76
854,94.5550,115.750,116,vehicle.mitsubishi.fusorosa,69.062,-32.847,134.835,8.75
854,94.5551,115.761,116,vehicle.mitsubishi.fusorosa,67.033,-32.847,134.834,8.75
854,94.5551,115.772,116,vehicle.mitsubishi.fusorosa,69.451,-32.847,134.834,8.74
854,94.5552,115.784,116,vehicle.mitsubishi.fusorosa,64.577,-32.846,134.833,8.74
854,94.5552,115.796,116,vehicle.mitsubishi.fusorosa,65.272,-32.846,134.833,8.73
855,94.6739,115.808,116,vehicle.mitsubishi.fusorosa,56.660,-32.846,134.833,8.72
855,94.6740,115.819,116,vehicle.mitsubishi.fusorosa,60.571,-32.846,134.832,8.71
855,94.6741,115.830,116,vehicle.mitsubishi.fusorosa,54.816,-32.845,134.832,8.70
855,94.6741,115.842,116,vehicle.mitsubishi.fusorosa,51.804,-32.845,134.831,8.70
855,94.6741,115.853,116,vehicle.mitsubishi.fusorosa,69.145,-32.845,134.831,8.69
855,94.6742,115.865,116,vehicle.mitsubishi.fusorosa,66.161,-32.845,134.830,8.69
855,94.6742,115.876,116,vehicle.mitsubishi.fusorosa,68.619,-32.845,134.829,8.68
855,94.6742,115.888,116,vehicle.mitsubishi.fusorosa,69.394,-32.845,134.829,8.68
855,94.6743,115.899,116,vehicle.mitsubishi.fusorosa,73.827,-32.844,134.828,8.68
855,94.6743,115.911,116,vehicle.mitsubishi.fusorosa,73.004,-32.844,134.827,8.68
856,94.7766,115.924,116,vehicle.mitsubishi.fusorosa,74.206,-32.844,134.827,8.67
856,94.7767,115.935,116,vehicle.mitsubishi.fusorosa,57.134,-32.844,134.826,8.66
856,94.7767,115.946,116,vehicle.mitsubishi.fusorosa,64.495,-32.844,134.826,8.66
856,94.7768,115.958,116,vehicle.mitsubishi.fusorosa,52.515,-32.843,134.826,8.65
856,94.7768,115.969,116,vehicle.mitsubishi.fusorosa,51.539,-32.843,134.825,8.64
856,94.7768,115.980,116,vehicle.mitsubishi.fusorosa,54.381,-32.843,134.825,8.63
856,94.7769,115.991,116,vehicle.mitsubishi.fusorosa,53.719,-32.843,134.825,8.62
856,94.7769,116.002,116,vehicle.mitsubishi.fusorosa,63.831,-32.842,134.824,8.62
856,94.7769,116.014,116,vehicle.mitsubishi.fusorosa,67.405,-32.842,134.824,8.61
857,94.8917,116.027,116,vehicle.mitsubishi.fusorosa,74.093,-32.842,134.823,8.61
857,94.8918,116.039,116,vehicle.mitsubishi.fusorosa,78.352,-32.842,134.822,8.61
857,94.8919,116.050,116,vehicle.mitsubishi.fusorosa,69.332,-32.842,134.822,8.61
857,94.8919,116.061,116,vehicle.mitsubishi.fusorosa,67.642,-32.841,134.821,8.61
857,94.8920,116.073,116,vehicle.mitsubishi.fusorosa,90.874,-32.841,134.820,8.60
857,94.8920,116.085,116,vehicle.mitsubishi.fusorosa,76.571,-32.841,134.820,8.60
857,94.8920,116.095,116,vehicle.mitsubishi.fusorosa,70.112,-32.841,134.820,8.59
857,94.8921,116.107,116,vehicle.mitsubishi.fusorosa,68.016,-32.841,134.819,8.58
857,94.8922,116.118,116,vehicle.mitsubishi.fusorosa,59.449,-32.840,134.819,8.58
857,94.8922,116.131,116,vehicle.mitsubishi.fusorosa,74.645,-32.840,134.819,8.57
858,94.9975,116.143,116,vehicle.mitsubishi.fusorosa,74.186,-32.840,134.818,8.56
858,94.9977,116.155,116,vehicle.mitsubishi.fusorosa,82.425,-32.840,134.818,8.55
858,94.9977,116.167,116,vehicle.mitsubishi.fusorosa,60.256,-32.840,134.817,8.54
858,94.9978,116.178,116,vehicle.mitsubishi.fusorosa,61.469,-32.840,134.817,8.53
858,94.9978,116.189,116,vehicle.mitsubishi.fusorosa,70.738,-32.839,134.816,8.53
858,94.9978,116.201,116,vehicle.mitsubishi.fusorosa,69.269,-32.839,134.816,8.52
858,94.9979,116.213,116,vehicle.mitsubishi.fusorosa,71.151,-32.839,134.815,8.52
858,94.9979,116.224,116,vehicle.mitsubishi.fusorosa,72.255,-32.839,134.814,8.52
858,94.9979,116.237,116,vehicle.mitsubishi.fusorosa,76.481,-32.839,134.814,8.52
859,95.1098,116.249,116,vehicle.mitsubishi.fusorosa,73.136,-32.838,134.813,8.51
859,95.1100,116.261,116,vehicle.mitsubishi.fusorosa,61.185,-32.838,134.812,8.50
859,95.1100,116.272,116,vehicle.mitsubishi.fusorosa,65.604,-32.838,134.812,8.50
859,95.1101,116.283,116,vehicle.mitsubishi.fusorosa,77.651,-32.838,134.812,8.49
859,95.1101,116.294,116,vehicle.mitsubishi.fusorosa,71.940,-32.837,134.811,8.48
859,95.1101,116.305,116,vehicle.mitsubishi.fusorosa,52.304,-32.837,134.811,8.47
859,95.1102,116.316,116,vehicle.mitsubishi.fusorosa,56.633,-32.837,134.810,8.46
859,95.1102,116.327,116,vehicle.mitsubishi.fusorosa,56.335,-32.837,134.810,8.45
859,95.1102,116.339,116,vehicle.mitsubishi.fusorosa,65.096,-32.837,134.809,8.45
859,95.1103,116.351,116,vehicle.mitsubishi.fusorosa,71.757,-32.837,134.808,8.45
860,95.2168,116.363,116,vehicle.mitsubishi.fusorosa,71.047,-32.837,134.808,8.44
860,95.2169,116.374,116,vehicle.mitsubishi.fusorosa,75.964,-32.836,134.807,8.44
860,95.2170,116.386,116,vehicle.mitsubishi.fusorosa,69.198,-32.836,134.806,8.43
860,95.2170,116.398,116,vehicle.mitsubishi.fusorosa,73.814,-32.836,134.806,8.43
860,95.2170,116.410,116,vehicle.mitsubishi.fusorosa,72.506,-32.836,134.805,8.42
860,95.2171,116.421,116,vehicle.mitsubishi.fusorosa,66.907,-32.836,134.805,8.42
860,95.2171,116.433,116,vehicle.mitsubishi.fusorosa,59.527,-32.835,134.805,8.41
860,95.2171,116.444,116,vehicle.mitsubishi.fusorosa,47.478,-32.835,134.804,8.40
860,95.2172,116.457,116,vehicle.mitsubishi.fusorosa,64.351,-32.835,134.804,8.39
861,95.3369,116.469,116,vehicle.mitsubishi.fusorosa,60.718,-32.835,134.804,8.39
861,95.3370,116.481,116,vehicle.mitsubishi.fusorosa,79.931,-32.835,134.803,8.38
861,95.3371,116.492,116,vehicle.mitsubishi.fusorosa,61.410,-32.835,134.803,8.37
861,95.3371,116.504,116,vehicle.mitsubishi.fusorosa,71.293,-32.835,134.802,8.37
861,95.3371,116.515,116,vehicle.mitsubishi.fusorosa,66.236,-32.834,134.801,8.37
861,95.3372,116.527,116,vehicle.mitsubishi.fusorosa,70.387,-32.834,134.801,8.37
861,95.3372,116.538,116,vehicle.mitsubishi.fusorosa,68.004,-32.834,134.800,8.36
861,95.3372,116.550,116,vehicle.mitsubishi.fusorosa,79.289,-32.834,134.799,8.36
861,95.3373,116.561,116,vehicle.mitsubishi.fusorosa,71.685,-32.834,134.799,8.36
861,95.3373,116.573,116,vehicle.mitsubishi.fusorosa,69.753,-32.834,134.798,8.35
862,95.4387,116.585,116,vehicle.mitsubishi.fusorosa,60.234,-32.834,134.798,8.35
862,95.4388,116.596,116,vehicle.mitsubishi.fusorosa,61.793,-32.833,134.798,8.34
862,95.4389,116.608,116,vehicle.mitsubishi.fusorosa,77.238,-32.833,134.797,8.33
862,95.4389,116.619,116,vehicle.mitsubishi.fusorosa,58.387,-32.833,134.797,8.31
862,95.4390,116.631,116,vehicle.mitsubishi.fusorosa,57.164,-32.833,134.797,8.31
862,95.4390,116.642,116,vehicle.mitsubishi.fusorosa,65.205,-32.833,134.796,8.30
862,95.4390,116.654,116,vehicle.mitsubishi.fusorosa,69.442,-32.833,134.795,8.30
862,95.4391,116.665,116,vehicle.mitsubishi.fusorosa,66.420,-32.833,134.795,8.30
862,95.4391,116.677,116,vehicle.mitsubishi.fusorosa,72.678,-32.833,134.794,8.30
863,95.5539,116.689,116,vehicle.mitsubishi.fusorosa,71.019,-32.833,134.793,8.29
863,95.5540,116.700,116,vehicle.mitsubishi.fusorosa,68.920,-32.833,134.793,8.29
863,95.5541,116.712,116,vehicle.mitsubishi.fusorosa,71.526,-32.832,134.792,8.28
863,95.5541,116.723,116,vehicle.mitsubishi.fusorosa,62.228,-32.832,134.792,8.27
863,95.5541,116.734,116,vehicle.mitsubishi.fusorosa,62.045,-32.832,134.791,8.26
863,95.5542,116.746,116,vehicle.mitsubishi.fusorosa,67.131,-32.832,134.791,8.25
863,95.5542,116.758,116,vehicle.mitsubishi.fusorosa,56.980,-32.832,134.791,8.24
863,95.5542,116.769,116,vehicle.mitsubishi.fusorosa,47.989,-32.832,134.790,8.23
863,95.5543,116.780,116,vehicle.mitsubishi.fusorosa,58.486,-32.831,134.790,8.22
863,95.5543,116.792,116,vehicle.mitsubishi.fusorosa,63.638,-32.831,134.789,8.21
864,95.6563,116.803,116,vehicle.mitsubishi.fusorosa,68.470,-32.831,134.788,8.21
864,95.6564,116.815,116,vehicle.mitsubishi.fusorosa,81.867,-32.831,134.788,8.20
864,95.6565,116.827,116,vehicle.mitsubishi.fusorosa,70.686,-32.831,134.787,8.20
864,95.6565,116.839,116,vehicle.mitsubishi.fusorosa,73.027,-32.831,134.786,8.19
864,95.6565,116.850,116,vehicle.mitsubishi.fusorosa,77.472,-32.831,134.786,8.19
864,95.6566,116.863,116,vehicle.mitsubishi.fusorosa,72.681,-32.831,134.785,8.18
864,95.6566,116.874,116,vehicle.mitsubishi.fusorosa,59.276,-32.830,134.784,8.17
864,95.6566,116.885,116,vehicle.mitsubishi.fusorosa,48.760,-32.830,134.784,8.17
864,95.6567,116.897,116,vehicle.mitsubishi.fusorosa,52.634,-32.830,134.784,8.15
865,95.7629,116.909,116,vehicle.mitsubishi.fusorosa,53.965,-32.830,134.783,8.14
865,95.7631,116.921,116,vehicle.mitsubishi.fusorosa,77.765,-32.830,134.783,8.13
865,95.7631,116.933,116,vehicle.mitsubishi.fusorosa,64.513,-32.830,134.782,8.12
865,95.7632,116.944,116,vehicle.mitsubishi.fusorosa,60.591,-32.830,134.782,8.11
865,95.7632,116.956,116,vehicle.mitsubishi.fusorosa,65.937,-32.830,134.781,8.10
865,95.7632,116.967,116,vehicle.mitsubishi.fusorosa,67.557,-32.830,134.780,8.10
865,95.7633,116.979,116,vehicle.mitsubishi.fusorosa,78.627,-32.830,134.780,8.09
865,95.7633,116.991,116,vehicle.mitsubishi.fusorosa,76.118,-32.830,134.779,8.09
865,95.7633,117.003,116,vehicle.mitsubishi.fusorosa,75.768,-32.830,134.778,8.08
866,95.8824,117.015,116,vehicle.mitsubishi.fusorosa,67.979,-32.830,134.778,8.07
866,95.8826,117.027,116,vehicle.mitsubishi.fusorosa,50.307,-32.829,134.777,8.06
866,95.8826,117.038,116,vehicle.mitsubishi.fusorosa,68.518,-32.829,134.777,8.05
866,95.8827,117.049,116,vehicle.mitsubishi.fusorosa,51.057,-32.829,134.776,8.04
866,95.8827,117.061,116,vehicle.mitsubishi.fusorosa,58.400,-32.829,134.776,8.03
866,95.8827,117.072,116,vehicle.mitsubishi.fusorosa,53.086,-32.828,134.775,8.01
866,95.8828,117.083,116,vehicle.mitsubishi.fusorosa,66.158,-32.828,134.775,8.01
866,95.8828,117.095,116,vehicle.mitsubishi.fusorosa,70.699,-32.828,134.774,8.01
866,95.8828,117.107,116,vehicle.mitsubishi.fusorosa,69.234,-32.828,134.773,8.00
866,95.8829,117.121,116,vehicle.mitsubishi.fusorosa,79.655,-32.828,134.773,7.99
867,95.9887,117.133,116,vehicle.mitsubishi.fusorosa,73.320,-32.828,134.772,7.99
867,95.9888,117.145,116,vehicle.mitsubishi.fusorosa,68.701,-32.828,134.771,7.99
867,95.9889,117.156,116,vehicle.mitsubishi.fusorosa,69.655,-32.828,134.771,7.98
867,95.9889,117.169,116,vehicle.mitsubishi.fusorosa,67.348,-32.828,134.771,7.98
867,95.9890,117.181,116,vehicle.mitsubishi.fusorosa,61.589,-32.828,134.771,7.97
867,95.9890,117.193,116,vehicle.mitsubishi.fusorosa,56.339,-32.828,134.770,7.96
867,95.9890,117.204,116,vehicle.mitsubishi.fusorosa,43.016,-32.828,134.770,7.95
867,95.9891,117.216,116,vehicle.mitsubishi.fusorosa,53.083,-32.827,134.770,7.95
867,95.9891,117.229,116,vehicle.mitsubishi.fusorosa,72.063,-32.827,134.770,7.94
868,96.0940,117.241,116,vehicle.mitsubishi.fusorosa,65.395,-32.827,134.769,7.94
868,96.0942,117.252,116,vehicle.mitsubishi.fusorosa,78.970,-32.827,134.768,7.94
868,96.0942,117.264,116,vehicle.mitsubishi.fusorosa,69.687,-32.827,134.768,7.94
868,96.0942,117.276,116,vehicle.mitsubishi.fusorosa,73.823,-32.827,134.767,7.94
868,96.0943,117.287,116,vehicle.mitsubishi.fusorosa,80.957,-32.827,134.767,7.94
868,96.0943,117.299,116,vehicle.mitsubishi.fusorosa,80.024,-32.827,134.766,7.93
868,96.0943,117.311,116,vehicle.mitsubishi.fusorosa,74.926,-32.827,134.766,7.93
868,96.0944,117.323,116,vehicle.mitsubishi.fusorosa,62.906,-32.827,134.765,7.93
868,96.0944,117.335,116,vehicle.mitsubishi.fusorosa,54.540,-32.827,134.765,7.93
869,96.2140,117.347,116,vehicle.mitsubishi.fusorosa,52.135,-32.827,134.765,7.92
869,96.2142,117.360,116,vehicle.mitsubishi.fusorosa,67.881,-32.827,134.765,7.91
869,96.2142,117.371,116,vehicle.mitsubishi.fusorosa,52.655,-32.827,134.764,7.90
869,96.2142,117.383,116,vehicle.mitsubishi.fusorosa,56.044,-32.827,134.764,7.90
869,96.2143,117.394,116,vehicle.mitsubishi.fusorosa,66.225,-32.827,134.763,7.90
869,96.2143,117.406,116,vehicle.mitsubishi.fusorosa,70.673,-32.827,134.763,7.89
869,96.2143,117.418,116,vehicle.mitsubishi.fusorosa,70.500,-32.827,134.762,7.89
869,96.2144,117.429,116,vehicle.mitsubishi.fusorosa,70.627,-32.827,134.761,7.89
869,96.2144,117.441,116,vehicle.mitsubishi.fusorosa,70.803,-32.827,134.761,7.89
869,96.2144,117.453,116,vehicle.mitsubishi.fusorosa,74.862,-32.826,134.760,7.89
870,96.3198,117.466,116,vehicle.mitsubishi.fusorosa,76.480,-32.826,134.760,7.89
870,96.3200,117.478,116,vehicle.mitsubishi.fusorosa,84.717,-32.826,134.759,7.88
870,96.3200,117.490,116,vehicle.mitsubishi.fusorosa,52.548,-32.826,134.759,7.88
870,96.3201,117.502,116,vehicle.mitsubishi.fusorosa,49.727,-32.826,134.759,7.87
870,96.3201,117.513,116,vehicle.mitsubishi.fusorosa,50.666,-32.826,134.758,7.86
870,96.3201,117.524,116,vehicle.mitsubishi.fusorosa,56.737,-32.826,134.758,7.85
870,96.3202,117.536,116,vehicle.mitsubishi.fusorosa,59.846,-32.826,134.757,7.85
870,96.3202,117.547,116,vehicle.mitsubishi.fusorosa,59.276,-32.826,134.757,7.84
870,96.3202,117.560,116,vehicle.mitsubishi.fusorosa,70.400,-32.825,134.756,7.84
871,96.4282,117.572,116,vehicle.mitsubishi.fusorosa,69.128,-32.825,134.755,7.84
871,96.4283,117.584,116,vehicle.mitsubishi.fusorosa,84.627,-32.825,134.754,7.84
871,96.4284,117.596,116,vehicle.mitsubishi.fusorosa,72.571,-32.825,134.753,7.84
871,96.4284,117.608,116,vehicle.mitsubishi.fusorosa,72.396,-32.825,134.753,7.83
871,96.4284,117.620,116,vehicle.mitsubishi.fusorosa,71.620,-32.825,134.752,7.83
871,96.4285,117.632,116,vehicle.mitsubishi.fusorosa,74.012,-32.825,134.751,7.82
871,96.4285,117.643,116,vehicle.mitsubishi.fusorosa,67.473,-32.825,134.751,7.82
871,96.4285,117.655,116,vehicle.mitsubishi.fusorosa,79.512,-32.825,134.751,7.81
871,96.4286,117.667,116,vehicle.mitsubishi.fusorosa,91.697,-32.825,134.750,7.80
872,96.5458,117.680,116,vehicle.mitsubishi.fusorosa,71.057,-32.824,134.750,7.79
872,96.5460,117.692,116,vehicle.mitsubishi.fusorosa,64.359,-32.824,134.750,7.78
872,96.5460,117.704,116,vehicle.mitsubishi.fusorosa,56.742,-32.824,134.749,7.77
872,96.5461,117.715,116,vehicle.mitsubishi.fusorosa,64.225,-32.824,134.749,7.76
872,96.5461,117.727,116,vehicle.mitsubishi.fusorosa,67.866,-32.824,134.748,7.76
872,96.5461,117.738,116,vehicle.mitsubishi.fusorosa,69.100,-32.824,134.747,7.75
872,96.5462,117.750,116,vehicle.mitsubishi.fusorosa,71.877,-32.824,134.746,7.75
872,96.5462,117.761,116,vehicle.mitsubishi.fusorosa,69.034,-32.824,134.746,7.75
872,96.5462,117.772,116,vehicle.mitsubishi.fusorosa,67.528,-32.824,134.745,7.74
872,96.5463,117.784,116,vehicle.mitsubishi.fusorosa,70.018,-32.824,134.745,7.74
873,96.6511,117.796,116,vehicle.mitsubishi.fusorosa,69.291,-32.824,134.744,7.73
873,96.6512,117.808,116,vehicle.mitsubishi.fusorosa,48.274,-32.824,134.744,7.72
873,96.6513,117.820,116,vehicle.mitsubishi.fusorosa,67.155,-32.824,134.743,7.71
873,96.6513,117.832,116,vehicle.mitsubishi.fusorosa,45.317,-32.823,134.743,7.70
873,96.6514,117.843,116,vehicle.mitsubishi.fusorosa,60.661,-32.823,134.743,7.69
873,96.6514,117.855,116,vehicle.mitsubishi.fusorosa,56.371,-32.823,134.742,7.68
873,96.6514,117.867,116,vehicle.mitsubishi.fusorosa,68.492,-32.823,134.742,7.67
873,96.6515,117.879,116,vehicle.mitsubishi.fusorosa,68.743,-32.823,134.741,7.67
873,96.6515,117.892,116,vehicle.mitsubishi.fusorosa,79.338,-32.823,134.740,7.67
874,96.7632,117.903,116,vehicle.mitsubishi.fusorosa,70.208,-32.822,134.739,7.67
874,96.7634,117.915,116,vehicle.mitsubishi.fusorosa,77.597,-32.822,134.739,7.67
874,96.7635,117.927,116,vehicle.mitsubishi.fusorosa,75.336,-32.822,134.738,7.66
874,96.7635,117.939,116,vehicle.mitsubishi.fusorosa,72.177,-32.822,134.737,7.66
874,96.7636,117.951,116,vehicle.mitsubishi.fusorosa,74.043,-32.821,134.737,7.65
874,96.7636,117.963,116,vehicle.mitsubishi.fusorosa,114.717,-32.821,134.736,7.64
874,96.7636,117.976,116,vehicle.mitsubishi.fusorosa,98.793,-32.821,134.736,7.63
874,96.7637,117.987,116,vehicle.mitsubishi.fusorosa,74.976,-32.821,134.736,7.63
874,96.7637,117.999,116,vehicle.mitsubishi.fusorosa,53.346,-32.820,134.735,7.62
875,96.8789,118.011,116,vehicle.mitsubishi.fusorosa,51.320,-32.820,134.735,7.61
875,96.8791,118.023,116,vehicle.mitsubishi.fusorosa,84.634,-32.820,134.735,7.59
875,96.8791,118.034,116,vehicle.mitsubishi.fusorosa,49.939,-32.820,134.734,7.58
875,96.8791,118.046,116,vehicle.mitsubishi.fusorosa,69.755,-32.819,134.734,7.57
875,96.8792,118.058,116,vehicle.mitsubishi.fusorosa,72.903,-32.819,134.733,7.56
875,96.8792,118.069,116,vehicle.mitsubishi.fusorosa,69.053,-32.819,134.732,7.56
875,96.8792,118.081,116,vehicle.mitsubishi.fusorosa,69.663,-32.818,134.731,7.55
875,96.8793,118.092,116,vehicle.mitsubishi.fusorosa,73.063,-32.818,134.731,7.55
875,96.8793,118.104,116,vehicle.mitsubishi.fusorosa,72.926,-32.818,134.730,7.54
875,96.8794,118.116,116,vehicle.mitsubishi.fusorosa,77.279,-32.817,134.729,7.53
876,96.9866,118.128,116,vehicle.mitsubishi.fusorosa,71.962,-32.817,134.729,7.52
876,96.9867,118.140,116,vehicle.mitsubishi.fusorosa,55.460,-32.816,134.728,7.51
876,96.9868,118.152,116,vehicle.mitsubishi.fusorosa,72.947,-32.816,134.728,7.50
876,96.9868,118.164,116,vehicle.mitsubishi.fusorosa,54.554,-32.815,134.728,7.49
876,96.9868,118.175,116,vehicle.mitsubishi.fusorosa,54.079,-32.815,134.728,7.48
876,96.9869,118.188,116,vehicle.mitsubishi.fusorosa,47.532,-32.814,134.727,7.46
876,96.9869,118.200,116,vehicle.mitsubishi.fusorosa,56.229,-32.814,134.727,7.45
876,96.9870,118.212,116,vehicle.mitsubishi.fusorosa,56.789,-32.814,134.727,7.44
876,96.9870,118.224,116,vehicle.mitsubishi.fusorosa,71.269,-32.813,134.726,7.43
877,97.0893,118.236,116,vehicle.mitsubishi.fusorosa,73.013,-32.813,134.725,7.42
877,97.0895,118.248,116,vehicle.mitsubishi.fusorosa,89.834,-32.813,134.724,7.42
877,97.0895,118.259,116,vehicle.mitsubishi.fusorosa,67.989,-32.813,134.724,7.42
877,97.0896,118.270,116,vehicle.mitsubishi.fusorosa,68.139,-32.812,134.723,7.41
877,97.0896,118.281,116,vehicle.mitsubishi.fusorosa,69.765,-32.812,134.722,7.40
877,97.0896,118.293,116,vehicle.mitsubishi.fusorosa,72.876,-32.811,134.722,7.39
877,97.0896,118.304,116,vehicle.mitsubishi.fusorosa,71.023,-32.811,134.721,7.38
877,97.0897,118.316,116,vehicle.mitsubishi.fusorosa,71.792,-32.810,134.721,7.37
877,97.0897,118.328,116,vehicle.mitsubishi.fusorosa,62.542,-32.810,134.721,7.36
878,97.2043,118.340,116,vehicle.mitsubishi.fusorosa,97.729,-32.809,134.720,7.35
878,97.2044,118.352,116,vehicle.mitsubishi.fusorosa,65.247,-32.808,134.720,7.33
878,97.2045,118.363,116,vehicle.mitsubishi.fusorosa,60.069,-32.808,134.720,7.32
878,97.2045,118.374,116,vehicle.mitsubishi.fusorosa,49.953,-32.808,134.719,7.30
878,97.2045,118.385,116,vehicle.mitsubishi.fusorosa,67.344,-32.807,134.719,7.30
878,97.2046,118.397,116,vehicle.mitsubishi.fusorosa,72.115,-32.807,134.718,7.29
878,97.2046,118.408,116,vehicle.mitsubishi.fusorosa,71.107,-32.807,134.717,7.28
878,97.2046,118.420,116,vehicle.mitsubishi.fusorosa,70.674,-32.806,134.716,7.28
878,97.2047,118.432,116,vehicle.mitsubishi.fusorosa,70.501,-32.806,134.716,7.28
878,97.2047,118.443,116,vehicle.mitsubishi.fusorosa,71.388,-32.805,134.715,7.27
879,97.3063,118.455,116,vehicle.mitsubishi.fusorosa,70.547,-32.805,134.714,7.26
879,97.3064,118.467,116,vehicle.mitsubishi.fusorosa,64.242,-32.805,134.714,7.25
879,97.3065,118.479,116,vehicle.mitsubishi.fusorosa,114.002,-32.804,134.713,7.24
879,97.3065,118.490,116,vehicle.mitsubishi.fusorosa,87.762,-32.804,134.713,7.22
879,97.3065,118.502,116,vehicle.mitsubishi.fusorosa,66.928,-32.804,134.713,7.21
879,97.3066,118.513,116,vehicle.mitsubishi.fusorosa,51.233,-32.803,134.713,7.20
879,97.3066,118.524,116,vehicle.mitsubishi.fusorosa,47.125,-32.803,134.713,7.19
879,97.3066,118.535,116,vehicle.mitsubishi.fusorosa,36.592,-32.802,134.713,7.17
879,97.3067,118.548,116,vehicle.mitsubishi.fusorosa,56.335,-32.802,134.712,7.16
880,97.4233,118.560,116,vehicle.mitsubishi.fusorosa,64.740,-32.802,134.712,7.16
880,97.4235,118.572,116,vehicle.mitsubishi.fusorosa,105.151,-32.802,134.711,7.15
880,97.4235,118.583,116,vehicle.mitsubishi.fusorosa,70.616,-32.801,134.711,7.15
880,97.4236,118.594,116,vehicle.mitsubishi.fusorosa,70.527,-32.801,134.710,7.14
880,97.4236,118.605,116,vehicle.mitsubishi.fusorosa,68.072,-32.801,134.709,7.14
880,97.4236,118.617,116,vehicle.mitsubishi.fusorosa,68.952,-32.800,134.709,7.13
880,97.4237,118.628,116,vehicle.mitsubishi.fusorosa,68.727,-32.800,134.708,7.13
880,97.4237,118.639,116,vehicle.mitsubishi.fusorosa,67.842,-32.799,134.707,7.12
880,97.4237,118.650,116,vehicle.mitsubishi.fusorosa,70.035,-32.799,134.707,7.11
880,97.4238,118.662,116,vehicle.mitsubishi.fusorosa,71.952,-32.798,134.707,7.10
881,97.5383,118.675,116,vehicle.mitsubishi.fusorosa,66.550,-32.798,134.706,7.09
881,97.5385,118.686,116,vehicle.mitsubishi.fusorosa,53.714,-32.797,134.706,7.08
881,97.5385,118.698,116,vehicle.mitsubishi.fusorosa,71.914,-32.797,134.706,7.07
881,97.5386,118.709,116,vehicle.mitsubishi.fusorosa,54.459,-32.797,134.706,7.05
881,97.5386,118.721,116,vehicle.mitsubishi.fusorosa,52.210,-32.796,134.705,7.04
881,97.5386,118.732,116,vehicle.mitsubishi.fusorosa,64.358,-32.796,134.705,7.03
881,97.5387,118.743,116,vehicle.mitsubishi.fusorosa,66.258,-32.795,134.704,7.02
881,97.5387,118.754,116,vehicle.mitsubishi.fusorosa,68.526,-32.795,134.704,7.02
881,97.5387,118.766,116,vehicle.mitsubishi.fusorosa,72.331,-32.795,134.703,7.01
881,97.5388,118.778,116,vehicle.mitsubishi.fusorosa,77.582,-32.795,134.702,7.01
882,97.6434,118.790,116,vehicle.mitsubishi.fusorosa,75.122,-32.794,134.702,7.00
882,97.6436,118.803,116,vehicle.mitsubishi.fusorosa,71.406,-32.794,134.701,6.99
882,97.6436,118.814,116,vehicle.mitsubishi.fusorosa,87.636,-32.793,134.701,6.98
882,97.6436,118.827,116,vehicle.mitsubishi.fusorosa,69.321,-32.793,134.700,6.97
882,97.6437,118.838,116,vehicle.mitsubishi.fusorosa,63.070,-32.793,134.700,6.95
882,97.6437,118.849,116,vehicle.mitsubishi.fusorosa,54.739,-32.792,134.700,6.94
882,97.6437,118.861,116,vehicle.mitsubishi.fusorosa,53.864,-32.792,134.700,6.93
882,97.6438,118.871,116,vehicle.mitsubishi.fusorosa,52.978,-32.792,134.699,6.92
882,97.6438,118.884,116,vehicle.mitsubishi.fusorosa,58.877,-32.791,134.699,6.91
883,97.7482,118.896,116,vehicle.mitsubishi.fusorosa,68.774,-32.791,134.698,6.90
883,97.7483,118.908,116,vehicle.mitsubishi.fusorosa,96.688,-32.791,134.697,6.89
883,97.7484,118.920,116,vehicle.mitsubishi.fusorosa,72.259,-32.791,134.697,6.89
883,97.7484,118.932,116,vehicle.mitsubishi.fusorosa,75.410,-32.790,134.696,6.88
883,97.7485,118.943,116,vehicle.mitsubishi.fusorosa,71.638,-32.790,134.695,6.88
883,97.7485,118.955,116,vehicle.mitsubishi.fusorosa,70.047,-32.790,134.694,6.87
883,97.7485,118.966,116,vehicle.mitsubishi.fusorosa,71.126,-32.789,134.694,6.86
883,97.7486,118.978,116,vehicle.mitsubishi.fusorosa,72.194,-32.789,134.693,6.85
883,97.7486,118.990,116,vehicle.mitsubishi.fusorosa,65.622,-32.788,134.693,6.84
884,97.8665,119.002,116,vehicle.mitsubishi.fusorosa,71.062,-32.788,134.693,6.83
884,97.8666,119.014,116,vehicle.mitsubishi.fusorosa,62.306,-32.788,134.692,6.81
884,97.8667,119.025,116,vehicle.mitsubishi.fusorosa,52.795,-32.787,134.692,6.80
884,97.8667,119.036,116,vehicle.mitsubishi.fusorosa,57.364,-32.787,134.692,6.78
884,97.8667,119.048,116,vehicle.mitsubishi.fusorosa,53.872,-32.786,134.691,6.77
884,97.8668,119.059,116,vehicle.mitsubishi.fusorosa,62.774,-32.786,134.691,6.76
884,97.8668,119.070,116,vehicle.mitsubishi.fusorosa,67.733,-32.786,134.690,6.75
884,97.8668,119.082,116,vehicle.mitsubishi.fusorosa,69.841,-32.786,134.689,6.74
884,97.8669,119.093,116,vehicle.mitsubishi.fusorosa,65.074,-32.785,134.688,6.74
884,97.8669,119.105,116,vehicle.mitsubishi.fusorosa,72.963,-32.785,134.688,6.73
885,97.9818,119.117,116,vehicle.mitsubishi.fusorosa,71.930,-32.785,134.687,6.73
885,97.9820,119.128,116,vehicle.mitsubishi.fusorosa,61.442,-32.785,134.687,6.72
885,97.9820,119.139,116,vehicle.mitsubishi.fusorosa,63.165,-32.785,134.686,6.71
885,97.9821,119.151,116,vehicle.mitsubishi.fusorosa,59.829,-32.784,134.686,6.70
885,97.9821,119.162,116,vehicle.mitsubishi.fusorosa,57.662,-32.784,134.686,6.69
885,97.9821,119.173,116,vehicle.mitsubishi.fusorosa,55.421,-32.784,134.685,6.68
885,97.9822,119.185,116,vehicle.mitsubishi.fusorosa,57.760,-32.784,134.685,6.67
885,97.9822,119.197,116,vehicle.mitsubishi.fusorosa,55.576,-32.784,134.684,6.67
885,97.9822,119.208,116,vehicle.mitsubishi.fusorosa,63.085,-32.784,134.684,6.66
885,97.9823,119.220,116,vehicle.mitsubishi.fusorosa,70.468,-32.783,134.683,6.65
886,98.0880,119.232,116,vehicle.mitsubishi.fusorosa,63.558,-32.783,134.683,6.64
886,98.0882,119.243,116,vehicle.mitsubishi.fusorosa,81.253,-32.783,134.682,6.64
886,98.0882,119.255,116,vehicle.mitsubishi.fusorosa,70.896,-32.783,134.681,6.64
886,98.0882,119.267,116,vehicle.mitsubishi.fusorosa,72.465,-32.783,134.681,6.64
886,98.0883,119.279,116,vehicle.mitsubishi.fusorosa,75.928,-32.783,134.680,6.63
886,98.0883,119.291,116,vehicle.mitsubishi.fusorosa,73.875,-32.783,134.679,6.63
886,98.0883,119.302,116,vehicle.mitsubishi.fusorosa,66.452,-32.783,134.679,6.62
886,98.0884,119.313,116,vehicle.mitsubishi.fusorosa,59.184,-32.783,134.679,6.62
886,98.0884,119.325,116,vehicle.mitsubishi.fusorosa,62.257,-32.783,134.678,6.60
887,98.2025,119.337,116,vehicle.mitsubishi.fusorosa,63.434,-32.782,134.678,6.59
887,98.2026,119.349,116,vehicle.mitsubishi.fusorosa,67.322,-32.782,134.678,6.58
887,98.2027,119.360,116,vehicle.mitsubishi.fusorosa,67.231,-32.782,134.677,6.58
887,98.2027,119.372,116,vehicle.mitsubishi.fusorosa,57.350,-32.782,134.677,6.57
887,98.2027,119.383,116,vehicle.mitsubishi.fusorosa,68.163,-32.782,134.676,6.57
887,98.2028,119.394,116,vehicle.mitsubishi.fusorosa,69.598,-32.782,134.675,6.56
887,98.2028,119.406,116,vehicle.mitsubishi.fusorosa,66.605,-32.782,134.675,6.56
887,98.2028,119.418,116,vehicle.mitsubishi.fusorosa,79.173,-32.782,134.674,6.55
887,98.2029,119.430,116,vehicle.mitsubishi.fusorosa,70.045,-32.782,134.673,6.55
887,98.2029,119.442,116,vehicle.mitsubishi.fusorosa,74.253,-32.782,134.673,6.55
888,98.3063,119.453,116,vehicle.mitsubishi.fusorosa,68.485,-32.782,134.672,6.55
888,98.3064,119.466,116,vehicle.mitsubishi.fusorosa,58.790,-32.782,134.672,6.54
888,98.3067,119.477,116,vehicle.mitsubishi.fusorosa,50.126,-32.782,134.672,6.54
888,98.3068,119.488,116,vehicle.mitsubishi.fusorosa,50.554,-32.782,134.672,6.53
888,98.3068,119.500,116,vehicle.mitsubishi.fusorosa,68.208,-32.782,134.672,6.52
888,98.3068,119.513,116,vehicle.mitsubishi.fusorosa,70.567,-32.782,134.671,6.52
888,98.3069,119.524,116,vehicle.mitsubishi.fusorosa,61.254,-32.782,134.671,6.51
888,98.3069,119.535,116,vehicle.mitsubishi.fusorosa,59.509,-32.782,134.671,6.51
888,98.3069,119.547,116,vehicle.mitsubishi.fusorosa,69.649,-32.782,134.670,6.50
889,98.4238,119.559,116,vehicle.mitsubishi.fusorosa,67.891,-32.782,134.670,6.50
889,98.4239,119.570,116,vehicle.mitsubishi.fusorosa,75.090,-32.782,134.669,6.50
889,98.4240,119.582,116,vehicle.mitsubishi.fusorosa,68.487,-32.782,134.669,6.50
889,98.4240,119.593,116,vehicle.mitsubishi.fusorosa,67.081,-32.782,134.668,6.50
889,98.4241,119.604,116,vehicle.mitsubishi.fusorosa,65.530,-32.782,134.668,6.50
889,98.4241,119.615,116,vehicle.mitsubishi.fusorosa,70.179,-32.782,134.667,6.50
889,98.4241,119.627,116,vehicle.mitsubishi.fusorosa,66.285,-32.782,134.667,6.50
889,98.4242,119.638,116,vehicle.mitsubishi.fusorosa,61.013,-32.782,134.666,6.49
889,98.4242,119.650,116,vehicle.mitsubishi.fusorosa,59.924,-32.782,134.666,6.49
889,98.4242,119.661,116,vehicle.mitsubishi.fusorosa,44.684,-32.782,134.666,6.48
890,98.5302,119.673,116,vehicle.mitsubishi.fusorosa,56.114,-32.782,134.666,6.47
890,98.5303,119.685,116,vehicle.mitsubishi.fusorosa,79.013,-32.782,134.665,6.47
890,98.5304,119.697,116,vehicle.mitsubishi.fusorosa,63.175,-32.782,134.665,6.47
890,98.5304,119.708,116,vehicle.mitsubishi.fusorosa,66.145,-32.782,134.664,6.47
890,98.5304,119.719,116,vehicle.mitsubishi.fusorosa,71.319,-32.782,134.663,6.47
890,98.5305,119.731,116,vehicle.mitsubishi.fusorosa,68.589,-32.782,134.663,6.47
890,98.5305,119.743,116,vehicle.mitsubishi.fusorosa,71.069,-32.782,134.662,6.46
890,98.5305,119.754,116,vehicle.mitsubishi.fusorosa,70.593,-32.782,134.662,6.46
890,98.5309,119.767,116,vehicle.mitsubishi.fusorosa,67.794,-32.782,134.661,6.46
891,98.6451,119.779,116,vehicle.mitsubishi.fusorosa,65.261,-32.783,134.661,6.45
891,98.6453,119.790,116,vehicle.mitsubishi.fusorosa,51.907,-32.783,134.661,6.45
891,98.6454,119.802,116,vehicle.mitsubishi.fusorosa,55.612,-32.783,134.660,6.44
891,98.6454,119.814,116,vehicle.mitsubishi.fusorosa,50.775,-32.782,134.660,6.44
891,98.6454,119.826,116,vehicle.mitsubishi.fusorosa,41.364,-32.782,134.660,6.43
891,98.6455,119.837,116,vehicle.mitsubishi.fusorosa,58.921,-32.782,134.660,6.42
891,98.6455,119.848,116,vehicle.mitsubishi.fusorosa,63.139,-32.782,134.659,6.42
891,98.6455,119.860,116,vehicle.mitsubishi.fusorosa,68.334,-32.782,134.659,6.41
891,98.6456,119.871,116,vehicle.mitsubishi.fusorosa,66.871,-32.782,134.658,6.41
891,98.6456,119.883,116,vehicle.mitsubishi.fusorosa,73.842,-32.782,134.657,6.41
892,98.7469,119.895,116,vehicle.mitsubishi.fusorosa,70.205,-32.782,134.657,6.41
892,98.7470,119.907,116,vehicle.mitsubishi.fusorosa,66.389,-32.782,134.656,6.41
892,98.7471,119.918,116,vehicle.mitsubishi.fusorosa,72.676,-32.782,134.656,6.41
892,98.7471,119.929,116,vehicle.mitsubishi.fusorosa,66.280,-32.782,134.655,6.40
892,98.7472,119.941,116,vehicle.mitsubishi.fusorosa,70.924,-32.782,134.655,6.40
892,98.7472,119.952,116,vehicle.mitsubishi.fusorosa,60.870,-32.782,134.655,6.40
892,98.7472,119.963,116,vehicle.mitsubishi.fusorosa,61.915,-32.782,134.654,6.39
892,98.7473,119.974,116,vehicle.mitsubishi.fusorosa,58.423,-32.782,134.654,6.38
892,98.7473,119.987,116,vehicle.mitsubishi.fusorosa,63.510,-32.781,134.654,6.37
893,98.8608,119.999,116,vehicle.mitsubishi.fusorosa,58.994,-32.781,134.654,6.37
893,98.8610,120.011,116,vehicle.mitsubishi.fusorosa,97.800,-32.781,134.653,6.36
893,98.8612,120.023,116,vehicle.mitsubishi.fusorosa,67.015,-32.781,134.653,6.35
893,98.8612,120.033,116,vehicle.mitsubishi.fusorosa,67.073,-32.781,134.652,6.35
893,98.8613,120.044,116,vehicle.mitsubishi.fusorosa,64.882,-32.781,134.652,6.35
893,98.8613,120.055,116,vehicle.mitsubishi.fusorosa,66.209,-32.781,134.651,6.34
893,98.8613,120.066,116,vehicle.mitsubishi.fusorosa,66.216,-32.781,134.650,6.34
893,98.8614,120.077,116,vehicle.mitsubishi.fusorosa,69.059,-32.781,134.650,6.34
893,98.8614,120.088,116,vehicle.mitsubishi.fusorosa,62.444,-32.780,134.649,6.33
893,98.8614,120.100,116,vehicle.mitsubishi.fusorosa,51.130,-32.780,134.649,6.32
894,98.9789,120.112,116,vehicle.mitsubishi.fusorosa,54.096,-32.780,134.649,6.31
894,98.9790,120.123,116,vehicle.mitsubishi.fusorosa,66.307,-32.780,134.649,6.30
894,98.9791,120.135,116,vehicle.mitsubishi.fusorosa,55.587,-32.780,134.648,6.30
894,98.9791,120.146,116,vehicle.mitsubishi.fusorosa,51.907,-32.780,134.648,6.29
894,98.9791,120.158,116,vehicle.mitsubishi.fusorosa,59.880,-32.780,134.648,6.28
894,98.9792,120.170,116,vehicle.mitsubishi.fusorosa,66.972,-32.780,134.647,6.28
894,98.9792,120.181,116,vehicle.mitsubishi.fusorosa,67.189,-32.780,134.646,6.28
894,98.9792,120.192,116,vehicle.mitsubishi.fusorosa,68.259,-32.780,134.645,6.27
894,98.9793,120.203,116,vehicle.mitsubishi.fusorosa,68.850,-32.780,134.645,6.27
894,98.9793,120.215,116,vehicle.mitsubishi.fusorosa,72.137,-32.780,134.644,6.27
895,99.0823,120.228,116,vehicle.mitsubishi.fusorosa,78.022,-32.780,134.643,6.27
895,99.0825,120.240,116,vehicle.mitsubishi.fusorosa,64.384,-32.779,134.643,6.27
895,99.0826,120.251,116,vehicle.mitsubishi.fusorosa,68.918,-32.779,134.642,6.26
895,99.0826,120.262,116,vehicle.mitsubishi.fusorosa,62.362,-32.779,134.642,6.25
895,99.0827,120.274,116,vehicle.mitsubishi.fusorosa,65.298,-32.779,134.642,6.24
895,99.0827,120.285,116,vehicle.mitsubishi.fusorosa,51.182,-32.779,134.641,6.23
895,99.0828,120.297,116,vehicle.mitsubishi.fusorosa,54.725,-32.779,134.641,6.22
895,99.0829,120.308,116,vehicle.mitsubishi.fusorosa,50.674,-32.778,134.641,6.21
895,99.0829,120.320,116,vehicle.mitsubishi.fusorosa,63.682,-32.778,134.640,6.20
896,99.2030,120.332,116,vehicle.mitsubishi.fusorosa,66.919,-32.778,134.639,6.20
896,99.2032,120.344,116,vehicle.mitsubishi.fusorosa,86.482,-32.778,134.639,6.20
896,99.2034,120.356,116,vehicle.mitsubishi.fusorosa,71.928,-32.778,134.638,6.19
896,99.2034,120.367,116,vehicle.mitsubishi.fusorosa,69.779,-32.778,134.637,6.19
896,99.2035,120.379,116,vehicle.mitsubishi.fusorosa,72.075,-32.778,134.637,6.19
896,99.2035,120.390,116,vehicle.mitsubishi.fusorosa,72.680,-32.778,134.636,6.18
896,99.2036,120.402,116,vehicle.mitsubishi.fusorosa,112.495,-32.778,134.635,6.17
896,99.2037,120.414,116,vehicle.mitsubishi.fusorosa,94.515,-32.777,134.635,6.17
896,99.2038,120.425,116,vehicle.mitsubishi.fusorosa,58.884,-32.777,134.634,6.16
896,99.2039,120.438,116,vehicle.mitsubishi.fusorosa,53.414,-32.777,134.634,6.15
897,99.3049,120.449,116,vehicle.mitsubishi.fusorosa,59.876,-32.777,134.634,6.14
897,99.3050,120.462,116,vehicle.mitsubishi.fusorosa,60.547,-32.777,134.633,6.13
897,99.3051,120.474,116,vehicle.mitsubishi.fusorosa,96.927,-32.777,134.633,6.12
897,99.3051,120.486,116,vehicle.mitsubishi.fusorosa,62.853,-32.777,134.632,6.11
897,99.3051,120.497,116,vehicle.mitsubishi.fusorosa,64.201,-32.777,134.631,6.11
897,99.3052,120.508,116,vehicle.mitsubishi.fusorosa,72.339,-32.777,134.631,6.11
897,99.3052,120.520,116,vehicle.mitsubishi.fusorosa,73.103,-32.777,134.630,6.10
897,99.3052,120.531,116,vehicle.mitsubishi.fusorosa,69.754,-32.777,134.629,6.10
897,99.3053,120.543,116,vehicle.mitsubishi.fusorosa,74.958,-32.777,134.628,6.09
898,99.4088,120.555,116,vehicle.mitsubishi.fusorosa,73.528,-32.776,134.628,6.09
898,99.4089,120.566,116,vehicle.mitsubishi.fusorosa,45.105,-32.776,134.627,6.08
898,99.4090,120.578,116,vehicle.mitsubishi.fusorosa,75.295,-32.776,134.627,6.07
898,99.4090,120.590,116,vehicle.mitsubishi.fusorosa,119.661,-32.776,134.626,6.06
898,99.4090,120.602,116,vehicle.mitsubishi.fusorosa,52.547,-32.775,134.626,6.05
898,99.4091,120.614,116,vehicle.mitsubishi.fusorosa,51.581,-32.775,134.626,6.04
898,99.4091,120.626,116,vehicle.mitsubishi.fusorosa,46.744,-32.775,134.626,6.03
898,99.4091,120.638,116,vehicle.mitsubishi.fusorosa,58.810,-32.775,134.625,6.03
898,99.4092,120.649,116,vehicle.mitsubishi.fusorosa,62.831,-32.775,134.625,6.02
899,99.5238,120.661,116,vehicle.mitsubishi.fusorosa,69.068,-32.774,134.624,6.01
899,99.5239,120.673,116,vehicle.mitsubishi.fusorosa,93.706,-32.774,134.624,6.01
899,99.5240,120.684,116,vehicle.mitsubishi.fusorosa,68.643,-32.774,134.623,6.00
899,99.5240,120.696,116,vehicle.mitsubishi.fusorosa,68.908,-32.774,134.622,6.00
899,99.5240,120.707,116,vehicle.mitsubishi.fusorosa,69.455,-32.773,134.622,5.99
899,99.5241,120.719,116,vehicle.mitsubishi.fusorosa,72.990,-32.773,134.621,5.99
899,99.5241,120.730,116,vehicle.mitsubishi.fusorosa,67.755,-32.772,134.620,5.98
899,99.5241,120.741,116,vehicle.mitsubishi.fusorosa,68.454,-32.772,134.620,5.97
899,99.5242,120.752,116,vehicle.mitsubishi.fusorosa,68.953,-32.772,134.620,5.97
899,99.5242,120.764,116,vehicle.mitsubishi.fusorosa,64.313,-32.771,134.619,5.96
900,99.6292,120.775,116,vehicle.mitsubishi.fusorosa,70.079,-32.771,134.619,5.94
900,99.6294,120.787,116,vehicle.mitsubishi.fusorosa,51.883,-32.770,134.619,5.93
900,99.6294,120.798,116,vehicle.mitsubishi.fusorosa,61.024,-32.770,134.619,5.92
900,99.6295,120.809,116,vehicle.mitsubishi.fusorosa,57.076,-32.770,134.618,5.90
900,99.6295,120.821,116,vehicle.mitsubishi.fusorosa,60.849,-32.770,134.618,5.89
900,99.6295,120.832,116,vehicle.mitsubishi.fusorosa,61.047,-32.769,134.617,5.89
900,99.6295,120.843,116,vehicle.mitsubishi.fusorosa,65.715,-32.769,134.617,5.88
900,99.6296,120.855,116,vehicle.mitsubishi.fusorosa,67.031,-32.769,134.616,5.88
900,99.6296,120.866,116,vehicle.mitsubishi.fusorosa,72.457,-32.768,134.615,5.88
901,99.7449,120.878,116,vehicle.mitsubishi.fusorosa,71.813,-32.768,134.614,5.87
901,99.7457,120.890,116,vehicle.mitsubishi.fusorosa,71.369,-32.768,134.614,5.87
901,99.7458,120.901,116,vehicle.mitsubishi.fusorosa,64.778,-32.768,134.613,5.86
901,99.7458,120.914,116,vehicle.mitsubishi.fusorosa,78.117,-32.767,134.613,5.85
901,99.7459,120.926,116,vehicle.mitsubishi.fusorosa,83.102,-32.767,134.612,5.84
901,99.7459,120.936,116,vehicle.mitsubishi.fusorosa,83.027,-32.767,134.612,5.83
901,99.7460,120.948,116,vehicle.mitsubishi.fusorosa,66.699,-32.766,134.612,5.81
901,99.7460,120.959,116,vehicle.mitsubishi.fusorosa,52.000,-32.766,134.612,5.80
901,99.7460,120.971,116,vehicle.mitsubishi.fusorosa,56.422,-32.766,134.611,5.79
901,99.7461,120.982,116,vehicle.mitsubishi.fusorosa,55.630,-32.766,134.611,5.77
902,99.8602,120.994,116,vehicle.mitsubishi.fusorosa,63.830,-32.765,134.610,5.76
902,99.8604,121.006,116,vehicle.mitsubishi.fusorosa,95.185,-32.765,134.610,5.76
902,99.8604,121.017,116,vehicle.mitsubishi.fusorosa,71.578,-32.765,134.609,5.75
902,99.8605,121.029,116,vehicle.mitsubishi.fusorosa,70.398,-32.765,134.608,5.75
902,99.8605,121.040,116,vehicle.mitsubishi.fusorosa,69.478,-32.764,134.608,5.74
902,99.8606,121.052,116,vehicle.mitsubishi.fusorosa,74.278,-32.764,134.607,5.73
902,99.8606,121.063,116,vehicle.mitsubishi.fusorosa,72.372,-32.764,134.606,5.72
902,99.8606,121.074,116,vehicle.mitsubishi.fusorosa,69.801,-32.763,134.606,5.71
902,99.8607,121.086,116,vehicle.mitsubishi.fusorosa,67.225,-32.763,134.605,5.70
902,99.8607,121.098,116,vehicle.mitsubishi.fusorosa,51.941,-32.763,134.605,5.69
903,99.9649,121.110,116,vehicle.mitsubishi.fusorosa,49.674,-32.762,134.604,5.68
903,99.9651,121.122,116,vehicle.mitsubishi.fusorosa,71.203,-32.762,134.604,5.66
903,99.9651,121.133,116,vehicle.mitsubishi.fusorosa,52.958,-32.762,134.604,5.65
903,99.9651,121.144,116,vehicle.mitsubishi.fusorosa,48.373,-32.761,134.604,5.63
903,99.9652,121.156,116,vehicle.mitsubishi.fusorosa,55.370,-32.761,134.603,5.62
903,99.9652,121.167,116,vehicle.mitsubishi.fusorosa,58.817,-32.761,134.602,5.61
903,99.9652,121.178,116,vehicle.mitsubishi.fusorosa,65.882,-32.760,134.602,5.61
903,99.9653,121.190,116,vehicle.mitsubishi.fusorosa,69.121,-32.760,134.601,5.61
903,99.9653,121.201,116,vehicle.mitsubishi.fusorosa,72.072,-32.760,134.600,5.60
904,100.0813,121.213,116,vehicle.mitsubishi.fusorosa,72.269,-32.760,134.599,5.60
904,100.0815,121.225,116,vehicle.mitsubishi.fusorosa,73.579,-32.759,134.598,5.59
904,100.0815,121.237,116,vehicle.mitsubishi.fusorosa,70.419,-32.759,134.598,5.58
904,100.0815,121.248,116,vehicle.mitsubishi.fusorosa,68.978,-32.759,134.597,5.58
904,100.0816,121.259,116,vehicle.mitsubishi.fusorosa,68.773,-32.758,134.597,5.57
904,100.0816,121.271,116,vehicle.mitsubishi.fusorosa,71.735,-32.758,134.596,5.56
904,100.0816,121.282,116,vehicle.mitsubishi.fusorosa,63.384,-32.757,134.596,5.55
904,100.0817,121.293,116,vehicle.mitsubishi.fusorosa,62.029,-32.757,134.596,5.54
904,100.0817,121.305,116,vehicle.mitsubishi.fusorosa,51.773,-32.757,134.596,5.53
904,100.0818,121.317,116,vehicle.mitsubishi.fusorosa,45.997,-32.757,134.596,5.52
905,100.1877,121.330,116,vehicle.mitsubishi.fusorosa,65.327,-32.756,134.595,5.50
905,100.1878,121.341,116,vehicle.mitsubishi.fusorosa,111.795,-32.756,134.595,5.49
905,100.1878,121.353,116,vehicle.mitsubishi.fusorosa,71.708,-32.756,134.594,5.48
905,100.1879,121.365,116,vehicle.mitsubishi.fusorosa,72.862,-32.755,134.594,5.47
905,100.1879,121.376,116,vehicle.mitsubishi.fusorosa,70.095,-32.755,134.593,5.46
905,100.1880,121.387,116,vehicle.mitsubishi.fusorosa,72.107,-32.754,134.592,5.45
905,100.1880,121.399,116,vehicle.mitsubishi.fusorosa,74.943,-32.754,134.591,5.45
905,100.1880,121.411,116,vehicle.mitsubishi.fusorosa,73.550,-32.753,134.591,5.44
905,100.1880,121.424,116,vehicle.mitsubishi.fusorosa,80.440,-32.753,134.590,5.43
906,100.3010,121.436,116,vehicle.mitsubishi.fusorosa,75.199,-32.752,134.590,5.42
906,100.3012,121.448,116,vehicle.mitsubishi.fusorosa,72.190,-32.752,134.589,5.41
906,100.3013,121.459,116,vehicle.mitsubishi.fusorosa,50.068,-32.751,134.589,5.39
906,100.3013,121.471,116,vehicle.mitsubishi.fusorosa,62.987,-32.751,134.589,5.38
906,100.3014,121.482,116,vehicle.mitsubishi.fusorosa,58.131,-32.750,134.589,5.36
906,100.3015,121.494,116,vehicle.mitsubishi.fusorosa,50.154,-32.750,134.588,5.35
906,100.3015,121.506,116,vehicle.mitsubishi.fusorosa,70.025,-32.750,134.587,5.35
906,100.3016,121.517,116,vehicle.mitsubishi.fusorosa,69.966,-32.749,134.587,5.34
906,100.3016,121.529,116,vehicle.mitsubishi.fusorosa,71.339,-32.749,134.586,5.33
906,100.3016,121.542,116,vehicle.mitsubishi.fusorosa,74.627,-32.748,134.585,5.33
907,100.4045,121.554,116,vehicle.mitsubishi.fusorosa,71.683,-32.748,134.584,5.33
907,100.4048,121.565,116,vehicle.mitsubishi.fusorosa,73.383,-32.748,134.583,5.32
907,100.4049,121.576,116,vehicle.mitsubishi.fusorosa,68.897,-32.747,134.583,5.31
907,100.4049,121.588,116,vehicle.mitsubishi.fusorosa,67.758,-32.747,134.582,5.30
907,100.4050,121.600,116,vehicle.mitsubishi.fusorosa,69.848,-32.746,134.582,5.29
907,100.4050,121.610,116,vehicle.mitsubishi.fusorosa,66.653,-32.746,134.582,5.28
907,100.4050,121.621,116,vehicle.mitsubishi.fusorosa,60.244,-32.745,134.582,5.27
907,100.4051,121.633,116,vehicle.mitsubishi.fusorosa,78.458,-32.745,134.581,5.26
907,100.4051,121.645,116,vehicle.mitsubishi.fusorosa,59.807,-32.744,134.581,5.25
908,100.5197,121.657,116,vehicle.mitsubishi.fusorosa,63.401,-32.744,134.581,5.23
908,100.5199,121.669,116,vehicle.mitsubishi.fusorosa,78.681,-32.744,134.580,5.22
908,100.5201,121.680,116,vehicle.mitsubishi.fusorosa,64.068,-32.743,134.580,5.21
908,100.5202,121.692,116,vehicle.mitsubishi.fusorosa,63.182,-32.743,134.580,5.21
908,100.5202,121.703,116,vehicle.mitsubishi.fusorosa,67.316,-32.742,134.579,5.20
908,100.5203,121.714,116,vehicle.mitsubishi.fusorosa,68.894,-32.742,134.578,5.20
908,100.5203,121.726,116,vehicle.mitsubishi.fusorosa,67.974,-32.742,134.577,5.19
908,100.5203,121.737,116,vehicle.mitsubishi.fusorosa,68.843,-32.741,134.577,5.19
908,100.5204,121.748,116,vehicle.mitsubishi.fusorosa,68.255,-32.741,134.576,5.19
908,100.5204,121.761,116,vehicle.mitsubishi.fusorosa,105.758,-32.741,134.576,5.18
909,100.6281,121.772,116,vehicle.mitsubishi.fusorosa,104.501,-32.740,134.575,5.17
909,100.6282,121.785,116,vehicle.mitsubishi.fusorosa,77.075,-32.740,134.575,5.16
909,100.6283,121.796,116,vehicle.mitsubishi.fusorosa,61.758,-32.739,134.574,5.16
909,100.6283,121.808,116,vehicle.mitsubishi.fusorosa,68.263,-32.739,134.574,5.14
909,100.6283,121.819,116,vehicle.mitsubishi.fusorosa,58.242,-32.739,134.574,5.13
909,100.6284,121.831,116,vehicle.mitsubishi.fusorosa,58.497,-32.738,134.574,5.11
909,100.6284,121.843,116,vehicle.mitsubishi.fusorosa,57.536,-32.738,134.573,5.10
909,100.6284,121.854,116,vehicle.mitsubishi.fusorosa,52.758,-32.738,134.573,5.09
909,100.6285,121.866,116,vehicle.mitsubishi.fusorosa,73.196,-32.737,134.572,5.09
910,100.7452,121.878,116,vehicle.mitsubishi.fusorosa,68.605,-32.737,134.571,5.08
910,100.7454,121.890,116,vehicle.mitsubishi.fusorosa,82.961,-32.737,134.571,5.08
910,100.7454,121.901,116,vehicle.mitsubishi.fusorosa,72.739,-32.736,134.570,5.07
910,100.7454,121.913,116,vehicle.mitsubishi.fusorosa,72.886,-32.736,134.569,5.07
910,100.7455,121.925,116,vehicle.mitsubishi.fusorosa,72.825,-32.736,134.569,5.06
910,100.7455,121.937,116,vehicle.mitsubishi.fusorosa,72.184,-32.735,134.568,5.05
910,100.7455,121.948,116,vehicle.mitsubishi.fusorosa,69.880,-32.735,134.568,5.05
910,100.7456,121.959,116,vehicle.mitsubishi.fusorosa,113.978,-32.734,134.567,5.03
910,100.7456,121.971,116,vehicle.mitsubishi.fusorosa,86.287,-32.734,134.567,5.03
910,100.7456,121.983,116,vehicle.mitsubishi.fusorosa,61.037,-32.733,134.566,5.01
911,100.8514,121.995,116,vehicle.mitsubishi.fusorosa,54.628,-32.733,134.566,5.00
911,100.8516,122.007,116,vehicle.mitsubishi.fusorosa,66.878,-32.733,134.566,4.99
911,100.8516,122.019,116,vehicle.mitsubishi.fusorosa,58.091,-32.732,134.566,4.97
911,100.8517,122.031,116,vehicle.mitsubishi.fusorosa,59.426,-32.732,134.565,4.96
911,100.8517,122.043,116,vehicle.mitsubishi.fusorosa,64.266,-32.732,134.565,4.96
911,100.8517,122.054,116,vehicle.mitsubishi.fusorosa,63.186,-32.732,134.564,4.95
911,100.8518,122.066,116,vehicle.mitsubishi.fusorosa,73.896,-32.731,134.563,4.95
911,100.8518,122.078,116,vehicle.mitsubishi.fusorosa,71.987,-32.731,134.562,4.94
911,100.8518,122.090,116,vehicle.mitsubishi.fusorosa,72.589,-32.731,134.562,4.94
912,100.9550,122.102,116,vehicle.mitsubishi.fusorosa,72.936,-32.730,134.561,4.94
912,100.9551,122.114,116,vehicle.mitsubishi.fusorosa,71.521,-32.730,134.560,4.93
912,100.9552,122.126,116,vehicle.mitsubishi.fusorosa,73.189,-32.730,134.560,4.93
912,100.9552,122.138,116,vehicle.mitsubishi.fusorosa,74.522,-32.729,134.559,4.92
912,100.9552,122.150,116,vehicle.mitsubishi.fusorosa,74.425,-32.729,134.559,4.91
912,100.9553,122.161,116,vehicle.mitsubishi.fusorosa,71.305,-32.728,134.559,4.90
912,100.9553,122.173,116,vehicle.mitsubishi.fusorosa,64.727,-32.728,134.558,4.89
912,100.9553,122.184,116,vehicle.mitsubishi.fusorosa,62.729,-32.727,134.558,4.88
912,100.9554,122.197,116,vehicle.mitsubishi.fusorosa,70.376,-32.727,134.558,4.87
913,101.0734,122.209,116,vehicle.mitsubishi.fusorosa,51.157,-32.726,134.558,4.86
913,101.0735,122.220,116,vehicle.mitsubishi.fusorosa,68.702,-32.726,134.557,4.84
913,101.0736,122.232,116,vehicle.mitsubishi.fusorosa,60.488,-32.726,134.557,4.83
913,101.0736,122.244,116,vehicle.mitsubishi.fusorosa,67.765,-32.725,134.557,4.82
913,101.0736,122.255,116,vehicle.mitsubishi.fusorosa,70.983,-32.725,134.556,4.82
913,101.0737,122.266,116,vehicle.mitsubishi.fusorosa,66.790,-32.725,134.555,4.81
913,101.0737,122.278,116,vehicle.mitsubishi.fusorosa,70.082,-32.724,134.555,4.81
913,101.0737,122.290,116,vehicle.mitsubishi.fusorosa,70.198,-32.724,134.554,4.80
913,101.0738,122.302,116,vehicle.mitsubishi.fusorosa,70.676,-32.724,134.553,4.80
913,101.0738,122.314,116,vehicle.mitsubishi.fusorosa,72.069,-32.723,134.553,4.79
914,101.1854,122.326,116,vehicle.mitsubishi.fusorosa,74.256,-32.723,134.552,4.78
914,101.1856,122.338,116,vehicle.mitsubishi.fusorosa,53.740,-32.722,134.552,4.77
914,101.1856,122.350,116,vehicle.mitsubishi.fusorosa,70.127,-32.722,134.552,4.76
914,101.1857,122.362,116,vehicle.mitsubishi.fusorosa,61.581,-32.721,134.551,4.75
914,101.1857,122.374,116,vehicle.mitsubishi.fusorosa,57.106,-32.721,134.551,4.73
914,101.1857,122.386,116,vehicle.mitsubishi.fusorosa,55.098,-32.721,134.551,4.72
914,101.1858,122.398,116,vehicle.mitsubishi.fusorosa,60.596,-32.720,134.550,4.71
914,101.1858,122.410,116,vehicle.mitsubishi.fusorosa,58.431,-32.720,134.550,4.70
914,101.1858,122.423,116,vehicle.mitsubishi.fusorosa,73.214,-32.720,134.549,4.69
915,101.2925,122.435,116,vehicle.mitsubishi.fusorosa,70.031,-32.720,134.548,4.69
915,101.2926,122.447,116,vehicle.mitsubishi.fusorosa,91.509,-32.719,134.548,4.68
915,101.2926,122.460,116,vehicle.mitsubishi.fusorosa,75.234,-32.719,134.547,4.68
915,101.2927,122.471,116,vehicle.mitsubishi.fusorosa,70.253,-32.719,134.546,4.68
915,101.2927,122.483,116,vehicle.mitsubishi.fusorosa,71.504,-32.719,134.546,4.67
915,101.2927,122.495,116,vehicle.mitsubishi.fusorosa,72.638,-32.718,134.545,4.66
915,101.2928,122.507,116,vehicle.mitsubishi.fusorosa,72.750,-32.718,134.544,4.66
915,101.2928,122.518,116,vehicle.mitsubishi.fusorosa,70.514,-32.717,134.544,4.65
915,101.2928,122.530,116,vehicle.mitsubishi.fusorosa,72.032,-32.717,134.544,4.64
916,101.3967,122.543,116,vehicle.mitsubishi.fusorosa,98.320,-32.717,134.543,4.63
916,101.3969,122.555,116,vehicle.mitsubishi.fusorosa,66.292,-32.716,134.543,4.61
916,101.3969,122.566,116,vehicle.mitsubishi.fusorosa,58.792,-32.716,134.543,4.59
916,101.3969,122.578,116,vehicle.mitsubishi.fusorosa,53.536,-32.716,134.543,4.58
916,101.3970,122.589,116,vehicle.mitsubishi.fusorosa,55.574,-32.715,134.542,4.57
916,101.3970,122.600,116,vehicle.mitsubishi.fusorosa,60.295,-32.715,134.541,4.56
916,101.3970,122.612,116,vehicle.mitsubishi.fusorosa,66.114,-32.715,134.541,4.56
916,101.3971,122.624,116,vehicle.mitsubishi.fusorosa,72.874,-32.715,134.540,4.56
916,101.3971,122.637,116,vehicle.mitsubishi.fusorosa,78.586,-32.714,134.539,4.55
917,101.5156,122.650,116,vehicle.mitsubishi.fusorosa,74.247,-32.714,134.538,4.55
917,101.5157,122.661,116,vehicle.mitsubishi.fusorosa,74.739,-32.714,134.537,4.55
917,101.5158,122.673,116,vehicle.mitsubishi.fusorosa,72.870,-32.714,134.537,4.54
917,101.5159,122.685,116,vehicle.mitsubishi.fusorosa,68.663,-32.713,134.536,4.53
917,101.5159,122.696,116,vehicle.mitsubishi.fusorosa,68.109,-32.713,134.536,4.53
917,101.5159,122.708,116,vehicle.mitsubishi.fusorosa,69.715,-32.713,134.535,4.52
917,101.5160,122.719,116,vehicle.mitsubishi.fusorosa,72.788,-32.712,134.535,4.51
917,101.5160,122.731,116,vehicle.mitsubishi.fusorosa,56.406,-32.712,134.535,4.51
917,101.5160,122.743,116,vehicle.mitsubishi.fusorosa,63.486,-32.712,134.535,4.50
917,101.5161,122.755,116,vehicle.mitsubishi.fusorosa,51.903,-32.712,134.534,4.49
918,101.6201,122.767,116,vehicle.mitsubishi.fusorosa,42.004,-32.712,134.534,4.48
918,101.6203,122.778,116,vehicle.mitsubishi.fusorosa,96.662,-32.711,134.534,4.47
918,101.6203,122.790,116,vehicle.mitsubishi.fusorosa,67.412,-32.711,134.533,4.46
918,101.6203,122.802,116,vehicle.mitsubishi.fusorosa,71.412,-32.711,134.533,4.46
918,101.6204,122.813,116,vehicle.mitsubishi.fusorosa,70.331,-32.711,134.532,4.45
918,101.6204,122.825,116,vehicle.mitsubishi.fusorosa,70.042,-32.711,134.531,4.45
918,101.6204,122.836,116,vehicle.mitsubishi.fusorosa,67.590,-32.711,134.531,4.45
918,101.6205,122.847,116,vehicle.mitsubishi.fusorosa,66.611,-32.710,134.530,4.45
918,101.6205,122.861,116,vehicle.mitsubishi.fusorosa,80.039,-32.710,134.530,4.44
919,101.7256,122.873,116,vehicle.mitsubishi.fusorosa,75.099,-32.710,134.529,4.44
919,101.7258,122.885,116,vehicle.mitsubishi.fusorosa,53.167,-32.709,134.529,4.43
919,101.7258,122.897,116,vehicle.mitsubishi.fusorosa,47.240,-32.709,134.528,4.42
919,101.7259,122.908,116,vehicle.mitsubishi.fusorosa,61.327,-32.709,134.528,4.41
919,101.7259,122.919,116,vehicle.mitsubishi.fusorosa,72.529,-32.709,134.528,4.40
919,101.7259,122.930,116,vehicle.mitsubishi.fusorosa,51.758,-32.708,134.528,4.39
919,101.7260,122.942,116,vehicle.mitsubishi.fusorosa,61.560,-32.708,134.528,4.38
919,101.7260,122.953,116,vehicle.mitsubishi.fusorosa,66.086,-32.708,134.527,4.38
919,101.7260,122.966,116,vehicle.mitsubishi.fusorosa,75.260,-32.708,134.527,4.37
920,101.8419,122.978,116,vehicle.mitsubishi.fusorosa,71.168,-32.707,134.526,4.37
920,101.8420,122.990,116,vehicle.mitsubishi.fusorosa,74.141,-32.707,134.526,4.36
920,101.8420,123.002,116,vehicle.mitsubishi.fusorosa,71.194,-32.707,134.526,4.35
920,101.8421,123.014,116,vehicle.mitsubishi.fusorosa,65.298,-32.706,134.525,4.35
920,101.8421,123.025,116,vehicle.mitsubishi.fusorosa,61.985,-32.706,134.525,4.34
920,101.8421,123.037,116,vehicle.mitsubishi.fusorosa,65.142,-32.706,134.525,4.33
920,101.8422,123.048,116,vehicle.mitsubishi.fusorosa,62.190,-32.705,134.524,4.33
920,101.8422,123.059,116,vehicle.mitsubishi.fusorosa,59.410,-32.705,134.524,4.32
920,101.8422,123.070,116,vehicle.mitsubishi.fusorosa,56.184,-32.704,134.524,4.31
920,101.8423,123.083,116,vehicle.mitsubishi.fusorosa,69.171,-32.704,134.523,4.31
921,101.9468,123.094,116,vehicle.mitsubishi.fusorosa,66.772,-32.704,134.523,4.30
921,101.9469,123.106,116,vehicle.mitsubishi.fusorosa,77.628,-32.703,134.522,4.30
921,101.9470,123.117,116,vehicle.mitsubishi.fusorosa,85.067,-32.703,134.522,4.29
921,101.9470,123.128,116,vehicle.mitsubishi.fusorosa,69.116,-32.703,134.521,4.29
921,101.9470,123.140,116,vehicle.mitsubishi.fusorosa,77.348,-32.703,134.521,4.28
921,101.9471,123.152,116,vehicle.mitsubishi.fusorosa,73.549,-32.702,134.521,4.28
921,101.9471,123.163,116,vehicle.mitsubishi.fusorosa,66.541,-32.702,134.520,4.27
921,101.9471,123.175,116,vehicle.mitsubishi.fusorosa,60.117,-32.702,134.520,4.26
921,101.9472,123.187,116,vehicle.mitsubishi.fusorosa,53.566,-32.701,134.520,4.26
922,102.0671,123.198,116,vehicle.mitsubishi.fusorosa,44.915,-32.701,134.519,4.25
922,102.0673,123.210,116,vehicle.mitsubishi.fusorosa,75.403,-32.700,134.519,4.24
922,102.0673,123.222,116,vehicle.mitsubishi.fusorosa,64.077,-32.700,134.519,4.23
922,102.0674,123.235,116,vehicle.mitsubishi.fusorosa,71.041,-32.700,134.518,4.22
922,102.0674,123.246,116,vehicle.mitsubishi.fusorosa,70.104,-32.699,134.518,4.21
922,102.0674,123.258,116,vehicle.mitsubishi.fusorosa,70.282,-32.699,134.517,4.21
922,102.0675,123.270,116,vehicle.mitsubishi.fusorosa,69.355,-32.699,134.517,4.21
922,102.0675,123.281,116,vehicle.mitsubishi.fusorosa,69.367,-32.698,134.516,4.20
922,102.0675,123.293,116,vehicle.mitsubishi.fusorosa,68.499,-32.698,134.515,4.20
922,102.0676,123.305,116,vehicle.mitsubishi.fusorosa,62.970,-32.698,134.515,4.19
923,102.1824,123.317,116,vehicle.mitsubishi.fusorosa,64.874,-32.697,134.515,4.18
923,102.1826,123.332,116,vehicle.mitsubishi.fusorosa,78.882,-32.697,134.514,4.18
923,102.1826,123.345,116,vehicle.mitsubishi.fusorosa,100.960,-32.697,134.514,4.17
923,102.1827,123.358,116,vehicle.mitsubishi.fusorosa,67.573,-32.696,134.514,4.15
923,102.1827,123.370,116,vehicle.mitsubishi.fusorosa,49.907,-32.696,134.514,4.14
923,102.1827,123.383,116,vehicle.mitsubishi.fusorosa,53.737,-32.696,134.513,4.13
923,102.1828,123.396,116,vehicle.mitsubishi.fusorosa,65.035,-32.695,134.513,4.13
923,102.1828,123.407,116,vehicle.mitsubishi.fusorosa,65.227,-32.695,134.512,4.12
923,102.1828,123.419,116,vehicle.mitsubishi.fusorosa,73.091,-32.695,134.512,4.12
924,102.2943,123.432,116,vehicle.mitsubishi.fusorosa,71.973,-32.695,134.511,4.11
924,102.2945,123.444,116,vehicle.mitsubishi.fusorosa,78.908,-32.694,134.510,4.11
924,102.2946,123.457,116,vehicle.mitsubishi.fusorosa,75.606,-32.694,134.510,4.10
924,102.2946,123.469,116,vehicle.mitsubishi.fusorosa,75.796,-32.694,134.509,4.10
924,102.2946,123.481,116,vehicle.mitsubishi.fusorosa,69.327,-32.693,134.509,4.09
924,102.2947,123.492,116,vehicle.mitsubishi.fusorosa,62.329,-32.693,134.508,4.08
924,102.2947,123.504,116,vehicle.mitsubishi.fusorosa,67.924,-32.693,134.508,4.08
924,102.2947,123.516,116,vehicle.mitsubishi.fusorosa,81.278,-32.692,134.507,4.07
924,102.2948,123.528,116,vehicle.mitsubishi.fusorosa,57.384,-32.692,134.507,4.06
925,102.3984,123.541,116,vehicle.mitsubishi.fusorosa,57.517,-32.691,134.507,4.05
925,102.3985,123.553,116,vehicle.mitsubishi.fusorosa,83.866,-32.691,134.507,4.04
925,102.3986,123.568,116,vehicle.mitsubishi.fusorosa,80.580,-32.691,134.506,4.02
925,102.3986,123.580,116,vehicle.mitsubishi.fusorosa,64.150,-32.690,134.506,4.02
925,102.3986,123.593,116,vehicle.mitsubishi.fusorosa,71.722,-32.690,134.505,4.01
925,102.3987,123.604,116,vehicle.mitsubishi.fusorosa,66.205,-32.690,134.505,4.01
925,102.3987,123.615,116,vehicle.mitsubishi.fusorosa,69.162,-32.690,134.504,4.00
925,102.3987,123.627,116,vehicle.mitsubishi.fusorosa,70.288,-32.689,134.503,4.00
925,102.3988,123.640,116,vehicle.mitsubishi.fusorosa,76.915,-32.689,134.502,4.00
926,102.5045,123.651,116,vehicle.mitsubishi.fusorosa,70.889,-32.689,134.502,3.99
926,102.5046,123.663,116,vehicle.mitsubishi.fusorosa,66.997,-32.688,134.501,3.99
926,102.5047,123.675,116,vehicle.mitsubishi.fusorosa,68.638,-32.688,134.501,3.98
926,102.5047,123.687,116,vehicle.mitsubishi.fusorosa,72.184,-32.688,134.500,3.97
926,102.5048,123.698,116,vehicle.mitsubishi.fusorosa,70.489,-32.687,134.500,3.96
926,102.5048,123.709,116,vehicle.mitsubishi.fusorosa,65.354,-32.687,134.499,3.95
926,102.5048,123.721,116,vehicle.mitsubishi.fusorosa,52.824,-32.687,134.499,3.94
926,102.5049,123.733,116,vehicle.mitsubishi.fusorosa,57.281,-32.686,134.499,3.93
926,102.5049,123.745,116,vehicle.mitsubishi.fusorosa,58.594,-32.686,134.499,3.91
927,102.6103,123.757,116,vehicle.mitsubishi.fusorosa,61.963,-32.686,134.499,3.90
927,102.6105,123.770,116,vehicle.mitsubishi.fusorosa,92.434,-32.685,134.498,3.89
927,102.6105,123.782,116,vehicle.mitsubishi.fusorosa,63.724,-32.685,134.498,3.88
927,102.6106,123.793,116,vehicle.mitsubishi.fusorosa,61.884,-32.685,134.497,3.87
927,102.6106,123.804,116,vehicle.mitsubishi.fusorosa,67.862,-32.685,134.496,3.87
927,102.6106,123.816,116,vehicle.mitsubishi.fusorosa,72.476,-32.685,134.496,3.86
927,102.6107,123.828,116,vehicle.mitsubishi.fusorosa,75.701,-32.684,134.495,3.86
927,102.6107,123.840,116,vehicle.mitsubishi.fusorosa,73.023,-32.684,134.494,3.86
927,102.6107,123.853,116,vehicle.mitsubishi.fusorosa,71.128,-32.684,134.494,3.85
928,102.7365,123.865,116,vehicle.mitsubishi.fusorosa,71.079,-32.684,134.493,3.85
928,102.7366,123.877,116,vehicle.mitsubishi.fusorosa,61.517,-32.684,134.493,3.84
928,102.7367,123.889,116,vehicle.mitsubishi.fusorosa,73.698,-32.684,134.492,3.84
928,102.7367,123.901,116,vehicle.mitsubishi.fusorosa,72.634,-32.683,134.492,3.83
928,102.7368,123.913,116,vehicle.mitsubishi.fusorosa,56.400,-32.683,134.492,3.82
928,102.7368,123.926,116,vehicle.mitsubishi.fusorosa,63.701,-32.683,134.492,3.81
928,102.7368,123.938,116,vehicle.mitsubishi.fusorosa,44.754,-32.682,134.492,3.80
928,102.7369,123.950,116,vehicle.mitsubishi.fusorosa,51.905,-32.682,134.491,3.80
928,102.7369,123.962,116,vehicle.mitsubishi.fusorosa,62.623,-32.682,134.491,3.79
928,102.7369,123.975,116,vehicle.mitsubishi.fusorosa,75.702,-32.682,134.490,3.79
929,102.8393,123.987,116,vehicle.mitsubishi.fusorosa,70.023,-32.682,134.490,3.78
929,102.8395,123.998,116,vehicle.mitsubishi.fusorosa,77.315,-32.682,134.489,3.78
929,102.8395,124.010,116,vehicle.mitsubishi.fusorosa,72.221,-32.682,134.489,3.78
929,102.8395,124.021,116,vehicle.mitsubishi.fusorosa,72.696,-32.681,134.489,3.78
929,102.8396,124.033,116,vehicle.mitsubishi.fusorosa,71.842,-32.681,134.488,3.77
929,102.8396,124.044,116,vehicle.mitsubishi.fusorosa,68.017,-32.681,134.488,3.77
929,102.8396,124.056,116,vehicle.mitsubishi.fusorosa,60.996,-32.681,134.487,3.77
929,102.8397,124.067,116,vehicle.mitsubishi.fusorosa,65.375,-32.681,134.487,3.76
929,102.8397,124.080,116,vehicle.mitsubishi.fusorosa,54.032,-32.681,134.487,3.76
930,102.9458,124.092,116,vehicle.mitsubishi.fusorosa,51.595,-32.680,134.487,3.75
930,102.9459,124.103,116,vehicle.mitsubishi.fusorosa,80.200,-32.680,134.486,3.73
930,102.9460,124.115,116,vehicle.mitsubishi.fusorosa,55.303,-32.680,134.486,3.72
930,102.9460,124.127,116,vehicle.mitsubishi.fusorosa,61.580,-32.680,134.486,3.72
930,102.9460,124.138,116,vehicle.mitsubishi.fusorosa,69.404,-32.680,134.485,3.71
930,102.9461,124.150,116,vehicle.mitsubishi.fusorosa,69.054,-32.680,134.485,3.71
930,102.9461,124.162,116,vehicle.mitsubishi.fusorosa,68.938,-32.679,134.484,3.71
930,102.9461,124.173,116,vehicle.mitsubishi.fusorosa,70.157,-32.679,134.484,3.71
930,102.9462,124.186,116,vehicle.mitsubishi.fusorosa,74.584,-32.679,134.483,3.70
931,103.0533,124.198,116,vehicle.mitsubishi.fusorosa,72.539,-32.679,134.482,3.70
931,103.0534,124.210,116,vehicle.mitsubishi.fusorosa,63.764,-32.679,134.482,3.70
931,103.0535,124.221,116,vehicle.mitsubishi.fusorosa,68.708,-32.679,134.482,3.69
931,103.0535,124.233,116,vehicle.mitsubishi.fusorosa,70.276,-32.678,134.481,3.68
931,103.0536,124.245,116,vehicle.mitsubishi.fusorosa,100.892,-32.678,134.481,3.68
931,103.0536,124.257,116,vehicle.mitsubishi.fusorosa,80.717,-32.678,134.481,3.67
931,103.0536,124.268,116,vehicle.mitsubishi.fusorosa,55.134,-32.678,134.480,3.66
931,103.0537,124.280,116,vehicle.mitsubishi.fusorosa,63.996,-32.677,134.480,3.65
931,103.0537,124.293,116,vehicle.mitsubishi.fusorosa,60.663,-32.677,134.480,3.64
932,103.1621,124.306,116,vehicle.mitsubishi.fusorosa,72.579,-32.677,134.480,3.63
932,103.1623,124.318,116,vehicle.mitsubishi.fusorosa,98.493,-32.677,134.479,3.63
932,103.1623,124.331,116,vehicle.mitsubishi.fusorosa,75.343,-32.677,134.478,3.62
932,103.1623,124.342,116,vehicle.mitsubishi.fusorosa,68.305,-32.677,134.478,3.62
932,103.1624,124.354,116,vehicle.mitsubishi.fusorosa,73.974,-32.677,134.477,3.61
932,103.1624,124.366,116,vehicle.mitsubishi.fusorosa,69.596,-32.676,134.476,3.61
932,103.1624,124.378,116,vehicle.mitsubishi.fusorosa,69.744,-32.676,134.476,3.61
932,103.1625,124.390,116,vehicle.mitsubishi.fusorosa,72.674,-32.676,134.475,3.60
932,103.1625,124.402,116,vehicle.mitsubishi.fusorosa,74.159,-32.676,134.475,3.60
933,103.2731,124.415,116,vehicle.mitsubishi.fusorosa,104.422,-32.676,134.474,3.59
933,103.2732,124.427,116,vehicle.mitsubishi.fusorosa,80.035,-32.675,134.474,3.59
933,103.2733,124.440,116,vehicle.mitsubishi.fusorosa,72.702,-32.675,134.474,3.57
933,103.2733,124.452,116,vehicle.mitsubishi.fusorosa,58.191,-32.675,134.474,3.57
933,103.2733,124.464,116,vehicle.mitsubishi.fusorosa,52.849,-32.675,134.473,3.55
933,103.2734,124.476,116,vehicle.mitsubishi.fusorosa,51.253,-32.675,134.473,3.54
933,103.2734,124.487,116,vehicle.mitsubishi.fusorosa,57.641,-32.674,134.473,3.53
933,103.2734,124.499,116,vehicle.mitsubishi.fusorosa,60.209,-32.674,134.472,3.52
933,103.2735,124.512,116,vehicle.mitsubishi.fusorosa,72.851,-32.674,134.471,3.52
934,103.3818,124.524,116,vehicle.mitsubishi.fusorosa,68.906,-32.674,134.471,3.52
934,103.3820,124.537,116,vehicle.mitsubishi.fusorosa,86.645,-32.674,134.470,3.52
934,103.3820,124.548,116,vehicle.mitsubishi.fusorosa,74.654,-32.674,134.469,3.52
934,103.3821,124.560,116,vehicle.mitsubishi.fusorosa,72.951,-32.674,134.468,3.51
934,103.3821,124.572,116,vehicle.mitsubishi.fusorosa,70.620,-32.674,134.468,3.51
934,103.3821,124.583,116,vehicle.mitsubishi.fusorosa,70.408,-32.673,134.467,3.51
934,103.3822,124.595,116,vehicle.mitsubishi.fusorosa,70.133,-32.673,134.466,3.50
934,103.3822,124.606,116,vehicle.mitsubishi.fusorosa,74.339,-32.673,134.466,3.49
934,103.3822,124.620,116,vehicle.mitsubishi.fusorosa,78.176,-32.673,134.466,3.49
935,103.6346,124.632,116,vehicle.mitsubishi.fusorosa,71.893,-32.672,134.465,3.48
935,103.6350,124.644,116,vehicle.mitsubishi.fusorosa,66.873,-32.672,134.465,3.47
935,103.6351,124.659,116,vehicle.mitsubishi.fusorosa,73.371,-32.672,134.465,3.46
935,103.6352,124.682,116,vehicle.mitsubishi.fusorosa,68.138,-32.672,134.464,3.45
935,103.6353,124.695,116,vehicle.mitsubishi.fusorosa,83.113,-32.672,134.464,3.43
935,103.6354,124.706,116,vehicle.mitsubishi.fusorosa,58.100,-32.671,134.464,3.42
935,103.6358,124.718,116,vehicle.mitsubishi.fusorosa,59.383,-32.671,134.463,3.42
936,104.1888,124.867,116,vehicle.mitsubishi.fusorosa,119.592,-32.671,134.462,3.41
936,104.1891,125.039,116,vehicle.mitsubishi.fusorosa,125.431,-32.671,134.461,3.43
936,104.1892,125.087,116,vehicle.mitsubishi.fusorosa,112.656,-32.670,134.460,3.41
936,104.1893,125.148,116,vehicle.mitsubishi.fusorosa,98.641,-32.670,134.460,3.40
936,104.1894,125.311,116,vehicle.mitsubishi.fusorosa,85.055,-32.670,134.459,3.40
937,104.8273,125.454,116,vehicle.mitsubishi.fusorosa,78.504,-32.670,134.459,3.39
937,104.8276,125.608,116,vehicle.mitsubishi.fusorosa,106.028,-32.669,134.458,3.39
937,104.8277,125.755,116,vehicle.mitsubishi.fusorosa,98.610,-32.669,134.457,3.39
937,104.8277,125.790,116,vehicle.mitsubishi.fusorosa,85.703,-32.668,134.455,3.41
937,104.8278,125.930,116,vehicle.mitsubishi.fusorosa,86.999,-32.668,134.454,3.40
937,104.8279,125.966,116,vehicle.mitsubishi.fusorosa,104.935,-32.667,134.453,3.41
938,105.0631,126.122,116,vehicle.mitsubishi.fusorosa,92.407,-32.667,134.453,3.39
938,105.0634,126.177,116,vehicle.mitsubishi.fusorosa,104.434,-32.666,134.451,3.41
938,105.0650,126.216,116,vehicle.mitsubishi.fusorosa,104.313,-32.665,134.449,3.42
938,105.0652,126.245,116,vehicle.mitsubishi.fusorosa,109.096,-32.665,134.447,3.42
938,105.0653,126.276,116,vehicle.mitsubishi.fusorosa,82.292,-32.664,134.445,3.42
939,105.5170,126.302,116,vehicle.mitsubishi.fusorosa,95.872,-32.663,134.444,3.42
939,105.5173,126.427,116,vehicle.mitsubishi.fusorosa,128.077,-32.663,134.442,3.42
939,105.5174,126.490,116,vehicle.mitsubishi.fusorosa,106.443,-32.661,134.438,3.46
939,105.5175,126.535,116,vehicle.mitsubishi.fusorosa,104.015,-32.659,134.435,3.48
939,105.5176,126.572,116,vehicle.mitsubishi.fusorosa,107.599,-32.657,134.433,3.47
939,105.5177,126.597,116,vehicle.mitsubishi.fusorosa,94.130,-32.655,134.430,3.44
940,105.8371,126.788,116,vehicle.mitsubishi.fusorosa,103.793,-32.653,134.428,3.41
940,105.8374,126.855,116,vehicle.mitsubishi.fusorosa,128.286,-32.648,134.419,3.33
940,105.8375,126.888,116,vehicle.mitsubishi.fusorosa,74.503,-32.642,134.411,3.20
940,105.8377,126.919,116,vehicle.mitsubishi.fusorosa,128.332,-32.638,134.404,3.03
940,105.8378,126.951,116,vehicle.mitsubishi.fusorosa,91.728,-32.634,134.397,2.92
941,106.0008,127.088,116,vehicle.mitsubishi.fusorosa,120.575,-32.631,134.391,2.81
941,106.0011,127.125,116,vehicle.mitsubishi.fusorosa,144.309,-32.622,134.377,2.65
941,106.0012,127.155,116,vehicle.mitsubishi.fusorosa,94.224,-32.617,134.371,2.45
941,106.0013,127.190,116,vehicle.mitsubishi.fusorosa,98.069,-32.611,134.363,2.29
941,106.0015,127.222,116,vehicle.mitsubishi.fusorosa,97.767,-32.605,134.355,2.15
942,106.1761,127.254,116,vehicle.mitsubishi.fusorosa,101.064,-32.600,134.347,1.99
942,106.1762,127.287,116,vehicle.mitsubishi.fusorosa,137.924,-32.594,134.338,1.84
942,106.1763,127.319,116,vehicle.mitsubishi.fusorosa,91.893,-32.589,134.332,1.64
942,106.1763,127.347,116,vehicle.mitsubishi.fusorosa,109.682,-32.583,134.325,1.48
942,106.1763,127.374,116,vehicle.mitsubishi.fusorosa,114.443,-32.578,134.318,1.32
942,106.1765,127.400,116,vehicle.mitsubishi.fusorosa,103.676,-32.573,134.310,1.18
943,106.3640,127.433,116,vehicle.mitsubishi.fusorosa,87.977,-32.567,134.303,1.04
943,106.3645,127.465,116,vehicle.mitsubishi.fusorosa,86.655,-32.560,134.294,0.89
943,106.3647,127.497,116,vehicle.mitsubishi.fusorosa,155.269,-32.554,134.285,0.73
943,106.3648,127.523,116,vehicle.mitsubishi.fusorosa,99.566,-32.548,134.279,0.53
943,106.3649,127.553,116,vehicle.mitsubishi.fusorosa,137.772,-32.542,134.273,0.37
943,106.3650,127.583,116,vehicle.mitsubishi.fusorosa,106.478,-32.536,134.264,0.23
944,106.5519,127.612,116,vehicle.mitsubishi.fusorosa,120.664,-32.531,134.257,0.09
944,106.5522,127.644,116,vehicle.mitsubishi.fusorosa,99.659,-32.525,134.249,-0.04
944,106.5523,127.673,116,vehicle.mitsubishi.fusorosa,184.535,-32.519,134.241,-0.16
944,106.5525,127.706,116,vehicle.mitsubishi.fusorosa,101.526,-32.513,134.234,-0.33
944,106.5526,127.737,116,vehicle.mitsubishi.fusorosa,82.703,-32.507,134.227,-0.47
944,106.5527,127.766,116,vehicle.mitsubishi.fusorosa,116.575,-32.501,134.220,-0.60
945,106.8499,127.797,116,vehicle.mitsubishi.fusorosa,96.790,-32.495,134.212,-0.73
945,106.8502,127.826,116,vehicle.mitsubishi.fusorosa,104.918,-32.490,134.204,-0.84
945,106.8503,127.857,116,vehicle.mitsubishi.fusorosa,166.740,-32.484,134.196,-0.97
945,106.8503,127.890,116,vehicle.mitsubishi.fusorosa,98.982,-32.478,134.190,-1.12
945,106.8504,128.050,116,vehicle.mitsubishi.fusorosa,101.319,-32.473,134.183,-1.25
946,107.0821,128.145,116,vehicle.mitsubishi.fusorosa,127.392,-32.466,134.171,-1.26
946,107.0823,128.196,116,vehicle.mitsubishi.fusorosa,105.231,-32.458,134.162,-1.43
946,107.0825,128.241,116,vehicle.mitsubishi.fusorosa,105.136,-32.450,134.153,-1.61
946,107.0826,128.277,116,vehicle.mitsubishi.fusorosa,104.775,-32.443,134.145,-1.76
946,107.0827,128.308,116,vehicle.mitsubishi.fusorosa,116.315,-32.437,134.138,-1.93
947,107.3182,128.342,116,vehicle.mitsubishi.fusorosa,116.882,-32.431,134.132,-2.08
947,107.3186,128.378,116,vehicle.mitsubishi.fusorosa,127.721,-32.426,134.126,-2.20
947,107.3188,128.419,116,vehicle.mitsubishi.fusorosa,107.809,-32.421,134.122,-2.38
947,107.3189,128.452,116,vehicle.mitsubishi.fusorosa,102.170,-32.415,134.118,-2.53
947,107.3190,128.493,116,vehicle.mitsubishi.fusorosa,79.421,-32.410,134.115,-2.67
947,107.3192,128.528,116,vehicle.mitsubishi.fusorosa,96.583,-32.404,134.111,-2.79
948,107.6691,128.560,116,vehicle.mitsubishi.fusorosa,94.202,-32.399,134.108,-2.93
948,107.6694,128.592,116,vehicle.mitsubishi.fusorosa,81.866,-32.394,134.105,-3.05
948,107.6696,128.720,116,vehicle.mitsubishi.fusorosa,139.580,-32.389,134.100,-3.15
948,107.6697,128.767,116,vehicle.mitsubishi.fusorosa,92.195,-32.383,134.092,-3.19
948,107.6699,128.825,116,vehicle.mitsubishi.fusorosa,109.295,-32.378,134.087,-3.34
948,107.6701,128.884,116,vehicle.mitsubishi.fusorosa,114.546,-32.374,134.080,-3.41
949,107.8862,128.932,116,vehicle.mitsubishi.fusorosa,114.243,-32.370,134.073,-3.46
949,107.8864,128.966,116,vehicle.mitsubishi.fusorosa,137.410,-32.366,134.066,-3.53
949,107.8865,129.000,116,vehicle.mitsubishi.fusorosa,106.681,-32.363,134.062,-3.64
949,107.8866,129.029,116,vehicle.mitsubishi.fusorosa,117.002,-32.360,134.057,-3.71
949,107.8867,129.063,116,vehicle.mitsubishi.fusorosa,103.930,-32.356,134.053,-3.81
949,107.8867,129.093,116,vehicle.mitsubishi.fusorosa,102.985,-32.353,134.049,-3.88
950,108.2425,129.135,116,vehicle.mitsubishi.fusorosa,88.840,-32.349,134.046,-3.96
950,108.2428,129.262,116,vehicle.mitsubishi.fusorosa,115.994,-32.345,134.042,-4.01
950,108.2433,129.313,116,vehicle.mitsubishi.fusorosa,109.385,-32.340,134.036,-4.05
950,108.2435,129.358,116,vehicle.mitsubishi.fusorosa,92.214,-32.335,134.033,-4.11
950,108.2436,129.410,116,vehicle.mitsubishi.fusorosa,87.539,-32.330,134.028,-4.15
950,108.2438,129.443,116,vehicle.mitsubishi.fusorosa,97.939,-32.324,134.023,-4.19
951,108.4898,129.485,116,vehicle.mitsubishi.fusorosa,89.642,-32.320,134.019,-4.27
951,108.4915,129.519,116,vehicle.mitsubishi.fusorosa,75.459,-32.316,134.014,-4.32
951,108.4917,129.548,116,vehicle.mitsubishi.fusorosa,147.384,-32.313,134.009,-4.42
951,108.4918,129.579,116,vehicle.mitsubishi.fusorosa,129.715,-32.310,134.004,-4.53
951,108.4919,129.607,116,vehicle.mitsubishi.fusorosa,124.441,-32.307,134.000,-4.61
951,108.4920,129.635,116,vehicle.mitsubishi.fusorosa,148.199,-32.305,133.996,-4.68
951,108.4921,129.670,116,vehicle.mitsubishi.fusorosa,117.815,-32.302,133.993,-4.75
951,108.4921,129.702,116,vehicle.mitsubishi.fusorosa,100.719,-32.299,133.990,-4.81
952,108.7188,129.733,116,vehicle.mitsubishi.fusorosa,131.596,-32.296,133.988,-4.89
952,108.7191,129.764,116,vehicle.mitsubishi.fusorosa,81.709,-32.293,133.985,-4.96
952,108.7193,129.796,116,vehicle.mitsubishi.fusorosa,124.287,-32.289,133.983,-5.02
952,108.7195,129.831,116,vehicle.mitsubishi.fusorosa,76.300,-32.285,133.980,-5.09
952,108.7199,129.859,116,vehicle.mitsubishi.fusorosa,78.275,-32.280,133.977,-5.15
952,108.7201,129.890,116,vehicle.mitsubishi.fusorosa,62.371,-32.276,133.974,-5.22
952,108.7202,129.919,116,vehicle.mitsubishi.fusorosa,88.687,-32.271,133.969,-5.29
953,109.0253,129.952,116,vehicle.mitsubishi.fusorosa,93.720,-32.266,133.965,-5.36
953,109.0255,129.982,116,vehicle.mitsubishi.fusorosa,88.229,-32.262,133.959,-5.44
953,109.0256,130.013,116,vehicle.mitsubishi.fusorosa,139.836,-32.259,133.953,-5.52
953,109.0256,130.048,116,vehicle.mitsubishi.fusorosa,105.353,-32.256,133.947,-5.62
953,109.0257,130.171,116,vehicle.mitsubishi.fusorosa,138.056,-32.253,133.941,-5.69
953,109.0258,130.216,116,vehicle.mitsubishi.fusorosa,141.315,-32.249,133.934,-5.73
953,109.0259,130.245,116,vehicle.mitsubishi.fusorosa,108.912,-32.245,133.929,-5.83
954,109.2229,130.277,116,vehicle.mitsubishi.fusorosa,99.508,-32.241,133.925,-5.91
954,109.2235,130.313,116,vehicle.mitsubishi.fusorosa,97.808,-32.236,133.921,-6.01
954,109.2237,130.345,116,vehicle.mitsubishi.fusorosa,122.999,-32.231,133.918,-6.11
954,109.2238,130.376,116,vehicle.mitsubishi.fusorosa,114.624,-32.227,133.916,-6.23
954,109.2240,130.407,116,vehicle.mitsubishi.fusorosa,84.602,-32.222,133.914,-6.34
954,109.2244,130.441,116,vehicle.mitsubishi.fusorosa,72.096,-32.218,133.912,-6.45
955,109.4114,130.472,116,vehicle.mitsubishi.fusorosa,58.179,-32.213,133.909,-6.55
955,109.4117,130.502,116,vehicle.mitsubishi.fusorosa,67.245,-32.209,133.906,-6.65
955,109.4119,130.534,116,vehicle.mitsubishi.fusorosa,162.953,-32.205,133.901,-6.73
955,109.4120,130.564,116,vehicle.mitsubishi.fusorosa,115.704,-32.202,133.898,-6.82
955,109.4121,130.596,116,vehicle.mitsubishi.fusorosa,108.783,-32.199,133.894,-6.89
955,109.4122,130.630,116,vehicle.mitsubishi.fusorosa,102.359,-32.197,133.891,-6.95
956,109.9535,130.660,116,vehicle.mitsubishi.fusorosa,85.625,-32.195,133.888,-6.98
956,109.9538,130.691,116,vehicle.mitsubishi.fusorosa,90.404,-32.194,133.886,-7.01
956,109.9539,130.822,116,vehicle.mitsubishi.fusorosa,119.011,-32.193,133.884,-7.03
956,109.9539,130.886,116,vehicle.mitsubishi.fusorosa,107.784,-32.191,133.881,-7.04
956,109.9540,131.157,116,vehicle.mitsubishi.fusorosa,113.170,-32.189,133.879,-7.07
957,110.1602,131.227,116,vehicle.mitsubishi.fusorosa,159.111,-32.188,133.877,-7.10
957,110.1605,131.275,116,vehicle.mitsubishi.fusorosa,116.905,-32.186,133.875,-7.13
957,110.1605,131.310,116,vehicle.mitsubishi.fusorosa,107.301,-32.184,133.874,-7.17
957,110.1607,131.348,116,vehicle.mitsubishi.fusorosa,108.697,-32.182,133.873,-7.20
957,110.1608,131.381,116,vehicle.mitsubishi.fusorosa,93.359,-32.181,133.871,-7.22
958,110.3626,131.423,116,vehicle.mitsubishi.fusorosa,87.804,-32.179,133.871,-7.26
958,110.3630,131.465,116,vehicle.mitsubishi.fusorosa,103.135,-32.177,133.870,-7.30
958,110.3631,131.497,116,vehicle.mitsubishi.fusorosa,93.057,-32.175,133.869,-7.34
958,110.3636,131.540,116,vehicle.mitsubishi.fusorosa,95.371,-32.173,133.868,-7.38
958,110.3639,131.573,116,vehicle.mitsubishi.fusorosa,93.839,-32.171,133.866,-7.41
959,110.5764,131.608,116,vehicle.mitsubishi.fusorosa,100.579,-32.170,133.865,-7.44
959,110.5767,131.644,116,vehicle.mitsubishi.fusorosa,102.479,-32.168,133.863,-7.47
959,110.5768,131.680,116,vehicle.mitsubishi.fusorosa,116.931,-32.167,133.861,-7.50
959,110.5770,131.708,116,vehicle.mitsubishi.fusorosa,108.122,-32.165,133.860,-7.53
959,110.5771,131.742,116,vehicle.mitsubishi.fusorosa,101.184,-32.164,133.858,-7.56
959,110.5771,131.776,116,vehicle.mitsubishi.fusorosa,99.943,-32.163,133.857,-7.57
960,110.9384,131.808,116,vehicle.mitsubishi.fusorosa,89.649,-32.161,133.855,-7.59
960,110.9387,131.837,116,vehicle.mitsubishi.fusorosa,108.146,-32.160,133.853,-7.61
960,110.9390,131.870,116,vehicle.mitsubishi.fusorosa,112.436,-32.158,133.852,-7.64
960,110.9392,131.993,116,vehicle.mitsubishi.fusorosa,107.070,-32.157,133.850,-7.66
960,110.9393,132.040,116,vehicle.mitsubishi.fusorosa,137.448,-32.155,133.848,-7.68
960,110.9394,132.081,116,vehicle.mitsubishi.fusorosa,97.411,-32.154,133.847,-7.71
960,110.9395,132.126,116,vehicle.mitsubishi.fusorosa,99.414,-32.153,133.845,-7.72
961,111.1110,132.171,116,vehicle.mitsubishi.fusorosa,102.982,-32.151,133.843,-7.74
961,111.1112,132.211,116,vehicle.mitsubishi.fusorosa,124.187,-32.150,133.841,-7.76
961,111.1113,132.247,116,vehicle.mitsubishi.fusorosa,107.844,-32.148,133.840,-7.79
961,111.1114,132.275,116,vehicle.mitsubishi.fusorosa,110.595,-32.147,133.838,-7.80
961,111.1115,132.306,116,vehicle.mitsubishi.fusorosa,92.010,-32.146,133.836,-7.82
961,111.1116,132.343,116,vehicle.mitsubishi.fusorosa,104.037,-32.144,133.834,-7.83
962,111.2490,132.369,116,vehicle.mitsubishi.fusorosa,104.260,-32.143,133.832,-7.85
962,111.2492,132.396,116,vehicle.mitsubishi.fusorosa,114.299,-32.142,133.830,-7.87
962,111.2493,132.424,116,vehicle.mitsubishi.fusorosa,110.023,-32.140,133.829,-7.90
962,111.2494,132.449,116,vehicle.mitsubishi.fusorosa,98.689,-32.139,133.827,-7.92
962,111.2494,132.474,116,vehicle.mitsubishi.fusorosa,96.718,-32.138,133.825,-7.94
963,111.3976,132.500,116,vehicle.mitsubishi.fusorosa,98.804,-32.136,133.824,-7.96
963,111.3978,132.526,116,vehicle.mitsubishi.fusorosa,112.960,-32.135,133.822,-7.99
963,111.3979,132.551,116,vehicle.mitsubishi.fusorosa,99.521,-32.133,133.821,-8.02
963,111.3980,132.575,116,vehicle.mitsubishi.fusorosa,95.640,-32.132,133.820,-8.05
963,111.3981,132.602,116,vehicle.mitsubishi.fusorosa,104.894,-32.131,133.819,-8.09
963,111.3983,132.629,116,vehicle.mitsubishi.fusorosa,98.336,-32.129,133.818,-8.12
964,111.5286,132.656,116,vehicle.mitsubishi.fusorosa,102.536,-32.128,133.817,-8.16
964,111.5288,132.683,116,vehicle.mitsubishi.fusorosa,110.150,-32.126,133.816,-8.20
964,111.5289,132.708,116,vehicle.mitsubishi.fusorosa,102.308,-32.124,133.816,-8.24
964,111.5290,132.738,116,vehicle.mitsubishi.fusorosa,106.512,-32.123,133.815,-8.29
964,111.5290,132.762,116,vehicle.mitsubishi.fusorosa,95.770,-32.121,133.814,-8.33
965,111.6834,132.787,116,vehicle.mitsubishi.fusorosa,101.889,-32.120,133.814,-8.37
965,111.6836,132.812,116,vehicle.mitsubishi.fusorosa,97.634,-32.118,133.813,-8.41
965,111.6837,132.838,116,vehicle.mitsubishi.fusorosa,92.007,-32.117,133.813,-8.45
965,111.6841,132.862,116,vehicle.mitsubishi.fusorosa,88.171,-32.115,133.812,-8.49
965,111.6843,132.889,116,vehicle.mitsubishi.fusorosa,97.557,-32.114,133.812,-8.54
965,111.6843,132.914,116,vehicle.mitsubishi.fusorosa,86.905,-32.112,133.811,-8.58
966,111.8295,132.940,116,vehicle.mitsubishi.fusorosa,84.173,-32.111,133.810,-8.62
966,111.8297,132.966,116,vehicle.mitsubishi.fusorosa,114.378,-32.109,133.809,-8.65
966,111.8298,132.990,116,vehicle.mitsubishi.fusorosa,89.408,-32.108,133.808,-8.69
966,111.8299,133.015,116,vehicle.mitsubishi.fusorosa,93.044,-32.107,133.807,-8.71
966,111.8299,133.042,116,vehicle.mitsubishi.fusorosa,97.080,-32.106,133.805,-8.72
967,111.9647,133.066,116,vehicle.mitsubishi.fusorosa,93.010,-32.105,133.803,-8.74
967,111.9652,133.091,116,vehicle.mitsubishi.fusorosa,95.902,-32.104,133.801,-8.76
967,111.9653,133.116,116,vehicle.mitsubishi.fusorosa,114.555,-32.103,133.800,-8.79
967,111.9654,133.143,116,vehicle.mitsubishi.fusorosa,103.918,-32.103,133.798,-8.81
967,111.9660,133.169,116,vehicle.mitsubishi.fusorosa,105.463,-32.102,133.796,-8.82
967,111.9661,133.196,116,vehicle.mitsubishi.fusorosa,103.300,-32.102,133.795,-8.82
968,112.1132,133.221,116,vehicle.mitsubishi.fusorosa,102.251,-32.101,133.793,-8.83
968,112.1134,133.248,116,vehicle.mitsubishi.fusorosa,115.747,-32.101,133.791,-8.83
968,112.1135,133.272,116,vehicle.mitsubishi.fusorosa,97.713,-32.100,133.790,-8.85
968,112.1136,133.298,116,vehicle.mitsubishi.fusorosa,99.405,-32.099,133.788,-8.86
968,112.1137,133.325,116,vehicle.mitsubishi.fusorosa,105.958,-32.099,133.787,-8.86
969,112.2543,133.350,116,vehicle.mitsubishi.fusorosa,102.548,-32.098,133.785,-8.88
969,112.2546,133.375,116,vehicle.mitsubishi.fusorosa,98.903,-32.097,133.784,-8.89
969,112.2547,133.402,116,vehicle.mitsubishi.fusorosa,107.129,-32.096,133.783,-8.90
969,112.2548,133.429,116,vehicle.mitsubishi.fusorosa,104.321,-32.096,133.782,-8.92
969,112.2548,133.455,116,vehicle.mitsubishi.fusorosa,96.651,-32.095,133.781,-8.93
969,112.2549,133.480,116,vehicle.mitsubishi.fusorosa,93.674,-32.094,133.780,-8.94
970,112.4078,133.507,116,vehicle.mitsubishi.fusorosa,97.818,-32.093,133.779,-8.95
970,112.4081,133.534,116,vehicle.mitsubishi.fusorosa,104.397,-32.092,133.778,-8.97
970,112.4082,133.561,116,vehicle.mitsubishi.fusorosa,100.000,-32.091,133.777,-8.99
970,112.4083,133.586,116,vehicle.mitsubishi.fusorosa,89.733,-32.090,133.776,-9.00
970,112.4084,133.611,116,vehicle.mitsubishi.fusorosa,92.230,-32.089,133.775,-9.02
970,112.4085,133.637,116,vehicle.mitsubishi.fusorosa,95.878,-32.088,133.774,-9.03
971,112.5604,133.661,116,vehicle.mitsubishi.fusorosa,90.496,-32.087,133.773,-9.04
971,112.5608,133.688,116,vehicle.mitsubishi.fusorosa,111.460,-32.086,133.771,-9.05
971,112.5610,133.713,116,vehicle.mitsubishi.fusorosa,97.412,-32.085,133.770,-9.07
971,112.5611,133.735,116,vehicle.mitsubishi.fusorosa,88.121,-32.085,133.769,-9.08
971,112.5612,133.760,116,vehicle.mitsubishi.fusorosa,93.425,-32.084,133.768,-9.09
971,112.5613,133.786,116,vehicle.mitsubishi.fusorosa,97.316,-32.083,133.766,-9.10
972,112.7073,133.810,116,vehicle.mitsubishi.fusorosa,94.371,-32.082,133.765,-9.10
972,112.7076,133.838,116,vehicle.mitsubishi.fusorosa,116.898,-32.081,133.763,-9.11
972,112.7077,133.863,116,vehicle.mitsubishi.fusorosa,110.924,-32.081,133.762,-9.13
972,112.7079,133.886,116,vehicle.mitsubishi.fusorosa,90.987,-32.080,133.761,-9.14
972,112.7080,133.913,116,vehicle.mitsubishi.fusorosa,98.976,-32.079,133.759,-9.14
972,112.7080,133.940,116,vehicle.mitsubishi.fusorosa,104.029,-32.078,133.758,-9.15
973,112.8550,133.965,116,vehicle.mitsubishi.fusorosa,97.133,-32.078,133.757,-9.16
973,112.8552,133.990,116,vehicle.mitsubishi.fusorosa,107.750,-32.077,133.755,-9.18
973,112.8553,134.018,116,vehicle.mitsubishi.fusorosa,109.914,-32.076,133.754,-9.19
973,112.8554,134.042,116,vehicle.mitsubishi.fusorosa,94.785,-32.075,133.753,-9.20
973,112.8555,134.069,116,vehicle.mitsubishi.fusorosa,97.237,-32.074,133.752,-9.22
974,112.9836,134.095,116,vehicle.mitsubishi.fusorosa,99.365,-32.073,133.751,-9.24
974,112.9837,134.119,116,vehicle.mitsubishi.fusorosa,97.520,-32.073,133.750,-9.26
974,112.9838,134.145,116,vehicle.mitsubishi.fusorosa,107.398,-32.072,133.749,-9.29
974,112.9838,134.170,116,vehicle.mitsubishi.fusorosa,103.597,-32.071,133.749,-9.31
974,112.9839,134.197,116,vehicle.mitsubishi.fusorosa,101.337,-32.070,133.748,-9.34
975,113.1211,134.224,116,vehicle.mitsubishi.fusorosa,100.447,-32.069,133.748,-9.37
975,113.1214,134.249,116,vehicle.mitsubishi.fusorosa,83.045,-32.068,133.747,-9.40
975,113.1215,134.276,116,vehicle.mitsubishi.fusorosa,99.762,-32.067,133.747,-9.44
975,113.1215,134.301,116,vehicle.mitsubishi.fusorosa,126.193,-32.066,133.747,-9.47
975,113.1216,134.328,116,vehicle.mitsubishi.fusorosa,102.612,-32.065,133.746,-9.51
975,113.1217,134.352,116,vehicle.mitsubishi.fusorosa,71.120,-32.064,133.746,-9.54
976,113.2645,134.380,116,vehicle.mitsubishi.fusorosa,118.978,-32.063,133.746,-9.58
976,113.2648,134.410,116,vehicle.mitsubishi.fusorosa,105.375,-32.062,133.746,-9.62
976,113.2648,134.434,116,vehicle.mitsubishi.fusorosa,82.297,-32.060,133.745,-9.65
976,113.2649,134.458,116,vehicle.mitsubishi.fusorosa,108.649,-32.059,133.745,-9.68
976,113.2650,134.484,116,vehicle.mitsubishi.fusorosa,85.818,-32.058,133.745,-9.72
977,113.4193,134.509,116,vehicle.mitsubishi.fusorosa,86.636,-32.057,133.744,-9.75
977,113.4195,134.534,116,vehicle.mitsubishi.fusorosa,90.206,-32.057,133.743,-9.77
977,113.4196,134.560,116,vehicle.mitsubishi.fusorosa,114.767,-32.056,133.742,-9.79
977,113.4197,134.585,116,vehicle.mitsubishi.fusorosa,94.912,-32.055,133.741,-9.81
977,113.4198,134.608,116,vehicle.mitsubishi.fusorosa,90.355,-32.055,133.739,-9.82
977,113.4198,134.635,116,vehicle.mitsubishi.fusorosa,100.822,-32.054,133.737,-9.83
978,113.5528,134.662,116,vehicle.mitsubishi.fusorosa,103.246,-32.054,133.735,-9.84
978,113.5542,134.688,116,vehicle.mitsubishi.fusorosa,102.910,-32.053,133.733,-9.85
978,113.5546,134.714,116,vehicle.mitsubishi.fusorosa,121.563,-32.053,133.731,-9.85
978,113.5547,134.739,116,vehicle.mitsubishi.fusorosa,96.780,-32.052,133.729,-9.86
978,113.5548,134.766,116,vehicle.mitsubishi.fusorosa,105.545,-32.052,133.728,-9.87
979,113.6819,134.792,116,vehicle.mitsubishi.fusorosa,101.126,-32.051,133.726,-9.88
979,113.6823,134.818,116,vehicle.mitsubishi.fusorosa,104.204,-32.051,133.724,-9.89
979,113.6824,134.844,116,vehicle.mitsubishi.fusorosa,110.203,-32.050,133.722,-9.90
979,113.6825,134.868,116,vehicle.mitsubishi.fusorosa,98.135,-32.050,133.721,-9.91
979,113.6825,134.892,116,vehicle.mitsubishi.fusorosa,97.717,-32.049,133.719,-9.92
979,113.6826,134.917,116,vehicle.mitsubishi.fusorosa,99.815,-32.048,133.718,-9.94
980,113.8041,134.943,116,vehicle.mitsubishi.fusorosa,99.103,-32.048,133.716,-9.95
980,113.8043,134.968,116,vehicle.mitsubishi.fusorosa,100.820,-32.047,133.715,-9.96
980,113.8044,134.993,116,vehicle.mitsubishi.fusorosa,86.725,-32.046,133.714,-9.97
980,113.8045,135.018,116,vehicle.mitsubishi.fusorosa,90.237,-32.045,133.713,-9.99
981,113.9388,135.044,116,vehicle.mitsubishi.fusorosa,92.798,-32.044,133.712,-10.01
981,113.9391,135.070,116,vehicle.mitsubishi.fusorosa,96.748,-32.043,133.711,-10.04
981,113.9391,135.095,116,vehicle.mitsubishi.fusorosa,103.429,-32.042,133.710,-10.06
981,113.9392,135.122,116,vehicle.mitsubishi.fusorosa,97.860,-32.041,133.710,-10.09
981,113.9393,135.148,116,vehicle.mitsubishi.fusorosa,111.947,-32.040,133.708,-10.11
981,113.9394,135.173,116,vehicle.mitsubishi.fusorosa,97.231,-32.040,133.707,-10.14
982,114.0721,135.198,116,vehicle.mitsubishi.fusorosa,94.219,-32.039,133.706,-10.16
982,114.0724,135.224,116,vehicle.mitsubishi.fusorosa,108.127,-32.038,133.705,-10.18
982,114.0725,135.249,116,vehicle.mitsubishi.fusorosa,95.870,-32.037,133.704,-10.21
982,114.0725,135.277,116,vehicle.mitsubishi.fusorosa,106.205,-32.036,133.703,-10.23
982,114.0726,135.305,116,vehicle.mitsubishi.fusorosa,105.149,-32.036,133.702,-10.25
983,114.2063,135.337,116,vehicle.mitsubishi.fusorosa,93.122,-32.035,133.701,-10.28
983,114.2065,135.362,116,vehicle.mitsubishi.fusorosa,101.084,-32.034,133.700,-10.30
983,114.2066,135.386,116,vehicle.mitsubishi.fusorosa,94.631,-32.033,133.699,-10.33
983,114.2067,135.412,116,vehicle.mitsubishi.fusorosa,96.921,-32.032,133.698,-10.36
983,114.2068,135.439,116,vehicle.mitsubishi.fusorosa,98.860,-32.031,133.697,-10.38
984,114.3295,135.439,116,vehicle.mitsubishi.fusorosa,98.860,-32.031,133.697,-10.38
984,114.3306,135.467,116,vehicle.mitsubishi.fusorosa,99.991,-32.030,133.696,-10.41
984,114.3307,135.494,116,vehicle.mitsubishi.fusorosa,109.768,-32.030,133.695,-10.44
984,114.3310,135.518,116,vehicle.mitsubishi.fusorosa,94.523,-32.029,133.694,-10.46
984,114.3311,135.544,116,vehicle.mitsubishi.fusorosa,96.961,-32.028,133.693,-10.49
985,114.4668,135.570,116,vehicle.mitsubishi.fusorosa,100.272,-32.027,133.692,-10.51
985,114.4671,135.599,116,vehicle.mitsubishi.fusorosa,107.176,-32.027,133.691,-10.54
985,114.4672,135.626,116,vehicle.mitsubishi.fusorosa,112.531,-32.026,133.690,-10.56
985,114.4672,135.655,116,vehicle.mitsubishi.fusorosa,110.773,-32.025,133.689,-10.58
985,114.4673,135.685,116,vehicle.mitsubishi.fusorosa,85.924,-32.024,133.688,-10.60
986,114.5928,135.710,116,vehicle.mitsubishi.fusorosa,96.914,-32.024,133.686,-10.62
986,114.5931,135.736,116,vehicle.mitsubishi.fusorosa,97.219,-32.023,133.685,-10.63
986,114.5936,135.760,116,vehicle.mitsubishi.fusorosa,103.636,-32.022,133.683,-10.65
986,114.5937,135.787,116,vehicle.mitsubishi.fusorosa,104.747,-32.022,133.682,-10.68
986,114.5938,135.812,116,vehicle.mitsubishi.fusorosa,96.638,-32.021,133.681,-10.69
987,114.7167,135.836,116,vehicle.mitsubishi.fusorosa,90.254,-32.021,133.679,-10.70
987,114.7169,135.861,116,vehicle.mitsubishi.fusorosa,93.344,-32.020,133.677,-10.72
987,114.7171,135.886,116,vehicle.mitsubishi.fusorosa,113.991,-32.019,133.676,-10.73
987,114.7172,135.912,116,vehicle.mitsubishi.fusorosa,98.810,-32.019,133.674,-10.75
987,114.7172,135.937,116,vehicle.mitsubishi.fusorosa,98.316,-32.018,133.673,-10.76
988,114.8587,135.963,116,vehicle.mitsubishi.fusorosa,96.631,-32.018,133.671,-10.78
988,114.8589,135.989,116,vehicle.mitsubishi.fusorosa,102.100,-32.017,133.670,-10.79
988,114.8590,136.015,116,vehicle.mitsubishi.fusorosa,110.602,-32.017,133.668,-10.81
988,114.8591,136.040,116,vehicle.mitsubishi.fusorosa,100.061,-32.016,133.667,-10.83
988,114.8592,136.067,116,vehicle.mitsubishi.fusorosa,99.984,-32.015,133.665,-10.84
988,114.8592,136.094,116,vehicle.mitsubishi.fusorosa,100.669,-32.015,133.664,-10.86
989,114.9778,136.118,116,vehicle.mitsubishi.fusorosa,94.963,-32.014,133.662,-10.88
989,114.9780,136.145,116,vehicle.mitsubishi.fusorosa,113.340,-32.013,133.661,-10.90
989,114.9781,136.171,116,vehicle.mitsubishi.fusorosa,105.328,-32.013,133.660,-10.92
989,114.9782,136.199,116,vehicle.mitsubishi.fusorosa,101.223,-32.012,133.658,-10.94
990,115.1192,136.225,116,vehicle.mitsubishi.fusorosa,99.521,-32.011,133.657,-10.96
990,115.1195,136.250,116,vehicle.mitsubishi.fusorosa,105.530,-32.010,133.655,-10.98
990,115.1196,136.275,116,vehicle.mitsubishi.fusorosa,100.428,-32.010,133.654,-11.00
990,115.1196,136.299,116,vehicle.mitsubishi.fusorosa,88.059,-32.009,133.653,-11.02
990,115.1197,136.325,116,vehicle.mitsubishi.fusorosa,101.002,-32.008,133.652,-11.05
990,115.1198,136.350,116,vehicle.mitsubishi.fusorosa,90.278,-32.008,133.651,-11.07
991,115.2646,136.376,116,vehicle.mitsubishi.fusorosa,101.069,-32.007,133.650,-11.10
991,115.2649,136.402,116,vehicle.mitsubishi.fusorosa,103.882,-32.006,133.648,-11.12
991,115.2651,136.427,116,vehicle.mitsubishi.fusorosa,95.299,-32.005,133.647,-11.15
991,115.2651,136.452,116,vehicle.mitsubishi.fusorosa,91.551,-32.005,133.646,-11.18
991,115.2652,136.481,116,vehicle.mitsubishi.fusorosa,107.855,-32.004,133.645,-11.21
992,115.3960,136.504,116,vehicle.mitsubishi.fusorosa,91.498,-32.003,133.644,-11.23
992,115.3962,136.530,116,vehicle.mitsubishi.fusorosa,98.076,-32.002,133.643,-11.27
992,115.3963,136.557,116,vehicle.mitsubishi.fusorosa,103.371,-32.001,133.642,-11.30
992,115.3964,136.582,116,vehicle.mitsubishi.fusorosa,72.771,-32.001,133.641,-11.33
992,115.3965,136.605,116,vehicle.mitsubishi.fusorosa,79.384,-32.000,133.640,-11.36
992,115.3965,136.631,116,vehicle.mitsubishi.fusorosa,90.465,-31.999,133.639,-11.39
993,115.5234,136.654,116,vehicle.mitsubishi.fusorosa,85.023,-31.998,133.638,-11.41
993,115.5237,136.681,116,vehicle.mitsubishi.fusorosa,116.056,-31.998,133.636,-11.44
993,115.5238,136.707,116,vehicle.mitsubishi.fusorosa,102.383,-31.997,133.635,-11.45
993,115.5238,136.734,116,vehicle.mitsubishi.fusorosa,114.492,-31.997,133.633,-11.47
993,115.5239,136.758,116,vehicle.mitsubishi.fusorosa,93.412,-31.996,133.631,-11.48
994,115.6530,136.784,116,vehicle.mitsubishi.fusorosa,99.397,-31.996,133.629,-11.49
994,115.6533,136.809,116,vehicle.mitsubishi.fusorosa,113.077,-31.995,133.627,-11.51
994,115.6534,136.834,116,vehicle.mitsubishi.fusorosa,101.991,-31.995,133.626,-11.53
994,115.6534,136.862,116,vehicle.mitsubishi.fusorosa,107.759,-31.994,133.624,-11.54
994,115.6537,136.886,116,vehicle.mitsubishi.fusorosa,96.273,-31.994,133.623,-11.55
995,115.7989,136.911,116,vehicle.mitsubishi.fusorosa,91.304,-31.994,133.622,-11.56
995,115.7991,136.935,116,vehicle.mitsubishi.fusorosa,100.912,-31.993,133.620,-11.58
995,115.7992,136.960,116,vehicle.mitsubishi.fusorosa,99.027,-31.993,133.619,-11.59
995,115.7993,136.984,116,vehicle.mitsubishi.fusorosa,94.577,-31.993,133.618,-11.61
995,115.7994,137.011,116,vehicle.mitsubishi.fusorosa,103.131,-31.992,133.617,-11.62
995,115.7994,137.036,116,vehicle.mitsubishi.fusorosa,100.319,-31.992,133.616,-11.63
996,115.9300,137.062,116,vehicle.mitsubishi.fusorosa,95.228,-31.991,133.615,-11.65
996,115.9303,137.089,116,vehicle.mitsubishi.fusorosa,107.769,-31.991,133.614,-11.67
996,115.9306,137.113,116,vehicle.mitsubishi.fusorosa,97.426,-31.990,133.613,-11.68
996,115.9307,137.146,116,vehicle.mitsubishi.fusorosa,95.668,-31.990,133.612,-11.70
997,116.0697,137.175,116,vehicle.mitsubishi.fusorosa,80.925,-31.989,133.610,-11.72
997,116.0700,137.200,116,vehicle.mitsubishi.fusorosa,92.160,-31.988,133.610,-11.74
997,116.0701,137.227,116,vehicle.mitsubishi.fusorosa,109.116,-31.988,133.609,-11.76
997,116.0702,137.252,116,vehicle.mitsubishi.fusorosa,96.629,-31.987,133.608,-11.78
997,116.0703,137.278,116,vehicle.mitsubishi.fusorosa,101.016,-31.987,133.607,-11.80
997,116.0703,137.305,116,vehicle.mitsubishi.fusorosa,99.941,-31.986,133.606,-11.82
998,116.2123,137.329,116,vehicle.mitsubishi.fusorosa,95.499,-31.986,133.605,-11.84
998,116.2125,137.354,116,vehicle.mitsubishi.fusorosa,99.926,-31.985,133.604,-11.86
998,116.2128,137.379,116,vehicle.mitsubishi.fusorosa,94.068,-31.985,133.603,-11.88
998,116.2129,137.404,116,vehicle.mitsubishi.fusorosa,96.674,-31.984,133.602,-11.90
998,116.2130,137.429,116,vehicle.mitsubishi.fusorosa,98.311,-31.984,133.601,-11.92
999,116.3479,137.457,116,vehicle.mitsubishi.fusorosa,101.933,-31.983,133.600,-11.94
999,116.3482,137.483,116,vehicle.mitsubishi.fusorosa,99.281,-31.983,133.599,-11.96
999,116.3483,137.510,116,vehicle.mitsubishi.fusorosa,108.595,-31.982,133.598,-11.98
999,116.3483,137.535,116,vehicle.mitsubishi.fusorosa,95.439,-31.982,133.597,-12.00
999,116.3484,137.567,116,vehicle.mitsubishi.fusorosa,90.569,-31.981,133.596,-12.02
1000,116.4805,137.593,116,vehicle.mitsubishi.fusorosa,94.832,-31.981,133.594,-12.03
1000,116.4808,137.619,116,vehicle.mitsubishi.fusorosa,97.353,-31.980,133.593,-12.05
1000,116.4808,137.646,116,vehicle.mitsubishi.fusorosa,111.358,-31.980,133.592,-12.07
1000,116.4809,137.669,116,vehicle.mitsubishi.fusorosa,97.834,-31.979,133.591,-12.09
1000,116.4810,137.698,116,vehicle.mitsubishi.fusorosa,102.890,-31.979,133.590,-12.10
