frame,timestamp,otherActorId,otherActorType,impulseMagnitude,egoX,egoY,egoYawDeg
4621,1498.23382061347,0,static.pole,893.366816004622,-50.980224609375,121.457939147949,-176.915740966797
4622,1498.2630562149,0,static.pole,426.279915774554,-51.0461349487305,121.459281921387,-178.543243408203
4627,1498.39672261477,0,static.pole,64.4864695331256,-51.0665969848633,121.445320129395,-179.790222167969
4628,1498.5756573081,0,static.pole,73.8852695701834,-51.0664558410645,121.444770812988,-179.789291381836
4629,1498.62349490821,0,static.pole,55.1449688274334,-51.0662879943848,121.443054199219,-179.784072875977
4630,1498.65072740987,0,static.pole,52.1419099044479,-51.066276550293,121.442352294922,-179.781723022461
4631,1498.68205190822,0,static.pole,45.8403985168642,-51.0662727355957,121.441970825195,-179.78044128418
4632,1498.71532680839,0,static.pole,40.5987626743835,-51.066291809082,121.441558837891,-179.778991699219
4633,1498.73795111105,0,static.pole,40.0123095751275,-51.0662841796875,121.441177368164,-179.777801513672
4634,1498.76534181088,0,static.pole,40.4955521482484,-51.0662841796875,121.44091796875,-179.777069091797
4635,1498.7897490114,0,static.pole,39.0807175453058,-51.0662574768066,121.440620422363,-179.776245117188
4636,1498.81532951072,0,static.pole,35.7612170456267,-51.0662422180176,121.44034576416,-179.775512695312
4637,1498.84098330885,0,static.pole,33.8819942078611,-51.0662307739258,121.440086364746,-179.774795532227
4638,1498.9820593074,0,static.pole,34.660580724598,-51.066219329834,121.439819335938,-179.773895263672
4639,1499.05060600489,0,static.pole,32.3936536265209,-51.0661201477051,121.438865661621,-179.770645141602
4640,1499.08676380664,0,static.pole,29.5559593074956,-51.0659332275391,121.438301086426,-179.770278930664
4641,1499.1113971062,0,static.pole,22.298999924267,-51.0658149719238,121.438011169434,-179.770156860352
4642,1499.13438590616,0,static.pole,23.0840664277784,-51.0657653808594,121.437850952148,-179.76985168457
4643,1499.15975860506,0,static.pole,25.087080474757,-51.0656967163086,121.437705993652,-179.769989013672
4644,1499.18134430423,0,static.pole,17.8739492256508,-51.0656394958496,121.437538146973,-179.769805908203
4645,1499.20426030457,0,static.pole,21.5108965829644,-51.065601348877,121.43741607666,-179.769393920898
4646,1499.22893870622,0,static.pole,20.0335855227878,-51.0655403137207,121.437294006348,-179.76936340332
4647,1499.25088650733,0,static.pole,17.048110501173,-51.0654716491699,121.437156677246,-179.769592285156
4648,1499.27270840481,0,static.pole,13.4902506466155,-51.0654182434082,121.437026977539,-179.769485473633
4649,1499.29479670525,0,static.pole,15.2232579370898,-51.0653686523438,121.436920166016,-179.769393920898
4650,1499.32053180411,0,static.pole,16.059959270729,-51.0653343200684,121.436813354492,-179.769165039062
4651,1499.34394080564,0,static.pole,15.6004658384496,-51.0652809143066,121.436683654785,-179.769180297852
4652,1499.36954630539,0,static.pole,20.7158382721151,-51.0652465820312,121.436576843262,-179.768936157227
4653,1499.38999250531,0,static.pole,10.9972612881526,-51.0651931762695,121.436462402344,-179.768676757812
4654,1499.4156807065,0,static.pole,16.3109199788254,-51.0651588439941,121.436386108398,-179.7685546875
4655,1499.43588070571,0,static.pole,15.4790180697927,-51.0651054382324,121.436294555664,-179.768295288086
4656,1499.46700320765,0,static.pole,13.8283668893993,-51.0650901794434,121.436241149902,-179.767547607422
4657,1499.48765910417,0,static.pole,16.513205437777,-51.0650825500488,121.436172485352,-179.766799926758
4658,1499.50735910609,0,static.pole,10.53050672336,-51.0650444030762,121.436103820801,-179.766632080078
4659,1499.52960380539,0,static.pole,14.4628666963152,-51.0650329589844,121.436080932617,-179.766586303711
4660,1499.55405960605,0,static.pole,10.3847842795247,-51.064998626709,121.436012268066,-179.766326904297
4661,1499.5758575052,0,static.pole,19.889621851051,-51.0649642944336,121.435943603516,-179.766128540039
4670,1499.77567570657,0,static.pole,51.3074547242882,-51.0627136230469,121.435829162598,-179.738418579102
4671,1499.79703330621,0,static.pole,16.3751437617813,-51.0637626647949,121.435722351074,-179.765029907227
4672,1499.81795900688,0,static.pole,6.87639608049867,-51.0644950866699,121.43537902832,-179.790191650391
4673,1499.8391088061,0,static.pole,4.14618427241221,-51.0651359558105,121.435203552246,-179.806564331055
4674,1499.86047610641,0,static.pole,7.19298930587466,-51.0658340454102,121.435020446777,-179.825454711914
4675,1499.87987180427,0,static.pole,87.0838635900857,-51.0666542053223,121.434776306152,-179.848556518555
4677,1499.92506660521,0,static.pole,5.15712943352992,-51.0674934387207,121.434135437012,-179.894653320312
4678,1499.94551920518,0,static.pole,43.3505766643783,-51.0683441162109,121.43391418457,-179.915512084961
4679,1499.96411650628,0,static.pole,95.9550244661039,-51.0692939758301,121.433769226074,-179.940032958984
4680,1499.98531120643,0,static.pole,17.6279863288044,-51.0697975158691,121.433181762695,-179.975112915039
4681,1500.00965200737,0,static.pole,13.8088057990181,-51.0707054138184,121.433013916016,179.998641967773
4682,1500.03063540533,0,static.pole,37.8033074914237,-51.0715751647949,121.43270111084,179.972640991211
4683,1500.05216000602,0,static.pole,49.6528205559437,-51.0722045898438,121.432357788086,179.947341918945
4684,1500.07429670542,0,static.pole,19.3341895175133,-51.0728607177734,121.432006835938,179.921127319336
4685,1500.09633150697,0,static.pole,43.8918625210043,-51.0736999511719,121.431716918945,179.896759033203
4686,1500.11866780743,0,static.pole,38.8596158983405,-51.074462890625,121.431442260742,179.87678527832
4687,1500.139976006,0,static.pole,46.3614680348222,-51.0752334594727,121.431053161621,179.847717285156
4688,1500.16155040637,0,static.pole,8.23598865492418,-51.0757331848145,121.430809020996,179.828521728516
4689,1500.18361760676,0,static.pole,68.0463075280351,-51.0764427185059,121.430526733398,179.807556152344
4690,1500.3623612076,0,static.pole,25.3641099183751,-51.0772171020508,121.430198669434,179.785369873047
4691,1500.41555370763,0,static.pole,1.570151128263,-51.0805473327637,121.429008483887,179.711486816406
4692,1500.4483214058,0,static.pole,52.248687571441,-51.0821571350098,121.428268432617,179.666473388672
4693,1500.47471660748,0,static.pole,5.68575098899129,-51.0831336975098,121.427673339844,179.628280639648
4694,1500.66369741037,0,static.pole,0.0457217472331852,-51.0841064453125,121.427177429199,179.593475341797
4695,1500.72470321134,0,static.pole,21.0284399252028,-51.0880355834961,121.425468444824,179.472274780273
4696,1500.75217770785,0,static.pole,92.0459043192126,-51.0897369384766,121.424522399902,179.415222167969
4697,1500.77912830934,0,static.pole,30.4610247865843,-51.0906105041504,121.424217224121,179.3974609375
4698,1500.80659161136,0,static.pole,20.3890844202633,-51.0916442871094,121.423667907715,179.360107421875
4699,1500.82892480865,0,static.pole,3.55480227193422,-51.0927200317383,121.423179626465,179.326812744141
4700,1500.85247920826,0,static.pole,63.4352085356782,-51.0935859680176,121.422889709473,179.316482543945
4701,1501.04562880471,0,static.pole,2.05507998604436,-51.0941505432129,121.422294616699,179.291885375977
4702,1501.07781750709,0,static.pole,62.4951888966865,-51.0984039306641,121.420791625977,179.177597045898
4703,1501.10594220459,0,static.pole,28.9646094976697,-51.0997467041016,121.420082092285,179.131042480469
4704,1501.13246520609,0,static.pole,44.150653769646,-51.1007270812988,121.41968536377,179.11799621582
4705,1501.16174310446,0,static.pole,62.4684105488231,-51.1013526916504,121.419296264648,179.095153808594
4706,1501.18597800657,0,static.pole,53.5575151629924,-51.1021614074707,121.418701171875,179.065017700195
4707,1501.21131020412,0,static.pole,37.3450081937218,-51.1027908325195,121.418327331543,179.052536010742
4708,1501.23497610539,0,static.pole,71.8030058789576,-51.1035690307617,121.417816162109,179.013977050781
4709,1501.26087850705,0,static.pole,24.9345823719857,-51.1043968200684,121.417388916016,178.984939575195
4710,1501.28304640576,0,static.pole,41.9522806195474,-51.1049499511719,121.416839599609,178.949813842773
4711,1501.30389870703,0,static.pole,97.9215449549005,-51.106258392334,121.416305541992,178.904525756836
4712,1501.32640200481,0,static.pole,81.1371624699137,-51.1076202392578,121.415756225586,178.859100341797
4713,1501.3476444073,0,static.pole,76.5276925357055,-51.1090698242188,121.414863586426,178.78434753418
4714,1501.37134590745,0,static.pole,79.7141978413286,-51.1103096008301,121.414398193359,178.740966796875
4715,1501.39177700505,0,static.pole,81.5143408068849,-51.1121368408203,121.41333770752,178.644348144531
4716,1501.41196450591,0,static.pole,79.0410346206481,-51.1137580871582,121.41242980957,178.556793212891
4717,1501.43408590555,0,static.pole,88.0739796111543,-51.115348815918,121.411598205566,178.470825195312
4718,1501.45393050462,0,static.pole,118.165328502055,-51.1171379089355,121.410682678223,178.37321472168
4719,1501.47489960492,0,static.pole,87.8816745122734,-51.1188163757324,121.409805297852,178.280471801758
4720,1501.49870000407,0,static.pole,98.9388856924444,-51.120532989502,121.408805847168,178.186111450195
4721,1501.51860930771,0,static.pole,124.201158530541,-51.1225090026855,121.407646179199,178.076431274414
4722,1501.54104180634,0,static.pole,98.0214553988466,-51.1242179870605,121.406639099121,177.980880737305
4723,1501.56175370514,0,static.pole,90.2180254090337,-51.1260719299316,121.405433654785,177.877487182617
4724,1501.58275860548,0,static.pole,91.8457705862542,-51.127758026123,121.404335021973,177.783294677734
4725,1501.61071460694,0,static.pole,120.527668015267,-51.1294555664062,121.403221130371,177.688064575195
4726,1501.63352290541,0,static.pole,102.032370665469,-51.1317710876465,121.401664733887,177.556793212891
4727,1501.6587632075,0,static.pole,112.1509470971,-51.133602142334,121.400360107422,177.452941894531
4728,1501.68079480529,0,static.pole,100.112165775052,-51.1356391906738,121.398895263672,177.337265014648
4729,1501.70296120644,0,static.pole,101.894232686455,-51.1373672485352,121.397605895996,177.238433837891
4730,1501.72538520768,0,static.pole,103.784237062526,-51.1390991210938,121.396308898926,177.139587402344
4731,1501.86323149875,0,static.pole,142.089897077661,-51.1408576965332,121.394996643066,177.039672851562
4732,1501.91800299659,0,static.pole,118.820443827624,-51.1491203308105,121.388427734375,176.567764282227
4733,1501.95939959958,0,static.pole,103.090508300706,-51.1534576416016,121.38484954834,176.323028564453
4734,1501.99251149967,0,static.pole,120.953191827833,-51.156852722168,121.381950378418,176.128952026367
4735,1502.16445629671,0,static.pole,135.335271852834,-51.1596336364746,121.379623413086,175.968734741211
4736,1502.23306209967,0,static.pole,122.074334615355,-51.1683540344238,121.372604370117,175.48356628418
4737,1502.26452299953,0,static.pole,102.67943542101,-51.1745452880859,121.367362976074,175.130950927734
4738,1502.29249049723,0,static.pole,148.794027949131,-51.1776008605957,121.365058898926,174.975631713867
4739,1502.31584670022,0,static.pole,106.69042306821,-51.1801795959473,121.363059997559,174.834320068359
4740,1502.50641359761,0,static.pole,142.992499419049,-51.1822662353516,121.361618041992,174.735885620117
4741,1502.54811279848,0,static.pole,125.992702390014,-51.1912307739258,121.354530334473,174.252944946289
4742,1502.57299569994,0,static.pole,115.351370931726,-51.1947174072266,121.351547241211,174.056030273438
4743,1502.60254499689,0,static.pole,132.134213289221,-51.1971092224121,121.349830627441,173.939712524414
4744,1502.62546289712,0,static.pole,110.849844717087,-51.1996879577637,121.34765625,173.796249389648
4745,1502.64756969735,0,static.pole,103.563593059599,-51.2017021179199,121.34595489502,173.68327331543
4746,1502.66809109971,0,static.pole,93.2865382035051,-51.2035980224609,121.344398498535,173.576858520508
4747,1502.69296529889,0,static.pole,110.862767334719,-51.2052955627441,121.343132019043,173.488510131836
4748,1502.71601449698,0,static.pole,112.148528771017,-51.2073631286621,121.341445922852,173.37336730957
4749,1502.73612139747,0,static.pole,101.434207919881,-51.2093696594238,121.339881896973,173.266967773438
4750,1502.75929659978,0,static.pole,107.061954049269,-51.2110443115234,121.338500976562,173.176315307617
4751,1502.77976039797,0,static.pole,83.9031536012477,-51.2129173278809,121.336952209473,173.073028564453
4752,1502.80266099796,0,static.pole,109.54636234428,-51.2147216796875,121.335670471191,172.986831665039
4753,1502.8254750967,0,static.pole,102.092429230795,-51.2166213989258,121.334144592285,172.884735107422
4754,1502.8454005979,0,static.pole,133.767461142379,-51.2184715270996,121.332633972168,172.784866333008
4755,1502.86349099874,0,static.pole,116.889508740126,-51.2201652526855,121.331260681152,172.692123413086
4756,1502.88412389904,0,static.pole,77.5357942246674,-51.2216606140137,121.32999420166,172.608688354492
4757,1502.9065733999,0,static.pole,100.134573690006,-51.2235260009766,121.328651428223,172.518585205078
4758,1502.92689630017,0,static.pole,92.5204185401488,-51.2253761291504,121.3271484375,172.418960571289
4759,1502.94776649773,0,static.pole,97.6506513309873,-51.2270088195801,121.325805664062,172.331359863281
4760,1502.96850079671,0,static.pole,101.210964921947,-51.2286796569824,121.324478149414,172.241165161133
4761,1502.98822489753,0,static.pole,126.202314463141,-51.2303657531738,121.323150634766,172.151077270508
4762,1503.00974519923,0,static.pole,105.376374830454,-51.2320137023926,121.321853637695,172.061126708984
4763,1503.03154049814,0,static.pole,100.79306467939,-51.2337913513184,121.320388793945,171.963684082031
4764,1503.05276709795,0,static.pole,101.051393150274,-51.2355995178223,121.318916320801,171.864440917969
4765,1503.07333229855,0,static.pole,95.1847371476659,-51.2375221252441,121.317543029785,171.768859863281
4766,1503.09445849806,0,static.pole,99.9812343765433,-51.2392845153809,121.31623840332,171.676635742188
4767,1503.11586669832,0,static.pole,100.06367230715,-51.2410125732422,121.314888000488,171.583618164062
4768,1503.1401357986,0,static.pole,105.09923803575,-51.242805480957,121.313545227051,171.489151000977
4769,1503.1615944989,0,static.pole,103.849950832517,-51.2448806762695,121.311958312988,171.377380371094
4770,1503.18481859937,0,static.pole,110.770830244104,-51.2467231750488,121.310485839844,171.278137207031
4771,1503.20716840029,0,static.pole,77.6806294864148,-51.2487869262695,121.308921813965,171.166275024414
4772,1503.40105099976,0,static.pole,133.258222573067,-51.2507209777832,121.307495117188,171.068313598633
4773,1503.45538079739,0,static.pole,121.226554219692,-51.2596893310547,121.300552368164,170.57844543457
4774,1503.48794259876,0,static.pole,115.621171856536,-51.2646675109863,121.297058105469,170.326614379883
4775,1503.51554320008,0,static.pole,123.111427306562,-51.2675285339355,121.294898986816,170.1728515625
4776,1503.71352709085,0,static.pole,138.628476916568,-51.270076751709,121.292991638184,170.03564453125
4777,1503.76774879172,0,static.pole,124.634788614689,-51.279541015625,121.286491394043,169.545318603516
4778,1503.80183069035,0,static.pole,130.176442306303,-51.2843246459961,121.282920837402,169.29377746582
4779,1504.00894049928,0,static.pole,142.540386891856,-51.287410736084,121.280776977539,169.130889892578
4780,1504.06708979979,0,static.pole,147.549427584825,-51.2966918945312,121.274673461914,168.647811889648
4781,1504.11493190005,0,static.pole,144.333173239071,-51.3020896911621,121.270957946777,168.371017456055
4782,1504.31621270254,0,static.pole,148.67558329985,-51.3064422607422,121.267959594727,168.145782470703
4783,1504.35314940289,0,static.pole,138.521556446927,-51.3153686523438,121.261795043945,167.685745239258
4784,1504.38079730049,0,static.pole,136.319079999206,-51.3186798095703,121.259590148926,167.51448059082
4785,1504.40478900075,0,static.pole,121.255967037411,-51.3211669921875,121.257949829102,167.386978149414
4786,1504.42685220391,0,static.pole,111.209608463074,-51.3233299255371,121.256523132324,167.275741577148
4787,1504.45134880394,0,static.pole,116.976301691822,-51.3253021240234,121.255249023438,167.174453735352
4788,1504.47105070204,0,static.pole,163.746740932464,-51.3274879455566,121.253845214844,167.064239501953
4789,1504.49134810269,0,static.pole,88.7511003162072,-51.3295783996582,121.252494812012,166.963104248047
4790,1504.51391300187,0,static.pole,124.064147003453,-51.33154296875,121.251266479492,166.871032714844
4791,1504.53350260109,0,static.pole,127.880544954475,-51.33349609375,121.25008392334,166.777481079102
4792,1504.55410810187,0,static.pole,98.6289235643461,-51.3351936340332,121.249000549316,166.694381713867
4793,1504.57315470278,0,static.pole,122.819179166802,-51.3369026184082,121.247848510742,166.609130859375
4794,1504.59497370198,0,static.pole,103.34795120164,-51.3385734558105,121.246742248535,166.524505615234
4795,1504.61593380198,0,static.pole,102.415248231422,-51.3404922485352,121.245414733887,166.426559448242
4796,1504.63661660254,0,static.pole,93.0183712423393,-51.3424491882324,121.244293212891,166.337783813477
4797,1504.65702040121,0,static.pole,93.9659361790513,-51.3442459106445,121.243125915527,166.248764038086
4798,1504.67681730166,0,static.pole,129.267221137954,-51.3460083007812,121.241966247559,166.160568237305
4799,1504.69820990041,0,static.pole,99.6908336777059,-51.3478317260742,121.240814208984,166.068069458008
4800,1504.71883130074,0,static.pole,98.3328713483073,-51.3497467041016,121.239524841309,165.970886230469
4801,1504.73870470375,0,static.pole,128.209842612217,-51.3515281677246,121.238456726074,165.885635375977
4802,1504.75763800368,0,static.pole,122.062839071047,-51.3532371520996,121.23738861084,165.797332763672
4803,1504.77702750266,0,static.pole,137.557964987428,-51.3553161621094,121.236061096191,165.692291259766
4804,1504.79772560298,0,static.pole,87.0126815847968,-51.357292175293,121.234832763672,165.591064453125
4805,1504.81949070096,0,static.pole,97.0482719342291,-51.3594779968262,121.233642578125,165.493179321289
4806,1504.83850760385,0,static.pole,121.144231791876,-51.3615074157715,121.232406616211,165.394134521484
4807,1504.85850940272,0,static.pole,98.1670624705752,-51.3632659912109,121.231346130371,165.306884765625
4808,1504.87937460095,0,static.pole,99.0890472831806,-51.3650817871094,121.230186462402,165.216354370117
4809,1504.89946390316,0,static.pole,89.4696374126925,-51.3669891357422,121.229148864746,165.128509521484
4810,1504.91994120181,0,static.pole,102.492529774881,-51.3687477111816,121.228118896484,165.044921875
4811,1504.94002500176,0,static.pole,92.2117521015011,-51.3705940246582,121.227035522461,164.95556640625
4812,1504.96337270364,0,static.pole,105.19869323741,-51.372371673584,121.225975036621,164.868469238281
4813,1504.9828707017,0,static.pole,123.840258681744,-51.3744850158691,121.224700927734,164.763900756836
4814,1505.00278270245,0,static.pole,132.504031861445,-51.376277923584,121.223609924316,164.674453735352
4815,1505.02413430065,0,static.pole,99.078926222431,-51.3781280517578,121.222496032715,164.582138061523
4816,1505.04597610235,0,static.pole,100.44176626026,-51.3801116943359,121.221244812012,164.484939575195
4817,1505.06867360324,0,static.pole,105.484778687742,-51.3821487426758,121.220024108887,164.384887695312
4818,1505.0882185027,0,static.pole,125.695159116407,-51.3842010498047,121.218788146973,164.281845092773
4819,1505.10906570032,0,static.pole,94.7041853975614,-51.3860969543457,121.217674255371,164.185134887695
4820,1505.1295614019,0,static.pole,65.3222061742069,-51.3882293701172,121.216575622559,164.089172363281
4821,1505.15143560246,0,static.pole,104.09326987275,-51.3900833129883,121.215469360352,163.99919128418
4822,1505.17276110128,0,static.pole,88.5703371187275,-51.3921432495117,121.214263916016,163.897079467773
4823,1505.19469610229,0,static.pole,98.246230221738,-51.3943252563477,121.213226318359,163.801254272461
4824,1505.21416130289,0,static.pole,125.287427246611,-51.3963851928711,121.212097167969,163.702453613281
4825,1505.23629700392,0,static.pole,105.043920868809,-51.3982467651367,121.211082458496,163.611877441406
4826,1505.25739510357,0,static.pole,99.3142923651539,-51.4002914428711,121.209869384766,163.510940551758
4827,1505.27857690305,0,static.pole,94.2581132570817,-51.4021873474121,121.208808898926,163.419006347656
4828,1505.30179270357,0,static.pole,106.046793629027,-51.4041137695312,121.207710266113,163.324493408203
4829,1505.32264380157,0,static.pole,83.3800575671257,-51.4062919616699,121.206504821777,163.217407226562
4830,1505.34294120222,0,static.pole,98.4244140396874,-51.4083862304688,121.205513000488,163.127044677734
4831,1505.36279070377,0,static.pole,126.87554519786,-51.4103355407715,121.204467773438,163.031982421875
4832,1505.38397780061,0,static.pole,100.487828128946,-51.4122848510742,121.203422546387,162.9345703125
4833,1505.40572320297,0,static.pole,96.403956179535,-51.4144515991211,121.202392578125,162.837951660156
4834,1505.42610920221,0,static.pole,91.5147555180558,-51.4164886474609,121.201293945312,162.740249633789
4835,1505.4478752017,0,static.pole,96.777928879018,-51.4183616638184,121.200271606445,162.650482177734
4836,1505.47041720152,0,static.pole,101.520077071756,-51.4203491210938,121.199195861816,162.554718017578
4837,1505.49160200357,0,static.pole,95.8112568200939,-51.4224090576172,121.198066711426,162.454406738281
4838,1505.51170020178,0,static.pole,92.8728475475401,-51.4243202209473,121.196998596191,162.362213134766
4839,1505.53593000397,0,static.pole,108.659939301842,-51.4261474609375,121.195991516113,162.272903442383
4840,1505.55863580108,0,static.pole,97.3806293883636,-51.4284515380859,121.194755554199,162.158660888672
4841,1505.5781099014,0,static.pole,127.261606447203,-51.4306907653809,121.193672180176,162.0576171875
4842,1505.6003793031,0,static.pole,107.762684084822,-51.4325981140137,121.19263458252,161.964324951172
4843,1505.62006930262,0,static.pole,133.174529317282,-51.4347152709961,121.19149017334,161.861099243164
4844,1505.64295120165,0,static.pole,100.667079834081,-51.4365310668945,121.190498352051,161.772644042969
4845,1505.66377750039,0,static.pole,97.819119686991,-51.4388122558594,121.189437866211,161.673553466797
4846,1505.68387930095,0,static.pole,102.697212113388,-51.4407539367676,121.188446044922,161.58381652832
4847,1505.70510890335,0,static.pole,93.5448178204486,-51.4426155090332,121.187507629395,161.497299194336
4848,1505.72641210258,0,static.pole,94.2738109688259,-51.4445495605469,121.186508178711,161.405548095703
4849,1505.74496790394,0,static.pole,119.088815404169,-51.4464912414551,121.185493469238,161.31233215332
4850,1505.76673410088,0,static.pole,102.365935916754,-51.4482498168945,121.184585571289,161.227752685547
4851,1505.78666730225,0,static.pole,127.448748816085,-51.4502563476562,121.183540344238,161.133026123047
4852,1505.80738870054,0,static.pole,98.8546948267969,-51.4521827697754,121.18253326416,161.040237426758
4853,1505.82851360366,0,static.pole,100.251476492379,-51.4541358947754,121.18147277832,160.945510864258
4854,1505.84986660257,0,static.pole,97.3657270276696,-51.4562034606934,121.180625915527,160.857604980469
4855,1505.8709856011,0,static.pole,93.3866763603771,-51.4581680297852,121.179618835449,160.765274047852
4856,1505.89100880176,0,static.pole,90.3397307633446,-51.4601211547852,121.178619384766,160.672454833984
4857,1505.9110596031,0,static.pole,98.3286353358971,-51.4620094299316,121.177780151367,160.586090087891
4858,1505.93254160136,0,static.pole,94.4277147725004,-51.4638671875,121.17684173584,160.497039794922
4859,1505.95345370099,0,static.pole,90.423868732487,-51.4658966064453,121.175849914551,160.398315429688
4860,1505.97650920227,0,static.pole,103.39154915337,-51.4679489135742,121.174964904785,160.30729675293
4861,1505.99583750218,0,static.pole,119.528919108479,-51.4701385498047,121.173881530762,160.201019287109
4862,1506.01628950238,0,static.pole,88.2250221427369,-51.4721069335938,121.172874450684,160.106262207031
4863,1506.03724740073,0,static.pole,106.629111911055,-51.4742965698242,121.17195892334,160.014297485352
4864,1506.05789600313,0,static.pole,86.7328783922511,-51.4762763977051,121.170974731445,159.918762207031
4865,1506.07913630083,0,static.pole,97.1064065451524,-51.4783592224121,121.170150756836,159.829666137695
4866,1506.0999645032,0,static.pole,98.2852204026847,-51.4803123474121,121.169212341309,159.73844909668
4867,1506.12047270313,0,static.pole,90.9109404949784,-51.4822387695312,121.168304443359,159.648101806641
4868,1506.14171450213,0,static.pole,94.3725124044424,-51.4841232299805,121.16739654541,159.559234619141
4869,1506.16348830238,0,static.pole,98.2356053975368,-51.4860877990723,121.166442871094,159.465805053711
4870,1506.18851060048,0,static.pole,108.762323114053,-51.4881172180176,121.165458679199,159.36962890625
4871,1506.21404040232,0,static.pole,109.498626103199,-51.4904823303223,121.164283752441,159.257019042969
4872,1506.42384639755,0,static.pole,123.592363819275,-51.4928779602051,121.163093566895,159.142608642578
4873,1506.46641479805,0,static.pole,120.019596892234,-51.5026512145996,121.158149719238,158.679275512695
4874,1506.48937159777,0,static.pole,97.4469600310234,-51.5070266723633,121.156021118164,158.469772338867
4875,1506.51284309849,0,static.pole,105.749894256645,-51.5096817016602,121.155075073242,158.358276367188
4876,1506.53853179887,0,static.pole,108.81649675654,-51.5121040344238,121.154014587402,158.242736816406
4877,1506.56177379936,0,static.pole,110.504380763989,-51.5147857666016,121.152801513672,158.113891601562
4878,1506.58192809671,0,static.pole,90.2818047335071,-51.5174789428711,121.151870727539,157.999420166016
4879,1506.61091629788,0,static.pole,139.588877201917,-51.5195922851562,121.151054382324,157.905136108398
4880,1506.63402310014,0,static.pole,105.780439177539,-51.5227661132812,121.149673461914,157.759063720703
4881,1506.65689329803,0,static.pole,110.97666396896,-51.5254287719727,121.148704528809,157.643524169922
4882,1506.85658480227,0,static.pole,138.673146151402,-51.5278663635254,121.147666931152,157.531372070312
4883,1506.90912200138,0,static.pole,115.53262492662,-51.5379447937012,121.143104553223,157.072998046875
4884,1506.93933390081,0,static.pole,103.09733210188,-51.5433807373047,121.140983581543,156.832656860352
4885,1506.96566510201,0,static.pole,120.366658538939,-51.5463714599609,121.139739990234,156.6923828125
4886,1506.99010060355,0,static.pole,116.845830726649,-51.5491676330566,121.138648986816,156.559875488281
4887,1507.16292920336,0,static.pole,144.476261176289,-51.5518798828125,121.137573242188,156.432327270508
4888,1507.19827610254,0,static.pole,127.567561070171,-51.5632362365723,121.132751464844,155.912536621094
4889,1507.29769130051,0,static.pole,143.250045587151,-51.567195892334,121.131187438965,155.727981567383
4890,1507.34419440106,0,static.pole,134.949657864554,-51.5784492492676,121.126655578613,155.214477539062
4891,1507.36624470353,0,static.pole,118.098180179456,-51.5837211608887,121.124649047852,154.97282409668
4892,1507.38946560398,0,static.pole,102.317219788695,-51.5862579345703,121.123725891113,154.855529785156
4893,1507.41091630235,0,static.pole,107.467902409766,-51.5887680053711,121.122840881348,154.740219116211
4894,1507.43892190233,0,static.pole,133.345375367023,-51.5910987854004,121.121978759766,154.634307861328
4895,1507.56876770034,0,static.pole,147.194775043302,-51.5942420959473,121.120742797852,154.49462890625
4896,1507.60234570131,0,static.pole,125.538632491736,-51.6055297851562,121.116333007812,153.982559204102
4897,1507.625828702,0,static.pole,113.320837211118,-51.6093292236328,121.114990234375,153.807220458984
4898,1507.64766500145,0,static.pole,106.024183459851,-51.6119918823242,121.114105224609,153.685089111328
4899,1507.66783400252,0,static.pole,100.881552286252,-51.6144371032715,121.11328125,153.574127197266
4900,1507.68720140308,0,static.pole,131.683392566172,-51.6166305541992,121.11255645752,153.475662231445
4901,1507.70853260159,0,static.pole,88.5029775348928,-51.6188011169434,121.111785888672,153.38215637207
4902,1507.72765470296,0,static.pole,132.67192941383,-51.6210136413574,121.111015319824,153.286682128906
4903,1507.74790840223,0,static.pole,127.983166964788,-51.6230888366699,121.110298156738,153.196182250977
4904,1507.76863930374,0,static.pole,95.3378331110787,-51.6254234313965,121.109527587891,153.089996337891
4905,1507.78878830373,0,static.pole,90.4059865442165,-51.6275825500488,121.108833312988,152.992935180664
4906,1507.80738590285,0,static.pole,121.764228428662,-51.6296119689941,121.10816192627,152.901885986328
4907,1507.82901640236,0,static.pole,97.5636440497579,-51.6315650939941,121.107467651367,152.815948486328
4908,1507.84908690304,0,static.pole,93.2526668840316,-51.6337699890137,121.106658935547,152.718536376953
4909,1507.87154130265,0,static.pole,97.9049083371843,-51.6357574462891,121.105979919434,152.629257202148
4910,1507.89062110335,0,static.pole,120.884160835489,-51.638011932373,121.10523223877,152.527267456055
4911,1507.91283310205,0,static.pole,105.565364566676,-51.6399879455566,121.104530334473,152.438415527344
4912,1507.93369380385,0,static.pole,89.8824864720934,-51.6422843933105,121.103706359863,152.334075927734
4913,1507.95409200341,0,static.pole,109.192413399651,-51.6445121765137,121.10311126709,152.240707397461
4914,1507.97379530221,0,static.pole,128.072202022405,-51.6466484069824,121.102447509766,152.144866943359
4915,1507.99541730061,0,static.pole,107.187154086378,-51.6486625671387,121.10181427002,152.056381225586
4916,1508.01416380331,0,static.pole,117.483720488533,-51.6509857177734,121.101036071777,151.954086303711
4917,1508.03404470161,0,static.pole,134.974524597946,-51.6530342102051,121.10034942627,151.862670898438
4918,1508.05680050328,0,static.pole,105.406185087364,-51.6552581787109,121.099578857422,151.764724731445
4919,1508.07571900263,0,static.pole,122.406954852103,-51.6576080322266,121.098754882812,151.657821655273
4920,1508.24165010825,0,static.pole,139.764068057409,-51.6596374511719,121.098075866699,151.564834594727
4921,1508.27351200953,0,static.pole,114.000943445486,-51.6714553833008,121.094169616699,151.032928466797
4922,1508.30125660822,0,static.pole,121.850614955112,-51.6753387451172,121.093338012695,150.872497558594
4923,1508.32658891007,0,static.pole,112.871186526155,-51.6784477233887,121.092422485352,150.733276367188
4924,1508.34619281068,0,static.pole,132.130167884746,-51.6813507080078,121.091735839844,150.614440917969
4925,1508.3667432107,0,static.pole,96.0322769844177,-51.6835594177246,121.09107208252,150.518707275391
4926,1508.39487870783,0,static.pole,126.166041126148,-51.6858177185059,121.090423583984,150.417388916016
4927,1508.41609090939,0,static.pole,40.7396005869409,-51.6888427734375,121.089515686035,150.283721923828
4928,1508.54507761076,0,static.pole,132.861723830228,-51.691234588623,121.089424133301,150.209930419922
4929,1508.60074450821,0,static.pole,128.106847489199,-51.7008819580078,121.086982727051,149.814788818359
4930,1508.63112701103,0,static.pole,41.0108965243613,-51.7064819335938,121.085464477539,149.560211181641
4931,1508.64983091131,0,static.pole,121.998341068649,-51.7101287841797,121.085220336914,149.434265136719
4932,1508.67124570906,0,static.pole,99.7988814566632,-51.7122497558594,121.084701538086,149.342468261719
4933,1508.69190881029,0,static.pole,101.476334353631,-51.7147560119629,121.084121704102,149.23176574707
4934,1508.73131680861,0,static.pole,139.347072823188,-51.716926574707,121.083610534668,149.133834838867
4935,1508.7584454082,0,static.pole,134.825326067823,-51.721076965332,121.08243560791,148.955429077148
4936,1508.78418150917,0,static.pole,125.54006484863,-51.7239990234375,121.081596374512,148.828155517578
4937,1508.80648130924,0,static.pole,114.844313055551,-51.7267227172852,121.08088684082,148.705337524414
4938,1508.82826640829,0,static.pole,99.5319311154389,-51.7290840148926,121.080284118652,148.5986328125
4939,1508.85093500838,0,static.pole,98.3293061174103,-51.7313842773438,121.079711914062,148.49641418457
4940,1508.87076231092,0,static.pole,144.948064638306,-51.7338333129883,121.079109191895,148.389404296875
4941,1508.89109330997,0,static.pole,114.509403855535,-51.7360420227051,121.078514099121,148.295440673828
4942,1508.91212521121,0,static.pole,90.4137172913608,-51.7382011413574,121.077964782715,148.199813842773
4943,1508.93116641045,0,static.pole,157.742353563878,-51.7404861450195,121.077598571777,148.105773925781
4944,1508.95097640902,0,static.pole,117.448216686229,-51.742790222168,121.077041625977,148.006454467773
4945,1508.97050241008,0,static.pole,134.099728813234,-51.7446517944336,121.076530456543,147.927169799805
4946,1508.99259370938,0,static.pole,109.500932980259,-51.7467079162598,121.075950622559,147.838760375977
4947,1509.01365290955,0,static.pole,94.1505350279298,-51.7489738464355,121.075477600098,147.74169921875
4948,1509.03539491072,0,static.pole,97.1496471601645,-51.7511749267578,121.075065612793,147.64485168457
4949,1509.05632821098,0,static.pole,94.8756606427878,-51.7531623840332,121.074615478516,147.555389404297
4950,1509.07853391021,0,static.pole,121.119619802183,-51.7553100585938,121.07421875,147.464752197266
4951,1509.09921731055,0,static.pole,114.847101949409,-51.7576065063477,121.073669433594,147.367691040039
4952,1509.11787100881,0,static.pole,127.026326840986,-51.7599258422852,121.073150634766,147.267959594727
4953,1509.1395779103,0,static.pole,91.9372655300197,-51.762077331543,121.072631835938,147.17626953125
4954,1509.16049950942,0,static.pole,100.06538483737,-51.7644920349121,121.072166442871,147.07746887207
4955,1509.18000521138,0,static.pole,123.562408058429,-51.7668151855469,121.071655273438,146.976013183594
4956,1509.20564360917,0,static.pole,111.084609947727,-51.7690620422363,121.071136474609,146.879364013672
4957,1509.22784141079,0,static.pole,96.439759761514,-51.7718963623047,121.070465087891,146.756927490234
4958,1509.24483450875,0,static.pole,94.5811353471624,-51.7743110656738,121.069915771484,146.650955200195
4959,1509.26867480949,0,static.pole,118.058609302229,-51.776237487793,121.069526672363,146.566925048828
4960,1509.3880248107,0,static.pole,128.86714763639,-51.7789764404297,121.06893157959,146.445343017578
4961,1509.42201311141,0,static.pole,95.0190269673248,-51.7910957336426,121.066062927246,145.915267944336
4962,1509.44919070974,0,static.pole,122.297709525885,-51.7950859069824,121.065551757812,145.754989624023
4963,1509.47537171096,0,static.pole,111.798699803372,-51.7982444763184,121.064964294434,145.617446899414
4964,1509.49665760994,0,static.pole,101.934380243082,-51.8014297485352,121.064353942871,145.479858398438
4965,1509.51479721069,0,static.pole,132.237495284257,-51.8041687011719,121.064056396484,145.36848449707
4966,1509.53981721029,0,static.pole,102.628208802441,-51.8063087463379,121.063667297363,145.278366088867
4967,1509.55909951031,0,static.pole,120.294285230932,-51.8094024658203,121.063247680664,145.154876708984
4968,1509.57977940887,0,static.pole,93.8401403133999,-51.8116874694824,121.062812805176,145.058380126953
4969,1509.60174730793,0,static.pole,90.9693802501497,-51.814037322998,121.062408447266,144.959716796875
4970,1509.62230760977,0,static.pole,91.9776471073241,-51.8163452148438,121.062019348145,144.859619140625
4971,1509.64158891141,0,static.pole,148.358408596453,-51.818489074707,121.061668395996,144.764465332031
4972,1509.66208960861,0,static.pole,103.098258929938,-51.8209381103516,121.061248779297,144.660522460938
4973,1509.68445210904,0,static.pole,99.6027373897372,-51.8231811523438,121.060859680176,144.564636230469
4974,1509.70669880882,0,static.pole,100.918780793299,-51.8255195617676,121.060447692871,144.46305847168
4975,1509.72759011015,0,static.pole,95.1799641755651,-51.827880859375,121.060028076172,144.361862182617
4976,1509.74896800891,0,static.pole,95.1785250238381,-51.8300704956055,121.059638977051,144.266586303711
4977,1509.77053390816,0,static.pole,96.8435691913483,-51.8323211669922,121.059242248535,144.169555664062
4978,1509.79285920784,0,static.pole,99.651485774065,-51.834587097168,121.05884552002,144.072021484375
4979,1509.81419030949,0,static.pole,95.2666928301216,-51.8369293212891,121.05842590332,143.971343994141
4980,1509.833639808,0,static.pole,145.479727996042,-51.8391647338867,121.058044433594,143.874954223633
4981,1509.85388050973,0,static.pole,118.966293312997,-51.8415107727051,121.057624816895,143.775604248047
4982,1509.87438620999,0,static.pole,90.7953783749071,-51.8440093994141,121.057250976562,143.669540405273
4983,1509.89305480942,0,static.pole,119.169923133478,-51.8463020324707,121.056976318359,143.572952270508
4984,1509.91324590892,0,static.pole,83.7169962778699,-51.8484649658203,121.056602478027,143.480545043945
4985,1509.93173880875,0,static.pole,113.745218455666,-51.8507423400879,121.056289672852,143.386596679688
4986,1509.9522209093,0,static.pole,72.4404997444355,-51.8528747558594,121.055908203125,143.293930053711
4987,1509.97324721143,0,static.pole,99.5515767396903,-51.8553810119629,121.055847167969,143.201812744141
4988,1509.99478610978,0,static.pole,105.675228516103,-51.857795715332,121.055511474609,143.098327636719
4989,1510.01478080824,0,static.pole,128.776984456557,-51.8601684570312,121.055152893066,142.993499755859
4990,1510.03435990959,0,static.pole,129.101608008953,-51.8625907897949,121.054740905762,142.890029907227
4991,1510.05317300931,0,static.pole,121.264732385237,-51.8650360107422,121.05428314209,142.786483764648
4992,1510.07229040936,0,static.pole,120.958543654723,-51.8672943115234,121.053871154785,142.689102172852
4993,1510.09193360806,0,static.pole,124.303230558529,-51.8695297241211,121.053489685059,142.590911865234
4994,1510.11387331039,0,static.pole,73.1521967113929,-51.8718299865723,121.053100585938,142.489685058594
4995,1510.13111491129,0,static.pole,103.394842873246,-51.8745193481445,121.053092956543,142.388641357422
4996,1510.15104360878,0,static.pole,127.609150670021,-51.8765029907227,121.052940368652,142.306076049805
4997,1510.17024020851,0,static.pole,115.630563696467,-51.8788414001465,121.052604675293,142.207153320312
4998,1510.19283891097,0,static.pole,99.9642684135609,-51.881103515625,121.052261352539,142.111465454102
4999,1510.21025850996,0,static.pole,106.948550208846,-51.8835983276367,121.051902770996,142.002258300781
5000,1510.23162360862,0,static.pole,74.1520369870931,-51.8855895996094,121.051635742188,141.914459228516
5001,1510.25024341047,0,static.pole,148.770486016196,-51.888298034668,121.051696777344,141.813781738281
5002,1510.26923301071,0,static.pole,123.810502040992,-51.890926361084,121.051383972168,141.702590942383
5003,1510.28887441009,0,static.pole,125.756020749801,-51.8934555053711,121.051048278809,141.596542358398
5004,1510.31097431108,0,static.pole,94.7066104551962,-51.8959426879883,121.050720214844,141.492889404297
5005,1510.3303091079,0,static.pole,123.672883579033,-51.8986282348633,121.050506591797,141.381561279297
5006,1510.34955171123,0,static.pole,117.314096240582,-51.9009475708008,121.050254821777,141.282653808594
5007,1510.36939071119,0,static.pole,120.965205355108,-51.9032707214355,121.049957275391,141.184707641602
5008,1510.38940380886,0,static.pole,95.6577851812954,-51.905632019043,121.049644470215,141.084564208984
5009,1510.40683240816,0,static.pole,115.361089277665,-51.9078559875488,121.049491882324,140.994369506836
5010,1510.4306098111,0,static.pole,108.409576341028,-51.9097023010254,121.049301147461,140.914001464844
5011,1510.66027440503,0,static.pole,126.995343164099,-51.9122924804688,121.049049377441,140.800872802734
5012,1510.70521770418,0,static.pole,118.082641822996,-51.9241600036621,121.047698974609,140.299530029297
5013,1510.72610580549,0,static.pole,70.0423160438371,-51.9291877746582,121.04727935791,140.085678100586
5014,1510.74551550671,0,static.pole,125.249911782862,-51.9320335388184,121.047760009766,139.99348449707
5015,1510.76559340581,0,static.pole,88.3401042784174,-51.9345703125,121.047554016113,139.887588500977
5016,1510.78399570659,0,static.pole,119.231395651434,-51.9369926452637,121.047431945801,139.789154052734
5017,1510.80460280553,0,static.pole,86.4995566007973,-51.9394569396973,121.047271728516,139.685317993164
5018,1510.82566310465,0,static.pole,75.9873502797234,-51.9420585632324,121.047088623047,139.575912475586
5019,1510.84366420656,0,static.pole,101.612744200146,-51.9446563720703,121.046989440918,139.466415405273
5020,1510.86395630613,0,static.pole,97.8674230859889,-51.9466743469238,121.046897888184,139.384872436523
5021,1510.88285650685,0,static.pole,122.093631104751,-51.9488525390625,121.046783447266,139.297317504883
5022,1510.90433470532,0,static.pole,94.6420547222289,-51.9509201049805,121.046600341797,139.210021972656
5023,1510.92295740545,0,static.pole,114.669000093908,-51.9531440734863,121.046394348145,139.114776611328
5024,1510.94192170724,0,static.pole,119.587202773898,-51.9550132751465,121.046234130859,139.034225463867
5025,1510.96077360585,0,static.pole,142.968593087181,-51.9569358825684,121.046020507812,138.952697753906
5026,1510.97970730439,0,static.pole,120.983494161784,-51.959300994873,121.045806884766,138.852798461914
5027,1511.00055530667,0,static.pole,94.0053736814535,-51.9615669250488,121.046020507812,138.773254394531
5028,1511.02274700627,0,static.pole,91.3480758828305,-51.9640693664551,121.046211242676,138.679351806641
5029,1511.04483170435,0,static.pole,94.9044602494498,-51.9666786193848,121.046188354492,138.57048034668
5030,1511.06504370645,0,static.pole,83.8417888980652,-51.9693069458008,121.046051025391,138.457962036133
5031,1511.08371100575,0,static.pole,110.88803618595,-51.9714622497559,121.045921325684,138.365661621094
5032,1511.1022587046,0,static.pole,119.635089336304,-51.9733085632324,121.046165466309,138.30387878418
5033,1511.12240270525,0,static.pole,75.2435152260024,-51.9753303527832,121.046249389648,138.232330322266
5034,1511.14076280594,0,static.pole,116.279438351281,-51.9777030944824,121.046287536621,138.142715454102
5035,1511.15874950588,0,static.pole,116.075278867129,-51.9799499511719,121.046287536621,138.050003051758
5036,1511.17922580615,0,static.pole,87.5550772828303,-51.9821319580078,121.046127319336,137.957763671875
5037,1511.19835650548,0,static.pole,117.660449849985,-51.9844551086426,121.045974731445,137.856079101562
5038,1511.21728520468,0,static.pole,118.533091350999,-51.9867630004883,121.04581451416,137.755844116211
5039,1511.23768490553,0,static.pole,64.6971420474179,-51.9891014099121,121.045631408691,137.655380249023
5040,1511.25685610622,0,static.pole,73.076671465687,-51.9917335510254,121.046104431152,137.568435668945
5041,1511.2748568058,0,static.pole,44.960855480956,-51.9927215576172,121.046264648438,137.540664672852
5042,1511.29339740425,0,static.pole,55.0967657720871,-51.9927673339844,121.045913696289,137.538589477539
5043,1511.31283050403,0,static.pole,60.0960456781073,-51.9928207397461,121.04549407959,137.536376953125
5044,1511.33306590468,0,static.pole,53.769168163285,-51.9928894042969,121.045043945312,137.534530639648
5045,1511.35127030686,0,static.pole,54.4718948601149,-51.9929466247559,121.044555664062,137.531677246094
5046,1511.37002380565,0,static.pole,55.0020102879624,-51.9929809570312,121.044174194336,137.529708862305
5047,1511.38992500678,0,static.pole,58.6560371806729,-51.9930114746094,121.04377746582,137.527328491211
5048,1511.40882280469,0,static.pole,56.3690027135015,-51.9930610656738,121.043365478516,137.525390625
5049,1511.42865580693,0,static.pole,53.8153732022779,-51.9931182861328,121.042984008789,137.523818969727
5050,1511.45080440491,0,static.pole,47.920289861151,-51.9931640625,121.042594909668,137.521743774414
5051,1511.4701234065,0,static.pole,48.2016817108997,-51.9932403564453,121.042213439941,137.52082824707
5052,1511.48930980638,0,static.pole,48.0624676237368,-51.9933052062988,121.04190826416,137.519912719727
5053,1511.50792970508,0,static.pole,47.4659816070672,-51.9933547973633,121.04158782959,137.518447875977
5054,1511.52759150416,0,static.pole,44.8748575043287,-51.9934310913086,121.041313171387,137.517944335938
5055,1511.54828270525,0,static.pole,37.6748905116701,-51.9934883117676,121.041015625,137.516693115234
5056,1511.56861160696,0,static.pole,34.1690179240468,-51.9935722351074,121.040733337402,137.516128540039
5057,1511.58813630417,0,static.pole,37.0422861779891,-51.9936447143555,121.040466308594,137.515243530273
5058,1511.60714470595,0,static.pole,37.8195710052867,-51.9936981201172,121.040229797363,137.514465332031
5059,1511.62476520613,0,static.pole,39.4280070365655,-51.993766784668,121.040016174316,137.514312744141
5060,1511.64471140504,0,static.pole,39.1598709197094,-51.9938316345215,121.03980255127,137.513534545898
5061,1511.66602380574,0,static.pole,34.5493670332434,-51.9939117431641,121.039573669434,137.513031005859
5062,1511.68480240554,0,static.pole,31.3333127956403,-51.9939918518066,121.039321899414,137.512344360352
5063,1511.70435720682,0,static.pole,34.2232580524374,-51.9940567016602,121.03914642334,137.511947631836
5064,1511.7243363075,0,static.pole,34.0273198498179,-51.994140625,121.038970947266,137.511993408203
5065,1511.74360200763,0,static.pole,34.7452836552614,-51.9942016601562,121.038780212402,137.511566162109
5066,1511.76392420754,0,static.pole,28.6427725613878,-51.9942817687988,121.038589477539,137.511199951172
5067,1511.79601470754,0,static.pole,28.0250261652849,-51.9943733215332,121.038414001465,137.511291503906
5068,1511.97042271122,0,static.pole,27.8987877953479,-51.9944801330566,121.038162231445,137.510665893555
5069,1512.01889491081,0,static.pole,27.2787000299826,-51.9948425292969,121.037460327148,137.510620117188
5070,1512.04125050828,0,static.pole,22.0878312562611,-51.9950103759766,121.037147521973,137.510681152344
5071,1512.06048601121,0,static.pole,23.3313287102868,-51.9950828552246,121.037010192871,137.510559082031
5072,1512.08029330894,0,static.pole,22.8314010588643,-51.9951362609863,121.036911010742,137.510620117188
5073,1512.10009790957,0,static.pole,21.2920260188936,-51.9951972961426,121.036804199219,137.510711669922
5074,1512.124836009,0,static.pole,21.8388789057661,-51.9952659606934,121.036712646484,137.510864257812
5075,1512.14565701038,0,static.pole,18.7738106145707,-51.9953536987305,121.036590576172,137.511276245117
5076,1512.16357731074,0,static.pole,17.8796354216167,-51.9954147338867,121.036483764648,137.511291503906
5077,1512.18485650793,0,static.pole,17.3395772292266,-51.9954566955566,121.036415100098,137.511306762695
5078,1512.20321280882,0,static.pole,14.3934255743897,-51.9955253601074,121.036308288574,137.511428833008
5079,1512.22521631047,0,static.pole,16.9271574300176,-51.9955596923828,121.036247253418,137.511383056641
5080,1512.24573560804,0,static.pole,13.1496933545437,-51.9956092834473,121.036140441895,137.511337280273
5081,1512.26794110984,0,static.pole,13.6317287452568,-51.9956665039062,121.036071777344,137.511474609375
5082,1512.28596941009,0,static.pole,14.2225332703605,-51.9957084655762,121.035995483398,137.511444091797
5083,1512.30559840798,0,static.pole,15.6956003314529,-51.9957466125488,121.035942077637,137.511459350586
5084,1512.32780070975,0,static.pole,13.5935887168848,-51.9957847595215,121.035873413086,137.511505126953
5085,1512.34697771072,0,static.pole,15.8861439632361,-51.9958343505859,121.035797119141,137.511596679688
5086,1512.3662863113,0,static.pole,16.558867391775,-51.9958534240723,121.035758972168,137.511840820312
5087,1512.38515381142,0,static.pole,15.73338273016,-51.9958763122559,121.035720825195,137.512023925781
5088,1512.403564509,0,static.pole,17.931072013092,-51.9959030151367,121.035682678223,137.512252807617
5089,1512.42243281007,0,static.pole,15.0242385057068,-51.9959259033203,121.035629272461,137.512496948242
5090,1512.4458900094,0,static.pole,11.7295406039457,-51.9959259033203,121.035629272461,137.512496948242
5091,1512.47088471055,0,static.pole,11.3370968693119,-51.9959526062012,121.035575866699,137.512847900391
5092,1512.49094291031,0,static.pole,14.8674782721516,-51.995964050293,121.035537719727,137.512908935547
5093,1512.51231281087,0,static.pole,9.91528377591569,-51.9959754943848,121.035484313965,137.512908935547
5094,1512.53135911003,0,static.pole,13.2916996130175,-51.9959945678711,121.035469055176,137.513153076172
5095,1512.55320500955,0,static.pole,13.7195758907447,-51.9960098266602,121.035446166992,137.513290405273
5096,1512.57264281064,0,static.pole,12.8283392041838,-51.9960441589355,121.03540802002,137.51350402832
5097,1512.59107040986,0,static.pole,12.3112022003186,-51.9960594177246,121.035377502441,137.513626098633
5098,1512.60949020833,0,static.pole,12.4437790158398,-51.9960784912109,121.035346984863,137.513809204102
5099,1512.62806690857,0,static.pole,14.9366169822038,-51.9960975646973,121.035316467285,137.513946533203
5100,1512.64787650853,0,static.pole,16.4781862887745,-51.9961166381836,121.035301208496,137.514236450195
5101,1512.66892360896,0,static.pole,12.7918623220775,-51.9961318969727,121.035263061523,137.51432800293
5102,1512.68958561122,0,static.pole,13.3518476957403,-51.996166229248,121.035224914551,137.514602661133
5103,1512.70971620828,0,static.pole,7.52917966947535,-51.9961891174316,121.035179138184,137.514846801758
5104,1512.72956280783,0,static.pole,7.02353846478699,-51.9962158203125,121.035163879395,137.515075683594
5105,1512.750011608,0,static.pole,15.4323449529705,-51.9962196350098,121.035163879395,137.515090942383
5106,1512.7682708092,0,static.pole,27.9682913909215,-51.9962348937988,121.035125732422,137.515197753906
5111,1512.87157581002,0,static.pole,15.2710361577546,-51.9950523376465,121.033073425293,137.530380249023
5113,1512.90887330845,0,static.pole,8.14715821645583,-51.9947319030762,121.032485961914,137.528945922852
5114,1512.9267052114,0,static.pole,10.0987216920808,-51.9944953918457,121.032157897949,137.531158447266
5115,1512.94684451073,0,static.pole,24.9968914889847,-51.9943656921387,121.031913757324,137.530334472656
5116,1512.96536200866,0,static.pole,46.8785987030405,-51.9945220947266,121.031829833984,137.527496337891
5118,1513.00674920902,0,static.pole,73.6081119477326,-51.9954071044922,121.032318115234,137.510894775391
5119,1513.11601940915,0,static.pole,18.6596047748582,-51.9961891174316,121.03254699707,137.493698120117
5120,1513.17790400982,0,static.pole,10.4907534256093,-51.9995384216309,121.033714294434,137.394073486328
5121,1513.20416720957,0,static.pole,6.8143831609201,-52.0024070739746,121.03556060791,137.315536499023
5122,1513.22945740819,0,static.pole,14.8049789279808,-52.0032768249512,121.035804748535,137.28596496582
5123,1513.2559476085,0,static.pole,83.6167114341355,-52.0038986206055,121.036010742188,137.27099609375
5124,1513.27475271001,0,static.pole,36.7263362515698,-52.0050239562988,121.036422729492,137.247100830078
5125,1513.29572061077,0,static.pole,44.1533640863622,-52.0058403015137,121.037269592285,137.241119384766
5126,1513.31909281015,0,static.pole,60.2883384905081,-52.0068588256836,121.037582397461,137.205276489258
5127,1513.34158321097,0,static.pole,65.800515349778,-52.0078506469727,121.037818908691,137.169006347656
5128,1513.36171590909,0,static.pole,70.4848808991051,-52.0088348388672,121.038291931152,137.146148681641
5129,1513.38094560802,0,static.pole,88.6265087145711,-52.009765625,121.038734436035,137.119979858398
5130,1513.40268300846,0,static.pole,22.7769060408123,-52.0106925964355,121.03882598877,137.091033935547
5131,1513.42619870976,0,static.pole,57.8033198844325,-52.011775970459,121.039810180664,137.07405090332
5132,1513.44731670991,0,static.pole,12.1808810180222,-52.0127105712891,121.040016174316,137.037551879883
5133,1513.46707290784,0,static.pole,14.1138001874923,-52.0134124755859,121.040130615234,137.014495849609
5134,1513.48447960988,0,static.pole,87.0525234903023,-52.0142478942871,121.040786743164,137.009765625
5135,1513.50514620915,0,static.pole,14.8817526890132,-52.015209197998,121.041130065918,136.983047485352
5136,1513.52712520957,0,static.pole,7.29263213108486,-52.0161285400391,121.041397094727,136.951354980469
5137,1513.5515659079,0,static.pole,10.0049010210676,-52.0171051025391,121.041839599609,136.924407958984
5138,1513.57231691107,0,static.pole,3.25915132192574,-52.0180816650391,121.042274475098,136.90104675293
5139,1513.59133990854,0,static.pole,43.7157810238328,-52.0188522338867,121.042556762695,136.88134765625
5140,1513.61109780893,0,static.pole,37.9436375751972,-52.0195159912109,121.042686462402,136.871566772461
5141,1513.63189060986,0,static.pole,27.4596416470629,-52.0202980041504,121.04288482666,136.830108642578
5142,1513.65326210856,0,static.pole,3.78902880823289,-52.0209617614746,121.042907714844,136.815322875977
5143,1513.67512350902,0,static.pole,4.75618799015834,-52.0218048095703,121.043472290039,136.797622680664
5144,1513.69645500928,0,static.pole,20.4489951284805,-52.0225982666016,121.043876647949,136.784332275391
5145,1513.71619451046,0,static.pole,54.6297280265144,-52.0233383178711,121.044013977051,136.759552001953
5146,1513.73932120949,0,static.pole,15.4265056606132,-52.0239524841309,121.043960571289,136.746490478516
5147,1513.76088031009,0,static.pole,49.0436728490646,-52.0249633789062,121.044792175293,136.727233886719
5148,1513.78029001132,0,static.pole,65.4005262189354,-52.0258102416992,121.044975280762,136.700302124023
5149,1513.79769460857,0,static.pole,11.5865808695489,-52.0263366699219,121.044868469238,136.691909790039
5150,1513.81601320952,0,static.pole,28.9820203329818,-52.0268974304199,121.045478820801,136.678970336914
5151,1513.83805800974,0,static.pole,0.333944604285255,-52.0276947021484,121.045692443848,136.649749755859
5152,1513.85805930942,0,static.pole,48.2822835643502,-52.0287933349609,121.046188354492,136.624847412109
5153,1513.87683850899,0,static.pole,36.8774025516184,-52.0296440124512,121.046348571777,136.594329833984
5154,1513.89527671039,0,static.pole,69.5835877380269,-52.0302734375,121.04647064209,136.57096862793
5155,1513.91339571029,0,static.pole,0.808863767192784,-52.0305519104004,121.046112060547,136.553756713867
5156,1513.93148320913,0,static.pole,23.7783951963396,-52.031063079834,121.046501159668,136.538131713867
5157,1513.95272340998,0,static.pole,42.0823190950074,-52.0312881469727,121.046348571777,136.527282714844
5158,1513.97270391136,0,static.pole,50.3836196698655,-52.0319023132324,121.046432495117,136.510223388672
5159,1513.99191251025,0,static.pole,57.8859123872996,-52.0327606201172,121.046844482422,136.495346069336
5160,1514.01004010811,0,static.pole,22.0439767219973,-52.0336036682129,121.047225952148,136.478561401367
5161,1514.02804950997,0,static.pole,36.6998183910948,-52.0342254638672,121.047508239746,136.461975097656
5162,1514.0470742099,0,static.pole,16.5365358831833,-52.0351257324219,121.047676086426,136.428649902344
5163,1514.065858908,0,static.pole,57.1360622601268,-52.0361557006836,121.048278808594,136.415939331055
5164,1514.08798841015,0,static.pole,52.7819735951201,-52.0367698669434,121.048515319824,136.39909362793
5165,1514.10633961111,0,static.pole,76.9029396045297,-52.0376319885254,121.048629760742,136.36637878418
5166,1514.12529600784,0,static.pole,47.0815285773681,-52.0385818481445,121.049057006836,136.341995239258
5167,1514.14552531019,0,static.pole,0.843673133389842,-52.0395431518555,121.049194335938,136.297668457031
5168,1514.16417481005,0,static.pole,23.8592497399408,-52.0404930114746,121.049522399902,136.270797729492
5169,1514.18416801095,0,static.pole,71.4012265132947,-52.0414772033691,121.050102233887,136.254638671875
5170,1514.20735871047,0,static.pole,67.0812773173383,-52.0422782897949,121.050224304199,136.234939575195
5171,1514.22612760961,0,static.pole,73.659498361385,-52.0433578491211,121.051010131836,136.213806152344
5172,1514.24570630863,0,static.pole,33.8209869788378,-52.0442962646484,121.051200866699,136.193984985352
5173,1514.26638600975,0,static.pole,72.1235393961778,-52.0450592041016,121.051383972168,136.15478515625
5174,1514.28712771088,0,static.pole,1.96988190560124,-52.0459251403809,121.051567077637,136.133453369141
5175,1514.30514511093,0,static.pole,0.804352976275817,-52.0468635559082,121.052223205566,136.113647460938
5176,1514.3262142092,0,static.pole,76.8442965687514,-52.0475234985352,121.05265045166,136.107269287109
5177,1514.34457391128,0,static.pole,41.7062164466793,-52.0484962463379,121.052963256836,136.076889038086
5178,1514.3641138114,0,static.pole,76.7887095510926,-52.0489692687988,121.053031921387,136.060913085938
5179,1514.38534710929,0,static.pole,72.0497904936437,-52.0498237609863,121.053184509277,136.031768798828
5180,1514.40491840988,0,static.pole,5.86399559280335,-52.0507545471191,121.053535461426,136.007629394531
5181,1514.42526930943,0,static.pole,27.4754923526316,-52.051513671875,121.054100036621,136.006622314453
5182,1514.44546470791,0,static.pole,30.7265572362858,-52.0524978637695,121.054466247559,135.981185913086
5183,1514.46523610875,0,static.pole,90.0144913814231,-52.0536804199219,121.055038452148,135.949401855469
5184,1514.48538520932,0,static.pole,15.846776139148,-52.0551986694336,121.055541992188,135.895874023438
5185,1514.50532400981,0,static.pole,89.0169529021241,-52.0562782287598,121.055786132812,135.855621337891
5186,1514.52446550876,0,static.pole,90.835550273426,-52.0578880310059,121.056381225586,135.795989990234
5187,1514.54422101006,0,static.pole,81.8012217979943,-52.0593490600586,121.056991577148,135.751007080078
5188,1514.56335940957,0,static.pole,111.002679597439,-52.0608940124512,121.058540344238,135.742202758789
5189,1514.58172440901,0,static.pole,87.7493805420828,-52.0629692077637,121.059295654297,135.66535949707
5190,1514.6029545106,0,static.pole,58.7415222167803,-52.064826965332,121.059860229492,135.589431762695
5191,1514.62552190945,0,static.pole,69.6072067017943,-52.0670166015625,121.06063079834,135.508758544922
5192,1514.64673211053,0,static.pole,67.8068598964322,-52.0694961547852,121.061660766602,135.422027587891
5193,1514.66778410971,0,static.pole,70.4672961256967,-52.0719261169434,121.06258392334,135.333847045898
5194,1514.68619500846,0,static.pole,92.5530145409751,-52.0744094848633,121.063667297363,135.249465942383
5195,1514.70760700852,0,static.pole,75.3268260378284,-52.0765571594238,121.064361572266,135.158325195312
5196,1514.72969850898,0,static.pole,74.4949713167824,-52.0788726806641,121.065055847168,135.061325073242
5197,1514.75036830828,0,static.pole,71.2975279048795,-52.0812454223633,121.065856933594,134.965957641602
5198,1514.76783891022,0,static.pole,89.8313671752422,-52.083610534668,121.06665802002,134.873626708984
5199,1514.78932400793,0,static.pole,76.1540852895724,-52.0855369567871,121.067344665527,134.797485351562
5200,1514.80901071057,0,static.pole,123.012828787424,-52.0880584716797,121.068130493164,134.700561523438
5201,1514.82804311067,0,static.pole,92.3025110777699,-52.0906677246094,121.068962097168,134.593521118164
5202,1514.85172620788,0,static.pole,87.147259251238,-52.0927124023438,121.069580078125,134.509750366211
5203,1514.87409770861,0,static.pole,82.0355293315551,-52.0954742431641,121.0703125,134.39973449707
5204,1514.89310361072,0,static.pole,100.09267153491,-52.0981330871582,121.071067810059,134.296600341797
5205,1514.91631470993,0,static.pole,83.7259851548216,-52.1002807617188,121.07169342041,134.210510253906
5206,1514.93657840788,0,static.pole,95.6120729458981,-52.1030654907227,121.072555541992,134.107604980469
5207,1514.95592121035,0,static.pole,126.492402261645,-52.1058235168457,121.07356262207,134.013595581055
5208,1514.97497531027,0,static.pole,103.30140377462,-52.1084251403809,121.074310302734,133.908767700195
5209,1514.99388740957,0,static.pole,101.042122648834,-52.1109809875488,121.074951171875,133.80744934082
5210,1515.01171001047,0,static.pole,101.921980302654,-52.1135482788086,121.075660705566,133.707778930664
5211,1515.03316600993,0,static.pole,87.8446804755524,-52.1160087585449,121.076210021973,133.608444213867
5212,1515.05281011015,0,static.pole,123.549182704537,-52.118724822998,121.077171325684,133.518035888672
5213,1515.07158941031,0,static.pole,120.215151098382,-52.1213073730469,121.077919006348,133.416229248047
5214,1515.09120070934,0,static.pole,122.427267008097,-52.1237030029297,121.078453063965,133.31559753418
5215,1515.10949290916,0,static.pole,116.047189370789,-52.126091003418,121.078941345215,133.212615966797
5216,1515.13039680943,0,static.pole,103.359498597825,-52.128303527832,121.079360961914,133.11735534668
5217,1515.17793140933,0,static.pole,104.108185130695,-52.1311416625977,121.080268859863,133.01432800293
5218,1515.203166008,0,static.pole,113.184892664084,-52.1375617980957,121.082740783691,132.798873901367
5219,1515.22250171006,0,static.pole,126.623127345384,-52.140926361084,121.083366394043,132.662750244141
5220,1515.24000690877,0,static.pole,107.479775031173,-52.1433181762695,121.083610534668,132.561050415039
5221,1515.26313791052,0,static.pole,98.2826486399333,-52.1454429626465,121.083892822266,132.472610473633
5222,1515.28364250809,0,static.pole,85.0730838490141,-52.148250579834,121.084320068359,132.357879638672
5223,1515.30359051004,0,static.pole,150.720382147989,-52.150764465332,121.084800720215,132.257278442383
5224,1515.32407290861,0,static.pole,94.3609990549302,-52.1535835266113,121.085067749023,132.138000488281
5225,1515.34251420945,0,static.pole,115.047787854803,-52.1563377380371,121.085517883301,132.027145385742
5226,1515.36228121072,0,static.pole,114.364144378682,-52.1587715148926,121.085945129395,131.929504394531
5227,1515.38099890947,0,static.pole,66.1271744860015,-52.1614570617676,121.086570739746,131.831161499023
5228,1515.39994280785,0,static.pole,117.497229891589,-52.1642189025879,121.087738037109,131.752853393555
5229,1515.41992741078,0,static.pole,119.468514210624,-52.1668510437012,121.088394165039,131.654907226562
5230,1515.43806540966,0,static.pole,102.029830600663,-52.1694412231445,121.088851928711,131.551315307617
5231,1515.45824401081,0,static.pole,77.3126325885356,-52.1716995239258,121.08927154541,131.461196899414
5232,1515.47770700976,0,static.pole,113.215094714437,-52.1742362976074,121.089736938477,131.359634399414
5233,1515.49588860944,0,static.pole,142.166935139553,-52.1765327453613,121.090682983398,131.282806396484
5234,1515.51568840817,0,static.pole,117.912376888066,-52.1790084838867,121.091354370117,131.190780639648
5235,1515.53525210917,0,static.pole,127.102005848666,-52.1818542480469,121.092300415039,131.093231201172
5236,1515.55417850986,0,static.pole,98.8271672962794,-52.1847686767578,121.09334564209,130.996871948242
5237,1515.57379560918,0,static.pole,117.278797069624,-52.1875228881836,121.094711303711,130.91828918457
5238,1515.59228811041,0,static.pole,143.19359224573,-52.1905670166016,121.095848083496,130.817260742188
5239,1515.61178310961,0,static.pole,116.148437743691,-52.1934852600098,121.096641540527,130.708908081055
5240,1515.63058520854,0,static.pole,109.547988022761,-52.1963424682617,121.097328186035,130.596740722656
5241,1515.65020221099,0,static.pole,96.8264321057461,-52.199047088623,121.097900390625,130.486907958984
5242,1515.66969601065,0,static.pole,115.772092041784,-52.2016754150391,121.098579406738,130.386093139648
5243,1515.69160770997,0,static.pole,98.5154955719962,-52.2042579650879,121.099159240723,130.283416748047
5244,1515.71018860862,0,static.pole,109.95614931113,-52.2069778442383,121.099822998047,130.17463684082
5245,1515.72878551111,0,static.pole,109.023725147714,-52.2092704772949,121.100379943848,130.081878662109
5246,1515.74722230807,0,static.pole,112.378086490019,-52.2116012573242,121.101013183594,129.992752075195
5247,1515.7657915093,0,static.pole,125.007226205972,-52.2139434814453,121.101531982422,129.899719238281
5248,1515.78585680947,0,static.pole,58.124421657073,-52.2163772583008,121.101806640625,129.793548583984
5249,1515.83077570796,0,static.pole,88.2542867356217,-52.2191505432129,121.103103637695,129.705688476562
5250,1515.95435720682,0,static.pole,132.837994087345,-52.2255020141602,121.104881286621,129.459564208984
5251,1515.98619680479,0,static.pole,110.493867960082,-52.2383918762207,121.107200622559,128.909515380859
5252,1516.0157289058,0,static.pole,128.339905282746,-52.2425384521484,121.108749389648,128.755310058594
5253,1516.04105170444,0,static.pole,104.094400860958,-52.246654510498,121.10986328125,128.591873168945
5254,1516.06269240752,0,static.pole,91.3324646254308,-52.2499732971191,121.110504150391,128.450424194336
5255,1516.0840460062,0,static.pole,91.5433165456686,-52.2527389526367,121.111297607422,128.336700439453
5256,1516.10361280665,0,static.pole,121.792759514932,-52.255443572998,121.112045288086,128.225051879883
5257,1516.12341940403,0,static.pole,104.208043614443,-52.2578926086426,121.112480163574,128.119934082031
5258,1516.14392440766,0,static.pole,99.2549090945392,-52.2604713439941,121.113258361816,128.022232055664
5259,1516.16718910635,0,static.pole,77.0131439956724,-52.2632179260254,121.114082336426,127.91569519043
5260,1516.18526630476,0,static.pole,123.492885192719,-52.2661552429199,121.115493774414,127.815483093262
5261,1516.20547680557,0,static.pole,92.8334397343353,-52.268627166748,121.116264343262,127.71736907959
5262,1516.22563490644,0,static.pole,66.1042792995843,-52.2714767456055,121.117469787598,127.614044189453
5263,1516.24602180719,0,static.pole,76.4083493015633,-52.2744674682617,121.11939239502,127.53067779541
5264,1516.26737140492,0,static.pole,117.200558333917,-52.277473449707,121.12100982666,127.437225341797
5265,1516.28837570548,0,static.pole,99.8634707870943,-52.2805252075195,121.121948242188,127.316551208496
5266,1516.30950150639,0,static.pole,98.3335574599512,-52.2834320068359,121.123092651367,127.207733154297
5267,1516.32871370763,0,static.pole,116.344479439882,-52.2862815856934,121.124313354492,127.105178833008
5268,1516.6274145171,0,static.pole,144.896840026893,-52.2888870239258,121.12557220459,127.018974304199
5269,1516.84548371285,0,static.pole,119.053902629047,-52.3027000427246,121.130683898926,126.493072509766
5270,1516.8771052137,0,static.pole,127.841389588452,-52.3166160583496,121.13761138916,126.009590148926
5271,1516.89604391158,0,static.pole,120.238760993077,-52.320930480957,121.13924407959,125.836326599121
5272,1516.91550601274,0,static.pole,118.211580718702,-52.3233032226562,121.13990020752,125.732086181641
5273,1516.93556011468,0,static.pole,75.4768968845582,-52.3256645202637,121.140487670898,125.627960205078
5274,1516.95654031262,0,static.pole,110.984973366639,-52.3281936645508,121.141738891602,125.537452697754
5275,1516.97803901508,0,static.pole,86.1871055603857,-52.3309898376465,121.143188476562,125.435935974121
5276,1516.99836521223,0,static.pole,64.0111777616927,-52.3339767456055,121.144790649414,125.332191467285
5277,1517.01922091469,0,static.pole,66.6069217647824,-52.3367233276367,121.14640045166,125.240585327148
5278,1517.04062871262,0,static.pole,83.9756941374672,-52.3398132324219,121.148345947266,125.145057678223
5279,1517.05865161493,0,static.pole,137.050218785012,-52.3428955078125,121.150291442871,125.049736022949
5280,1517.07801241428,0,static.pole,139.941896508802,-52.3455810546875,121.151679992676,124.954216003418
5281,1517.09676031396,0,static.pole,121.124144433016,-52.3484802246094,121.152732849121,124.836616516113
5282,1517.11415051296,0,static.pole,106.073815694832,-52.3511543273926,121.153442382812,124.718795776367
5283,1517.13728641346,0,static.pole,97.2070183155699,-52.3535499572754,121.154167175293,124.612777709961
5284,1517.1560264118,0,static.pole,113.391860080481,-52.3566017150879,121.155296325684,124.479934692383
5285,1517.17732191458,0,static.pole,94.8888136377867,-52.3591194152832,121.156097412109,124.368965148926
5286,1517.20241911337,0,static.pole,121.573044166928,-52.3618240356445,121.157066345215,124.253372192383
5287,1517.22798351198,0,static.pole,104.224615177389,-52.3651313781738,121.158172607422,124.110565185547
5288,1517.41173321754,0,static.pole,124.238897642257,-52.3682022094727,121.1591796875,123.976898193359
5289,1517.45434291661,0,static.pole,100.344628440945,-52.3800964355469,121.162254333496,123.426811218262
5290,1517.48458971828,0,static.pole,97.2232396572683,-52.385612487793,121.164100646973,123.177726745605
5291,1517.50643181801,0,static.pole,110.898493231433,-52.3894844055176,121.165954589844,123.021110534668
5292,1517.52491651848,0,static.pole,115.238588555282,-52.3922538757324,121.167198181152,122.908248901367
5293,1517.54838311672,0,static.pole,79.2956303665342,-52.3946113586426,121.168014526367,122.806289672852
5294,1517.57089941576,0,static.pole,67.239210787585,-52.397590637207,121.169525146484,122.692115783691
5295,1517.59161811695,0,static.pole,86.4123320182995,-52.4004096984863,121.1708984375,122.576614379883
5296,1517.60986911878,0,static.pole,107.288603681747,-52.4033088684082,121.172515869141,122.465995788574
5297,1517.63053661585,0,static.pole,102.368160092207,-52.4058570861816,121.173637390137,122.359840393066
5298,1517.6505064182,0,static.pole,117.803259126953,-52.4086608886719,121.175018310547,122.247291564941
5299,1517.66961611807,0,static.pole,99.6565274170062,-52.4114799499512,121.176727294922,122.143653869629
5300,1517.68767431751,0,static.pole,84.4654920395317,-52.4141998291016,121.17847442627,122.049995422363
5301,1517.7067707181,0,static.pole,107.205878208696,-52.4167175292969,121.180244445801,121.967582702637
5302,1517.72811011598,0,static.pole,111.359901452578,-52.4195442199707,121.181716918945,121.855293273926
5303,1517.74595331773,0,static.pole,106.816289540068,-52.4226989746094,121.183540344238,121.733306884766
5304,1517.76467731595,0,static.pole,113.29871622887,-52.4253540039062,121.185478210449,121.642356872559
5305,1517.7837299183,0,static.pole,104.773491242006,-52.4284172058105,121.187080383301,121.521820068359
5306,1517.80420761555,0,static.pole,77.1788403856372,-52.4315376281738,121.188369750977,121.385238647461
5307,1517.82518021762,0,static.pole,91.504545226339,-52.4345283508301,121.189949035645,121.262733459473
5308,1517.84629401565,0,static.pole,102.526990915602,-52.4377021789551,121.191551208496,121.127799987793
5309,1517.86812901869,0,static.pole,71.5390732252117,-52.4407768249512,121.192962646484,121.027473449707
5310,1517.88789011538,0,static.pole,116.618218429425,-52.4435348510742,121.194160461426,120.946357727051
5311,1517.90878001601,0,static.pole,95.0148112719457,-52.4458236694336,121.194869995117,120.872375488281
5312,1517.92634541541,0,static.pole,105.584641215609,-52.4482307434082,121.195190429688,120.790916442871
5313,1517.94736531749,0,static.pole,79.2522070043243,-52.4501266479492,121.195816040039,120.731727600098
5314,1517.96472961828,0,static.pole,127.778956327411,-52.4523811340332,121.19677734375,120.667221069336
5315,1517.98676461726,0,static.pole,69.0378183287183,-52.454345703125,121.197044372559,120.596969604492
5316,1518.00424881652,0,static.pole,102.318714230509,-52.4566459655762,121.197380065918,120.516822814941
5317,1518.0287480168,0,static.pole,71.902178631031,-52.4584465026855,121.197563171387,120.450759887695
5318,1518.04732001573,0,static.pole,105.948535911697,-52.4609527587891,121.198577880859,120.375137329102
5319,1518.06788271666,0,static.pole,110.266664077745,-52.4628601074219,121.198875427246,120.308540344238
5320,1518.08576601744,0,static.pole,111.332997271804,-52.4652862548828,121.19970703125,120.233642578125
5321,1518.10459931567,0,static.pole,109.701649351511,-52.4673309326172,121.200172424316,120.162063598633
5322,1518.12592131644,0,static.pole,85.9411012634071,-52.4693984985352,121.200592041016,120.090950012207
5323,1518.14464431629,0,static.pole,146.826138771683,-52.4716491699219,121.201179504395,120.016456604004
5324,1518.16578761861,0,static.pole,79.589179722682,-52.4739646911621,121.201461791992,119.930313110352
5325,1518.18457951769,0,static.pole,95.5680307196997,-52.4763107299805,121.201805114746,119.846252441406
5326,1518.20462921634,0,static.pole,36.4944276143296,-52.478157043457,121.202056884766,119.777923583984
5327,1518.23089391738,0,static.pole,83.9610693959836,-52.4800834655762,121.203247070312,119.729278564453
5328,1518.24799211696,0,static.pole,87.9035317619682,-52.4827919006348,121.204559326172,119.650520324707
5329,1518.26736391708,0,static.pole,105.36944014032,-52.4846229553223,121.205543518066,119.601280212402
5330,1518.28660811856,0,static.pole,59.5859957500055,-52.4867362976074,121.206565856934,119.540321350098
5331,1518.30769481882,0,static.pole,65.3506478612625,-52.4888610839844,121.207504272461,119.477485656738
5332,1518.32750771567,0,static.pole,122.359095385778,-52.4914054870605,121.208969116211,119.408996582031
5333,1518.34770761803,0,static.pole,95.5498354043346,-52.4938621520996,121.209854125977,119.32820892334
5334,1518.3666132167,0,static.pole,95.7495490477391,-52.496166229248,121.210678100586,119.255783081055
5335,1518.38690621778,0,static.pole,68.4391134666485,-52.4982109069824,121.212005615234,119.200088500977
5336,1518.40651751682,0,static.pole,109.234244846364,-52.5003814697266,121.213531494141,119.148834228516
5337,1518.42776051536,0,static.pole,109.514054696659,-52.5027008056641,121.215065002441,119.084342956543
5338,1518.58820401505,0,static.pole,107.164464291645,-52.5052909851074,121.215797424316,118.999961853027
5339,1518.62639961392,0,static.pole,123.631628289157,-52.5171432495117,121.221374511719,118.643112182617
5340,1518.67308701202,0,static.pole,115.37193818782,-52.5217895507812,121.223670959473,118.504707336426
5341,1518.69774341211,0,static.pole,123.050576008835,-52.5274696350098,121.227066040039,118.345397949219
5342,1518.84766260907,0,static.pole,164.004167623408,-52.5306777954102,121.228378295898,118.242919921875
5343,1518.88060031086,0,static.pole,124.05656243647,-52.5424461364746,121.232025146484,117.836059570312
5344,1518.99515531212,0,static.pole,108.15655578446,-52.5461959838867,121.233123779297,117.706954956055
5345,1519.05714831501,0,static.pole,120.315117199663,-52.5574607849121,121.237564086914,117.33854675293
5346,1519.09042591229,0,static.pole,89.0702555966137,-52.5636940002441,121.239646911621,117.127304077148
5347,1519.1460343115,0,static.pole,111.90110490262,-52.5667724609375,121.241020202637,117.029052734375
5348,1519.2886278145,0,static.pole,110.500140784403,-52.5724639892578,121.242240905762,116.819206237793
5349,1519.32203911245,0,static.pole,78.8802555750059,-52.5830307006836,121.246253967285,116.459197998047
5350,1519.43841041625,0,static.pole,129.630105503174,-52.587043762207,121.248275756836,116.332160949707
5351,1519.47508821636,0,static.pole,112.118933728915,-52.5988616943359,121.253089904785,115.922958374023
5352,1519.50161751732,0,static.pole,110.194913518599,-52.6031723022461,121.255073547363,115.779281616211
5353,1519.52443411574,0,static.pole,84.1857639463016,-52.6063766479492,121.256256103516,115.665466308594
5354,1519.5450184159,0,static.pole,78.9137056504935,-52.6087837219238,121.25764465332,115.591247558594
5355,1519.70984620973,0,static.pole,114.813312828913,-52.6109771728516,121.258926391602,115.522125244141
5356,1519.74705960974,0,static.pole,101.723467083197,-52.6217308044434,121.263076782227,115.138870239258
5357,1519.76913230866,0,static.pole,96.765367663253,-52.6263313293457,121.265892028809,114.995735168457
5358,1519.79784620926,0,static.pole,99.7009356907951,-52.6292533874512,121.267807006836,114.908241271973
5359,1519.90932151303,0,static.pole,120.303780907046,-52.6331481933594,121.271919250488,114.816596984863
5360,1519.93546931446,0,static.pole,84.9874032824036,-52.6490745544434,121.286758422852,114.401931762695
5361,1519.9587470144,0,static.pole,74.4670255072092,-52.6531677246094,121.29052734375,114.29320526123
5362,1519.9788358137,0,static.pole,97.7248842417967,-52.6568450927734,121.294700622559,114.210823059082
5363,1520.1091754064,0,static.pole,102.01074195684,-52.6601486206055,121.298522949219,114.136924743652
5364,1520.15761070698,0,static.pole,80.5455852948162,-52.6778030395508,121.319267272949,113.73023223877
5365,1520.17979310453,0,static.pole,111.324518541705,-52.6858978271484,121.327857971191,113.523139953613
5366,1520.19814930484,0,static.pole,117.758609277372,-52.6894416809082,121.331764221191,113.435081481934
5367,1520.21658220515,0,static.pole,61.0645466176376,-52.6926460266113,121.334632873535,113.33757019043
5368,1520.23572740704,0,static.pole,120.166549982336,-52.6955909729004,121.338203430176,113.27140045166
5369,1520.25415590405,0,static.pole,132.203379547406,-52.6986618041992,121.341598510742,113.193031311035
5370,1520.27150990441,0,static.pole,71.0225542047267,-52.7016830444336,121.344741821289,113.110542297363
5371,1520.29021470621,0,static.pole,130.629475659746,-52.7043037414551,121.348297119141,113.055267333984
5372,1520.31587680429,0,static.pole,104.387125182953,-52.7075538635254,121.35164642334,112.966171264648
5373,1520.46469240636,0,static.pole,92.5409152249006,-52.7120208740234,121.356201171875,112.841674804688
5374,1520.51168630645,0,static.pole,102.736103832313,-52.7298316955566,121.375854492188,112.363227844238
5375,1520.53812880442,0,static.pole,98.2410476115865,-52.738395690918,121.384902954102,112.121711730957
5376,1520.57316370681,0,static.pole,96.6458721101404,-52.7430458068848,121.39045715332,111.998199462891
5377,1520.70939240232,0,static.pole,97.8953615275181,-52.7492713928223,121.39803314209,111.834983825684
5378,1520.761484202,0,static.pole,83.182996096995,-52.7686767578125,121.422790527344,111.333908081055
5379,1520.78824530169,0,static.pole,89.3375527947211,-52.7783393859863,121.437217712402,111.114044189453
5380,1520.8135503009,0,static.pole,94.0896269813627,-52.7836494445801,121.444984436035,110.987731933594
5381,1520.85774710029,0,static.pole,90.9663889012533,-52.7886009216309,121.452217102051,110.86939239502
5382,1520.98555310816,0,static.pole,129.119320604553,-52.797477722168,121.465927124023,110.663192749023
5383,1521.03740230948,0,static.pole,98.3555459502208,-52.8191184997559,121.498115539551,110.115737915039
5384,1521.06019821018,0,static.pole,95.8627407921128,-52.8300437927246,121.513793945312,109.815567016602
5385,1521.08345450833,0,static.pole,84.8998153196088,-52.8350143432617,121.521034240723,109.679618835449
5386,1521.10559590906,0,static.pole,78.0793245027373,-52.8398361206055,121.529144287109,109.563758850098
5387,1521.12586820871,0,static.pole,98.3093885692253,-52.8446388244629,121.537002563477,109.442779541016
5388,1521.14338601008,0,static.pole,116.656301215384,-52.8492698669434,121.544364929199,109.32202911377
5389,1521.16185700893,0,static.pole,115.806434474244,-52.8534164428711,121.55037689209,109.199089050293
5390,1521.18107290938,0,static.pole,87.734672144723,-52.8577766418457,121.556625366211,109.067626953125
5391,1521.1986288093,0,static.pole,93.6167172824033,-52.8619232177734,121.563461303711,108.95694732666
5392,1521.21624030918,0,static.pole,116.797239103617,-52.8657684326172,121.569755554199,108.85279083252
5393,1521.23959070817,0,static.pole,84.6601364100582,-52.8697204589844,121.576103210449,108.741920471191
5394,1521.26072701067,0,static.pole,87.8262078810423,-52.8747367858887,121.585311889648,108.621681213379
5395,1521.27994270995,0,static.pole,90.7179255136405,-52.8794708251953,121.593658447266,108.497383117676
5396,1521.29720101133,0,static.pole,93.0069749699668,-52.8836479187012,121.601257324219,108.390670776367
5397,1521.31324440986,0,static.pole,68.1280831063742,-52.8875389099121,121.60871887207,108.298767089844
5398,1521.3299630098,0,static.pole,96.428995610327,-52.8910675048828,121.615585327148,108.214454650879
5399,1521.34994271025,0,static.pole,127.517781644049,-52.8949851989746,121.622741699219,108.111152648926
5400,1521.36827731133,0,static.pole,104.416188772208,-52.8998222351074,121.631500244141,107.979789733887
5401,1521.39003491029,0,static.pole,97.6072305247973,-52.9041328430176,121.639373779297,107.860809326172
5402,1521.50294391438,0,static.pole,95.7845310598006,-52.908992767334,121.649040222168,107.741218566895
5403,1521.55380471423,0,static.pole,92.5559588644195,-52.9323806762695,121.695625305176,107.122329711914
5404,1521.57316891477,0,static.pole,90.8460610141431,-52.9445152282715,121.721893310547,106.814865112305
5405,1521.59806571156,0,static.pole,106.689145336006,-52.9491157531738,121.732429504395,106.70352935791
5406,1521.62718641385,0,static.pole,100.854463052958,-52.9552383422852,121.745849609375,106.540519714355
5407,1521.64530861378,0,static.pole,110.875806748131,-52.9622497558594,121.761894226074,106.358741760254
5408,1521.66388081387,0,static.pole,105.082330501726,-52.9666290283203,121.771934509277,106.242668151855
5409,1521.684293814,0,static.pole,83.3022036146719,-52.9713897705078,121.782417297363,106.104667663574
5410,1521.70638661459,0,static.pole,85.4349812653811,-52.976448059082,121.794258117676,105.967948913574
5411,1521.73289181292,0,static.pole,141.192991097809,-52.9818305969238,121.807670593262,105.83366394043
5412,1521.75168061256,0,static.pole,99.2715975091465,-52.988655090332,121.82430267334,105.647666931152
5413,1521.76922071353,0,static.pole,110.777880925188,-52.9933815002441,121.836112976074,105.520637512207
5414,1521.78958031163,0,static.pole,99.2842263171796,-52.9979705810547,121.84725189209,105.386138916016
5415,1521.81087911502,0,static.pole,109.968805772991,-53.0031051635742,121.860328674316,105.243659973145
5416,1521.83600301296,0,static.pole,108.241293070169,-53.0085906982422,121.874313354492,105.085403442383
5417,1521.85631361231,0,static.pole,78.7505648682638,-53.0152397155762,121.89151763916,104.891151428223
5418,1521.87619241327,0,static.pole,93.4078654317361,-53.0205001831055,121.905456542969,104.737113952637
5419,1521.89594801515,0,static.pole,96.9899563505802,-53.0255279541016,121.919128417969,104.590171813965
5420,1521.91705041379,0,static.pole,63.9589848285876,-53.0304908752441,121.93310546875,104.449295043945
5421,1521.9412099123,0,static.pole,87.0870668890983,-53.0356788635254,121.948501586914,104.312088012695
5422,1521.96224221215,0,static.pole,51.1875643962982,-53.0417327880859,121.966453552246,104.147094726562
5423,1521.9818037115,0,static.pole,90.2969948586304,-53.0470733642578,121.982719421387,104.003486633301
5424,1521.99932861328,0,static.pole,96.7877175967162,-53.0523719787598,121.998222351074,103.840538024902
5425,1522.01829101518,0,static.pole,103.92198695311,-53.0570640563965,122.012222290039,103.695449829102
5426,1522.03603361174,0,static.pole,98.0362928560999,-53.0621681213379,122.028564453125,103.553649902344
5427,1522.05679631233,0,static.pole,75.7457174569364,-53.0670166015625,122.043701171875,103.40446472168
5428,1522.07823391259,0,static.pole,71.7949155311385,-53.0727882385254,122.062469482422,103.231651306152
5429,1522.09739011154,0,static.pole,91.8662982841445,-53.07861328125,122.08235168457,103.066360473633
5430,1522.11497181281,0,static.pole,99.2536587841776,-53.0837783813477,122.100112915039,102.913635253906
5431,1522.13398051262,0,static.pole,112.67598982318,-53.0884819030762,122.116958618164,102.779907226562
5432,1522.15556041151,0,static.pole,87.787248480416,-53.0936470031738,122.135612487793,102.627410888672
5433,1522.17480041459,0,static.pole,86.5233296657509,-53.0994262695312,122.157302856445,102.462509155273
5434,1522.19313691184,0,static.pole,101.223539342383,-53.1046142578125,122.177253723145,102.311630249023
5435,1522.21236181259,0,static.pole,98.9939309041084,-53.1097068786621,122.197105407715,102.159339904785
5436,1522.230847314,0,static.pole,79.7669722214362,-53.1150512695312,122.21834564209,101.992012023926
5437,1522.25007201359,0,static.pole,84.9567019767475,-53.1201248168945,122.239128112793,101.835060119629
5438,1522.27259101346,0,static.pole,68.8138787659325,-53.125373840332,122.261138916016,101.669807434082
5439,1522.29371181503,0,static.pole,69.1501263586944,-53.1314964294434,122.287841796875,101.481636047363
5440,1522.31215081364,0,static.pole,74.985817071913,-53.1373023986816,122.313873291016,101.298988342285
5441,1522.32885221392,0,static.pole,61.6840435509654,-53.1423187255859,122.337158203125,101.138618469238
5442,1522.34767311439,0,static.pole,63.5437748333495,-53.146858215332,122.358657836914,100.989334106445
5443,1522.36428471282,0,static.pole,64.9525297465345,-53.1519584655762,122.383445739746,100.817077636719
5444,1522.38245791197,0,static.pole,52.7141454760185,-53.1564178466797,122.405769348145,100.663696289062
5445,1522.40388301387,0,static.pole,56.9001220246093,-53.1611785888672,122.430557250977,100.50919342041
5446,1522.42499271408,0,static.pole,57.8956225068278,-53.1668548583984,122.460952758789,100.311058044434
5447,1522.44797401503,0,static.pole,42.2830450615515,-53.1723861694336,122.491859436035,100.120704650879
5448,1522.46823141351,0,static.pole,49.3969678696081,-53.1783294677734,122.526458740234,99.9152221679688
5449,1522.4878202118,0,static.pole,54.7960302132832,-53.1835136413574,122.557952880859,99.7338943481445
5450,1522.50691131502,0,static.pole,47.8007063333546,-53.1884460449219,122.588905334473,99.557731628418
5451,1522.52354471385,0,static.pole,52.3881137095466,-53.1931419372559,122.619636535645,99.3847808837891
5452,1522.54216941446,0,static.pole,47.3350996512169,-53.1972007751465,122.647262573242,99.2333602905273
5453,1522.56053491309,0,static.pole,46.1669498192755,-53.2016448974609,122.678588867188,99.0620803833008
5454,1522.5784256123,0,static.pole,45.4975798109126,-53.2059478759766,122.71028137207,98.8937835693359
5455,1522.59905501455,0,static.pole,35.1921560446584,-53.2100486755371,122.741928100586,98.7287216186523
5456,1522.61863161251,0,static.pole,42.98699005216,-53.2147026062012,122.779823303223,98.5344314575195
5457,1522.63972951472,0,static.pole,25.2660836928171,-53.2190170288086,122.816589355469,98.3482818603516
5458,1522.66051391512,0,static.pole,21.8008155568024,-53.2235984802246,122.857788085938,98.1573638916016
5459,1522.68003111333,0,static.pole,43.3278769747962,-53.2280311584473,122.899749755859,97.972412109375
5460,1522.69872141257,0,static.pole,38.452755760294,-53.2320976257324,122.939888000488,97.8036117553711
5461,1522.71838601306,0,static.pole,36.6126033378816,-53.2358474731445,122.979057312012,97.6421661376953
5462,1522.73772331327,0,static.pole,36.5859796541544,-53.2396621704102,123.020965576172,97.4733200073242
5463,1522.75682771206,0,static.pole,35.3218653742759,-53.2432899475098,123.062973022461,97.3087158203125
5464,1522.77511631325,0,static.pole,28.244595421962,-53.2467803955078,123.105247497559,97.1488876342773
5465,1522.7943341136,0,static.pole,29.302209829758,-53.2499694824219,123.146530151367,97.0001525878906
5466,1522.81321931258,0,static.pole,21.7433233556602,-53.2532157897949,123.190551757812,96.8435821533203
5467,1522.83443961293,0,static.pole,13.5685052987279,-53.2562255859375,123.234558105469,96.6929244995117
5468,1522.85435541347,0,static.pole,17.5265859064563,-53.2593688964844,123.285118103027,96.5262145996094
5469,1522.87192601338,0,static.pole,6.85908828827803,-53.2622756958008,123.33325958252,96.3716125488281
5470,1522.89370311424,0,static.pole,10.3315300472456,-53.2647094726562,123.376327514648,96.2407150268555
5471,1522.91304781288,0,static.pole,14.7430727835568,-53.2675704956055,123.43058013916,96.0787353515625
5473,1522.95257671177,0,static.pole,1.93332099107932,-53.2721214294434,123.523643493652,95.8088073730469
5474,1522.97348771244,0,static.pole,5.77244269733003,-53.2745056152344,123.580368041992,95.6581954956055
5475,1522.99157011509,0,static.pole,5.38072894682305,-53.2766571044922,123.634857177734,95.5098342895508
5478,1523.04721571505,0,static.pole,6.72949659249578,-53.2822456359863,123.773139953613,95.1264343261719
5479,1523.18096391857,0,static.pole,21.104692140878,-53.2851791381836,123.825698852539,94.9366989135742
7008,1573.83498475328,145,static.prop.advertisement,8495.39782427757,-38.403736114502,137.332061767578,113.855979919434
7025,1574.18196705356,145,static.prop.advertisement,2.1410771569594,-38.4098739624023,137.325469970703,114.320739746094
7026,1574.20327905566,145,static.prop.advertisement,453.536240871071,-38.4144439697266,137.328399658203,114.446151733398
7027,1574.22261695564,145,static.prop.advertisement,66.8668422123236,-38.4152679443359,137.32893371582,114.433013916016
7028,1574.24157655612,145,static.prop.advertisement,77.4305674256806,-38.4152030944824,137.328918457031,114.435432434082
7029,1574.26024125516,145,static.prop.advertisement,16.2117734943229,-38.4150199890137,137.329132080078,114.442665100098
7030,1574.28002815321,145,static.prop.advertisement,22.6989291720148,-38.4150352478027,137.329010009766,114.440536499023
7031,1574.30191655457,145,static.prop.advertisement,92.9290266703823,-38.4150428771973,137.329345703125,114.424705505371
7032,1574.32146155462,145,static.prop.advertisement,81.4460873301678,-38.4149589538574,137.329528808594,114.416831970215
7033,1574.34186305478,145,static.prop.advertisement,7.7550025331709,-38.4146728515625,137.32975769043,114.399391174316
7034,1574.36182465404,145,static.prop.advertisement,99.574200478556,-38.4147262573242,137.330139160156,114.397979736328
7035,1574.38499195501,145,static.prop.advertisement,21.3383424631958,-38.414608001709,137.330032348633,114.410469055176
7036,1574.40330805257,145,static.prop.advertisement,128.424638445178,-38.4145355224609,137.330352783203,114.395477294922
7038,1574.44169215485,145,static.prop.advertisement,55.6516797736097,-38.4140930175781,137.330657958984,114.388404846191
7039,1574.46238245443,145,static.prop.advertisement,13.4890646032749,-38.4141845703125,137.330917358398,114.386924743652
7040,1574.48379655555,145,static.prop.advertisement,36.3440628373074,-38.4142074584961,137.330947875977,114.381896972656
7041,1574.50401355326,145,static.prop.advertisement,20.4511589940467,-38.4141082763672,137.331039428711,114.382019042969
7042,1574.52390465513,145,static.prop.advertisement,76.4459006718941,-38.414005279541,137.331161499023,114.38191986084
7043,1574.54343965277,145,static.prop.advertisement,72.9627452124855,-38.4139747619629,137.331283569336,114.377395629883
7044,1574.56327935308,145,static.prop.advertisement,28.2886683311126,-38.4140548706055,137.331176757812,114.377265930176
7045,1574.58526895568,145,static.prop.advertisement,25.5453234136204,-38.4138832092285,137.331573486328,114.362464904785
7046,1574.6053410545,145,static.prop.advertisement,47.644674156297,-38.4138145446777,137.331665039062,114.364891052246
7047,1574.62337065488,145,static.prop.advertisement,62.221262242915,-38.4136772155762,137.331832885742,114.356994628906
7049,1574.66648775339,145,static.prop.advertisement,49.0715534728331,-38.4132766723633,137.332229614258,114.326751708984
7050,1574.85531134903,145,static.prop.advertisement,123.21885073075,-38.4133911132812,137.332641601562,114.326866149902
7051,1574.90134815127,145,static.prop.advertisement,16.9497329481405,-38.4129028320312,137.333709716797,114.30534362793
7052,1574.92633305117,145,static.prop.advertisement,36.9609398162366,-38.4128456115723,137.333740234375,114.308212280273
7053,1574.9498821497,145,static.prop.advertisement,34.3710308130095,-38.4127616882324,137.333786010742,114.311576843262
7054,1574.97067565098,145,static.prop.advertisement,28.5838359379064,-38.4126586914062,137.333831787109,114.31566619873
7055,1574.99085525051,145,static.prop.advertisement,55.1671865727777,-38.4125022888184,137.333831787109,114.312934875488
7056,1575.01306984946,145,static.prop.advertisement,60.4237310280687,-38.4125862121582,137.333984375,114.310653686523
7058,1575.05571325123,145,static.prop.advertisement,36.3344745481637,-38.412281036377,137.33430480957,114.301010131836
7059,1575.07259545103,145,static.prop.advertisement,48.337452870499,-38.4122543334961,137.33447265625,114.30477142334
7060,1575.09393424913,145,static.prop.advertisement,5.6436159064137,-38.412109375,137.334396362305,114.300498962402
7061,1575.11403385177,145,static.prop.advertisement,54.5958134345264,-38.4121513366699,137.334609985352,114.305641174316
7062,1575.14064184949,145,static.prop.advertisement,9.71869155468907,-38.4120254516602,137.334671020508,114.291160583496
7063,1575.15994185209,145,static.prop.advertisement,11.2316793523982,-38.4120216369629,137.335052490234,114.28604888916
7064,1575.18031805009,145,static.prop.advertisement,41.425363313167,-38.4118957519531,137.335189819336,114.291076660156
7065,1575.20121715218,145,static.prop.advertisement,33.0178928240997,-38.4118270874023,137.335205078125,114.293670654297
7066,1575.22263905033,145,static.prop.advertisement,39.8898445852884,-38.4117698669434,137.335266113281,114.294448852539
7067,1575.24335635081,145,static.prop.advertisement,15.9405384674552,-38.4117279052734,137.335342407227,114.292778015137
7068,1575.26389174908,145,static.prop.advertisement,72.9681726521186,-38.411735534668,137.335327148438,114.293037414551
7069,1575.28492984921,145,static.prop.advertisement,9.0675335274722,-38.4115524291992,137.335205078125,114.293930053711
7070,1575.30410265177,145,static.prop.advertisement,40.8645989342307,-38.4116020202637,137.335403442383,114.297485351562
7071,1575.32537674904,145,static.prop.advertisement,30.8699922679086,-38.4113845825195,137.335296630859,114.28946685791
7073,1575.36525155231,145,static.prop.advertisement,66.3757393096056,-38.4113655090332,137.335800170898,114.278564453125
7074,1575.38567465171,145,static.prop.advertisement,29.5198260071812,-38.4111938476562,137.335830688477,114.271659851074
7075,1575.40580885112,145,static.prop.advertisement,80.185941712467,-38.4112815856934,137.336090087891,114.279914855957
7076,1575.42597435042,145,static.prop.advertisement,63.757732330131,-38.4109992980957,137.336273193359,114.27188873291
7077,1575.44686524943,145,static.prop.advertisement,89.5666476315722,-38.4109306335449,137.336410522461,114.271507263184
7078,1575.46745865047,145,static.prop.advertisement,49.8595272963967,-38.4108276367188,137.336456298828,114.270233154297
7079,1575.48828374967,145,static.prop.advertisement,17.2154212294866,-38.4108085632324,137.336578369141,114.268379211426
7080,1575.50597254932,145,static.prop.advertisement,48.0437765467673,-38.4109230041504,137.336776733398,114.264945983887
7082,1575.54994774982,145,static.prop.advertisement,67.1275647348439,-38.4103317260742,137.3369140625,114.247940063477
7083,1575.56727975234,145,static.prop.advertisement,8.70581975336714,-38.4101371765137,137.337127685547,114.235260009766
7084,1575.58654475212,145,static.prop.advertisement,28.1246271059773,-38.4100875854492,137.337539672852,114.23388671875
7085,1575.60820005089,145,static.prop.advertisement,48.3963416753476,-38.4101371765137,137.337738037109,114.23690032959
7086,1575.62760664895,145,static.prop.advertisement,35.5865536504556,-38.4100532531738,137.337768554688,114.240753173828
7087,1575.64743025228,145,static.prop.advertisement,55.2088498823956,-38.4100952148438,137.337554931641,114.247940063477
7088,1575.66672674939,145,static.prop.advertisement,12.5381616816223,-38.4099655151367,137.337692260742,114.251876831055
7089,1575.68565934896,145,static.prop.advertisement,47.8713743114892,-38.4099464416504,137.33757019043,114.260543823242
7090,1575.70613114908,145,static.prop.advertisement,45.924039360548,-38.4097900390625,137.33740234375,114.266647338867
7091,1575.72510815039,145,static.prop.advertisement,96.5662101997907,-38.4098052978516,137.337417602539,114.269760131836
7092,1575.74394664913,145,static.prop.advertisement,11.8939952506188,-38.4095993041992,137.337387084961,114.243934631348
7093,1575.76586335152,145,static.prop.advertisement,56.845264829571,-38.4098472595215,137.337600708008,114.256233215332
7094,1575.78480105102,145,static.prop.advertisement,74.2103131656234,-38.4097671508789,137.337539672852,114.26016998291
7096,1575.82905644923,145,static.prop.advertisement,0.390917706420205,-38.4096603393555,137.337844848633,114.249015808105
7097,1575.84995405003,145,static.prop.advertisement,3.45787772926424,-38.4096565246582,137.337997436523,114.255058288574
7099,1575.89072215185,145,static.prop.advertisement,19.4803998523941,-38.4093704223633,137.338226318359,114.245361328125
7100,1575.90959684923,145,static.prop.advertisement,70.1112800565198,-38.4094085693359,137.338439941406,114.246688842773
7101,1575.93227835,145,static.prop.advertisement,63.9655361001197,-38.409294128418,137.338516235352,114.241752624512
7102,1575.9526039511,145,static.prop.advertisement,0.239486716469766,-38.4091033935547,137.338714599609,114.222473144531
7103,1575.97325124964,145,static.prop.advertisement,83.0476016371827,-38.4091529846191,137.339157104492,114.221794128418
7104,1575.99273195118,145,static.prop.advertisement,126.585415236443,-38.4091033935547,137.339248657227,114.220649719238
7105,1576.010578949,145,static.prop.advertisement,4.12197670977309,-38.4085922241211,137.339202880859,114.212631225586
7106,1576.03360434994,145,static.prop.advertisement,30.0798150852934,-38.4088134765625,137.339340209961,114.228500366211
7107,1576.05181794986,145,static.prop.advertisement,54.6201834565881,-38.4086647033691,137.339401245117,114.225555419922
7109,1576.09321445227,145,static.prop.advertisement,56.2812944112522,-38.4084587097168,137.339981079102,114.215301513672
7110,1576.11604505032,145,static.prop.advertisement,43.8919488710062,-38.4085006713867,137.340087890625,114.216537475586
7111,1576.1498061493,145,static.prop.advertisement,1.47095386853257,-38.4084510803223,137.340042114258,114.222106933594
7112,1576.34328515083,145,static.prop.advertisement,8.87240289397713,-38.4082870483398,137.340301513672,114.219741821289
7113,1576.37676985189,145,static.prop.advertisement,7.95857836182754,-38.407470703125,137.340927124023,114.194244384766
7114,1576.40263374895,145,static.prop.advertisement,23.428474473956,-38.407600402832,137.341445922852,114.202270507812
7115,1576.42705575004,145,static.prop.advertisement,53.3228138239685,-38.4073905944824,137.341583251953,114.188217163086
7116,1576.44832725078,145,static.prop.advertisement,8.79011630925451,-38.4073753356934,137.341903686523,114.18628692627
7117,1576.46886795014,145,static.prop.advertisement,60.7410430441985,-38.4073371887207,137.342056274414,114.184127807617
7118,1576.49236575142,145,static.prop.advertisement,2.38588305923698,-38.4072456359863,137.342147827148,114.184211730957
7119,1576.51134485006,145,static.prop.advertisement,21.7104329597355,-38.4072074890137,137.34228515625,114.179100036621
7121,1576.55547215044,145,static.prop.advertisement,64.6324255002619,-38.4069137573242,137.342681884766,114.163604736328
7122,1576.57853505015,145,static.prop.advertisement,72.0672248011662,-38.4068756103516,137.342971801758,114.164924621582
7123,1576.59630655125,145,static.prop.advertisement,44.1741542634186,-38.4067649841309,137.34309387207,114.166603088379
7124,1576.61758844927,145,static.prop.advertisement,25.6992714169197,-38.4067306518555,137.343124389648,114.167053222656
7125,1576.63657164946,145,static.prop.advertisement,15.7504990343903,-38.4066505432129,137.343124389648,114.171920776367
7126,1576.66509374976,145,static.prop.advertisement,101.247511850237,-38.4066314697266,137.343353271484,114.157730102539
7127,1576.68616954982,145,static.prop.advertisement,22.9478354686251,-38.4061546325684,137.343460083008,114.136100769043
7128,1576.70578664914,145,static.prop.advertisement,32.1288221634698,-38.4063339233398,137.343856811523,114.148559570312
7129,1576.72707945108,145,static.prop.advertisement,39.9333219006011,-38.4063262939453,137.343933105469,114.149925231934
7130,1576.7472794503,145,static.prop.advertisement,66.3153264532481,-38.4062919616699,137.343948364258,114.151084899902
7131,1576.77028214931,145,static.prop.advertisement,45.4797612556939,-38.4060173034668,137.343978881836,114.149978637695
7132,1576.79125415161,145,static.prop.advertisement,6.61404127625689,-38.4060134887695,137.344207763672,114.15161895752
7133,1576.81321395189,145,static.prop.advertisement,107.259529446846,-38.405933380127,137.344436645508,114.147201538086
7134,1576.83355325088,145,static.prop.advertisement,29.963815437763,-38.4057540893555,137.344512939453,114.150024414062
7135,1576.85292294994,145,static.prop.advertisement,11.6980030615441,-38.40576171875,137.344589233398,114.151649475098
7136,1576.87180814892,145,static.prop.advertisement,31.6024798019942,-38.4055786132812,137.344772338867,114.147491455078
7137,1576.89410104975,145,static.prop.advertisement,42.9759764423065,-38.4055557250977,137.344863891602,114.15177154541
7138,1576.91390505061,145,static.prop.advertisement,54.4850198459875,-38.4054641723633,137.344848632812,114.157073974609
7139,1576.93576814979,145,static.prop.advertisement,18.9935613467556,-38.405330657959,137.345001220703,114.161521911621
7140,1576.95332495123,145,static.prop.advertisement,55.1219933198933,-38.405330657959,137.344970703125,114.164321899414
7142,1576.99598155171,145,static.prop.advertisement,90.4653332793684,-38.404956817627,137.345245361328,114.137054443359
7143,1577.01606035233,145,static.prop.advertisement,31.020720738127,-38.4049110412598,137.345687866211,114.134330749512
7144,1577.03681945056,145,static.prop.advertisement,43.7223002072759,-38.4049224853516,137.34587097168,114.138969421387
7145,1577.05625445023,145,static.prop.advertisement,15.2215164972054,-38.4048881530762,137.345855712891,114.137084960938
7146,1577.07730625197,145,static.prop.advertisement,20.1840447704088,-38.4048118591309,137.345993041992,114.140556335449
7148,1577.11584164947,145,static.prop.advertisement,12.5122172697502,-38.4043312072754,137.345947265625,114.135665893555
7149,1577.13940704986,145,static.prop.advertisement,31.110834957217,-38.4044723510742,137.346389770508,114.142219543457
7150,1577.1644699499,145,static.prop.advertisement,24.5015196591542,-38.4044227600098,137.346389770508,114.147499084473
7152,1577.20461145043,145,static.prop.advertisement,75.6584159663706,-38.4043006896973,137.346557617188,114.133438110352
7153,1577.23001835123,145,static.prop.advertisement,108.677923747671,-38.4043006896973,137.346771240234,114.132736206055
7154,1577.2516172491,145,static.prop.advertisement,13.5747373508827,-38.4039306640625,137.346771240234,114.127250671387
7155,1577.27214055136,145,static.prop.advertisement,4.26216768066217,-38.4038581848145,137.346893310547,114.129493713379
7156,1577.28980705142,145,static.prop.advertisement,14.6551633239802,-38.4037475585938,137.346893310547,114.126838684082
7157,1577.30810784921,145,static.prop.advertisement,25.3187859952064,-38.4036979675293,137.346984863281,114.129211425781
7158,1577.32905225083,145,static.prop.advertisement,7.91547260307625,-38.4036293029785,137.347030639648,114.131492614746
7159,1577.35012644902,145,static.prop.advertisement,34.9496101011765,-38.4034538269043,137.347076416016,114.125709533691
7160,1577.36882784963,145,static.prop.advertisement,31.1400458241173,-38.4034423828125,137.347427368164,114.120239257812
7162,1577.40932324901,145,static.prop.advertisement,27.5769325272789,-38.403076171875,137.347686767578,114.117385864258
7163,1577.43328735232,145,static.prop.advertisement,50.5967254813133,-38.4031448364258,137.347915649414,114.112281799316
7164,1577.45368074998,145,static.prop.advertisement,53.6924636352748,-38.4030952453613,137.347961425781,114.113845825195
7165,1577.47347525135,145,static.prop.advertisement,139.073625011539,-38.4029922485352,137.347991943359,114.11710357666
7168,1577.53732284904,145,static.prop.advertisement,27.2781157960598,-38.402271270752,137.348342895508,114.106597900391
7169,1577.55914745107,145,static.prop.advertisement,56.4616919670943,-38.4024085998535,137.348937988281,114.105140686035
7171,1577.59950765222,145,static.prop.advertisement,29.1211251179236,-38.402027130127,137.349151611328,114.102828979492
7172,1577.61983555183,145,static.prop.advertisement,24.7392030486177,-38.4020385742188,137.349380493164,114.107322692871
7174,1577.66347035021,145,static.prop.advertisement,0.897104866350499,-38.4017143249512,137.34944152832,114.098526000977
7175,1577.6824109517,145,static.prop.advertisement,52.4066110210718,-38.4018630981445,137.349685668945,114.102157592773
7176,1577.70593754947,145,static.prop.advertisement,40.8481416018471,-38.4016876220703,137.349502563477,114.108238220215
7177,1577.72716965154,145,static.prop.advertisement,55.168570382495,-38.4017372131348,137.349838256836,114.099342346191
7178,1577.74602594972,145,static.prop.advertisement,63.8153981091108,-38.4016494750977,137.349945068359,114.102783203125
7179,1577.76771464944,145,static.prop.advertisement,40.7132575827097,-38.4014892578125,137.350036621094,114.108848571777
7180,1577.7889277488,145,static.prop.advertisement,35.8624120136155,-38.4014701843262,137.350036621094,114.109786987305
7181,1577.80756475031,145,static.prop.advertisement,56.0059963568028,-38.4014053344727,137.35009765625,114.10758972168
7182,1577.82810984924,145,static.prop.advertisement,46.7103307614739,-38.4011917114258,137.350341796875,114.0947265625
7183,1577.85027455166,145,static.prop.advertisement,31.7282107104467,-38.4011459350586,137.350723266602,114.085792541504
7185,1577.89052055031,145,static.prop.advertisement,10.6533101934757,-38.4007987976074,137.350891113281,114.081504821777
7186,1577.91240334883,145,static.prop.advertisement,52.6063578408438,-38.4008331298828,137.351211547852,114.086936950684
7187,1577.93218535185,145,static.prop.advertisement,58.1343135799219,-38.4007034301758,137.351287841797,114.084182739258
7188,1577.95364364982,145,static.prop.advertisement,31.8518659645433,-38.4005470275879,137.351516723633,114.088562011719
7189,1577.97259135172,145,static.prop.advertisement,48.6940668594517,-38.400505065918,137.351623535156,114.087226867676
7190,1577.99239255115,145,static.prop.advertisement,75.3899689640902,-38.4004554748535,137.351745605469,114.084564208984
7191,1578.01444575191,145,static.prop.advertisement,53.2956203700754,-38.4003524780273,137.351913452148,114.084373474121
7192,1578.03605864942,145,static.prop.advertisement,50.1342870797333,-38.4001808166504,137.352035522461,114.087882995605
7193,1578.0593996495,145,static.prop.advertisement,75.2689834669108,-38.4000854492188,137.352157592773,114.084938049316
7194,1578.07807765156,145,static.prop.advertisement,6.58516298650782,-38.3998260498047,137.352294921875,114.075233459473
7195,1578.09736825153,145,static.prop.advertisement,94.0295049950449,-38.3998527526855,137.352752685547,114.062606811523
7196,1578.11779564992,145,static.prop.advertisement,47.0560089520576,-38.3995513916016,137.353057861328,114.046966552734
7197,1578.14330935106,145,static.prop.advertisement,13.6753945975633,-38.3995552062988,137.353469848633,114.044242858887
7198,1578.16525794938,145,static.prop.advertisement,14.2843283392786,-38.3994026184082,137.353713989258,114.043907165527
7199,1578.18260255083,145,static.prop.advertisement,95.3904305450767,-38.3991775512695,137.354034423828,114.032981872559
7200,1578.20401705056,145,static.prop.advertisement,55.4108452521993,-38.3988914489746,137.354095458984,114.016448974609
7201,1578.22714865208,145,static.prop.advertisement,32.2373472900208,-38.3989906311035,137.354476928711,114.02335357666
7202,1578.24788064882,145,static.prop.advertisement,54.7270158470169,-38.3988494873047,137.354766845703,114.021522521973
7203,1578.26889314875,145,static.prop.advertisement,5.11041019080014,-38.3987617492676,137.354827880859,114.024238586426
7205,1578.3120887503,145,static.prop.advertisement,7.40038384722122,-38.3984184265137,137.354858398438,114.017791748047
7206,1578.33078125119,145,static.prop.advertisement,91.8081953800055,-38.3985404968262,137.355087280273,114.025817871094
7207,1578.35202294961,145,static.prop.advertisement,11.6043245981435,-38.3984603881836,137.35498046875,114.017509460449
7208,1578.37403535098,145,static.prop.advertisement,46.4919679243259,-38.3984985351562,137.355224609375,114.021202087402
7210,1578.42153194919,145,static.prop.advertisement,32.9997801626937,-38.3980369567871,137.35530090332,114.009986877441
7211,1578.44368525222,145,static.prop.advertisement,9.36147941188994,-38.3981132507324,137.355743408203,114.017539978027
7212,1578.46164055169,145,static.prop.advertisement,73.649778701849,-38.398078918457,137.355819702148,114.01586151123
7213,1578.48643125221,145,static.prop.advertisement,29.1800587887466,-38.397891998291,137.355865478516,114.024482727051
7214,1578.50823764876,145,static.prop.advertisement,21.526974902728,-38.397777557373,137.355850219727,114.02848815918
7215,1578.64386394992,145,static.prop.advertisement,77.1148943820404,-38.3977546691895,137.356048583984,114.028190612793
7216,1578.68367344886,145,static.prop.advertisement,141.993049324403,-38.397331237793,137.356338500977,114.043617248535
7217,1578.70655705035,145,static.prop.advertisement,6.4133843803252,-38.396671295166,137.356430053711,114.036643981934
7218,1578.73208395019,145,static.prop.advertisement,69.182766014229,-38.396900177002,137.356918334961,114.040077209473
7219,1578.75723744929,145,static.prop.advertisement,31.1344980316553,-38.3968315124512,137.357040405273,114.038780212402
7220,1578.78096755221,145,static.prop.advertisement,3.58917490958439,-38.3964920043945,137.356948852539,114.032203674316
7221,1578.8040404506,145,static.prop.advertisement,13.3706278141265,-38.3964729309082,137.357055664062,114.037414550781
7222,1578.82670465112,145,static.prop.advertisement,43.1353790108996,-38.3963356018066,137.357086181641,114.0400390625
7223,1578.85187515244,145,static.prop.advertisement,27.611834525836,-38.3962326049805,137.357269287109,114.034713745117
7224,1578.8769695498,145,static.prop.advertisement,4.98114741767416,-38.3959426879883,137.357559204102,114.017807006836
7225,1578.89871225134,145,static.prop.advertisement,54.1050881032312,-38.3957176208496,137.357635498047,114.012603759766
7226,1578.91967144981,145,static.prop.advertisement,88.0858367671413,-38.3958549499512,137.357940673828,114.022407531738
7227,1578.93888695166,145,static.prop.advertisement,1.83989826356139,-38.3957061767578,137.357971191406,114.00560760498
7228,1578.96633354947,145,static.prop.advertisement,44.7173569283023,-38.3956108093262,137.358276367188,114.006996154785
7229,1579.0006451495,145,static.prop.advertisement,4.44857554926829,-38.3954582214355,137.35856628418,113.993232727051
7230,1579.20412324741,145,static.prop.advertisement,40.1685237615243,-38.395435333252,137.359008789062,113.984497070312
7231,1579.24428104609,145,static.prop.advertisement,40.0993783182044,-38.3944854736328,137.359771728516,113.94367980957
7232,1579.26732924581,145,static.prop.advertisement,26.6643824950125,-38.3946762084961,137.360427856445,113.947166442871
7233,1579.29081764817,145,static.prop.advertisement,37.2244070509723,-38.3946418762207,137.360549926758,113.950225830078
7234,1579.3132516481,145,static.prop.advertisement,93.098717281544,-38.3945732116699,137.360641479492,113.950500488281
7235,1579.33598774672,145,static.prop.advertisement,35.6084357402944,-38.3944511413574,137.360733032227,113.948455810547
7236,1579.35660034791,145,static.prop.advertisement,23.5118206671082,-38.394416809082,137.36083984375,113.950263977051
7237,1579.38451384753,145,static.prop.advertisement,98.5601501291096,-38.3942718505859,137.360977172852,113.944732666016
7239,1579.42950564623,145,static.prop.advertisement,41.9480652439154,-38.3939018249512,137.361145019531,113.933029174805
7240,1579.45304474607,145,static.prop.advertisement,120.246431172303,-38.3941116333008,137.361480712891,113.934234619141
7241,1579.47277694568,145,static.prop.advertisement,89.9990986074785,-38.3937911987305,137.361480712891,113.931800842285
7243,1579.51135294512,145,static.prop.advertisement,43.9275561119346,-38.3936424255371,137.361694335938,113.936653137207
7244,1579.53306174651,145,static.prop.advertisement,44.5340561167709,-38.3936805725098,137.362014770508,113.935356140137
7245,1579.55291254818,145,static.prop.advertisement,128.798202791717,-38.3936080932617,137.361999511719,113.939758300781
7248,1579.61779944599,145,static.prop.advertisement,48.5445581005139,-38.3930206298828,137.361923217773,113.91675567627
7249,1579.63665954769,145,static.prop.advertisement,46.9462453333582,-38.3934593200684,137.362289428711,113.936508178711
7250,1579.6548499465,145,static.prop.advertisement,119.717160331896,-38.3932762145996,137.36247253418,113.93448638916
7252,1579.69971044734,145,static.prop.advertisement,3.95618551326726,-38.3926696777344,137.362365722656,113.919990539551
7253,1579.72203644738,145,static.prop.advertisement,70.0319977535248,-38.3930931091309,137.362808227539,113.932914733887
7254,1579.74139374867,145,static.prop.advertisement,49.6781177389905,-38.3929824829102,137.362838745117,113.9384765625
7255,1579.76168244705,145,static.prop.advertisement,1.38869880984272,-38.3930625915527,137.362823486328,113.93733215332
7256,1579.78210124746,145,static.prop.advertisement,9.30298080938335,-38.3929138183594,137.362991333008,113.929023742676
7257,1579.80475014821,145,static.prop.advertisement,12.2057273977123,-38.3928718566895,137.363235473633,113.926307678223
7258,1579.82529464737,145,static.prop.advertisement,20.3632771491533,-38.3927268981934,137.363342285156,113.930603027344
7259,1579.84503374621,145,static.prop.advertisement,14.4973626331627,-38.3926849365234,137.363342285156,113.933166503906
7260,1579.86429874599,145,static.prop.advertisement,60.1889786420333,-38.392692565918,137.363357543945,113.932830810547
7262,1579.9014647454,145,static.prop.advertisement,115.719053361769,-38.3921661376953,137.363693237305,113.907447814941
7264,1579.94089374691,145,static.prop.advertisement,12.28190470854,-38.3921432495117,137.363876342773,113.906372070312
7265,1579.96050944552,145,static.prop.advertisement,2.79145182438043,-38.3922462463379,137.364196777344,113.915321350098
7266,1579.98169044778,145,static.prop.advertisement,55.8916824680886,-38.3922157287598,137.364288330078,113.911468505859
7267,1580.00495294854,145,static.prop.advertisement,55.8586784804853,-38.3921699523926,137.364379882812,113.909202575684
7268,1580.02498514578,145,static.prop.advertisement,0.77110853771686,-38.3920249938965,137.364654541016,113.901054382324
7269,1580.04547394812,145,static.prop.advertisement,59.8210136916586,-38.3917465209961,137.364730834961,113.900840759277
7270,1580.06440064684,145,static.prop.advertisement,10.2996837763762,-38.3916511535645,137.364868164062,113.900489807129
7271,1580.0862743482,145,static.prop.advertisement,23.0477137401222,-38.3916854858398,137.365188598633,113.884201049805
7272,1580.106138248,145,static.prop.advertisement,30.6398361235094,-38.3916625976562,137.365356445312,113.887603759766
7273,1580.12564764544,145,static.prop.advertisement,43.8981195392619,-38.3916053771973,137.365371704102,113.893356323242
7274,1580.14731404558,145,static.prop.advertisement,46.0308507640334,-38.3915557861328,137.365219116211,113.907249450684
7275,1580.17154014856,145,static.prop.advertisement,39.2191858460862,-38.3912963867188,137.365356445312,113.894172668457
7276,1580.19210134819,145,static.prop.advertisement,107.429991953099,-38.3912887573242,137.365646362305,113.894081115723
7277,1580.21267134696,145,static.prop.advertisement,52.3219264816717,-38.39111328125,137.365676879883,113.891540527344
7278,1580.23401874676,145,static.prop.advertisement,88.4939422816505,-38.3911323547363,137.365875244141,113.891021728516
7279,1580.25591954589,145,static.prop.advertisement,34.6767334319349,-38.3910331726074,137.366088867188,113.890693664551
7280,1580.27688064799,145,static.prop.advertisement,12.0301629077779,-38.3909568786621,137.366149902344,113.889060974121
7281,1580.29622254521,145,static.prop.advertisement,43.5639498639747,-38.3909225463867,137.366226196289,113.891090393066
7283,1580.33414944634,145,static.prop.advertisement,100.169290847822,-38.3905487060547,137.366546630859,113.878547668457
7284,1580.35787424818,145,static.prop.advertisement,27.4893067599756,-38.3902359008789,137.366653442383,113.871658325195
7285,1580.37597564608,145,static.prop.advertisement,38.5829164776787,-38.3904266357422,137.367034912109,113.875709533691
7286,1580.39671904594,145,static.prop.advertisement,6.85825468468113,-38.3904037475586,137.367095947266,113.877700805664
7287,1580.41831924766,145,static.prop.advertisement,13.8802368979633,-38.3901748657227,137.366973876953,113.869163513184
7288,1580.43894474581,145,static.prop.advertisement,40.2040346431288,-38.3900527954102,137.366973876953,113.870544433594
7289,1580.45978714526,145,static.prop.advertisement,61.0616999281309,-38.3899002075195,137.367141723633,113.870491027832
7291,1580.49880544841,145,static.prop.advertisement,64.6910865486019,-38.3897361755371,137.367050170898,113.877861022949
7292,1580.51855094731,145,static.prop.advertisement,42.292633590595,-38.3896751403809,137.367111206055,113.88818359375
7293,1580.53793404624,145,static.prop.advertisement,8.8175460811644,-38.3895683288574,137.367248535156,113.892227172852
7294,1580.56012534723,145,static.prop.advertisement,58.2245739113265,-38.3895950317383,137.367065429688,113.902183532715
7295,1580.70786234364,145,static.prop.advertisement,20.0688059577507,-38.3894500732422,137.367080688477,113.908683776855
7296,1580.74602654204,145,static.prop.advertisement,61.8667201308118,-38.3890380859375,137.367446899414,113.922088623047
7297,1580.77036204189,145,static.prop.advertisement,34.7355726932131,-38.3890113830566,137.367431640625,113.924995422363
7298,1580.79090894386,145,static.prop.advertisement,67.1754371344784,-38.3887977600098,137.367736816406,113.922409057617
7299,1580.81341824308,145,static.prop.advertisement,2.96089465414038,-38.3887023925781,137.367797851562,113.924980163574
7300,1580.84415384382,145,static.prop.advertisement,1.97022918646273,-38.3885765075684,137.367874145508,113.922752380371
7301,1580.86265354231,145,static.prop.advertisement,32.3879659323103,-38.3883590698242,137.368041992188,113.926376342773
7302,1580.88279184327,145,static.prop.advertisement,61.3686661755377,-38.3882904052734,137.368225097656,113.931098937988
7303,1580.90335524455,145,static.prop.advertisement,17.0382095605479,-38.3881607055664,137.368362426758,113.931716918945
7304,1580.92421434447,145,static.prop.advertisement,90.2956934584138,-38.3881378173828,137.368392944336,113.931198120117
7305,1580.94590224326,145,static.prop.advertisement,30.5336719230433,-38.3879203796387,137.368362426758,113.923706054688
7306,1580.96685744449,145,static.prop.advertisement,41.6724219953337,-38.3880081176758,137.368682861328,113.917961120605
7308,1581.00678984448,145,static.prop.advertisement,1.26863151505963,-38.3878402709961,137.368896484375,113.910835266113
7309,1581.02719084173,145,static.prop.advertisement,2.03228779137369,-38.3878517150879,137.369064331055,113.911087036133
7310,1581.05554644391,145,static.prop.advertisement,130.532530706457,-38.3877220153809,137.369415283203,113.896087646484
7312,1581.0934323445,145,static.prop.advertisement,9.28228559373966,-38.3870124816895,137.369354248047,113.887634277344
7313,1581.11172384396,145,static.prop.advertisement,121.429522944073,-38.3873023986816,137.369750976562,113.908256530762
7314,1581.12954184413,145,static.prop.advertisement,18.6360053366128,-38.3872032165527,137.369689941406,113.904449462891
7315,1581.14953214303,145,static.prop.advertisement,69.076687648379,-38.3872451782227,137.369903564453,113.902717590332
7316,1581.17020994425,145,static.prop.advertisement,47.9783146844989,-38.3869476318359,137.370178222656,113.886566162109
7317,1581.19078604132,145,static.prop.advertisement,23.8095016676682,-38.3869972229004,137.370498657227,113.887069702148
7318,1581.21040604264,145,static.prop.advertisement,111.264050668746,-38.3869209289551,137.370559692383,113.88956451416
7320,1581.25153764337,145,static.prop.advertisement,119.50076070001,-38.3864822387695,137.370712280273,113.898681640625
7321,1581.2712171413,145,static.prop.advertisement,91.5746063697218,-38.3863754272461,137.370880126953,113.899108886719
7323,1581.31070404127,145,static.prop.advertisement,32.8369585349734,-38.3860206604004,137.371322631836,113.889808654785
7324,1581.33074834198,145,static.prop.advertisement,5.29141640849781,-38.3861083984375,137.371536254883,113.892799377441
7325,1581.35175294429,145,static.prop.advertisement,73.8564181680058,-38.3860092163086,137.371673583984,113.890609741211
7326,1581.37096774206,145,static.prop.advertisement,92.1681535380789,-38.3858299255371,137.371688842773,113.891181945801
7328,1581.41378274187,145,static.prop.advertisement,26.7180022524641,-38.385383605957,137.371887207031,113.869369506836
7329,1581.43583734334,145,static.prop.advertisement,54.6299636584287,-38.3856735229492,137.372268676758,113.880668640137
7330,1581.46047114208,145,static.prop.advertisement,23.9627255964831,-38.3854904174805,137.372268676758,113.868118286133
7331,1581.48008084297,145,static.prop.advertisement,79.7381283872878,-38.3855323791504,137.372589111328,113.867141723633
7332,1581.59096674621,145,static.prop.advertisement,34.1296329746323,-38.3853912353516,137.372970581055,113.857131958008
7333,1581.65514214337,145,static.prop.advertisement,14.9676511099876,-38.3849830627441,137.373947143555,113.829139709473
7334,1581.69138354436,145,static.prop.advertisement,63.9122016582488,-38.3844299316406,137.374008178711,113.826011657715
7335,1581.72498234361,145,static.prop.advertisement,53.0414806160928,-38.3845520019531,137.374603271484,113.812881469727
7336,1581.75778624415,145,static.prop.advertisement,23.1144008714182,-38.3845100402832,137.374710083008,113.81632232666
7337,1581.77462484315,145,static.prop.advertisement,102.334529119914,-38.3843116760254,137.374893188477,113.818664550781
7339,1581.82371934131,145,static.prop.advertisement,124.274263965672,-38.3838386535645,137.375305175781,113.795211791992
7341,1581.87641214207,145,static.prop.advertisement,13.3015690775996,-38.3836059570312,137.375595092773,113.787376403809
7342,1581.89979954436,145,static.prop.advertisement,67.8665397549434,-38.3837890625,137.375869750977,113.796340942383
7343,1581.91909504309,145,static.prop.advertisement,12.0022327023733,-38.3837013244629,137.375885009766,113.801261901855
7344,1581.94223674387,145,static.prop.advertisement,61.8007615726049,-38.3836402893066,137.376113891602,113.79264831543
7345,1581.96537454426,145,static.prop.advertisement,43.7968737211139,-38.3835411071777,137.376159667969,113.798919677734
7346,1581.99154114351,145,static.prop.advertisement,93.2032838710273,-38.3833847045898,137.37614440918,113.808792114258
7347,1582.01064484194,145,static.prop.advertisement,127.722566058887,-38.3832588195801,137.376235961914,113.811622619629
7349,1582.05096364394,145,static.prop.advertisement,16.707384610271,-38.3826942443848,137.376480102539,113.813911437988
7350,1582.07314964384,145,static.prop.advertisement,51.4138887587545,-38.3828582763672,137.376800537109,113.813743591309
7351,1582.09357774258,145,static.prop.advertisement,120.746596610921,-38.3827133178711,137.376892089844,113.816543579102
7352,1582.1142205447,145,static.prop.advertisement,36.8117379741522,-38.3825645446777,137.377059936523,113.817672729492
7353,1582.1388569437,145,static.prop.advertisement,45.5709507824579,-38.3822860717773,137.377288818359,113.825820922852
7354,1582.25748873875,145,static.prop.advertisement,124.158590683386,-38.3819618225098,137.377487182617,113.828689575195
7355,1582.39488774166,145,static.prop.advertisement,141.167387770508,-38.3799934387207,137.379318237305,113.884498596191
7356,1582.52646174654,145,static.prop.advertisement,123.337201534643,-38.3762969970703,137.38232421875,113.996162414551
7357,1582.56170564517,145,static.prop.advertisement,141.880864546578,-38.3724403381348,137.385452270508,114.114791870117
7358,1582.57904594764,145,static.prop.advertisement,115.883111784568,-38.3711700439453,137.386474609375,114.154708862305
7359,1582.60296084732,145,static.prop.advertisement,137.117148089612,-38.3705177307129,137.387008666992,114.175567626953
7360,1582.63242154568,145,static.prop.advertisement,119.19547078994,-38.3696594238281,137.3876953125,114.202598571777
7361,1582.6517816484,145,static.prop.advertisement,123.115448206537,-38.368522644043,137.388641357422,114.23819732666
7362,1582.79332874715,145,static.prop.advertisement,125.629480748849,-38.3677635192871,137.389251708984,114.261726379395
7363,1582.9212782532,145,static.prop.advertisement,131.931799206523,-38.3638496398926,137.392440795898,114.383163452148
7364,1582.95665235445,145,static.prop.advertisement,190.029528448411,-38.3602714538574,137.395355224609,114.49779510498
7365,1582.98137865588,145,static.prop.advertisement,190.279447370913,-38.3590431213379,137.396347045898,114.537948608398
7366,1583.00057565421,145,static.prop.advertisement,164.181294356136,-38.3581809997559,137.397079467773,114.566558837891
7367,1583.02333635464,145,static.prop.advertisement,164.909861209887,-38.3577003479004,137.3974609375,114.582626342773
7368,1583.05236425251,145,static.prop.advertisement,148.353193672367,-38.3569412231445,137.398086547852,114.606895446777
7369,1583.17001505941,145,static.prop.advertisement,171.808675361857,-38.3562431335449,137.398681640625,114.630104064941
7370,1583.36687786132,145,static.prop.advertisement,159.655738577828,-38.3536758422852,137.400802612305,114.712448120117
7371,1583.39866906032,145,static.prop.advertisement,174.858303281316,-38.351490020752,137.402618408203,114.781036376953
7372,1583.4344615601,145,static.prop.advertisement,142.979930466832,-38.3506698608398,137.403274536133,114.805938720703
7373,1583.63484465703,145,static.prop.advertisement,169.057771256474,-38.3497848510742,137.404022216797,114.834106445312
7374,1583.66866525635,145,static.prop.advertisement,180.964555413174,-38.3472633361816,137.406112670898,114.91609954834
7375,1583.69033125788,145,static.prop.advertisement,119.782307028648,-38.3464431762695,137.406768798828,114.941749572754
7376,1583.71057865769,145,static.prop.advertisement,121.307460110135,-38.3461456298828,137.407012939453,114.950714111328
7377,1583.73756635934,145,static.prop.advertisement,125.983436657924,-38.3458595275879,137.407241821289,114.959671020508
7378,1583.857966654,145,static.prop.advertisement,135.34214990294,-38.3455505371094,137.407501220703,114.970329284668
7379,1583.90114505589,145,static.prop.advertisement,207.203574492498,-38.3444976806641,137.408386230469,115.00505065918
7380,1583.92128125578,145,static.prop.advertisement,146.733727978801,-38.343620300293,137.409103393555,115.031311035156
7381,1583.94645145535,145,static.prop.advertisement,155.834733757617,-38.3431968688965,137.409454345703,115.044036865234
7382,1583.9689440541,145,static.prop.advertisement,163.683482076076,-38.3425521850586,137.410003662109,115.06413269043
7383,1583.988492053,145,static.prop.advertisement,153.785624836062,-38.3418655395508,137.410568237305,115.085456848145
7384,1584.0093835555,145,static.prop.advertisement,113.045566770414,-38.3414115905762,137.410949707031,115.100280761719
7385,1584.03361135349,145,static.prop.advertisement,124.686611119157,-38.3408966064453,137.411376953125,115.115989685059
7386,1584.05374295264,145,static.prop.advertisement,107.826260927139,-38.3404960632324,137.411712646484,115.128257751465
7387,1584.07222175598,145,static.prop.advertisement,135.493501767262,-38.3401565551758,137.411972045898,115.13883972168
7388,1584.09375025332,145,static.prop.advertisement,152.138375795123,-38.3398170471191,137.41227722168,115.150382995605
7389,1584.11504105479,145,static.prop.advertisement,148.197496641276,-38.3392486572266,137.412750244141,115.168266296387
7390,1584.13686165586,145,static.prop.advertisement,143.545411225688,-38.3386688232422,137.413223266602,115.18677520752
7391,1584.16048515588,145,static.prop.advertisement,116.464582591804,-38.338005065918,137.413787841797,115.207962036133
7392,1584.18252815306,145,static.prop.advertisement,110.861912860491,-38.3374099731445,137.414291381836,115.227005004883
7393,1584.20193685591,145,static.prop.advertisement,153.561444732159,-38.3369789123535,137.414642333984,115.240531921387
7394,1584.22033465281,145,static.prop.advertisement,138.33128832192,-38.3366355895996,137.414932250977,115.251647949219
7395,1584.23999345303,145,static.prop.advertisement,149.922145271605,-38.3362998962402,137.415222167969,115.262390136719
7396,1584.25951595604,145,static.prop.advertisement,148.300988111022,-38.3359451293945,137.41552734375,115.273902893066
7397,1584.27927875519,145,static.prop.advertisement,151.334636179442,-38.3355865478516,137.415832519531,115.285446166992
7398,1584.29809545353,145,static.prop.advertisement,145.74446740485,-38.3352203369141,137.416137695312,115.297248840332
7399,1584.31806465611,145,static.prop.advertisement,157.8441173223,-38.3348655700684,137.416427612305,115.308395385742
7400,1584.33547275513,145,static.prop.advertisement,138.950335254727,-38.3344993591309,137.416748046875,115.320114135742
7401,1584.35400285572,145,static.prop.advertisement,143.576098441826,-38.3341789245605,137.417007446289,115.330200195312
7402,1584.37378125265,145,static.prop.advertisement,136.520195995262,-38.333797454834,137.417327880859,115.341918945312
7403,1584.39514235407,145,static.prop.advertisement,200.364069201278,-38.3333930969238,137.417663574219,115.354934692383
7404,1584.41435455531,145,static.prop.advertisement,150.162075645162,-38.332820892334,137.418151855469,115.372436523438
7405,1584.43290415406,145,static.prop.advertisement,104.595322956172,-38.3323860168457,137.418518066406,115.386192321777
7406,1584.45125915483,145,static.prop.advertisement,144.998824009322,-38.3319473266602,137.418884277344,115.400001525879
7407,1584.46937695518,145,static.prop.advertisement,196.629487398212,-38.3315887451172,137.419189453125,115.411407470703
7408,1584.489839755,145,static.prop.advertisement,103.10742164331,-38.3310775756836,137.419616699219,115.427619934082
7409,1584.51122825593,145,static.prop.advertisement,112.620329869693,-38.3306884765625,137.419952392578,115.439750671387
7410,1584.52905715257,145,static.prop.advertisement,176.708184860017,-38.3302917480469,137.420272827148,115.451995849609
7411,1584.54783455282,145,static.prop.advertisement,141.032849953565,-38.3299789428711,137.420547485352,115.461853027344
7412,1584.56867375597,145,static.prop.advertisement,110.6718335169,-38.3296508789062,137.420822143555,115.472564697266
7413,1584.5866741538,145,static.prop.advertisement,149.491288889124,-38.329288482666,137.421127319336,115.484001159668
7414,1584.60602375492,145,static.prop.advertisement,147.757274040769,-38.3290214538574,137.421356201172,115.492729187012
7415,1584.62548265606,145,static.prop.advertisement,152.891971272171,-38.3286361694336,137.421691894531,115.505088806152
7416,1584.6458491534,145,static.prop.advertisement,197.138071009469,-38.3281860351562,137.422073364258,115.519462585449
7417,1584.66749995574,145,static.prop.advertisement,120.20417417283,-38.32763671875,137.42253112793,115.536331176758
7418,1584.68596095592,145,static.prop.advertisement,136.236018582591,-38.3271293640137,137.422958374023,115.552314758301
7419,1584.7028824538,145,static.prop.advertisement,163.023681368273,-38.32666015625,137.423355102539,115.567863464355
7420,1584.72190565616,145,static.prop.advertisement,148.350758683615,-38.3263282775879,137.423629760742,115.578392028809
7421,1584.73998575285,145,static.prop.advertisement,139.940065240021,-38.3259963989258,137.423934936523,115.589485168457
7422,1584.75945605338,145,static.prop.advertisement,152.957658108531,-38.3256645202637,137.424209594727,115.60001373291
7423,1584.7853311561,145,static.prop.advertisement,143.739750889556,-38.3253059387207,137.424514770508,115.611572265625
7424,1584.80552925542,145,static.prop.advertisement,116.227974461244,-38.3247756958008,137.42497253418,115.628211975098
7425,1584.82550835609,145,static.prop.advertisement,207.191624116978,-38.3243293762207,137.425323486328,115.641914367676
7426,1584.84299565479,145,static.prop.advertisement,130.615591782766,-38.3237762451172,137.425811767578,115.659683227539
7427,1584.86323885247,145,static.prop.advertisement,110.154691276605,-38.323413848877,137.426116943359,115.671363830566
7428,1584.8828583546,145,static.prop.advertisement,154.613767761358,-38.3231086730957,137.426376342773,115.680816650391
7429,1584.89955735579,145,static.prop.advertisement,233.903132286511,-38.3228530883789,137.426605224609,115.689125061035
7430,1584.91634265333,145,static.prop.advertisement,124.973193066811,-38.3224296569824,137.426956176758,115.702293395996
7431,1584.93517555296,145,static.prop.advertisement,147.723671353116,-38.3220901489258,137.42724609375,115.713180541992
7432,1584.95328715444,145,static.prop.advertisement,139.477119119277,-38.3217391967773,137.427551269531,115.724678039551
7433,1584.97280745581,145,static.prop.advertisement,152.162490901224,-38.321403503418,137.427825927734,115.735282897949
7434,1584.99199995399,145,static.prop.advertisement,150.675033373335,-38.3210601806641,137.428131103516,115.746879577637
7435,1585.01085595414,145,static.prop.advertisement,147.662849877456,-38.3207054138184,137.428421020508,115.758163452148
7436,1585.03014615551,145,static.prop.advertisement,92.3935888046528,-38.3203659057617,137.428726196289,115.769050598145
7437,1585.04803715274,145,static.prop.advertisement,149.23580038713,-38.3201560974121,137.428909301758,115.775375366211
7438,1585.06836465374,145,static.prop.advertisement,199.84954027051,-38.3199005126953,137.429122924805,115.783447265625
7439,1585.08559015393,145,static.prop.advertisement,92.7502032121361,-38.3194122314453,137.429534912109,115.798309326172
7440,1585.106767755,145,static.prop.advertisement,163.873388865089,-38.3192291259766,137.4296875,115.804183959961
7441,1585.12654105574,145,static.prop.advertisement,161.629141798929,-38.318775177002,137.430068969727,115.818199157715
7442,1585.14722625539,145,static.prop.advertisement,79.9642441446596,-38.3184356689453,137.430358886719,115.829429626465
7443,1585.16510905325,145,static.prop.advertisement,138.078145764617,-38.31787109375,137.430847167969,115.847160339355
7444,1585.1831487529,145,static.prop.advertisement,137.633937662511,-38.3174934387207,137.431167602539,115.859397888184
7445,1585.20337255299,145,static.prop.advertisement,149.32151005584,-38.3171997070312,137.431427001953,115.869018554688
7446,1585.22295335308,145,static.prop.advertisement,110.728159059177,-38.3167152404785,137.431838989258,115.884231567383
7447,1585.24174205586,145,static.prop.advertisement,151.838892286334,-38.3162040710449,137.432281494141,115.90062713623
7448,1585.26297035441,145,static.prop.advertisement,146.922480151829,-38.3157577514648,137.432662963867,115.915077209473
7449,1585.281277854,145,static.prop.advertisement,143.526151414272,-38.3152809143066,137.433074951172,115.930160522461
7450,1585.30024475604,145,static.prop.advertisement,82.4127294578773,-38.3149490356445,137.433349609375,115.941047668457
7451,1585.32067025453,145,static.prop.advertisement,99.9209318891484,-38.3145141601562,137.433731079102,115.954559326172
7452,1585.34213215485,145,static.prop.advertisement,129.441604825149,-38.3140830993652,137.434097290039,115.96752166748
7453,1585.3611259535,145,static.prop.advertisement,155.092082623897,-38.3137474060059,137.434387207031,115.978286743164
7454,1585.37970575318,145,static.prop.advertisement,161.394471511296,-38.3134765625,137.434631347656,115.987640380859
7455,1585.39651565254,145,static.prop.advertisement,147.830241750791,-38.3131942749023,137.434860229492,115.997138977051
7456,1585.41696095467,145,static.prop.advertisement,121.023116016762,-38.3129272460938,137.435089111328,116.005920410156
7457,1585.43666885421,145,static.prop.advertisement,155.258716006238,-38.3125915527344,137.43537902832,116.016494750977
7458,1585.45465715602,145,static.prop.advertisement,158.282772861436,-38.3123168945312,137.435623168945,116.025756835938
7459,1585.48086555302,145,static.prop.advertisement,150.89832628936,-38.3120460510254,137.435852050781,116.034637451172
7460,1585.50577285513,145,static.prop.advertisement,143.868084443596,-38.311637878418,137.436218261719,116.047790527344
7461,1585.5305310525,145,static.prop.advertisement,141.461746655712,-38.3112449645996,137.436538696289,116.06014251709
7462,1585.65040735528,145,static.prop.advertisement,159.278522398303,-38.3108673095703,137.436874389648,116.072311401367
7463,1585.6920366548,145,static.prop.advertisement,145.860430581587,-38.3094139099121,137.43815612793,116.119453430176
7464,1585.71888915449,145,static.prop.advertisement,170.534043437242,-38.3088340759277,137.43864440918,116.136734008789
7465,1585.73846635595,145,static.prop.advertisement,148.928490616976,-38.3083534240723,137.439056396484,116.151733398438
7466,1585.76486075297,145,static.prop.advertisement,134.890683295059,-38.3080101013184,137.439361572266,116.163139343262
7467,1585.78685655445,145,static.prop.advertisement,120.207926422127,-38.3075408935547,137.439758300781,116.178260803223
7468,1585.80710935593,145,static.prop.advertisement,104.994383346656,-38.3071556091309,137.440078735352,116.190444946289
7469,1585.82713905349,145,static.prop.advertisement,99.5126887762893,-38.3067283630371,137.440444946289,116.203887939453
7470,1585.8450586535,145,static.prop.advertisement,138.639129399291,-38.3063545227051,137.440765380859,116.215660095215
7471,1585.86654035375,145,static.prop.advertisement,115.594216628739,-38.306095123291,137.441009521484,116.224075317383
7472,1585.88695185259,145,static.prop.advertisement,112.417925559478,-38.3057403564453,137.441299438477,116.235633850098
7473,1585.90669615567,145,static.prop.advertisement,138.799543772002,-38.3054084777832,137.441589355469,116.24626159668
7474,1585.92752425373,145,static.prop.advertisement,129.07398324623,-38.3050308227539,137.441925048828,116.258773803711
7475,1585.94757495448,145,static.prop.advertisement,111.773200386132,-38.304515838623,137.442367553711,116.27507019043
7476,1585.96650335565,145,static.prop.advertisement,144.11662853352,-38.3041496276855,137.442687988281,116.286590576172
7477,1585.98840035498,145,static.prop.advertisement,116.121462117039,-38.3037948608398,137.442993164062,116.298309326172
7478,1586.00759085268,145,static.prop.advertisement,141.276711892647,-38.3033866882324,137.443359375,116.311408996582
7479,1586.02756195515,145,static.prop.advertisement,151.992651381424,-38.3029365539551,137.443740844727,116.326324462891
7480,1586.04730095342,145,static.prop.advertisement,141.924814492383,-38.3024787902832,137.444152832031,116.341598510742
7481,1586.06681955606,145,static.prop.advertisement,141.179939426746,-38.3020668029785,137.444519042969,116.35523223877
7482,1586.08619915321,145,static.prop.advertisement,141.12381704122,-38.3016624450684,137.444869995117,116.368316650391
7483,1586.10529975593,145,static.prop.advertisement,140.355761207876,-38.3012619018555,137.445220947266,116.38143157959
7484,1586.12459355593,145,static.prop.advertisement,139.014537710353,-38.3008575439453,137.445571899414,116.394287109375
7485,1586.1436544545,145,static.prop.advertisement,140.584297243442,-38.3004493713379,137.445922851562,116.407424926758
7486,1586.16314625368,145,static.prop.advertisement,141.813159065436,-38.3000564575195,137.446258544922,116.420402526855
7487,1586.18295295537,145,static.prop.advertisement,142.833161534184,-38.2996482849121,137.44660949707,116.433753967285
7488,1586.20490245521,145,static.prop.advertisement,200.062142671294,-38.2992401123047,137.446975708008,116.447563171387
7489,1586.22370435297,145,static.prop.advertisement,149.420815160398,-38.2986717224121,137.447463989258,116.46556854248
7490,1586.2452297546,145,static.prop.advertisement,158.263456600353,-38.2983474731445,137.44775390625,116.476303100586
7491,1586.2643933557,145,static.prop.advertisement,157.523094621617,-38.2979011535645,137.448135375977,116.49015045166
7492,1586.28541525453,145,static.prop.advertisement,130.152619586602,-38.2976226806641,137.448379516602,116.499183654785
7493,1586.30531415343,145,static.prop.advertisement,155.24027965004,-38.2973289489746,137.448623657227,116.508514404297
7494,1586.32518555596,145,static.prop.advertisement,153.616871434268,-38.2970237731934,137.44889831543,116.518608093262
7495,1586.34371365607,145,static.prop.advertisement,171.336330567175,-38.2967414855957,137.449157714844,116.528182983398
7496,1586.36375335604,145,static.prop.advertisement,140.350255917867,-38.2963447570801,137.449523925781,116.540809631348
7497,1586.38495025411,145,static.prop.advertisement,155.150087241785,-38.2959785461426,137.449829101562,116.551788330078
7498,1586.40233375505,145,static.prop.advertisement,138.117007057919,-38.2956314086914,137.450134277344,116.562431335449
7499,1586.42212055251,145,static.prop.advertisement,200.883605157817,-38.295337677002,137.450393676758,116.572143554688
7500,1586.44327365607,145,static.prop.advertisement,148.095190258656,-38.2949104309082,137.450775146484,116.586708068848
7501,1586.46085075289,145,static.prop.advertisement,149.003749992654,-38.2945213317871,137.451110839844,116.599273681641
7502,1586.48103175312,145,static.prop.advertisement,108.749574186426,-38.2942237854004,137.451370239258,116.609329223633
7503,1586.50107675418,145,static.prop.advertisement,131.660367891278,-38.2938232421875,137.451721191406,116.622085571289
7504,1586.52132935449,145,static.prop.advertisement,116.190394113284,-38.2934455871582,137.452056884766,116.633766174316
7505,1586.53985045478,145,static.prop.advertisement,142.618497840873,-38.2930107116699,137.452438354492,116.647537231445
7506,1586.55994865298,145,static.prop.advertisement,107.300699897056,-38.2926330566406,137.452774047852,116.659980773926
7507,1586.57858175412,145,static.prop.advertisement,148.294267680282,-38.2922973632812,137.453079223633,116.670852661133
7508,1586.59915425256,145,static.prop.advertisement,169.959692679741,-38.2920684814453,137.45329284668,116.678611755371
7509,1586.61889025569,145,static.prop.advertisement,158.00406221795,-38.2916526794434,137.453643798828,116.691986083984
7510,1586.63725665584,145,static.prop.advertisement,143.411878213926,-38.2912864685059,137.453964233398,116.704460144043
7511,1586.65724585578,145,static.prop.advertisement,149.725701122293,-38.2909622192383,137.454254150391,116.71516418457
7512,1586.67612505332,145,static.prop.advertisement,142.282002298327,-38.2906074523926,137.454574584961,116.727035522461
7513,1586.69721605256,145,static.prop.advertisement,110.872280626246,-38.2902603149414,137.454879760742,116.738174438477
7514,1586.71638125554,145,static.prop.advertisement,149.84251857213,-38.2898902893066,137.455200195312,116.749565124512
7515,1586.73667705432,145,static.prop.advertisement,110.481092783304,-38.2896118164062,137.455444335938,116.758758544922
7516,1586.75495955348,145,static.prop.advertisement,140.545301976509,-38.2891502380371,137.455841064453,116.772842407227
7517,1586.77435445413,145,static.prop.advertisement,128.985918941169,-38.2887573242188,137.456207275391,116.785354614258
7518,1586.78812925518,145,static.prop.advertisement,168.895960428875,-38.2883415222168,137.456573486328,116.799125671387
7519,1586.7952924557,145,static.prop.advertisement,112.634582286296,-38.2879486083984,137.456924438477,116.811431884766
7520,1586.80191745609,145,static.prop.advertisement,135.51571453931,-38.2877922058105,137.457061767578,116.816390991211
7521,1586.81018505245,145,static.prop.advertisement,136.238530554101,-38.2876091003418,137.457214355469,116.822319030762
7522,1586.81773275509,145,static.prop.advertisement,154.286092868605,-38.2874031066895,137.457397460938,116.829177856445
7523,1586.82746145502,145,static.prop.advertisement,160.209045490568,-38.2872352600098,137.457550048828,116.834533691406
7524,1586.83556485549,145,static.prop.advertisement,127.053326216806,-38.2870559692383,137.457702636719,116.840553283691
7525,1586.84492195398,145,static.prop.advertisement,128.231421721517,-38.2869148254395,137.45783996582,116.845405578613
7526,1586.85295885429,145,static.prop.advertisement,125.945125545678,-38.2867240905762,137.4580078125,116.851631164551
7527,1586.86359215528,145,static.prop.advertisement,155.884361674787,-38.2865524291992,137.458145141602,116.857223510742
7528,1586.90116235614,145,static.prop.advertisement,148.561103943438,-38.2862815856934,137.458389282227,116.865592956543
7529,1586.90947505459,145,static.prop.advertisement,128.759664345388,-38.2855911254883,137.459014892578,116.888900756836
7530,1586.92052795365,145,static.prop.advertisement,89.7471283976489,-38.2854423522949,137.45915222168,116.893737792969
7531,1587.02726725116,145,static.prop.advertisement,159.398139374402,-38.2851982116699,137.459365844727,116.901428222656
7532,1587.0395774506,145,static.prop.advertisement,98.0939358055276,-38.2833595275879,137.460998535156,116.961929321289
7533,1587.05335035175,145,static.prop.advertisement,103.553120645793,-38.2830772399902,137.461242675781,116.970588684082
7534,1587.06339335069,145,static.prop.advertisement,105.162035473307,-38.2826957702637,137.461578369141,116.982559204102
7535,1587.07203155011,145,static.prop.advertisement,136.131947939368,-38.2824630737305,137.461776733398,116.989631652832
7536,1587.08082675189,145,static.prop.advertisement,125.151466489885,-38.2823219299316,137.461898803711,116.994018554688
7537,1587.0895762518,145,static.prop.advertisement,154.472309251674,-38.2822418212891,137.461990356445,116.996940612793
7538,1587.10216685012,145,static.prop.advertisement,146.166118442087,-38.282154083252,137.462066650391,116.999687194824
7539,1587.11031275243,145,static.prop.advertisement,130.770495529016,-38.2819023132324,137.462280273438,117.007469177246
7540,1587.12024034932,145,static.prop.advertisement,169.483150656135,-38.2817802429199,137.462387084961,117.011283874512
7541,1587.12813955173,145,static.prop.advertisement,130.395347444389,-38.281623840332,137.462539672852,117.016967773438
7542,1587.13811615109,145,static.prop.advertisement,95.5377187228337,-38.2814865112305,137.462661743164,117.021202087402
7543,1587.14855255187,145,static.prop.advertisement,116.367244921166,-38.2814102172852,137.462738037109,117.023948669434
7544,1587.16266705096,145,static.prop.advertisement,97.2417211890112,-38.2811660766602,137.462951660156,117.031326293945
7545,1587.1739596501,145,static.prop.advertisement,119.98278567843,-38.2808113098145,137.463256835938,117.042526245117
7546,1587.1937359497,145,static.prop.advertisement,151.367474098417,-38.2805519104004,137.463485717773,117.050567626953
7547,1587.29069865495,145,static.prop.advertisement,158.723854832102,-38.2801742553711,137.463836669922,117.063537597656
7548,1587.30712895468,145,static.prop.advertisement,166.723719450524,-38.2778587341309,137.465911865234,117.140113830566
7549,1587.31529925391,145,static.prop.advertisement,139.779041465019,-38.2774085998535,137.46630859375,117.154563903809
7550,1587.32325675339,145,static.prop.advertisement,129.890386404729,-38.2772064208984,137.466506958008,117.161056518555
7551,1587.33103205264,145,static.prop.advertisement,125.571523197474,-38.277042388916,137.466644287109,117.166069030762
7552,1587.33814135566,145,static.prop.advertisement,123.94650899645,-38.2769088745117,137.466766357422,117.170387268066
7553,1587.345998656,145,static.prop.advertisement,132.707997672493,-38.2767868041992,137.466873168945,117.174171447754
7554,1587.35401015356,145,static.prop.advertisement,137.222263215114,-38.2766571044922,137.466979980469,117.178321838379
7555,1587.36180525273,145,static.prop.advertisement,133.138324911297,-38.2765312194824,137.467086791992,117.182571411133
7556,1587.36949095502,145,static.prop.advertisement,133.349634747815,-38.2764091491699,137.467208862305,117.186515808105
7557,1587.37818805501,145,static.prop.advertisement,145.857914799125,-38.2762870788574,137.467300415039,117.190536499023
7558,1587.38973675296,145,static.prop.advertisement,134.986719943468,-38.2761573791504,137.467422485352,117.195030212402
7559,1587.39951755479,145,static.prop.advertisement,160.670679726481,-38.2759284973145,137.467620849609,117.202186584473
7560,1587.42257965356,145,static.prop.advertisement,146.85576594743,-38.2757720947266,137.4677734375,117.207702636719
7561,1587.43499495462,145,static.prop.advertisement,111.092386251794,-38.2753715515137,137.468124389648,117.220397949219
7562,1587.55894035473,145,static.prop.advertisement,187.878835033989,-38.2751388549805,137.468338012695,117.227653503418
7563,1587.58564165607,145,static.prop.advertisement,151.282640057846,-38.2727661132812,137.470520019531,117.301391601562
7564,1587.60492705554,145,static.prop.advertisement,136.508722645216,-38.2718658447266,137.471328735352,117.329078674316
7565,1587.61604915559,145,static.prop.advertisement,120.111956137015,-38.2712478637695,137.471893310547,117.34846496582
7566,1587.62482785434,145,static.prop.advertisement,151.954393927943,-38.2707977294922,137.472305297852,117.363258361816
7567,1587.63474445418,145,static.prop.advertisement,161.963543370287,-38.2704391479492,137.472625732422,117.375213623047
7568,1587.6444670558,145,static.prop.advertisement,151.168979517741,-38.2700424194336,137.472991943359,117.388145446777
7569,1587.65239765495,145,static.prop.advertisement,112.619734318063,-38.2696495056152,137.473342895508,117.401138305664
7570,1587.66358155385,145,static.prop.advertisement,95.6538543557695,-38.2693367004395,137.4736328125,117.411437988281
7571,1587.67309265584,145,static.prop.advertisement,144.657279365743,-38.268871307373,137.474044799805,117.426918029785
7572,1587.68187885359,145,static.prop.advertisement,137.941938293555,-38.2684745788574,137.474395751953,117.440002441406
7573,1587.68965805322,145,static.prop.advertisement,123.510453356546,-38.2681274414062,137.474716186523,117.451652526855
7574,1587.70170745254,145,static.prop.advertisement,101.331439845806,-38.2678298950195,137.474990844727,117.461517333984
7575,1587.73307725415,145,static.prop.advertisement,119.936181704997,-38.2673759460449,137.475402832031,117.476516723633
7576,1587.75902815536,145,static.prop.advertisement,126.338283185589,-38.2663154602051,137.476348876953,117.511459350586
7577,1587.76669395342,145,static.prop.advertisement,171.298923700421,-38.265380859375,137.477203369141,117.541893005371
7578,1587.77328765392,145,static.prop.advertisement,102.239948888819,-38.2651023864746,137.477462768555,117.550735473633
7579,1587.78178885579,145,static.prop.advertisement,140.884007133846,-38.2648696899414,137.477661132812,117.558204650879
7580,1587.78873155266,145,static.prop.advertisement,116.72433804535,-38.2645530700684,137.477951049805,117.568450927734
7581,1587.79603145272,145,static.prop.advertisement,124.501397214728,-38.2643051147461,137.478179931641,117.576622009277
7582,1587.8026195541,145,static.prop.advertisement,112.007661954323,-38.2640342712402,137.478439331055,117.585418701172
7583,1587.80954195559,145,static.prop.advertisement,74.3933060204244,-38.2637901306152,137.478637695312,117.593406677246
7584,1587.81651465595,145,static.prop.advertisement,180.706007873154,-38.2636184692383,137.478790283203,117.599105834961
7585,1587.82276865467,145,static.prop.advertisement,105.732209260372,-38.2634010314941,137.47900390625,117.606315612793
7586,1587.82953185588,145,static.prop.advertisement,107.817559936019,-38.2632141113281,137.47917175293,117.612449645996
7587,1587.83580045402,145,static.prop.advertisement,96.8955999604243,-38.2630195617676,137.479339599609,117.619049072266
7588,1587.84278185293,145,static.prop.advertisement,121.625544798087,-38.2628326416016,137.479507446289,117.62516784668
7589,1587.84938365594,145,static.prop.advertisement,173.89193731831,-38.2626037597656,137.479721069336,117.632820129395
7590,1587.8558514528,145,static.prop.advertisement,91.5257303591136,-38.2623672485352,137.479934692383,117.640647888184
7591,1587.86301185563,145,static.prop.advertisement,113.694033801721,-38.2621536254883,137.480133056641,117.647705078125
7592,1587.87042915449,145,static.prop.advertisement,143.602390830281,-38.261905670166,137.480361938477,117.655891418457
7593,1587.88519755378,145,static.prop.advertisement,159.408250782761,-38.2616577148438,137.480590820312,117.664100646973
7594,1587.89173695445,145,static.prop.advertisement,104.738909666204,-38.2611694335938,137.481033325195,117.680099487305
7595,1587.89906105399,145,static.prop.advertisement,121.911886223497,-38.2609519958496,137.481231689453,117.687118530273
7596,1587.90629505366,145,static.prop.advertisement,118.076244063167,-38.2607002258301,137.481460571289,117.695449829102
7597,1587.91227675602,145,static.prop.advertisement,102.057881674934,-38.2604522705078,137.481689453125,117.703727722168
7598,1587.93942295387,145,static.prop.advertisement,153.081232104678,-38.2602386474609,137.481887817383,117.710639953613
7599,1587.94589175284,145,static.prop.advertisement,113.893250642146,-38.2592124938965,137.482833862305,117.744560241699
7600,1587.95370295271,145,static.prop.advertisement,114.045191321826,-38.258975982666,137.483047485352,117.752182006836
7601,1587.96005925536,145,static.prop.advertisement,144.008555769454,-38.2586822509766,137.483306884766,117.762084960938
7602,1587.96672595292,145,static.prop.advertisement,152.034362894837,-38.2584495544434,137.483520507812,117.76961517334
7603,1587.9737085551,145,static.prop.advertisement,117.554836157219,-38.2581405639648,137.483810424805,117.779899597168
7604,1587.98055545613,145,static.prop.advertisement,111.416542379369,-38.2578392028809,137.484085083008,117.789695739746
7605,1587.98671875522,145,static.prop.advertisement,135.29052044643,-38.2575569152832,137.484344482422,117.79899597168
7606,1587.99326635525,145,static.prop.advertisement,107.79562809671,-38.2573204040527,137.484558105469,117.806823730469
7607,1588.0001215525,145,static.prop.advertisement,146.787388463601,-38.257080078125,137.484786987305,117.814926147461
7608,1588.00655775517,145,static.prop.advertisement,106.219076685464,-38.256763458252,137.485076904297,117.825347900391
7609,1588.01335595548,145,static.prop.advertisement,108.235540761699,-38.2564849853516,137.485336303711,117.834579467773
7610,1588.02029505372,145,static.prop.advertisement,112.225452195369,-38.2562141418457,137.485580444336,117.843872070312
7611,1588.02715325356,145,static.prop.advertisement,154.66292087019,-38.2559356689453,137.485824584961,117.852996826172
7612,1588.03511565551,145,static.prop.advertisement,127.11235567172,-38.2556037902832,137.486129760742,117.863952636719
7613,1588.04183745384,145,static.prop.advertisement,150.825485820568,-38.2552375793457,137.486465454102,117.875999450684
7614,1588.04884925485,145,static.prop.advertisement,109.761922980881,-38.2549629211426,137.486724853516,117.885093688965
7615,1588.05539655313,145,static.prop.advertisement,107.383514818906,-38.254695892334,137.486968994141,117.893852233887
7616,1588.06356445327,145,static.prop.advertisement,135.337861811499,-38.2544555664062,137.487197875977,117.901763916016
7617,1588.07032695413,145,static.prop.advertisement,111.060201367065,-38.2541542053223,137.48747253418,117.91178894043
7618,1588.07790705562,145,static.prop.advertisement,126.330857691674,-38.25390625,137.487686157227,117.91975402832
7619,1588.08447785303,145,static.prop.advertisement,109.679788527434,-38.2536277770996,137.48796081543,117.928810119629
7620,1588.09224205464,145,static.prop.advertisement,134.803042264583,-38.2533988952637,137.488174438477,117.936599731445
7621,1588.09904525429,145,static.prop.advertisement,113.579727254803,-38.2531127929688,137.488433837891,117.945915222168
7622,1588.10595945269,145,static.prop.advertisement,119.906916168277,-38.252872467041,137.488662719727,117.953674316406
7623,1588.11200295389,145,static.prop.advertisement,104.215461305456,-38.252628326416,137.488876342773,117.96174621582
7624,1588.11837455258,145,static.prop.advertisement,115.834950891858,-38.2524299621582,137.489074707031,117.968383789062
7625,1588.12497685477,145,static.prop.advertisement,114.975719372381,-38.2522163391113,137.4892578125,117.9755859375
7626,1588.13142635301,145,static.prop.advertisement,113.409925270616,-38.2519989013672,137.489456176758,117.98282623291
7627,1588.13806945458,145,static.prop.advertisement,118.245427810202,-38.2517929077148,137.489654541016,117.989952087402
7628,1588.14402365312,145,static.prop.advertisement,108.580631238073,-38.251579284668,137.489837646484,117.997138977051
7629,1588.15051045269,145,static.prop.advertisement,104.847645430031,-38.251392364502,137.490020751953,118.003631591797
7630,1588.15659545362,145,static.prop.advertisement,102.001662756654,-38.2512016296387,137.490188598633,118.009963989258
7631,1588.16268005595,145,static.prop.advertisement,149.506566252782,-38.2510414123535,137.490341186523,118.015419006348
7632,1588.16907615587,145,static.prop.advertisement,136.443976462087,-38.2508506774902,137.490509033203,118.021835327148
7633,1588.17545155436,145,static.prop.advertisement,93.9171406637792,-38.2506637573242,137.490692138672,118.028106689453
7634,1588.18187065423,145,static.prop.advertisement,100.477509738665,-38.2504844665527,137.490844726562,118.03385925293
7635,1588.18907285482,145,static.prop.advertisement,126.185046207299,-38.2503051757812,137.491027832031,118.040145874023
7636,1588.19821085408,145,static.prop.advertisement,141.317995329431,-38.2500648498535,137.491241455078,118.047958374023
7637,1588.20798495412,145,static.prop.advertisement,163.53642284737,-38.249755859375,137.491546630859,118.058532714844
7638,1588.21489405259,145,static.prop.advertisement,159.322501132125,-38.2494125366211,137.49186706543,118.070007324219
7639,1588.22114015371,145,static.prop.advertisement,138.003428357469,-38.2491188049316,137.492141723633,118.07967376709
7640,1588.22742145509,145,static.prop.advertisement,102.348686158867,-38.2488899230957,137.492340087891,118.087051391602
7641,1588.23399755359,145,static.prop.advertisement,112.691868078886,-38.2486915588379,137.492523193359,118.093704223633
7642,1588.24032315612,145,static.prop.advertisement,111.258973578695,-38.2484931945801,137.492706298828,118.100250244141
7643,1588.24712695554,145,static.prop.advertisement,119.687405530419,-38.2483100891113,137.492874145508,118.106384277344
7644,1588.25322445482,145,static.prop.advertisement,106.572392799534,-38.248119354248,137.493057250977,118.112693786621
7645,1588.25928735361,145,static.prop.advertisement,107.751619963411,-38.2479553222656,137.493194580078,118.118171691895
7646,1588.26607065275,145,static.prop.advertisement,121.627649445876,-38.2477989196777,137.493347167969,118.123405456543
7647,1588.27176365256,145,static.prop.advertisement,101.414746777796,-38.2476272583008,137.493515014648,118.129470825195
7648,1588.2778798528,145,static.prop.advertisement,110.941627564025,-38.247486114502,137.493637084961,118.134231567383
7649,1588.28384415433,145,static.prop.advertisement,107.776032373405,-38.2473335266113,137.493774414062,118.139099121094
7650,1588.2897172533,145,static.prop.advertisement,97.1829018843443,-38.2471923828125,137.493896484375,118.143936157227
7651,1588.2963943556,145,static.prop.advertisement,136.359343787056,-38.2470588684082,137.494033813477,118.148574829102
7652,1588.3040320538,145,static.prop.advertisement,124.731902552783,-38.2468872070312,137.494201660156,118.154479980469
7653,1588.3116523549,145,static.prop.advertisement,121.629488687662,-38.2466850280762,137.494384765625,118.161026000977
7654,1588.31845865399,145,static.prop.advertisement,102.856541370472,-38.2464790344238,137.494567871094,118.167922973633
7655,1588.32481155545,145,static.prop.advertisement,179.072919121574,-38.2463150024414,137.494735717773,118.173522949219
7656,1588.33075885475,145,static.prop.advertisement,95.121152797386,-38.2461204528809,137.494903564453,118.179725646973
7657,1588.33727335557,145,static.prop.advertisement,77.4099425559358,-38.2459602355957,137.495040893555,118.185081481934
7658,1588.34368255362,145,static.prop.advertisement,100.084604650785,-38.2458381652832,137.495162963867,118.189109802246
7659,1588.35027625412,145,static.prop.advertisement,126.336572691304,-38.2457504272461,137.495254516602,118.19206237793
7660,1588.35667105392,145,static.prop.advertisement,137.46054204867,-38.2456703186035,137.495330810547,118.194679260254
7661,1588.36253335327,145,static.prop.advertisement,129.014874865349,-38.2455863952637,137.495407104492,118.197280883789
7662,1588.36871865392,145,static.prop.advertisement,102.749219195146,-38.2454566955566,137.495529174805,118.201446533203
7663,1588.3748540543,145,static.prop.advertisement,92.5209282505942,-38.2453346252441,137.495635986328,118.20556640625
7664,1588.3808160536,145,static.prop.advertisement,109.343137753861,-38.2452430725098,137.495712280273,118.208740234375
7665,1588.38692735508,145,static.prop.advertisement,105.067306655362,-38.2451438903809,137.495819091797,118.212074279785
7666,1588.39286035299,145,static.prop.advertisement,145.787999381157,-38.245044708252,137.495895385742,118.215408325195
7667,1588.3993408531,145,static.prop.advertisement,135.583136572928,-38.2449226379395,137.496032714844,118.219696044922
7668,1588.40599395335,145,static.prop.advertisement,116.609837947357,-38.2447853088379,137.496154785156,118.224136352539
7669,1588.41313375533,145,static.prop.advertisement,109.635167647881,-38.2446441650391,137.496276855469,118.228820800781
7670,1588.4203989543,145,static.prop.advertisement,114.981439212566,-38.2445068359375,137.496398925781,118.233589172363
7671,1588.42756295577,145,static.prop.advertisement,115.811785797527,-38.2443695068359,137.496536254883,118.238220214844
7672,1588.43403305486,145,static.prop.advertisement,105.232650054863,-38.2442359924316,137.496673583984,118.24292755127
7673,1588.44018555433,145,static.prop.advertisement,100.834712689453,-38.2441101074219,137.496780395508,118.247100830078
7674,1588.44665725529,145,static.prop.advertisement,108.090087195906,-38.2439994812012,137.496887207031,118.251007080078
7675,1588.45323845372,145,static.prop.advertisement,107.617296881752,-38.2438850402832,137.496994018555,118.254981994629
7676,1588.45997935534,145,static.prop.advertisement,109.200646934142,-38.243766784668,137.497100830078,118.258888244629
7677,1588.466048453,145,static.prop.advertisement,99.2838793065192,-38.2436485290527,137.497207641602,118.262748718262
7678,1588.47282245383,145,static.prop.advertisement,110.405878160892,-38.2435417175293,137.497299194336,118.266319274902
7679,1588.47891105339,145,static.prop.advertisement,98.9815905199883,-38.2434310913086,137.497406005859,118.270309448242
7680,1588.48657015339,145,static.prop.advertisement,123.690793297193,-38.2433319091797,137.497512817383,118.273750305176
7681,1588.49450685456,145,static.prop.advertisement,122.520411203848,-38.2432060241699,137.497619628906,118.278053283691
7682,1588.50313235447,145,static.prop.advertisement,131.352536304908,-38.2430801391602,137.497741699219,118.282424926758
7683,1588.50998665392,145,static.prop.advertisement,105.091748730532,-38.2429389953613,137.497863769531,118.287261962891
7684,1588.51700105518,145,static.prop.advertisement,113.304550100088,-38.2428283691406,137.497970581055,118.291084289551
7685,1588.52436515316,145,static.prop.advertisement,116.477339369235,-38.2427101135254,137.498077392578,118.294853210449
7686,1588.53263315558,145,static.prop.advertisement,128.840790146644,-38.2425956726074,137.498184204102,118.298736572266
7687,1588.6161339581,145,static.prop.advertisement,140.155243348558,-38.2424659729004,137.498306274414,118.303108215332
7688,1588.64490035921,145,static.prop.advertisement,146.094356304189,-38.241096496582,137.499603271484,118.349197387695
7689,1588.66832345724,145,static.prop.advertisement,119.850795102464,-38.2406158447266,137.500030517578,118.36515045166
7690,1588.68169355765,145,static.prop.advertisement,100.698107628732,-38.2402496337891,137.500366210938,118.37703704834
7691,1588.68960975856,145,static.prop.advertisement,121.860415696552,-38.2400512695312,137.500549316406,118.383155822754
7692,1588.69882775843,145,static.prop.advertisement,125.810214629379,-38.2399520874023,137.500640869141,118.386436462402
7693,1588.70922295749,145,static.prop.advertisement,119.678680428547,-38.2398147583008,137.500762939453,118.391006469727
7694,1588.71753235906,145,static.prop.advertisement,140.992364215708,-38.2395896911621,137.5009765625,118.398017883301
7695,1588.72448515892,145,static.prop.advertisement,114.904277084793,-38.239429473877,137.501129150391,118.403129577637
7696,1588.73156575859,145,static.prop.advertisement,125.857777197881,-38.2393112182617,137.501220703125,118.406898498535
7697,1588.73772565648,145,static.prop.advertisement,133.04545994531,-38.2391967773438,137.501327514648,118.410682678223
7698,1588.74406125769,145,static.prop.advertisement,103.169544416923,-38.2391090393066,137.501434326172,118.413467407227
7699,1588.74989755824,145,static.prop.advertisement,72.2039031154522,-38.2390251159668,137.501495361328,118.416023254395
7700,1588.7565439567,145,static.prop.advertisement,97.8688900417526,-38.2389678955078,137.501556396484,118.417922973633
7701,1588.76371805742,145,static.prop.advertisement,125.561015243539,-38.2389068603516,137.501617431641,118.419876098633
7702,1588.77068705857,145,static.prop.advertisement,149.390263442804,-38.2388343811035,137.501678466797,118.422294616699
7703,1588.77682065964,145,static.prop.advertisement,136.47252960366,-38.2387771606445,137.501739501953,118.424301147461
7704,1588.78321165964,145,static.prop.advertisement,105.56514309915,-38.2386474609375,137.501846313477,118.428207397461
7705,1588.7894153595,145,static.prop.advertisement,98.6650264241399,-38.2385444641113,137.501953125,118.431922912598
7706,1588.79528055713,145,static.prop.advertisement,108.950279888776,-38.2384452819824,137.502044677734,118.435203552246
7707,1588.80229135975,145,static.prop.advertisement,109.310257586019,-38.2383842468262,137.502105712891,118.437164306641
7708,1588.80861235783,145,static.prop.advertisement,137.267197146644,-38.2383193969727,137.502151489258,118.439300537109
7709,1588.81489765644,145,static.prop.advertisement,90.5376073137958,-38.2382011413574,137.50227355957,118.443313598633
7710,1588.82149395719,145,static.prop.advertisement,114.887771025931,-38.2381019592285,137.502365112305,118.446617126465
7711,1588.82876595855,145,static.prop.advertisement,119.533345048552,-38.2380104064941,137.50244140625,118.449737548828
7712,1588.83489985764,145,static.prop.advertisement,98.9045282926031,-38.237922668457,137.502532958984,118.452743530273
7713,1588.8415296562,145,static.prop.advertisement,108.014046232495,-38.2378425598145,137.50260925293,118.455474853516
7714,1588.84788515791,145,static.prop.advertisement,103.300479645038,-38.2377548217773,137.502685546875,118.458572387695
7715,1588.85421205685,145,static.prop.advertisement,106.180944593094,-38.2376708984375,137.502777099609,118.461486816406
7716,1588.86090475693,145,static.prop.advertisement,101.891870940397,-38.2375831604004,137.502853393555,118.464363098145
7717,1588.86852025986,145,static.prop.advertisement,82.2574982191035,-38.237491607666,137.5029296875,118.467422485352
7718,1588.87794395909,145,static.prop.advertisement,142.205679178999,-38.2373390197754,137.503082275391,118.472496032715
7719,1588.8849215582,145,static.prop.advertisement,112.215512289597,-38.2371559143066,137.503265380859,118.478698730469
7720,1588.89142045751,145,static.prop.advertisement,129.279769543916,-38.2370414733887,137.503372192383,118.482536315918
7721,1588.89813435823,145,static.prop.advertisement,148.423405015854,-38.2369537353516,137.503448486328,118.485458374023
7722,1588.904668957,145,static.prop.advertisement,97.3285330264467,-38.2367897033691,137.50358581543,118.49055480957
7723,1588.91110245883,145,static.prop.advertisement,95.061012387903,-38.2366561889648,137.503723144531,118.4951171875
7724,1588.91704875976,145,static.prop.advertisement,119.612918690275,-38.2365455627441,137.503829956055,118.498847961426
7725,1588.92331835628,145,static.prop.advertisement,105.254850786636,-38.2364082336426,137.503952026367,118.503204345703
7726,1588.92943685874,145,static.prop.advertisement,97.7930138241454,-38.2362899780273,137.50407409668,118.507232666016
7727,1588.93571095914,145,static.prop.advertisement,97.8441044631483,-38.2361679077148,137.504196166992,118.511207580566
7728,1588.94212575629,145,static.prop.advertisement,87.4767651909425,-38.2360496520996,137.504302978516,118.514991760254
7729,1588.94837675989,145,static.prop.advertisement,100.0317847947,-38.2359275817871,137.504409790039,118.518707275391
7730,1588.95418365672,145,static.prop.advertisement,110.082262364421,-38.2358245849609,137.504501342773,118.522247314453
7731,1588.96059435979,145,static.prop.advertisement,137.48153254592,-38.2357406616211,137.504592895508,118.524841308594
7732,1588.96740685776,145,static.prop.advertisement,100.89731685955,-38.235595703125,137.504730224609,118.529815673828
7733,1588.97499805689,145,static.prop.advertisement,120.603047292367,-38.2354469299316,137.504867553711,118.534484863281
7734,1588.98237685859,145,static.prop.advertisement,139.453910269835,-38.2353172302246,137.504989624023,118.5390625
7735,1588.99002145976,145,static.prop.advertisement,108.348040450294,-38.2352027893066,137.505096435547,118.543228149414
7736,1588.99623305723,145,static.prop.advertisement,95.0382840045417,-38.2350730895996,137.505218505859,118.54753112793
7737,1589.0033255592,145,static.prop.advertisement,99.7133801705853,-38.234977722168,137.505294799805,118.550659179688
7738,1589.00923515856,145,static.prop.advertisement,164.299721342118,-38.2348709106445,137.505401611328,118.554374694824
7739,1589.01582835987,145,static.prop.advertisement,97.0434156377428,-38.234733581543,137.50553894043,118.558883666992
7740,1589.02243105695,145,static.prop.advertisement,102.012624032335,-38.2346076965332,137.505661010742,118.563133239746
7741,1589.02946855873,145,static.prop.advertisement,108.7620697036,-38.2344856262207,137.505767822266,118.567024230957
7742,1589.03645415977,145,static.prop.advertisement,106.921016651589,-38.2343711853027,137.505874633789,118.571014404297
7743,1589.0433800593,145,static.prop.advertisement,107.488794192074,-38.2342643737793,137.505966186523,118.574783325195
7744,1589.05034145713,145,static.prop.advertisement,107.700572901712,-38.2341575622559,137.506088256836,118.578392028809
7745,1589.05682365969,145,static.prop.advertisement,101.999406899079,-38.234058380127,137.50617980957,118.582023620605
7746,1589.06320185959,145,static.prop.advertisement,101.785183684848,-38.2339553833008,137.506271362305,118.585235595703
7747,1589.06973865628,145,static.prop.advertisement,103.559177542034,-38.2338600158691,137.506362915039,118.588554382324
7748,1589.07652565837,145,static.prop.advertisement,106.61917738714,-38.2337646484375,137.506454467773,118.591667175293
7749,1589.08313295618,145,static.prop.advertisement,104.259202537578,-38.2336654663086,137.506546020508,118.595001220703
7750,1589.08973975852,145,static.prop.advertisement,104.714131832468,-38.233570098877,137.506622314453,118.598197937012
7751,1589.09814265743,145,static.prop.advertisement,127.855755268806,-38.2334747314453,137.506713867188,118.601409912109
7752,1589.1046621576,145,static.prop.advertisement,100.178468372224,-38.2333602905273,137.5068359375,118.605560302734
7753,1589.11192695796,145,static.prop.advertisement,113.338351769768,-38.2332649230957,137.506927490234,118.60863494873
7754,1589.11862715706,145,static.prop.advertisement,102.418136748825,-38.2331619262695,137.507019042969,118.612098693848
7755,1589.12570725754,145,static.prop.advertisement,108.248320485336,-38.2330665588379,137.507095336914,118.615219116211
7756,1589.13188685849,145,static.prop.advertisement,96.9441951715924,-38.2329750061035,137.507186889648,118.61848449707
7757,1589.13874065876,145,static.prop.advertisement,111.429858533766,-38.2328910827637,137.507278442383,118.621284484863
7758,1589.14492185786,145,static.prop.advertisement,107.390638241527,-38.2327995300293,137.507354736328,118.62434387207
7759,1589.15127785876,145,static.prop.advertisement,86.1311393978712,-38.2327270507812,137.507415771484,118.626510620117
7760,1589.15746115893,145,static.prop.advertisement,109.204744894472,-38.232666015625,137.507476806641,118.62866973877
7761,1589.1639588587,145,static.prop.advertisement,101.227895196305,-38.2326240539551,137.507522583008,118.63005065918
7762,1589.17089735717,145,static.prop.advertisement,104.1370821956,-38.2325744628906,137.507568359375,118.631446838379
7763,1589.17844655737,145,static.prop.advertisement,105.470767116188,-38.2325210571289,137.507629394531,118.633163452148
7764,1589.18587555736,145,static.prop.advertisement,94.537751923947,-38.2324600219727,137.507675170898,118.635246276855
7765,1589.19466085732,145,static.prop.advertisement,130.766121217219,-38.2323951721191,137.507736206055,118.63745880127
7766,1589.20488625765,145,static.prop.advertisement,146.937804731823,-38.2323226928711,137.5078125,118.64013671875
7767,1589.21157425642,145,static.prop.advertisement,108.063938968452,-38.2321434020996,137.50798034668,118.645462036133
7768,1589.21772465855,145,static.prop.advertisement,94.3203773484687,-38.232048034668,137.508056640625,118.648796081543
7769,1589.2238715589,145,static.prop.advertisement,97.8364747366967,-38.2319641113281,137.50813293457,118.651527404785
7770,1589.22994365916,145,static.prop.advertisement,99.5560572400183,-38.2318840026855,137.508224487305,118.654289245605
7771,1589.23619155958,145,static.prop.advertisement,102.721607787524,-38.2318000793457,137.50830078125,118.65714263916
7772,1589.24191735685,145,static.prop.advertisement,88.718914392722,-38.2317123413086,137.508377075195,118.659889221191
7773,1589.24774405733,145,static.prop.advertisement,85.918141596028,-38.2316436767578,137.508438110352,118.662292480469
7774,1589.25362435728,145,static.prop.advertisement,89.1671451989377,-38.2315979003906,137.508499145508,118.663795471191
7775,1589.26001275703,145,static.prop.advertisement,117.691428422225,-38.2315521240234,137.508529663086,118.665161132812
7776,1589.26660445705,145,static.prop.advertisement,108.29798681314,-38.2314949035645,137.508575439453,118.666976928711
7777,1589.27235935628,145,static.prop.advertisement,121.020340094171,-38.2314376831055,137.508636474609,118.668960571289
7778,1589.27883545682,145,static.prop.advertisement,80.297742851631,-38.231330871582,137.508743286133,118.672538757324
7779,1589.28515205905,145,static.prop.advertisement,91.8294016498074,-38.2312660217285,137.508804321289,118.67488861084
7780,1589.29107475653,145,static.prop.advertisement,114.756812467597,-38.2311973571777,137.508880615234,118.677169799805
7781,1589.29761585966,145,static.prop.advertisement,96.6923439211056,-38.2311325073242,137.508911132812,118.679054260254
7782,1589.30392075703,145,static.prop.advertisement,91.8354101932793,-38.231071472168,137.508987426758,118.681251525879
7783,1589.31070465967,145,static.prop.advertisement,105.733024877354,-38.2310066223145,137.509048461914,118.683303833008
7784,1589.31818395853,145,static.prop.advertisement,103.797324728995,-38.2309379577637,137.509094238281,118.685638427734
7785,1589.32542875782,145,static.prop.advertisement,128.180236749138,-38.2308654785156,137.509170532227,118.688056945801
7786,1589.33304205909,145,static.prop.advertisement,108.851423180342,-38.2307624816895,137.50927734375,118.691429138184
7787,1589.34033315629,145,static.prop.advertisement,109.570321930072,-38.2306594848633,137.509368896484,118.695022583008
7788,1589.34828635678,145,static.prop.advertisement,118.595959098845,-38.2305564880371,137.509475708008,118.69847869873
7789,1589.35656255856,145,static.prop.advertisement,121.547644167582,-38.2304496765137,137.509582519531,118.702209472656
7790,1589.36535895988,145,static.prop.advertisement,125.722826851793,-38.2303352355957,137.509674072266,118.706115722656
7791,1589.37342945859,145,static.prop.advertisement,118.253650244882,-38.230224609375,137.509796142578,118.71036529541
7792,1589.38150775805,145,static.prop.advertisement,119.091070237031,-38.230110168457,137.509902954102,118.714202880859
7793,1589.38900485635,145,static.prop.advertisement,111.782488407106,-38.2299957275391,137.510009765625,118.718055725098
7794,1589.3988651596,145,static.prop.advertisement,144.876377058646,-38.2298927307129,137.510101318359,118.721618652344
7795,1589.40692175925,145,static.prop.advertisement,115.613804572625,-38.2297630310059,137.510223388672,118.726303100586
7796,1589.41591155902,145,static.prop.advertisement,131.825064302425,-38.2296485900879,137.510330200195,118.730239868164
7797,1589.42339155823,145,static.prop.advertisement,110.547587756919,-38.2295265197754,137.510452270508,118.73454284668
7798,1589.4356229566,145,static.prop.advertisement,102.120626550343,-38.229419708252,137.510543823242,118.738052368164
7799,1589.44363905862,145,static.prop.advertisement,114.00460607453,-38.2292556762695,137.510696411133,118.743148803711
7800,1589.45289635658,145,static.prop.advertisement,132.92335291916,-38.2291412353516,137.510803222656,118.746765136719
7801,1589.45998765901,145,static.prop.advertisement,95.636722018495,-38.22900390625,137.510940551758,118.751564025879
7802,1589.46813545749,145,static.prop.advertisement,124.243053160298,-38.2289009094238,137.511047363281,118.754745483398
7803,1589.47503965721,145,static.prop.advertisement,173.261127930243,-38.2287864685059,137.511154174805,118.758674621582
7804,1589.48301345855,145,static.prop.advertisement,114.490798803535,-38.2286148071289,137.511306762695,118.763954162598
7805,1589.4914592579,145,static.prop.advertisement,129.51976038745,-38.228458404541,137.511459350586,118.769088745117
7806,1589.49971625954,145,static.prop.advertisement,123.186501560569,-38.2283172607422,137.511581420898,118.773979187012
7807,1589.50856325775,145,static.prop.advertisement,130.489007283083,-38.2281875610352,137.51171875,118.778297424316
7808,1589.51798155904,145,static.prop.advertisement,138.016432882747,-38.2280616760254,137.511840820312,118.782791137695
7809,1589.52649225667,145,static.prop.advertisement,123.881476806719,-38.2279281616211,137.511962890625,118.787422180176
7810,1589.53646805882,145,static.prop.advertisement,145.510682193955,-38.2278060913086,137.512084960938,118.791465759277
7811,1589.54519705847,145,static.prop.advertisement,125.910610695779,-38.2276611328125,137.51220703125,118.796363830566
7812,1589.55382715911,145,static.prop.advertisement,128.135678602217,-38.2275390625,137.512329101562,118.80061340332
7813,1589.56378775835,145,static.prop.advertisement,146.671031392156,-38.2274169921875,137.512451171875,118.80477142334
7814,1589.57226805761,145,static.prop.advertisement,123.425376815792,-38.2272834777832,137.512573242188,118.809387207031
7815,1589.5818397589,145,static.prop.advertisement,141.854792347743,-38.227165222168,137.5126953125,118.813446044922
7816,1589.59303445742,145,static.prop.advertisement,84.4748793165014,-38.2270317077637,137.512802124023,118.817909240723
7817,1589.60437395796,145,static.prop.advertisement,91.0959884559272,-38.2268295288086,137.513000488281,118.824333190918
7818,1589.61465325952,145,static.prop.advertisement,72.3587503915934,-38.2265968322754,137.513214111328,118.831367492676
7819,1589.63133635744,145,static.prop.advertisement,110.000665642641,-38.2264213562012,137.513381958008,118.83659362793
7820,1589.64704975858,145,static.prop.advertisement,108.182324838716,-38.2261428833008,137.513656616211,118.845710754395
7821,1589.66244145855,145,static.prop.advertisement,184.425116657846,-38.2257957458496,137.513977050781,118.856994628906
7822,1589.67080035806,145,static.prop.advertisement,107.450359581652,-38.2254867553711,137.514266967773,118.867042541504
7823,1589.67905395851,145,static.prop.advertisement,114.254160545967,-38.2253494262695,137.514404296875,118.87232208252
7824,1589.68734775856,145,static.prop.advertisement,115.083699172575,-38.225212097168,137.514541625977,118.877082824707
7825,1589.69430885836,145,static.prop.advertisement,133.724976560999,-38.2250709533691,137.514678955078,118.882125854492
7826,1589.70297725871,145,static.prop.advertisement,116.885104752278,-38.2248802185059,137.514862060547,118.888534545898
7827,1589.71172475815,145,static.prop.advertisement,118.207921725387,-38.2246932983398,137.515029907227,118.895080566406
7828,1589.7192921564,145,static.prop.advertisement,148.437097731466,-38.2245216369629,137.515197753906,118.901016235352
7829,1589.72719635814,145,static.prop.advertisement,111.980866822482,-38.2243957519531,137.515319824219,118.905212402344
7830,1589.73472315818,145,static.prop.advertisement,112.13804576827,-38.2242774963379,137.515441894531,118.909202575684
7831,1589.74418475851,145,static.prop.advertisement,142.19459753367,-38.2241668701172,137.515533447266,118.912933349609
7832,1589.75475205854,145,static.prop.advertisement,82.1257177762919,-38.2240409851074,137.515655517578,118.917427062988
7833,1589.76465775818,145,static.prop.advertisement,142.851302386177,-38.2239074707031,137.515777587891,118.921592712402
7834,1589.77350555733,145,static.prop.advertisement,140.627453527639,-38.2238311767578,137.515853881836,118.924324035645
7835,1589.7816894576,145,static.prop.advertisement,226.921475773183,-38.2237434387207,137.51594543457,118.92741394043
7836,1589.78983205929,145,static.prop.advertisement,88.0649266121785,-38.2235450744629,137.516128540039,118.933616638184
7837,1589.79781265929,145,static.prop.advertisement,120.369610526183,-38.2234497070312,137.516220092773,118.936752319336
7838,1589.80513835698,145,static.prop.advertisement,147.110208865356,-38.2233428955078,137.516342163086,118.940200805664
7839,1589.81365145743,145,static.prop.advertisement,124.500588481671,-38.2232513427734,137.516418457031,118.943069458008
7840,1589.8202633597,145,static.prop.advertisement,149.002425982483,-38.22314453125,137.516525268555,118.94645690918
7841,1589.82856495678,145,static.prop.advertisement,105.315889474091,-38.2229881286621,137.516662597656,118.951263427734
7842,1589.8359233588,145,static.prop.advertisement,111.668244354369,-38.2228851318359,137.51676940918,118.954635620117
7843,1589.84355815873,145,static.prop.advertisement,116.637945994728,-38.222785949707,137.516860961914,118.957862854004
7844,1589.85257425904,145,static.prop.advertisement,133.535230825014,-38.2226829528809,137.516952514648,118.961196899414
7845,1589.86201095954,145,static.prop.advertisement,143.149884810095,-38.2225646972656,137.517074584961,118.965301513672
7846,1589.87043285742,145,static.prop.advertisement,166.550601973936,-38.2224311828613,137.517211914062,118.969787597656
7847,1589.88060955703,145,static.prop.advertisement,109.752675163822,-38.2223129272461,137.517318725586,118.973693847656
7848,1589.88673935831,145,static.prop.advertisement,92.3388699369486,-38.2220878601074,137.517532348633,118.980628967285
7849,1589.89505145699,145,static.prop.advertisement,141.117961548902,-38.2219772338867,137.517639160156,118.984214782715
7850,1589.90340895951,145,static.prop.advertisement,159.143860538546,-38.2218284606934,137.517776489258,118.989303588867
7851,1589.91295275837,145,static.prop.advertisement,144.935741390675,-38.2216567993164,137.517944335938,118.995361328125
7852,1589.92005835846,145,static.prop.advertisement,161.456766476664,-38.2214698791504,137.518127441406,119.001617431641
7853,1589.92944265902,145,static.prop.advertisement,130.979326955293,-38.2213401794434,137.518264770508,119.005973815918
7854,1589.93591265753,145,static.prop.advertisement,113.312352473899,-38.22119140625,137.518417358398,119.010948181152
7855,1589.94577945769,145,static.prop.advertisement,155.104449666682,-38.2211036682129,137.518478393555,119.013679504395
7856,1589.95454285666,145,static.prop.advertisement,138.554874684677,-38.2209815979004,137.518615722656,119.017845153809
7857,1589.96312115714,145,static.prop.advertisement,187.090214203269,-38.2208595275879,137.51872253418,119.02188873291
7858,1589.97171115875,145,static.prop.advertisement,130.649340557371,-38.2206420898438,137.518936157227,119.02912902832
7859,1589.98017375916,145,static.prop.advertisement,167.427880186059,-38.2204513549805,137.519119262695,119.035659790039
7860,1589.98808555678,145,static.prop.advertisement,126.926637471496,-38.220287322998,137.519287109375,119.041198730469
7861,1589.99628245831,145,static.prop.advertisement,135.55518757581,-38.2201271057129,137.519424438477,119.04621887207
7862,1590.00264325738,145,static.prop.advertisement,111.471493272901,-38.2199592590332,137.519592285156,119.051895141602
7863,1590.01435585693,145,static.prop.advertisement,131.933963409765,-38.219799041748,137.519760131836,119.057037353516
7864,1590.02186245844,145,static.prop.advertisement,117.782193333094,-38.2195472717285,137.520004272461,119.06510925293
7865,1590.03457395732,145,static.prop.advertisement,152.953190916901,-38.2194175720215,137.520111083984,119.069358825684
7866,1590.04271025956,145,static.prop.advertisement,127.993989343319,-38.2190818786621,137.520431518555,119.080390930176
7867,1590.05248625949,145,static.prop.advertisement,152.836615762516,-38.2189102172852,137.520599365234,119.086334228516
7868,1590.06058735773,145,static.prop.advertisement,105.897812150136,-38.2187080383301,137.520812988281,119.093223571777
7869,1590.06934335828,145,static.prop.advertisement,204.9341774695,-38.2185821533203,137.520919799805,119.09733581543
7870,1590.07655665651,145,static.prop.advertisement,113.281284183417,-38.2184066772461,137.521102905273,119.103149414062
7871,1590.08864285797,145,static.prop.advertisement,134.758082108891,-38.2182502746582,137.521240234375,119.108291625977
7872,1590.09864305705,145,static.prop.advertisement,115.224073465162,-38.2179832458496,137.521499633789,119.11693572998
7873,1590.10596595705,145,static.prop.advertisement,132.32235113876,-38.2176780700684,137.521789550781,119.127197265625
7874,1590.11562475935,145,static.prop.advertisement,154.017349170112,-38.2174606323242,137.522003173828,119.134803771973
7875,1590.12190005928,145,static.prop.advertisement,110.785779900562,-38.2171859741211,137.522277832031,119.144348144531
7876,1590.13010955974,145,static.prop.advertisement,146.922277947652,-38.2170028686523,137.522445678711,119.150344848633
7877,1590.13921715692,145,static.prop.advertisement,147.982503934852,-38.2167625427246,137.522674560547,119.158393859863
7878,1590.14802705869,145,static.prop.advertisement,156.005302220079,-38.2164916992188,137.52294921875,119.167671203613
7879,1590.15444345772,145,static.prop.advertisement,108.16963911085,-38.2162284851074,137.523193359375,119.176490783691
7880,1590.16414285824,145,static.prop.advertisement,119.331623505819,-38.2160453796387,137.523376464844,119.182556152344
7881,1590.17387285829,145,static.prop.advertisement,163.93253907565,-38.2156982421875,137.523712158203,119.194282531738
7882,1590.18170855939,145,static.prop.advertisement,156.610878393548,-38.2153511047363,137.524047851562,119.205963134766
7883,1590.19058095664,145,static.prop.advertisement,141.15639239499,-38.2151107788086,137.524276733398,119.213844299316
7884,1590.20040235668,145,static.prop.advertisement,175.764291923863,-38.2148590087891,137.524520874023,119.222175598145
7885,1590.20944975689,145,static.prop.advertisement,163.525421278996,-38.2145805358887,137.524795532227,119.231452941895
7886,1590.22034085914,145,static.prop.advertisement,169.653622720352,-38.2143325805664,137.525039672852,119.239608764648
7887,1590.22655205801,145,static.prop.advertisement,112.688114322763,-38.2139701843262,137.525375366211,119.251693725586
7888,1590.23506995663,145,static.prop.advertisement,148.848241896703,-38.2137870788574,137.52555847168,119.257995605469
7889,1590.24215995893,145,static.prop.advertisement,111.555010368842,-38.2135581970215,137.525772094727,119.266021728516
7890,1590.24998535961,145,static.prop.advertisement,130.451404917958,-38.2133712768555,137.525970458984,119.272598266602
7891,1590.25860095769,145,static.prop.advertisement,139.027134101103,-38.2131576538086,137.526153564453,119.280029296875
7892,1590.2656127587,145,static.prop.advertisement,109.041912505127,-38.2129249572754,137.526382446289,119.288314819336
7893,1590.27405575663,145,static.prop.advertisement,143.787720433449,-38.2127494812012,137.526550292969,119.294311523438
7894,1590.28236605972,145,static.prop.advertisement,187.380926130365,-38.2125282287598,137.526763916016,119.302116394043
7895,1590.29214605689,145,static.prop.advertisement,125.038140018553,-38.2121925354004,137.527084350586,119.313285827637
7896,1590.30058085918,145,static.prop.advertisement,140.377098507663,-38.2120552062988,137.527236938477,119.31812286377
7897,1590.30771255866,145,static.prop.advertisement,122.276909922904,-38.2119140625,137.527374267578,119.322769165039
7898,1590.31714625657,145,static.prop.advertisement,154.590248203511,-38.2117805480957,137.527481079102,119.32698059082
7899,1590.32387815788,145,static.prop.advertisement,118.121573819091,-38.2116012573242,137.527679443359,119.333099365234
7900,1590.3335249573,145,static.prop.advertisement,159.592067298377,-38.2114715576172,137.527786254883,119.337493896484
7901,1590.34177375957,145,static.prop.advertisement,124.955638783463,-38.2113037109375,137.527938842773,119.343467712402
7902,1590.35010805726,145,static.prop.advertisement,206.101486537693,-38.2111701965332,137.528076171875,119.348106384277
7903,1590.35907075927,145,static.prop.advertisement,134.58782257373,-38.2109718322754,137.528274536133,119.354751586914
7904,1590.3651551567,145,static.prop.advertisement,148.072914793652,-38.2107734680176,137.528472900391,119.36156463623
7905,1590.37323845923,145,static.prop.advertisement,127.159044166047,-38.2106285095215,137.528594970703,119.366302490234
7906,1590.38215045631,145,static.prop.advertisement,141.564726412551,-38.2104721069336,137.528762817383,119.371841430664
7907,1590.39080885798,145,static.prop.advertisement,136.942110541522,-38.2102928161621,137.528915405273,119.377914428711
7908,1590.40042795986,145,static.prop.advertisement,152.756337111317,-38.2101249694824,137.529098510742,119.383773803711
7909,1590.41151115671,145,static.prop.advertisement,91.2908602267062,-38.2099342346191,137.529281616211,119.390419006348
7910,1590.42065225914,145,static.prop.advertisement,151.039867552322,-38.2097015380859,137.529495239258,119.398246765137
7911,1590.4311629571,145,static.prop.advertisement,165.001989449536,-38.2095260620117,137.529678344727,119.404434204102
7912,1590.43839485943,145,static.prop.advertisement,116.671880146833,-38.2092628479004,137.529922485352,119.413040161133
7913,1590.44731615856,145,static.prop.advertisement,143.094426773894,-38.2091064453125,137.530059814453,119.418258666992
7914,1590.45540345833,145,static.prop.advertisement,135.390007237466,-38.2089767456055,137.530197143555,119.422889709473
7915,1590.46321225911,145,static.prop.advertisement,131.127009798927,-38.2088661193848,137.530303955078,119.426750183105
7916,1590.47309725732,145,static.prop.advertisement,219.322637157881,-38.2087631225586,137.530410766602,119.430465698242
7917,1590.48124895617,145,static.prop.advertisement,139.155283424452,-38.208610534668,137.530563354492,119.43586730957
7918,1590.48879825696,145,static.prop.advertisement,97.050686826902,-38.2084732055664,137.530685424805,119.44034576416
7919,1590.49594515935,145,static.prop.advertisement,128.180658958545,-38.208381652832,137.530776977539,119.44367980957
7920,1590.5045055598,145,static.prop.advertisement,129.656526614484,-38.2082710266113,137.530868530273,119.447341918945
7921,1590.51388235763,145,static.prop.advertisement,143.395154006785,-38.2081451416016,137.531005859375,119.45198059082
7922,1590.52222455665,145,static.prop.advertisement,119.249027036066,-38.2079887390137,137.531158447266,119.457649230957
7923,1590.53040565923,145,static.prop.advertisement,117.925664863499,-38.2078399658203,137.531311035156,119.462669372559
7924,1590.53883425891,145,static.prop.advertisement,121.368325253248,-38.2076950073242,137.531448364258,119.467620849609
7925,1590.54715705663,145,static.prop.advertisement,147.336492159623,-38.2075462341309,137.531585693359,119.472839355469
7926,1590.55295105651,145,static.prop.advertisement,84.4598612418981,-38.2074127197266,137.531723022461,119.477462768555
7927,1590.5606315583,145,static.prop.advertisement,109.680311907757,-38.2073135375977,137.531799316406,119.480659484863
7928,1590.56822035834,145,static.prop.advertisement,125.927994618436,-38.2071876525879,137.531921386719,119.484710693359
7929,1590.5740949586,145,static.prop.advertisement,117.876287342595,-38.2070465087891,137.53205871582,119.489723205566
7930,1590.58043095842,145,static.prop.advertisement,92.7308448731147,-38.2069473266602,137.532150268555,119.49291229248
7931,1590.58776625618,145,static.prop.advertisement,113.797621012105,-38.2068519592285,137.532241821289,119.496063232422
7932,1590.59576385841,145,static.prop.advertisement,120.053384644496,-38.2067527770996,137.532333374023,119.499496459961
7933,1590.60192345828,145,static.prop.advertisement,94.1945998397074,-38.2066497802734,137.532440185547,119.503005981445
7934,1590.60888595879,145,static.prop.advertisement,105.801029058243,-38.2065696716309,137.532516479492,119.505699157715
7935,1590.61570625752,145,static.prop.advertisement,97.2419409504669,-38.2064781188965,137.532592773438,119.508811950684
7936,1590.62269055843,145,static.prop.advertisement,104.184844889564,-38.2063865661621,137.532699584961,119.511764526367
7937,1590.629718557,145,static.prop.advertisement,105.758197741914,-38.2063026428223,137.532775878906,119.514755249023
7938,1590.63679565862,145,static.prop.advertisement,191.194410612817,-38.2062187194824,137.532852172852,119.517623901367
7939,1590.65406975895,145,static.prop.advertisement,123.859013756369,-38.2060737609863,137.532989501953,119.522430419922
7940,1590.67433955893,145,static.prop.advertisement,109.690733475102,-38.2057838439941,137.533264160156,119.532211303711
7941,1590.69708225876,145,static.prop.advertisement,109.889596324265,-38.2054901123047,137.533554077148,119.541694641113
7942,1590.72164955735,145,static.prop.advertisement,122.313746630523,-38.2051811218262,137.53385925293,119.55199432373
7943,1590.74562605843,145,static.prop.advertisement,161.694134382536,-38.2047729492188,137.534271240234,119.566032409668
7944,1590.77328845859,145,static.prop.advertisement,141.954411541643,-38.2043647766113,137.53466796875,119.579475402832
7945,1590.79425815865,145,static.prop.advertisement,107.184122640724,-38.2039451599121,137.535079956055,119.594177246094
7946,1590.93510035798,145,static.prop.advertisement,156.384913844966,-38.2036209106445,137.535400390625,119.605262756348
7947,1590.97562515736,145,static.prop.advertisement,126.415404354824,-38.202018737793,137.536972045898,119.660675048828
7948,1591.01170915738,145,static.prop.advertisement,141.311592617751,-38.2012519836426,137.537704467773,119.685905456543
7949,1591.04610195756,145,static.prop.advertisement,129.411909315787,-38.2005844116211,137.538360595703,119.708221435547
7950,1591.07980705798,145,static.prop.advertisement,138.357792871613,-38.2000541687012,137.538879394531,119.72615814209
7951,1591.10259545967,145,static.prop.advertisement,152.822811021174,-38.1996421813965,137.539276123047,119.739906311035
7952,1591.12563385814,145,static.prop.advertisement,115.06530499848,-38.1991233825684,137.539794921875,119.757255554199
7953,1591.1485218592,145,static.prop.advertisement,113.710290373745,-38.1987037658691,137.54020690918,119.771461486816
7954,1591.17076945677,145,static.prop.advertisement,111.894345214325,-38.1983604431152,137.540542602539,119.783149719238
7955,1591.1921110563,145,static.prop.advertisement,140.302117022019,-38.1980285644531,137.540863037109,119.794464111328
7956,1591.21238055825,145,static.prop.advertisement,107.112243260729,-38.1977348327637,137.541168212891,119.804267883301
7957,1591.23455665633,145,static.prop.advertisement,144.922568259573,-38.1973571777344,137.541534423828,119.81681060791
7958,1591.25408805907,145,static.prop.advertisement,153.027537915146,-38.1969604492188,137.541915893555,119.830528259277
7959,1591.37273325771,145,static.prop.advertisement,148.660149261431,-38.1966705322266,137.542221069336,119.841194152832
7960,1591.4275803566,145,static.prop.advertisement,139.231794194314,-38.1950950622559,137.54377746582,119.896263122559
7961,1591.48550065979,145,static.prop.advertisement,138.461574410357,-38.1943092346191,137.544540405273,119.922538757324
7962,1591.5169939585,145,static.prop.advertisement,157.627927274351,-38.1935653686523,137.545272827148,119.947975158691
7963,1591.64533855394,145,static.prop.advertisement,91.448427707901,-38.1930885314941,137.545745849609,119.963554382324
7964,1591.80221794918,145,static.prop.advertisement,132.485232166745,-38.1917877197266,137.547027587891,120.009262084961
7965,1591.90246454999,145,static.prop.advertisement,133.986410714948,-38.1900329589844,137.548751831055,120.069511413574
7966,1592.018633347,145,static.prop.advertisement,165.212478856844,-38.1881484985352,137.55061340332,120.13355255127
7967,1592.18224964663,145,static.prop.advertisement,162.396948564161,-38.1868896484375,137.551879882812,120.176544189453
7968,1592.2247717455,145,static.prop.advertisement,140.713405139982,-38.1859741210938,137.552795410156,120.20930480957
7969,1592.25154444575,145,static.prop.advertisement,141.851837955644,-38.1855621337891,137.553207397461,120.222686767578
7970,1592.27252244577,145,static.prop.advertisement,118.333005352245,-38.1853103637695,137.553451538086,120.231079101562
7971,1592.292213846,145,static.prop.advertisement,148.964376277789,-38.1851043701172,137.553665161133,120.237525939941
7972,1592.31390854716,145,static.prop.advertisement,122.323518658357,-38.1849365234375,137.553833007812,120.243354797363
7973,1592.33594434708,145,static.prop.advertisement,115.436002082227,-38.1847267150879,137.554046630859,120.25032043457
7974,1592.35535194725,145,static.prop.advertisement,147.530022717025,-38.1845207214355,137.554244995117,120.257095336914
7975,1592.37924494594,145,static.prop.advertisement,131.711076123709,-38.1843605041504,137.554397583008,120.26301574707
7976,1592.40134274587,145,static.prop.advertisement,118.53607912745,-38.1841430664062,137.554626464844,120.270843505859
7977,1592.5167314522,145,static.prop.advertisement,220.38841746441,-38.1839294433594,137.554840087891,120.277656555176
7978,1592.56999574974,145,static.prop.advertisement,5.56209479070453,-38.1837539672852,137.554992675781,120.280975341797
7979,1592.60455305129,145,static.prop.advertisement,4.30577939684983,-38.1836853027344,137.554992675781,120.280632019043
